PC1,PC2,PC3,PC4,PC5,PC6,ecg_id,segment_id,label
0.21517166184000672,-2.6747636102398786,0.897492254277599,0.20856882250247705,-0.38331621930625304,-0.061291884613411514,1,seg_0a2s,NORM
1.0117540060840198,0.34518684153944323,0.15902758312500712,0.05029374832716967,-0.06819045118640674,0.2483774239666104,1,seg_2a4s,NORM
-0.004849450497040996,0.45803183599453484,-0.5160037462129268,-0.3596371950878709,0.27578596548288536,-0.11306498821811276,1,seg_4a6s,NORM
-0.8917357050701886,0.5126254962492853,-0.2049039101980046,-0.1821178774622888,0.17555500716006997,-0.15605588455585237,1,seg_6a8s,NORM
-0.19757951344716218,1.9056057166814506,-0.2879557282390831,0.09301252863893586,-0.10117206104998397,0.20602609400088417,1,seg_8a10s,NORM
4.378096226780554,-1.0910516031382875,-0.44422093593182455,0.20615473184603078,-0.2870781570601432,-0.20667684994683932,2,seg_0a2s,NORM
2.2013234518805516,2.4370157000538573,-1.3033701105864433,-0.16099199304995818,-0.08234804816972584,-0.35675524094304856,2,seg_2a4s,NORM
-2.402179127728564,-1.3132336328306211,1.0393027974286144,-0.1351189413758102,0.04843116691229502,0.10891597610178873,2,seg_4a6s,NORM
-3.246349202911154,-0.03757442643200206,1.9722270417073289,0.22065214219561508,-0.35681475255046774,-0.12605740019062106,2,seg_6a8s,NORM
-1.2424654461012288,-0.20793425400930357,-0.4375801034463901,-0.5071595944913905,0.49621706776025193,0.5010972150162578,2,seg_8a10s,NORM
-0.07996312230933286,-0.8014748679899099,-0.34881268649101455,-0.13470858906486016,0.06718753993803153,0.07103649233602655,3,seg_0a2s,NORM
1.75095222872798,-0.2195844798394674,-0.27196116876158205,0.039267840925840757,0.025775913130867637,-0.11562640276297506,3,seg_2a4s,NORM
-4.072762313029896,0.8059087633005417,1.2869961660395095,0.4879649669166273,-0.07564333890865774,0.15743909480553447,3,seg_4a6s,NORM
1.6755097947150772,0.22460613752557126,-0.4576218297540149,-0.06086351234859572,-0.09281175829220968,-0.14622120932899382,3,seg_6a8s,NORM
0.2100734301454096,0.11663893910792497,-0.06610963892706555,-0.0740331944734954,0.11927937712501133,0.08173824549722068,3,seg_8a10s,NORM
0.9606158431979872,-1.4181010150546787,-0.8174600903823608,-0.7147718348599951,0.22911333011975638,0.22708458392548606,4,seg_0a2s,NORM
-3.481646955864064,1.0495401138466791,1.1039848282688505,0.10075852306402329,-0.020794340034601455,0.16764713142543672,4,seg_2a4s,NORM
13.135824372847525,-1.637831059669092,-3.8223268985060628,-1.3061861559335115,0.08283683215287095,-0.02392247906489022,4,seg_4a6s,NORM
4.4010048369062895,-1.0410861816781258,-0.33717029872984133,-0.003916191069479274,-0.3124096900499966,-0.2888685065789471,4,seg_6a8s,NORM
-12.3720701622965,3.141712735378135,4.641067677364382,2.7845703163205258,-0.1569664345373468,-0.6269309853243045,4,seg_8a10s,NORM
-5.230892228995499,-0.0008982089648570371,1.01889943207454,0.09914274124399804,-0.16023080106283077,-0.013190811838508714,5,seg_0a2s,NORM
-0.37323610583856137,0.20125727221990905,0.20032879004505044,0.1019774210045273,0.07504707848255877,-0.10300139375438812,5,seg_2a4s,NORM
2.49760125759698,0.6459979439260184,0.038018330048340605,0.13035634738615684,0.06302016018837324,-0.16634501195497592,5,seg_4a6s,NORM
1.8979559658964427,-1.232141763823307,-0.9523924313172936,-0.24665904174450834,0.09462646755708612,0.19952852331843632,5,seg_6a8s,NORM
1.0633661063444795,0.0032726357607831347,-0.023024737195213134,-0.037272141862970676,-0.10643375984910498,0.019709706112907975,5,seg_8a10s,NORM
-2.0478480739644405,1.1725496425780095,-0.7430660254988887,0.4771510515020403,-0.9726610117099616,-0.2469547259041878,6,seg_0a2s,NORM
0.7961013430221975,0.09947700320001983,1.2326091521970712,-0.8840135173209969,1.965909543069095,0.45025536874163946,6,seg_2a4s,NORM
1.5331867455712647,1.1481755584475983,0.05599960288181023,-0.05021086972212912,-0.016296453750280514,-0.5697777114319814,6,seg_4a6s,NORM
-0.5682030296629191,-0.2320603057929372,-0.9797123793828258,0.46103811468415323,-0.9130678622254554,-0.3298396162234714,6,seg_6a8s,NORM
0.6187352440320356,-2.0994194028213213,0.297959341136822,-0.006671168486800435,-0.023477870317082063,0.5547061712916188,6,seg_8a10s,NORM
0.6191403350507598,0.6148902633510892,-0.11569582596566308,0.22347845863582644,0.3194986209803139,0.10426620787176108,7,seg_0a2s,NORM
0.4397046259886426,0.1513216764156545,0.0729377517983517,0.07624596007932845,0.023891106693422582,0.10230178179814942,7,seg_2a4s,NORM
-1.0191689461833948,-0.12440630258197422,0.19686808082820179,0.26117421702263177,-0.13439230453970769,0.1553502139790261,7,seg_4a6s,NORM
0.19388252520780366,-0.8643587987287225,-0.06745222812407999,0.05647727445495645,-0.11752377630362572,0.10313302271836536,7,seg_6a8s,NORM
0.10833971355987072,0.1901375976098089,-0.1764587224660366,-0.649199299892498,-0.12941539631821786,-0.3293012226766713,7,seg_8a10s,NORM
7.416941904130765,-0.5706075663918521,-1.8939572942741796,-0.9477318516412305,-0.16282835480932092,-0.18817198344043354,8,seg_0a2s,MI
-1.906443131160379,1.062639947802652,0.5424504022266234,-0.09643293750544644,-0.14468499221886266,0.13853661393050035,8,seg_2a4s,MI
-13.59731569804814,1.6964626212946528,2.920929158607283,0.8656695376306002,0.249625473354936,0.35016141099785364,8,seg_4a6s,MI
-0.14484954917168394,-0.013114093622930239,-0.018148173691504333,0.264630598432524,0.0823298463556557,0.005922100507415103,8,seg_6a8s,MI
9.459048747840377,-1.7855343800426862,-1.711337492612584,-0.20261361511067352,0.14285780696557254,-0.2117937688866873,8,seg_8a10s,MI
0.10909064543631719,-0.7577898566666728,0.2871905665277037,0.031052587546374806,-0.12743164123569675,0.4032783965910236,9,seg_0a2s,NORM
0.006467895127433035,-0.2194622551435897,0.3480986333734503,0.017884475771154297,0.059109391628416365,-0.07544060346011977,9,seg_2a4s,NORM
-0.6192308807402805,-1.4991644524916306,-0.3771240550499667,0.046148664525992616,-0.2645313320448918,0.0018284185400823392,9,seg_4a6s,NORM
-0.9510663043441531,0.34893347206568187,-0.44281717232184165,0.1375280916412886,0.16999645146110137,-0.06330107929462654,9,seg_6a8s,NORM
0.8788530179208095,1.700824755626813,0.07838487442276579,-0.19343916467078592,0.2665292546713867,-0.08073655892237992,9,seg_8a10s,NORM
-0.4650786166331701,-0.07498542264383165,-0.4049310690882406,0.14259412966806653,0.342623734408727,-0.2840366658710175,10,seg_0a2s,NORM
0.29486782680305773,-0.53342042757976,-0.34222868165476267,0.2570843389881725,0.06577476939994178,0.21251186255989157,10,seg_2a4s,NORM
-2.5191100142167353,0.2020184456776457,0.6408853103497124,0.8066893771550473,0.02133240181400885,0.7588591640176561,10,seg_4a6s,NORM
-0.32717285078613256,-0.08720861991086074,0.3939725209240804,-0.021213236289904465,-0.16428813631499592,0.06050612238811137,10,seg_6a8s,NORM
3.600498664821212,0.16753173897870655,-0.3372061543149461,-1.1455061453834463,-0.19000861687831552,-0.7197466212561575,10,seg_8a10s,NORM
-2.4282229138508535,0.6924664611226895,-0.9300185594378367,0.41090502672266915,0.27300407920020253,0.26211530917598397,11,seg_0a2s,NORM
-2.6747897706878843,0.4729468477169874,0.9261300034472926,0.11620085036520819,0.14157186742244066,0.14680093056212587,11,seg_2a4s,NORM
4.293068250440832,0.5224853026670487,-0.6192728768864766,-0.24886204557433478,0.09486299874319282,-0.1787101829459328,11,seg_4a6s,NORM
6.308390965028145,0.19245037504032003,-1.3307754974097241,-0.5421055307319423,-0.26353158341885435,-0.2313839615537863,11,seg_6a8s,NORM
-6.225920904493326,-0.15024944605529794,1.7215311571079177,0.5087306376186191,-0.30526591789418583,-0.11320181316769976,11,seg_8a10s,NORM
-0.8363685333473526,0.7929526326102853,0.16551200187518086,-0.6649401218950092,0.37620818682970325,-1.02686792006446,12,seg_0a2s,NORM
0.25919221370759754,0.38065478327067254,-0.41933893495339525,0.20792043089088225,-0.028451863291511687,0.6540626434677195,12,seg_2a4s,NORM
0.6578355528132492,0.5484351619257948,-0.4274867511288455,0.36117418259748896,-0.35251542812011066,1.0900554622732528,12,seg_4a6s,NORM
0.2858412662787326,0.539065576955086,0.13749563293453262,0.5635242671673929,-0.23025677359430172,0.1120764655078347,12,seg_6a8s,NORM
0.1914976104048532,-1.7870842559558255,0.07611711279615455,-0.554951344229176,0.44605777709153405,-0.6786500824201643,12,seg_8a10s,NORM
3.084170034733291,-1.1507831323819795,-0.3397319660073973,-0.5436837621540234,0.12514210629917596,0.0488758506398376,13,seg_0a2s,NORM
-0.5388036184743871,0.4388986150057016,0.21293371701157926,-0.11469470186785852,0.04249147273489538,0.053566760653776295,13,seg_2a4s,NORM
-2.1440094876599414,0.70711171224201,0.6857682117765007,0.042810595394263136,-0.02652822671758074,0.1334208828873423,13,seg_4a6s,NORM
-0.3000455567618045,0.7925576347504133,-0.24581268518794785,0.0016038273324718638,0.003523103034962076,-0.0929523532852371,13,seg_6a8s,NORM
-0.4687441106914484,0.45672164163169854,-0.41569606305273393,0.2964203588763177,0.05666576394165213,-0.1897262467417631,13,seg_8a10s,NORM
0.6764545652534865,0.06951932797961648,0.41601608524038036,1.1118419167134024,-0.45361094106664035,-0.05859412859952741,14,seg_0a2s,NORM
-1.5998083869513169,0.22396790680141224,-0.49099674881652816,-0.04954824036502919,-0.013694414924625718,-0.003062228841025779,14,seg_2a4s,NORM
-2.2166278400846497,0.5771512420682378,0.7962700395491534,-0.5421935966524698,0.14361153713453081,-0.19124892564114568,14,seg_4a6s,NORM
0.7728605093563901,0.8447245094993328,-0.6704727461477774,-0.09644989257406283,0.9921767194311379,0.07774642755429459,14,seg_6a8s,NORM
1.9948351176639145,-1.6965584279544133,-0.14464901590468004,-0.5094713334555669,-0.4534301069664389,0.2566405592803971,14,seg_8a10s,NORM
4.484321803396167,-1.353861598593202,0.41484512825058034,-0.12585515130478225,0.021280192028136167,0.344079841290045,15,seg_0a2s,NORM
-1.4753077180799343,-0.4307871964330045,1.310536047449642,0.005879181039393642,0.10146920077497801,0.20138266543707384,15,seg_2a4s,NORM
3.5970406366762977,-1.1136557286927147,-0.8073474451463939,-0.30528933273418596,-0.024262434282553876,-0.13317414507687317,15,seg_4a6s,NORM
-0.6718272903692387,0.2063924792197553,-0.028043556470050485,-0.09951897341774067,-0.010603964450481231,-0.1931442163665693,15,seg_6a8s,NORM
-5.792337311114356,2.288728524077232,-0.8801789178141546,0.4407454986542671,-0.07737316189996182,0.14263198849701922,15,seg_8a10s,NORM
-0.2845911117313909,0.35459697023050507,0.6670260249490362,-0.32866673268090174,-0.596171663818677,-0.6716412822843578,16,seg_0a2s,NORM
0.2405140791625128,-0.7554601598261244,0.07162997117231276,0.12683710317334132,0.2824810012610142,-0.029315897552956917,16,seg_2a4s,NORM
0.6347419310563923,-0.7746957050442806,-1.2332384957777367,1.5251395413658315,-0.9314971253955129,-0.49170549532756436,16,seg_4a6s,NORM
0.5746213055016204,0.2989762391021881,-0.5141507472982415,0.493724151769544,-0.2145074264553839,-0.07617914596764486,16,seg_6a8s,NORM
-0.7240776290732054,0.12302587667333312,1.38040735010014,-1.6240858497796493,1.4829702853863873,1.2729030714636684,16,seg_8a10s,NORM
0.823259217727929,-1.158871811181973,0.4638670704366546,-0.8417696768650971,-0.2109240019789106,0.017494212098743835,19,seg_0a2s,NORM
-0.5502802979383546,1.072287867434987,-0.5502648303373756,0.40383210297379796,0.0782944534630274,-0.3241088195126935,19,seg_2a4s,NORM
2.09242295905625,0.2552160587629898,-0.981727802706277,0.4087781421349063,0.8562702627828166,-0.1360690502627498,19,seg_4a6s,NORM
-0.6705394658815148,-0.09401089425094057,0.15087336623257783,0.45700027473040594,-0.10191085695481374,0.014974790981348962,19,seg_6a8s,NORM
-1.8372605280622216,0.5838222233278089,0.6742970828336954,-0.5419194835516906,-0.5318264399156093,0.4168534604576904,19,seg_8a10s,NORM
-2.7967648090576596,0.4684915633218911,-0.8063248044338225,0.22105381241690544,-0.12719021728792607,0.38245182964562924,21,seg_0a2s,NORM
-0.7673733235147406,0.15761413377123268,-0.45359304942207523,-0.864681190711615,0.5160792598067905,0.37812526295583554,21,seg_2a4s,NORM
2.45966720804736,-0.7260883316880273,0.90822651024456,-0.09040037017714515,-0.008601575457742492,-0.4548600678601162,21,seg_4a6s,NORM
-0.005324811901401021,2.0833686373180136,-0.25480976784761916,-0.4280304878065913,-0.028536739523745514,0.18898372769769872,21,seg_6a8s,NORM
1.4144055650659846,-1.1867885663901503,0.5603174163636216,1.267957051641067,-0.12163273596229537,-0.24507759352756978,21,seg_8a10s,NORM
0.6687357579234929,2.8317699921934874,-0.48587775344189954,0.14942170819292927,0.16311893165533503,-0.07100967494405393,22,seg_0a2s,STTC
0.2602700407911521,1.1958024453265772,0.41840804249483515,0.38627974940215676,-0.02883698860869588,-0.11335648500763465,22,seg_2a4s,STTC
0.8793237762877515,-1.1170313060301336,0.13082363283219964,-0.3203654056548432,0.02796300575560411,0.02582149638047132,22,seg_4a6s,STTC
-0.5267830985726206,-0.9612018280485543,-0.08688108449978288,-0.14746887886857662,0.0581373839122059,0.1046819501191123,22,seg_6a8s,STTC
-1.0832866678857485,-2.1137715140748425,-0.15414805787385902,-0.22174257916244447,-0.1666875641196537,0.04422639414900736,22,seg_8a10s,STTC
1.6296388466545393,-1.3685878421498885,0.23610420931382228,0.7671948367327719,-0.03594868902212073,1.1853908866223315,25,seg_0a2s,NORM
-1.1468650171053447,1.0567515324201406,0.083522389649546,0.42396286563698227,0.17900599536087985,-0.7597185694165625,25,seg_2a4s,NORM
-1.3428737094221879,1.2968457547345462,1.0008188092324428,-0.720475341117705,-0.3259139482734428,-1.3025131422864715,25,seg_4a6s,NORM
-0.606863181465194,-0.9540068754829244,-0.1296438072866151,-0.11772603124623592,0.3024535579271532,0.19345622329400186,25,seg_6a8s,NORM
0.03799691893688024,-0.4259718932983137,-0.6204288440952243,-0.14608827685240877,-0.06505707967155507,0.8432555727086857,25,seg_8a10s,NORM
-2.3550604974706486,-3.9288144555486326,0.30294182692760424,0.7618767504486619,-0.11397689624093586,0.12859485179815824,26,seg_0a2s,STTC
0.6125800011857525,0.5026368302103217,-0.05471088879740512,-0.10636987930933155,0.22759246933297445,0.09404484644483253,26,seg_2a4s,STTC
3.573538043720254,5.865277747249171,-0.7089695782623379,-0.48351799747445573,0.5291149945981839,-0.0708433717148927,26,seg_4a6s,STTC
0.5069360037274021,-0.5007684476535809,-0.010933389263978415,-0.14276470189176738,-0.0218228110711736,-0.09659463668501894,26,seg_6a8s,STTC
-1.8773918701733534,-3.1119425433355983,0.5119215075088005,0.08209104252513975,-0.44536635171366484,-0.21429695726926137,26,seg_8a10s,STTC
-0.19810497631998314,-0.08589569847250628,0.3181558897274796,0.07392608574172234,0.016191687322714057,0.0037266473533616802,27,seg_0a2s,NORM
0.6762512358810656,-0.7536356219270671,0.18189173130462064,0.18439041758013708,-0.055258917732835804,0.07276103962891366,27,seg_2a4s,NORM
0.9367095580711621,-1.2343503849966544,-0.26182840750455566,-0.08591047169494254,0.14087527098732183,0.04849851243630838,27,seg_4a6s,NORM
1.061419150746506,0.3093105442769285,-0.20642579591488697,-0.15265093832498774,0.0722708070503126,-0.007066291052768566,27,seg_6a8s,NORM
-2.112618914838434,1.3447039591523497,0.39773533206061973,-0.3051175089315867,-0.05748144079122931,0.03249051841183208,27,seg_8a10s,NORM
-1.7180786045339902,-0.16581395530686402,-0.16568567904951076,0.07391189845554777,0.16081120990907516,0.08473262765152924,28,seg_0a2s,STTC
1.389076726530797,-0.610524052851198,1.7579686831810406,-0.3062778860793007,-0.14317029206889947,-0.7058883538626558,28,seg_2a4s,STTC
-1.3141444981311055,2.5778971953237164,-1.4155486974784293,0.15911886292259406,-0.04351932871113861,0.021961648480941096,28,seg_4a6s,STTC
0.73990943996319,-0.17214294088254625,0.5527086951026626,-0.15977176444746397,0.11257704379351308,-0.13350966944515394,28,seg_6a8s,STTC
0.7510724927854618,-0.718455514857146,-0.994421341860566,-0.12045037921590737,0.22864880108441502,0.5980299059924188,28,seg_8a10s,STTC
-0.3737261319902176,0.5778340076597633,-0.2515587887933955,-0.12923429021754587,0.22627950859636972,-0.16305365707544453,29,seg_0a2s,NORM
0.9581749056267473,0.41623575821801173,-0.7321717080512796,0.26206220789371365,0.17525931863581573,0.07520716693788214,29,seg_2a4s,NORM
-2.3185668639630093,-0.04620416287984336,1.0176305428505994,-0.027987495383185963,-0.16301033304681045,-0.13950336313666842,29,seg_4a6s,NORM
-0.3364851930666545,0.20944089839708727,0.1855497341339773,0.08266711086034442,-0.0011760327191980271,0.09452314870311651,29,seg_6a8s,NORM
2.394581408612869,-1.505811122083806,-0.04954632916265736,-0.14671258912925492,-0.06761699897430418,-0.027962183642369447,29,seg_8a10s,NORM
2.7773703519677126,-0.4074833781494916,-0.44130067370369386,-0.074068598333535,0.2845202529794395,0.04049779374677975,30,seg_0a2s,HYP
-2.5040846503183163,0.6025488872479068,0.8057171472741723,0.48943888945522085,-0.8485904340344492,0.08588405203591526,30,seg_2a4s,HYP
-1.5848388294537294,0.35724154046624346,0.452388273668125,-0.7164398161292522,0.07678520685007358,-0.4075718446175897,30,seg_4a6s,HYP
11.267774273023733,-1.4441716312956079,-2.7924176495216355,-1.3790644077690728,0.67295124968447,0.009187417318558148,30,seg_6a8s,HYP
-9.48098745657681,1.2285297095147363,2.0853263341062314,1.6777364717673824,-0.21390273535493698,0.11655979112672274,30,seg_8a10s,HYP
-0.24933143519628742,-0.7836323141387236,-0.3850600245622225,-0.1863215567969762,0.24555527088391946,0.18704094475007266,31,seg_0a2s,NORM
-0.1859224594771303,0.823206957858964,0.2826666534059837,0.34837549904546716,-0.20831206783258285,-0.12091473983799457,31,seg_2a4s,NORM
1.0511643172586687,-0.1498491333650381,0.5907499759930706,0.19302151650938332,-0.15494773169457482,-0.14996799870390942,31,seg_4a6s,NORM
2.545197857613095,-0.6566744362287483,-0.2534928025405563,-0.3796670943275088,0.054694847327272936,0.015283488908348337,31,seg_6a8s,NORM
-2.6936051796632783,0.8650911260359596,-0.31470070868307914,0.03805238417997724,0.1480108125390628,0.12462791162812123,31,seg_8a10s,NORM
5.4715431965853325,-0.2857511324336917,-0.36894160628031947,-0.24745218331120586,0.03247448392701088,-0.4421836993028018,32,seg_0a2s,CD
-3.5319663547769165,0.46001697328592583,0.5016794443652576,0.9253379233576045,0.13299206926445345,-0.24761620652382954,32,seg_2a4s,CD
-0.9420858496618816,-0.16572082215830378,-1.4249735538434958,0.5154352565930427,0.7979491452581251,0.7119757219299728,32,seg_4a6s,CD
-0.6126383967359408,-0.3816217454416132,-0.06045588393524377,-0.5802843879193454,-0.28427250092676676,0.09921891723140734,32,seg_6a8s,CD
0.2996432718791751,0.9246994791295019,1.0115444443581605,-0.6097565054759344,-0.6847279938188793,-0.010940993713754352,32,seg_8a10s,CD
2.6170976324913897,-1.1895937152961291,-1.153540318271824,0.3648885765322308,0.13122743309582033,0.5688852341631526,33,seg_0a2s,NORM
-0.7872764432983382,-0.4412457903798219,0.5888318993446575,-0.008459643005561186,0.044974110978294395,-0.3511253083821182,33,seg_2a4s,NORM
-4.625613466461135,3.2395695723065736,0.9424528127521716,0.15385069302928878,-0.05991505912291418,-0.47894076398502805,33,seg_4a6s,NORM
-0.7340343497441134,1.9137376474350134,-0.3585213139886585,0.25888824025048945,0.1464071756378583,-0.09039189169332934,33,seg_6a8s,NORM
3.2048923538667746,-3.027752197729648,0.17540429043662642,-0.691619154527155,-0.16541237564296082,0.37329271762433347,33,seg_8a10s,NORM
0.04653572797652025,-1.2952364712724653,1.0559594535007892,0.27838713448332175,-0.277828386502728,-0.4199426386455533,35,seg_0a2s,NORM
-0.25451302939967224,-0.8981040355337995,0.9053192168801342,-0.2238466644840989,-0.0516578184812473,-0.19025089444693175,35,seg_2a4s,NORM
0.20272912449078717,-0.21673060536632838,0.3025944677715634,0.18650918046101156,-0.1660490190568488,-0.1809570597146449,35,seg_4a6s,NORM
0.3646537232247222,-0.19740181120190864,-0.7417126250498786,-0.250261916495994,0.11324557094337041,0.22985714853112935,35,seg_6a8s,NORM
-0.86179442064765,2.221440451010827,-1.2335664537221167,-0.25257378524240787,0.2693090767712693,0.5311908325158796,35,seg_8a10s,NORM
0.6793573888571889,0.09564045760740483,-0.3122003487325023,-0.42162276574015134,0.48543103886121797,0.49987895455772763,36,seg_0a2s,NORM
-1.2505152403499094,0.19188166825360947,0.10121402600282331,0.2763161018674346,0.1585645957044775,-0.11209392755948687,36,seg_2a4s,NORM
0.9971636068551546,-0.17664966075126456,-0.40838835569839677,-0.1604779726530642,-0.08535309635761171,-0.16563860388271182,36,seg_4a6s,NORM
0.7184358960532398,-0.24585190205652546,-0.09045469611071709,-0.08389275171075951,-0.10219605390665538,0.19946169402869107,36,seg_6a8s,NORM
-0.7197582942873371,-0.49219817547468186,0.7592685807551262,0.4506250811994175,-0.35266012221698917,-0.40292716090321423,36,seg_8a10s,NORM
-0.9307888000902106,0.025318115979724477,-0.3885947030275371,0.27591318800466447,-0.20285201437786507,-0.11512076497822261,37,seg_0a2s,NORM
-0.11679403758378304,-0.19151379636284493,-0.3401004680700181,-0.21254727867699347,0.009675479547269977,0.02540857040018087,37,seg_2a4s,NORM
-0.34118211054193137,-0.7951208448049593,0.24213132640991647,0.0630181978586376,0.04490359263412466,0.07255788308861086,37,seg_4a6s,NORM
1.6109652937846564,0.8012377887263225,0.022872635396449063,-0.06179654841926712,0.2278244759084294,0.018734727175985563,37,seg_6a8s,NORM
-0.2875130238711979,-0.38554831085934876,0.5029883655658286,0.1855023783004827,-0.017990781704520245,0.05222321414471124,37,seg_8a10s,NORM
-1.0716172495802014,1.304943612325359,-0.5065222509542718,-0.016699033475184616,0.1192924035976255,0.43187817333651896,38,seg_0a2s,NORM
-1.5049728332916166,0.29289292608125367,0.5559742145624827,0.004375014096875708,0.3203758817103219,-0.08780304705003912,38,seg_2a4s,NORM
2.2913754926031364,-1.0015358326763064,-1.139147120185271,-0.4056638023211127,-0.15076888865850807,0.267359335872256,38,seg_4a6s,NORM
1.4098877545032915,0.16214195128830725,1.0717006298310556,0.3537533823703468,0.08094036636902004,-0.3134738823183015,38,seg_6a8s,NORM
-0.18945564567091042,-1.0211056500857458,0.3413769837224095,0.2749758890019742,-0.36013297855496135,-0.30973116293107983,38,seg_8a10s,NORM
1.568536283529901,-1.1851450834319202,1.354519466193297,0.538453527001512,-0.3481016997077298,-0.09365107805593387,39,seg_0a2s,MI
-0.7964644621964506,2.6457605133663673,-0.8566996885428917,-0.02099470255133656,-0.21794990687724003,-0.17650997472748237,39,seg_2a4s,MI
-0.21063713089329272,2.866311447016911,-1.130418837221658,-0.23595270623687906,-0.015336146829579556,-0.5362868310845076,39,seg_4a6s,MI
1.6125742807906993,-2.6802558909925134,0.6302034488796203,-0.08206064201533908,0.23894833135616128,0.31505264830399343,39,seg_6a8s,MI
-2.678761210820138,-1.5222157141181094,0.47659837318355164,-0.07181573720558763,0.1918310208693315,0.6198550241177597,39,seg_8a10s,MI
-0.45980504727054494,1.180262512963452,0.9320427781939481,0.21461111909687464,-0.33662696633308753,-0.043180594380761585,41,seg_0a2s,CD
1.7485947886226445,-0.9509236274454442,-0.03403167765827184,-0.12169432074423242,0.017211699106908614,-0.09869256852126927,41,seg_2a4s,CD
0.66297441154119,-0.44463618482134737,0.10223050464100326,-0.1704540641918921,0.05774751468938143,0.007067002401582931,41,seg_4a6s,CD
1.1769702812402931,-0.8603914449456296,-0.09299347886488739,-0.20342787006777344,-0.09607774571071534,0.1363329563843036,41,seg_6a8s,CD
-2.413209341455486,0.16128591650389684,-0.8539252324834573,0.4899682800317099,0.22697639275706408,-0.08858947369582772,41,seg_8a10s,CD
-0.09080949220359921,-0.1318490092011325,0.45424529310746037,0.2898830218901336,-0.4458591464735018,0.12827129400020296,42,seg_0a2s,NORM
0.41699676534114355,-0.7686036472892416,0.11030264795790128,-0.43575301777350817,0.21063762371155845,-0.06366034786482991,42,seg_2a4s,NORM
0.3062026317178302,0.6915430409192168,0.1497204832327518,0.019526101738248623,0.4007331045210433,-0.0020494343097707734,42,seg_4a6s,NORM
0.0705171047777352,-0.008555237957549052,-0.3623030104867142,-0.2868250445894919,0.14488078695282294,-0.10806361539238322,42,seg_6a8s,NORM
-0.19031744900017275,0.383794373439998,-0.4754207513118789,0.5038434658118238,-0.1397559568955766,0.24221047053361383,42,seg_8a10s,NORM
0.3502422029420597,-1.8351093654780428,0.615845679647873,-0.43439582863727405,0.3495672939585952,0.19298939845250687,43,seg_0a2s,NORM
0.34455964718149007,1.3373320174979815,0.3029582050227344,-0.028556033751030056,0.043737816380930626,-0.0022827902971234845,43,seg_2a4s,NORM
-0.5593771756110819,0.7810379534762188,-0.44519925074151345,0.3219675777136918,0.10158382752145544,0.1738110782581098,43,seg_4a6s,NORM
-1.5666860496704211,-0.779948635254523,0.01835728422015645,0.07321293600293902,-0.698155187111751,-0.08291346450536383,43,seg_6a8s,NORM
1.6177652112405219,0.4008162775249738,-0.42285581293431945,0.22608792299472147,0.18954037590534487,-0.13305173465621514,43,seg_8a10s,NORM
-0.046293291658842904,-1.0589503957782638,0.28426915729739194,-0.027706972273785418,-0.17318668637855106,0.269445380539928,44,seg_0a2s,NORM
-0.2700468849252702,0.31268649031267337,-0.16030490046041598,-0.09910459232581313,0.1658638951117594,0.05897800689846114,44,seg_2a4s,NORM
-0.27403094533642347,0.7844195689036485,-0.07529760048544233,-0.18110454659020536,0.09702333788222436,0.017243465236415113,44,seg_4a6s,NORM
0.27770680420824956,0.1877626513268474,-0.11779129573363939,0.12400172486991257,-0.08024748175930914,0.04133928740118615,44,seg_6a8s,NORM
0.5315373859490692,-0.6776996428705595,-0.386611285000398,0.09568636939283971,0.17255080127129355,-0.05674470674751767,44,seg_8a10s,NORM
-3.7137702396630106,-1.4900523348553103,0.597655449128215,-0.08261140517824889,0.03624446920448101,-0.07885719240117381,45,seg_0a2s,CD
1.416828005429178,-0.44945873221153837,-0.17716708051322697,-0.07808194654776686,0.11326938043612873,0.08168105498452302,45,seg_2a4s,CD
3.1508409652513425,1.143933212000433,-0.3928580681930392,-0.13585602527993773,0.11378853426322866,0.1548659786209271,45,seg_4a6s,CD
1.9451536321612297,1.4561539061056716,-0.3042168263127964,0.13252078422568633,-0.046936350876352256,0.09627783787085537,45,seg_6a8s,CD
-1.911121494863757,-0.1474713657880241,0.22440677397512157,0.22712473831740393,-0.04964773975119158,-0.2360034283930759,45,seg_8a10s,CD
-1.3695063457716594,-0.6479941832759263,0.1598632733786235,-0.24766851415185268,-0.07991899365387248,-0.36700519017719135,46,seg_0a2s,NORM
0.8061241798551323,1.0135383024730966,-0.07614333129425667,0.1168237865772922,0.2004917521170347,0.021857866489677198,46,seg_2a4s,NORM
0.40877431358073796,0.039639298743294006,-0.7158325712116863,0.2288044726452541,0.1696383197649544,0.3574290363807686,46,seg_4a6s,NORM
0.5746308306847212,-0.14149113571100122,-0.1854364693789457,0.1279803736506374,0.06772296960054232,0.3215827382459675,46,seg_6a8s,NORM
-0.6469081818311221,-0.12986196369664965,0.8169579868802918,-0.22881813316341382,0.02941928830274318,-0.12340728669478691,46,seg_8a10s,NORM
-0.47796259779877703,2.2995651669598005,0.10708459082135426,0.144611589259342,0.06984951870899046,-0.2416648969302041,47,seg_0a2s,NORM
-2.493392046724201,0.4215916665419283,0.44094445813740685,-0.21936098101788967,0.07191049581382597,0.2776064092822228,47,seg_2a4s,NORM
1.3879633640678948,-1.708408947897265,-0.8654635071589798,-0.19064579776335985,0.13820608614968927,0.34656461420972595,47,seg_4a6s,NORM
2.903920924769093,-0.21040806209110277,-0.9050716795132112,-0.49379886085035574,0.09624176567149656,0.3933470150581543,47,seg_6a8s,NORM
-1.5472344852985964,0.3866535166978241,1.149343908618088,0.5554310065982507,-0.13131333721019628,-0.3336572942809736,47,seg_8a10s,NORM
-0.07913085065504148,-1.3139595400430135,-0.1883433441572586,-0.9933588709631266,0.32866382391530463,-1.6593105745007473,48,seg_0a2s,STTC
-0.07856369899284645,0.6992645417467056,0.26429313136321536,0.5923010723648151,-0.25415465878674554,1.1434850274406558,48,seg_2a4s,STTC
-0.913903756038098,0.5420836032468059,0.1603574419897374,0.7692630179280198,-0.18629257816122,0.9285302548272731,48,seg_4a6s,STTC
-0.7142333622632608,0.31871106624143164,0.031821854181121705,0.20600916081852427,-0.00444782603135738,0.1697631036165143,48,seg_6a8s,STTC
1.2361126718927322,-0.20048754102932295,-0.4854221041375972,-0.22282051063123567,0.16879787576929176,-0.40020898741744837,48,seg_8a10s,STTC
-3.9755368616998976,-0.5247681292957423,0.5798936339530099,0.39462487087258397,0.13497292899780175,0.38208452820765726,49,seg_0a2s,CD
1.6891097657315015,0.3650892044504724,-0.2821282046774856,0.23881097365838064,0.2789146767582858,0.21939429614001044,49,seg_2a4s,CD
1.344936139135199,-1.4615219666680404,0.004285247811494093,-0.8183034338686572,0.0364627767537648,0.28066512100329344,49,seg_4a6s,CD
1.9032311374225317,0.0986862282068473,-0.16906259660085812,0.14220617430059387,-0.1652729207378124,-0.30927049014366637,49,seg_6a8s,CD
0.029727510639311547,1.4646386314290984,0.20177611885049532,-0.1273268991620776,-0.25134902334836157,-0.48768344402078534,49,seg_8a10s,CD
0.5673491572051175,0.08335734870191519,0.08107585921779902,-0.27578988946066285,0.02796275068660706,0.08362875483932844,51,seg_0a2s,NORM
-0.22636189263881024,0.13501272703229938,-0.20520929298711904,0.32009286437749374,-0.08809295846609373,-0.21256463217197943,51,seg_2a4s,NORM
1.1153134586160052,-0.3591143394847059,-0.14207036969468367,0.30018222083030427,-0.043818266552742395,-0.1953135133964202,51,seg_4a6s,NORM
0.10767150371110347,-0.6881242838541042,0.11088479706165941,-0.21124265460887387,-0.060504454713032015,-0.03393284599643118,51,seg_6a8s,NORM
-1.5059991465520097,-0.3246854566849959,0.2583908893948938,-0.060032716302571974,0.022680877606361706,0.008585382236129199,51,seg_8a10s,NORM
0.7431165636531797,-0.3026815891892106,0.6648231318945316,1.026194738620396,0.33784838242157783,0.20254936025527767,52,seg_0a2s,CD
-0.5509301801412522,-0.7088740061237122,-0.12528864287224875,-0.313496837873062,-0.2277494906287643,-0.11126239031449993,52,seg_2a4s,CD
-1.5490927693579255,0.31590839417259836,-0.03797404328628031,-0.20006837974190012,-0.02982890420632249,-0.2204066043328993,52,seg_4a6s,CD
0.13644617002110584,0.027993754728918938,-0.4217304776786913,-0.24344854860212062,0.03729681259199215,-0.021033496256371773,52,seg_6a8s,CD
1.4240575813981138,0.4665336128799078,0.14805044309461396,-0.24619313281789193,-0.16983366413985343,0.03567838113639295,52,seg_8a10s,CD
0.9451106637861372,-0.7864820850135735,-0.041973355996467746,0.10691626085890248,0.1915698747197267,0.11091086066067264,53,seg_0a2s,NORM
-0.682109314720772,0.20220685287620663,0.23419075349566867,0.1650433339754985,0.11054608115122681,0.10168060345785002,53,seg_2a4s,NORM
0.4030270936834582,-0.005201476710924052,-0.06024914747342322,-0.19517703446077636,-0.01833723486418096,0.12967260101523972,53,seg_4a6s,NORM
0.4843393439614279,-0.03239157080769286,-0.13986667752421864,0.4369965171513253,0.08526021196772966,0.02215351849964028,53,seg_6a8s,NORM
-0.7099092699974937,0.6367470760896741,-0.20837888856329018,-0.6632185233447857,-0.26347403418073506,-0.14967975358063407,53,seg_8a10s,NORM
-0.7819036014871956,0.1482055503157034,0.11801927843794653,-0.09091314933432817,-0.0005655902031171249,0.2309652599464229,54,seg_0a2s,STTC
0.3718482755035658,-0.7177899172083537,-0.1064536806544576,-0.12328631302471443,0.050921067339588066,-0.021786142585248195,54,seg_2a4s,STTC
0.3207816937340139,-0.5052176247267087,0.03917580947149273,0.11706630428786623,0.004755474266092497,-0.04226047822358049,54,seg_4a6s,STTC
0.23295429634249315,-0.5051363340912276,0.05561447864186462,-0.02069939712338525,-0.0053268539202790165,-0.048512267617773754,54,seg_6a8s,STTC
-0.3017734224663729,0.20168271220494333,0.34718484745283873,0.3381989239027163,-0.12270135511411005,-0.041684969647660636,54,seg_8a10s,STTC
0.3678072689470121,0.6428913726562886,0.7553463890186045,0.10729726605330321,-0.3573002868730303,-0.5609149831141144,55,seg_0a2s,NORM
-1.1786927438660446,0.5120919055467023,-1.4462692702457756,-0.27028417285309353,0.38885053829585176,0.6254680377087981,55,seg_2a4s,NORM
0.49735962918466353,-0.8808840937671486,0.9459457683089882,0.18736552891107533,-0.18776520521975482,-0.5443839596592914,55,seg_4a6s,NORM
0.9623048012054166,-0.017630562422900085,-1.694826261286385,-0.3543122271322873,0.4225786420182741,0.7579878918286004,55,seg_6a8s,NORM
-0.9292557970497807,-0.019205090693671857,1.4102811235562709,0.2972595045276057,-0.1423985588842565,-0.5645066383555234,55,seg_8a10s,NORM
-0.7028439794165048,0.9002499581360569,0.4679674434729754,0.11121067855139136,-0.19755293487792633,-0.02198959432355834,56,seg_0a2s,NORM
1.185522151580168,-1.5052925262025105,-0.16442936589111048,-0.12628059022801127,0.09189275032577843,0.2015012827720043,56,seg_2a4s,NORM
-1.606134453614432,0.39639384761616947,0.4150628030180883,0.06389355367372838,-0.08495964430916864,-0.08703967304169731,56,seg_4a6s,NORM
-0.7489202752241951,0.598828887651848,-0.07673133995053251,0.17134226073816983,0.009592789973339202,0.08008189900569483,56,seg_6a8s,NORM
1.9623972586457825,-0.06788636252068342,-0.7965380433616841,0.18457226276950933,0.14306469394097046,-0.0063073347674609094,56,seg_8a10s,NORM
2.855313408639397,-2.833637376286153,0.7848421698008715,0.21013681673193726,-0.244801809855722,-0.0018494955183953425,57,seg_0a2s,NORM
0.782032717416566,-0.7024850241173785,0.6429425852617425,-0.02163638478114886,-0.27993457985402986,-0.1053221748147522,57,seg_2a4s,NORM
-1.7726065004853104,0.16631271747353799,0.2503474408245334,0.1752488639603718,0.1263587616032638,-0.0026337999443242863,57,seg_4a6s,NORM
-1.2367995531871105,0.9930860367002116,0.12278050386477285,0.11000287837434156,0.03756681355799463,-0.10386829380985489,57,seg_6a8s,NORM
-0.43725224094042775,2.3380099450637553,-1.5038524232103176,-0.4268379739803826,0.5522803587219739,0.11764971680653133,57,seg_8a10s,NORM
3.2532124513787974,1.0806821451166353,0.40908522318587337,1.038091979305047,0.06551790991301185,-0.561341416337242,58,seg_0a2s,NORM
-0.9006257697984782,0.6525124136331432,-0.3320941246189174,-0.030427512151392524,-0.15757569149977604,0.1560500251159581,58,seg_2a4s,NORM
0.34978686244874646,-0.8950471659118371,0.23667702121729647,0.3717233744246598,0.10408662566260951,-0.11792844336328132,58,seg_4a6s,NORM
-1.765364775159215,-0.660790348882631,-0.34955212470362035,-0.5257181007414731,-0.1815793406230813,0.18019133295755368,58,seg_6a8s,NORM
-1.2882212921097327,-0.5645916048093657,-0.19284310712523287,-0.8723304393319115,0.22078294776234766,0.4242443681097627,58,seg_8a10s,NORM
-2.0344114325014795,-0.8727840159467509,1.6728313944794913,0.43150499613622023,0.007888972256025938,-0.10672030111089545,59,seg_0a2s,NORM
1.0377813409491288,0.6908211072933774,-0.27382092984359613,-0.1715045888533328,-0.025322867670632892,-0.015133730900045614,59,seg_2a4s,NORM
1.7863741093910286,0.3879533693810205,-1.3829570034954208,0.27915767643587264,-1.05526539450749,-0.4344098663457836,59,seg_4a6s,NORM
0.38405877960192775,0.7298565676563112,-0.1794031889586465,-0.15863538974643124,0.5264370723188201,0.1441508404793849,59,seg_6a8s,NORM
-0.8637598186326476,-0.5622236779535589,-0.09512788769109455,-0.30681738598206926,0.5809067857718809,0.5183208009011645,59,seg_8a10s,NORM
-0.5642141310460738,0.7773423406723399,-0.35334437348533304,0.4183444296954452,-0.020346716173802033,-0.2373910000787485,60,seg_0a2s,NORM
-0.05377049631674509,0.14707115668691784,0.6546249015437081,0.053904254715409154,0.19916162127270007,-0.1551394180108817,60,seg_2a4s,NORM
0.3128284695352144,0.31565447578531536,-0.18789367111182956,-0.016540669077049944,-0.04745085894010681,0.026767534234319934,60,seg_4a6s,NORM
-1.2897643430234988,0.00806541985883365,-0.48415700912651916,-0.10917507870448546,0.08392651718971629,0.37161178439301407,60,seg_6a8s,NORM
0.654744661041118,-1.146741297505956,0.32897424962316413,-0.21034117217692827,-0.04076559080040956,0.02524338721416879,60,seg_8a10s,NORM
1.0199661300103982,1.1320544415203426,0.260256130431467,-0.035612058074624336,0.09646415089882457,-0.06467368247365377,61,seg_0a2s,NORM
-0.1303690710785073,0.36564274934120206,-0.6152660904553282,-0.16172848545445667,0.34620948039027427,0.1327508495897954,61,seg_2a4s,NORM
-0.4925771308114214,0.013571470164841375,-0.41749029206150934,-0.17354864190415092,0.11338467711169482,-0.0011446767632095703,61,seg_4a6s,NORM
0.4043655615900025,0.6638302749154553,0.5109392827352885,0.03351742436362642,-0.3535213557876796,-0.1746673044664397,61,seg_6a8s,NORM
-0.7692478235987015,-0.8933349448999874,-0.3160368033620123,0.37925406123981487,-0.04389767992461136,0.04897717320188406,61,seg_8a10s,NORM
-3.2289725801734632,0.16699925857405534,2.3601677164222976,-0.5743814213331879,-0.6152777341671674,0.0634025017178775,62,seg_0a2s,NORM
1.210944819412599,-0.5531564448197865,-0.7677377319636906,0.44595530799723493,0.4167041812418101,0.008566636282650225,62,seg_2a4s,NORM
4.663504242527159,-0.8055406102535824,-0.8372798965651747,-0.45614811813608463,-0.01947212987876306,-0.28737108703769204,62,seg_4a6s,NORM
0.6390556221514283,-0.5281153369185418,0.054929300416890155,0.13536402900150157,-0.013578729480511687,-0.2007055583323872,62,seg_6a8s,NORM
-2.6108049750372615,1.8007835012906401,-0.8862177863960817,0.4487917626061845,0.20706859627408272,0.2624780549384996,62,seg_8a10s,NORM
-0.26892326334409394,-1.1758954656457565,-0.05278475041415168,0.22317380655802246,-0.11069796477177513,-0.009285710821439697,63,seg_0a2s,MI
-0.6893334228282509,0.20024333308715975,-0.13269639808318343,-0.176124775593739,0.0476357289418407,0.2258664994288144,63,seg_2a4s,MI
0.564430722234649,-0.1442657932382429,0.2018426357676095,-0.01530811859660691,0.14108088146182807,0.030638046867306735,63,seg_4a6s,MI
-0.15935563891724983,0.43235364353898514,0.053506126543740914,0.10310700705557724,0.06895941150646702,-0.02558434589497992,63,seg_6a8s,MI
0.24474957502718023,0.4602130042638374,-0.1775873613891807,-0.2726126909984722,0.1402760429609432,0.03258022996441075,63,seg_8a10s,MI
-0.6836370163643902,-1.1439344078722276,-0.6926032264240586,-0.4002299506730413,0.1832628968659354,0.6270777608134511,64,seg_0a2s,NORM
0.6331688632289696,-0.8393245798031667,-0.578003999230041,-0.303619861450143,0.1553300290242411,0.3465664707159569,64,seg_2a4s,NORM
0.04247496070259292,0.12617124831242948,-0.416015632713058,-0.05738139464901994,0.5230226983138703,0.25617110591108844,64,seg_4a6s,NORM
0.3501847087782189,1.2080384126150552,-0.39438807037930523,0.654826595527622,-0.029098411515668277,-0.37724839714430264,64,seg_6a8s,NORM
0.007786401613950539,0.21362230059504425,1.965482433065971,-0.07508792780302785,-0.5210941494691764,-0.6677907410292555,64,seg_8a10s,NORM
4.868817882870703,-1.6232885548097205,0.7288106618762363,-0.2867540582883997,-0.2183093481463377,0.15273429169457423,65,seg_0a2s,CD
-3.073554566970783,1.2034863495839518,-0.010818063696262755,0.020820402591941654,-0.2083541339995262,-0.19488857199507137,65,seg_2a4s,CD
-3.019106763543366,0.9760837413261784,-0.5978789807942237,0.39633767743361403,0.1061522540867914,-0.06825352038730528,65,seg_4a6s,CD
1.162753103331767,-0.04885764328604416,0.1970155439949379,-0.07747133255810983,0.029325290788633364,0.02642755260548197,65,seg_6a8s,CD
-0.1578834265015348,-0.30275797128808885,-0.41871245298367427,-0.1657651667624731,0.3391707390789523,0.02610733342308296,65,seg_8a10s,CD
-1.5236482477033089,-1.2465127208887197,-0.25623172744056616,0.33816320427726115,-0.03264587140503157,0.3148793322927426,66,seg_0a2s,NORM
2.271451663330011,0.5617017525076041,-0.4538947636185658,-0.3990732080983939,-0.00034319822801889924,-0.12039691392781672,66,seg_2a4s,NORM
1.2358655480627925,0.4687355356762736,-0.31903200622523736,-0.46260486716160865,0.167933249167373,-0.05281809877579339,66,seg_4a6s,NORM
2.1602838633243913,-0.7027660081286053,-0.16633239670988562,-0.08677924025846181,0.1402333569369855,-0.18540268358482126,66,seg_6a8s,NORM
-4.84271431220017,0.4065750982392066,0.9588148063753009,0.6303199689629039,-0.08103697842407138,0.27582721146396705,66,seg_8a10s,NORM
-0.6837061973120299,-0.4839195790169608,0.906327992150445,-0.2590665640106592,-0.20199933492716832,-0.2258870349498066,67,seg_0a2s,NORM
1.2662688639685458,-0.38532818203153396,-0.3184264344901334,-0.41796605453115826,-0.08743379282821288,-0.12019524484733833,67,seg_2a4s,NORM
0.09625902178681964,0.5759417016087542,-0.5492735204161521,-0.253312403257694,0.056186253133351655,0.02186938137508349,67,seg_4a6s,NORM
0.23504162002106407,0.7750135865812732,-0.4780920219692662,0.3003565482495746,0.2803020756283859,0.18024869163072524,67,seg_6a8s,NORM
-1.0839905657092228,-0.43768739301039483,0.215598271816715,0.4059191328834672,0.16845649633671386,0.21714635821410086,67,seg_8a10s,NORM
-1.0983360492084364,0.6667148882993156,0.04103369121175166,-0.07279478285166428,-0.05455107276154504,-0.1697317396043462,68,seg_0a2s,NORM
-0.11896294101717067,-1.2030436075774136,0.02124089413915385,0.18410631233916203,-0.11628438583259214,-0.07478662474400172,68,seg_2a4s,NORM
0.8821200726564303,0.31291809348854177,-0.0784835841874896,0.1491995913995185,0.036175823854070865,0.41082312878947913,68,seg_4a6s,NORM
1.226876418368935,-1.7810951002597888,1.1728819873040632,0.13976191746154878,0.07997327638971682,0.3529011330923618,68,seg_6a8s,NORM
-0.12173363576803328,0.09748492599301634,-0.8667784806785721,-0.2819347944816175,-0.12358806777930512,-0.30468087675808836,68,seg_8a10s,NORM
3.1169064180405717,-1.1069577523907883,0.09676759221228909,0.43044506358616713,-0.1883393828084453,0.28617374361096554,69,seg_0a2s,NORM
-0.4638405621810975,0.30393713529447336,-0.3629419334860733,-0.2941290619737284,0.5129223782665423,0.210188738902526,69,seg_2a4s,NORM
-5.933073608285433,1.4612499604231894,0.905300318398431,0.13560995597289374,-0.5112217236570702,-0.17895694424951986,69,seg_4a6s,NORM
-0.4326207660790365,-0.5940272526365403,-0.6393258058188565,0.32054180926495585,-0.2550492195098531,-0.2507347142719466,69,seg_6a8s,NORM
3.3557055886955007,-0.5193785727592657,0.06892450928774321,-0.6030322131817218,0.37008026085376095,0.0391046782799194,69,seg_8a10s,NORM
1.7476791790431263,1.3217503870690628,-1.3127174280792255,0.004572029723830121,0.48234838320944573,0.12988941895079634,70,seg_0a2s,NORM
-0.4811283727765455,-0.19328921173354469,0.4883929588609494,-0.20346900391656822,-0.4108736380771591,0.0060245281791597265,70,seg_2a4s,NORM
0.6022764270379222,-1.019195855809774,0.9750784082539324,0.20179071559405035,-0.24840585369903487,-0.3336682257438938,70,seg_4a6s,NORM
0.450738379763634,0.3311097892753122,0.11197597114572057,-0.07293657199238422,-0.1629669910148457,-0.021778719106208027,70,seg_6a8s,NORM
-1.8941564641542452,-0.5568734097890727,-0.17538422990335348,0.20303196837538945,0.19354630617080545,0.29188806138498546,70,seg_8a10s,NORM
0.2733955482616653,0.17498914724074943,0.4468244456293689,0.1841070575421435,-0.0620595800620614,0.018533239094654024,71,seg_0a2s,NORM
-0.39428611113072715,0.39003183754985443,0.04536952519455002,0.035669309585693094,0.09208465041266699,0.10755345112960031,71,seg_2a4s,NORM
1.2243454659907653,-0.029189310507407827,-0.3197230123000378,-0.1710951612640765,0.1501269350879405,0.10712502742883749,71,seg_4a6s,NORM
-0.011552235014371737,-0.6415663443151791,-0.11993323680251447,0.03264602029570711,-0.009676613986109412,-0.03121122861202564,71,seg_6a8s,NORM
-0.974838435168278,-0.8120520702349588,0.053856115826190085,0.09222386178557006,0.0025324601098960647,-0.08427591578012104,71,seg_8a10s,NORM
4.39638775417287,3.114865871298063,-0.5261529336004227,-0.7675391674573177,0.26067170320456695,-0.7707093423533827,72,seg_0a2s,NORM
-1.160259509411733,-0.028761618938615688,0.6220102334493306,-0.21710729861064937,0.05471369816152771,-0.03413511536297866,72,seg_2a4s,NORM
-4.200764625859017,-0.5673213354953546,0.7011425464726491,0.2927722339659534,-0.21938732742515485,0.17489904264172582,72,seg_4a6s,NORM
0.4289840547194941,-2.573244887972789,-0.14603630213848945,0.5101055162064676,-0.05435147449561901,0.2859425059014602,72,seg_6a8s,NORM
0.0796132387444816,-0.1774594623488206,-0.2980271110261884,-0.31401597849066015,-0.03829304950981028,0.3913563105841458,72,seg_8a10s,NORM
1.6175686256933048,-0.11838662686810793,-0.8302447121540273,0.04632799790539451,-0.17527341662710091,0.10342039405290909,73,seg_0a2s,NORM
-1.9148927264603772,0.5382845228542837,0.5003881591691192,0.04210833318512395,-0.12834888552264098,0.015950601874959044,73,seg_2a4s,NORM
-3.9470170393642077,0.2646623507385914,0.6420857207097596,0.48299225401285295,0.25501555375480905,0.17480583032259558,73,seg_4a6s,NORM
-0.007541843117522609,-0.11882020242024222,0.6261331899446996,-0.06436848872819223,0.021233279432829173,-0.1445962145902941,73,seg_6a8s,NORM
4.0396501320460665,-0.6515077472360086,-0.7250606678645872,-0.36901051187988654,0.24653209278731017,-0.01390737539584979,73,seg_8a10s,NORM
-3.8809008949667367,-1.2867011758770877,1.4319359616982608,0.8638187832333175,0.09281540571843427,-0.1030592660234872,74,seg_0a2s,NORM
1.4171483128185618,0.4360737930965516,-1.4841748905952536,-0.6884055045145521,0.4083275156231841,0.41781755885449284,74,seg_2a4s,NORM
3.745811734364987,0.8374537077092302,-0.7085930524271942,-0.0038779259272345005,0.1352373880907068,-0.06685162956874713,74,seg_4a6s,NORM
0.8899585212900729,0.668319905790214,0.19855589920904945,0.21312462680147817,0.028692050769864624,0.14232450163512878,74,seg_6a8s,NORM
-1.4755032018267304,-0.8062603549721636,0.6700541112162384,0.008753914620036655,-0.5625997401147534,-0.419080779979934,74,seg_8a10s,NORM
0.10824582688786992,0.45533720575115344,0.6903142076143742,0.641987041839177,-0.019957297143254202,0.08172438246402984,75,seg_0a2s,NORM
-0.49912142807314325,-0.27625265864550025,-0.5286838812590131,0.02482612995232364,0.050331414234957336,0.3235939998648674,75,seg_2a4s,NORM
-0.3155286647665666,0.162121641856155,0.23450291068748097,0.45617443155388276,0.4295380021213834,-0.23707730980276487,75,seg_4a6s,NORM
-0.7313450792269215,0.2986226441196001,0.09603066428785821,-0.46823130816299197,-0.04238864779970688,-0.2544621436396617,75,seg_6a8s,NORM
0.782564421530641,-0.6041812617696735,-0.7663301846775358,-0.46690379285169226,-0.10627262128017118,0.206351914865537,75,seg_8a10s,NORM
0.0037812087139724843,3.824510707626243,-0.4357899195906254,-0.1817252486287377,0.009612585106891352,-0.1444711558439913,76,seg_0a2s,NORM
-0.5294702597296771,-0.39858036378718165,-0.6501253144676131,0.043857754182586424,-0.29880769037212124,-0.012703890410384623,76,seg_2a4s,NORM
-0.7060821433250908,-3.4334523143101814,-0.0480954861001132,0.22642027666329412,-0.28351068476721053,-0.037785913771598324,76,seg_4a6s,NORM
0.06066481779644315,-0.1787978120306501,0.7725037057221936,0.2005103539304856,0.2733670033967813,-0.15073486597826685,76,seg_6a8s,NORM
0.8478974478743414,0.17378219022212427,0.32038385124957,-0.23526804033208448,0.5743308127231703,0.3567434419607868,76,seg_8a10s,NORM
1.442473130236188,-0.9900603633971095,-0.04102843581296468,0.303868073091499,0.011738066052735393,0.12252948613955787,78,seg_0a2s,NORM
-0.7591597365480206,1.190670105553259,0.25214853996472314,0.18285350774069364,-0.10967786659090495,-0.08768507398916396,78,seg_2a4s,NORM
-0.6264079104265599,-0.4036608642126961,-0.3467998125633758,-0.06714321947496328,0.1735012608886759,0.1108727764108194,78,seg_4a6s,NORM
-0.17208047274795038,1.0165630374604342,0.13918624964258217,-0.11934314241238468,-0.028422044146432433,0.030823123048763963,78,seg_6a8s,NORM
-0.19828471321882676,-0.2439462874850067,-0.534912297652074,-0.36841114948723236,0.1536102456899561,0.10109191801179389,78,seg_8a10s,NORM
1.8688852719613882,0.055378136046416136,2.6364169618868667,1.5511441635345964,0.433946509536317,0.25888921764462136,80,seg_0a2s,NORM
1.8905579923251565,-2.2570428074107145,-0.34526123593068486,2.0674840318737306,-0.450611684149725,-0.42204000309504924,80,seg_2a4s,NORM
6.318558379113012,0.6100106806224977,2.864712553569831,0.4998634352452963,1.5371123275876557,1.402376557547974,80,seg_4a6s,NORM
6.1755544431564715,-0.9110633561156519,2.2691344467500847,-3.965613829091561,-0.49112469142397297,-0.26428130890136814,80,seg_6a8s,NORM
-15.11227530263435,1.2735892631470316,-6.699989745743794,-0.01093687381176039,-0.8534107620532928,-0.8766365535815568,80,seg_8a10s,NORM
1.2667027350816205,0.0825930114541066,0.3933215404690544,-0.6031303483610644,-0.37853304987197356,-0.3880824304922828,81,seg_0a2s,NORM
0.38870392286429184,0.9364578713383088,-0.15898837858989903,-0.10815282840195821,-0.18487454252340269,0.10425304445181445,81,seg_2a4s,NORM
-3.252146606828387,0.5835644222060083,-0.6245782272052852,0.01449756434485738,0.6225421629100458,-0.5589547048978432,81,seg_4a6s,NORM
2.3720797344538895,0.11549678695853915,0.32269970511498813,-0.15100135045383287,-0.4686646762246808,0.12489294185448756,81,seg_6a8s,NORM
-0.8247029422053463,-1.3283973143098289,-0.10804243451777902,0.8490212130274897,0.38459929808630416,0.8177986914936617,81,seg_8a10s,NORM
-1.5781075989429263,0.38716754782182655,0.133872398767489,-0.05126746683724595,-0.13914503266093872,-0.1107132500625296,82,seg_0a2s,NORM
0.837628082386373,-0.42001058739801994,0.2665848919522502,-0.10655386048072268,0.04149992364078567,-0.04377648279357808,82,seg_2a4s,NORM
0.48426580808307046,-0.05695708109530394,-0.12364755543051349,0.04088439670354102,0.23219547958686512,0.07665352929772097,82,seg_4a6s,NORM
-0.8791664884306843,0.07933449445768014,0.007753517378993754,-0.024065236291278495,0.5471621881704322,0.2480964364254489,82,seg_6a8s,NORM
0.2211919134290262,-0.145425452849952,-0.4457109369341154,0.3556174362925971,-0.48873988031423576,-0.08459677622562868,82,seg_8a10s,NORM
-0.6720359898514079,-0.6230308123013653,0.5533661093153924,-0.13167628778915733,-0.08322510300824809,-0.4838047205098338,83,seg_0a2s,NORM
-0.3839236458250608,1.1775331018453585,-0.2749312661322419,0.14265448936074382,0.05955593468236998,0.12456641493914361,83,seg_2a4s,NORM
1.2548766576107755,-0.054944858120833974,-0.3628985547842606,-0.21644314591708402,0.15759323920833687,-0.017182008313162446,83,seg_4a6s,NORM
0.1414514563216763,-0.24513576734009734,-0.07295162798684642,0.41628739855776387,0.20811350563492712,0.11481690502126803,83,seg_6a8s,NORM
-1.1400614248060428,-0.8246696001776133,0.4742480855277969,0.0766281969186361,-0.24440223397590696,0.150351761434961,83,seg_8a10s,NORM
-1.0625027570162702,-0.29583361907212574,0.4272910940125309,-0.6456225430590998,-0.01817053296595433,0.44994916732427304,84,seg_0a2s,NORM
1.8841791386713904,-0.25930622055765296,-0.3498674754731727,-0.3703767268805044,0.10465949671944956,-0.0044072622695857724,84,seg_2a4s,NORM
-0.22763143002410555,3.4861207408970993,-1.0137497367720516,0.5939750421248909,0.7120779067720755,-0.451450653747717,84,seg_4a6s,NORM
1.1512865372027128,0.8673832564448444,-1.4708473467533065,-0.5411171495077345,0.20013738847536502,0.04645529361217231,84,seg_6a8s,NORM
-1.4170492548234057,-3.0172561793865977,2.2658182643258282,0.8964462141471736,-0.8182037504985105,-0.0680340389626934,84,seg_8a10s,NORM
-0.679976914578055,0.5001805290280248,0.7167317343277589,0.4784208456917116,-0.06578717506828412,-0.00673085186856996,85,seg_0a2s,NORM
-0.8589225491117126,1.0059604043742794,-0.6653315267813439,0.17407524900536958,0.1872850315806843,0.012846730772542152,85,seg_2a4s,NORM
0.23152884485207675,-0.621141687160709,0.017420124266051214,-0.12092131708848339,0.0025407433843049805,0.009778057513261747,85,seg_4a6s,NORM
1.7683536297457148,-0.19252904075964364,-0.6041766230788379,-0.2446975481333797,0.04439579169195067,-0.012029425379452402,85,seg_6a8s,NORM
-0.621332483625843,0.3463181033084329,0.08475517941360924,-0.22591037339588685,-0.05396652429800543,-0.05498824728719816,85,seg_8a10s,NORM
-7.422802443680072,-3.3731110671173545,1.4742867452985327,0.8961957849956043,0.03202540897135004,0.13122589567907353,86,seg_0a2s,NORM
2.8544449725214136,1.6534558578987661,-0.4996222485380864,-0.0025324492471501484,-0.010043551471610379,-0.2024985052755986,86,seg_2a4s,NORM
4.627576977948676,2.139078598898503,-0.986489101376092,-0.4503952303694327,0.02079624475580303,-0.10197345212969551,86,seg_4a6s,NORM
2.5498026079718166,1.8036410984190774,-0.4613408463493954,-0.40461170190970813,0.031162771665116492,-0.005867418488457277,86,seg_6a8s,NORM
-2.5976281145043196,-2.180344603283503,0.39320057907826467,0.08402098163073253,0.11860655498407255,0.2742724113530937,86,seg_8a10s,NORM
0.10670707446897715,-0.5897286777870363,-1.2154481530249872,-1.1508590643753511,0.21856177446702044,0.8494575786779014,87,seg_0a2s,STTC
-6.186317329523499,1.6307936693674068,1.103043488687221,0.3807609482489715,0.3170447233518176,0.29873159424478596,87,seg_2a4s,STTC
-1.9981832245154645,0.2561897819965753,-0.24647246279543716,0.0466197501929524,0.35672970194633424,0.20121533882920223,87,seg_4a6s,STTC
4.439039640561963,-1.3755064705794509,-1.1808688119431365,0.22301871462799364,0.0864556266964388,-0.2574596058972766,87,seg_6a8s,STTC
3.653521206669641,-0.3720476715128579,1.6206550270222944,0.34417210872722354,-1.0450793640101737,-1.0331988278004383,87,seg_8a10s,STTC
1.0205031821731594,0.1310207540776285,0.7823499858801279,-0.525969548286794,0.06355869408376025,-0.5406660847192255,88,seg_0a2s,NORM
-0.6529112656958023,0.2351688632955782,1.1032854874451457,0.028314228907425368,-0.1430983032990244,0.2895620777299908,88,seg_2a4s,NORM
-1.5244872278474728,0.3047090074857758,0.5061251754712349,-0.4400527153954314,-0.1569607273953076,0.484418981705212,88,seg_4a6s,NORM
-0.11596214605500174,0.005423048744283612,-1.1900368565883463,0.38669692480785745,0.21472012755870662,-0.0033572208968489004,88,seg_6a8s,NORM
0.8965777601817025,0.4975532496867115,-1.2420971545544395,0.4031794712526836,0.20175494063613408,-0.04185939706271816,88,seg_8a10s,NORM
1.5820608581735327,0.7219146025405186,1.0587771785701587,0.11713841352115,-0.15800271333484026,-0.5610472313524099,89,seg_0a2s,NORM
0.42752103385671314,0.5504335144612854,0.35048376713919027,0.12071844384319372,-0.16164959394140396,-0.22353295227519618,89,seg_2a4s,NORM
-0.788223907576494,0.5350634985118421,-0.11703374873809326,0.16057955235600826,0.05149836124693295,-0.03139102156989874,89,seg_4a6s,NORM
-0.45634493083585137,-0.5270146389900718,-0.93097904956062,-0.06874968276274017,0.38378541833403707,0.397904944464553,89,seg_6a8s,NORM
-0.9489946467490956,-0.9217176891943651,-0.3484937798477421,-0.13938859161547315,0.21222248201533547,0.43743727752707506,89,seg_8a10s,NORM
-0.7250420674636662,0.12537127740857712,0.21403823846745731,0.03540081959109289,0.13551263020493368,-0.3141837540609417,90,seg_0a2s,NORM
1.9228807157668846,-0.8799649845146478,-0.06948082433409772,-0.4184840994590482,-0.10280896798245999,-0.07166272979911278,90,seg_2a4s,NORM
-1.6053832936570978,-0.527139274909796,0.10555797543516718,0.20454181828451498,0.24726733281682606,0.13931034455067898,90,seg_4a6s,NORM
0.6887897773781312,-1.2939035698748949,-0.4945413577683175,0.05206585661768188,0.007494499457296139,0.04606307731508733,90,seg_6a8s,NORM
-0.5551111785238559,2.359335454876179,0.12409226230937197,0.20322569191324147,-0.009049406873717815,0.29599534863823784,90,seg_8a10s,NORM
1.1585293924727746,-1.5964603082681519,-0.6235013868466457,-0.3921393185470936,0.21899861090686693,0.13528028793176092,91,seg_0a2s,NORM
-0.6405985091028118,-0.0892899427676993,-0.6359004331554127,-0.06055189810643868,0.08472732691904354,0.39158085162170736,91,seg_2a4s,NORM
1.377395047070674,-0.47528425701155247,0.2395614705058825,0.06144280693759992,-0.30227365455110045,0.010184902640665251,91,seg_4a6s,NORM
0.050721191899759724,0.14463388215831513,0.5695756726101092,0.24356360203086558,-0.008075510827442135,0.05763865022642024,91,seg_6a8s,NORM
-1.5373008604113911,1.6456218710733366,0.2550532682199593,0.2814410348125975,0.27056631425997824,-0.428815772563074,91,seg_8a10s,NORM
1.025650556852987,0.7232560534103827,-0.11061928383340795,-0.2036703645384331,0.14651402333428915,-0.05303509300880638,92,seg_0a2s,NORM
-0.6434663926957197,-0.6792511021517841,-0.21878113270130178,-0.17770122641652308,0.21949208867793155,0.08543045796050937,92,seg_2a4s,NORM
-1.688915103780958,-0.46151576644282366,0.16748394915605058,-0.026157975348054655,0.07285260117491807,-0.0029564722027561083,92,seg_4a6s,NORM
-0.42770860366863006,0.18201683519627354,0.055777811878229076,0.05458685534229736,0.009600011828565692,0.11435246273349732,92,seg_6a8s,NORM
1.6517876090058552,0.5830736172502657,0.1779101273687813,0.49043543184591615,-0.23256263845023403,0.06321081312805542,92,seg_8a10s,NORM
-0.5455618342895886,-0.43098215928230377,-0.49051213668976584,-0.3597693077683188,0.25922673345928493,-0.49288218782847854,93,seg_0a2s,NORM
0.6146455692542648,-0.6267280544468791,0.5567148032485998,0.015692400687184957,0.07475007612050838,-0.2574778577289751,93,seg_2a4s,NORM
-0.6602894543522242,-0.4401163881073426,-0.22187295022762948,-0.18625430809785118,0.3058941592932346,0.07760427813482258,93,seg_4a6s,NORM
0.7061454668102222,-0.1449607286069146,-0.37083766796401346,-0.2795774268383198,0.02770105654552451,0.09669465540067307,93,seg_6a8s,NORM
0.3540062005976289,1.7551382062999465,0.513739253203059,0.7813071870472263,-0.4290447775305821,0.38836598000863093,93,seg_8a10s,NORM
0.6432576616164442,-0.14064734922022334,-0.16475884371068825,-0.3799503814357401,-0.16442401806661358,0.0922394720540686,94,seg_0a2s,NORM
-0.8095717980694057,0.7847235498185549,0.1694569339732636,0.1044338899331956,0.22495309786175355,0.17077164928400995,94,seg_2a4s,NORM
0.10866785279245074,-0.6686944213269651,0.24405668580199036,0.27481584946869203,0.23588911224965164,-0.3002555761318418,94,seg_4a6s,NORM
1.686727565364148,-0.8188504371613355,-0.5094201146490049,-0.0800361953117117,-0.18386299298528083,-0.40388632181506195,94,seg_6a8s,NORM
-2.0064516720777563,1.0265577485137727,-0.06896968340684334,0.08935175934395637,-0.19891409228957127,0.23618969281385638,94,seg_8a10s,NORM
0.1298920588003832,0.8815513835777952,-0.013866554442903275,0.7207347432316921,-0.24806678292264522,-0.0079450043955753,95,seg_0a2s,NORM
0.3739354430194126,0.6932957813930323,-0.09886661718179075,0.3871074375649915,0.006082763458361584,0.36808595869225375,95,seg_2a4s,NORM
1.032965473121516,1.328423176605067,-0.7056930427022134,-0.6067850332450456,0.13077518882796418,0.26947329688557864,95,seg_4a6s,NORM
0.33794864499716315,0.4309702836565635,0.41987939163828475,-0.09440126898263328,0.22729174486071616,0.05027274443651018,95,seg_6a8s,NORM
-1.8581170551906154,-2.6234948465625716,0.13108049258357143,-0.5732347769161048,-0.1317811493377511,-0.7134185865102894,95,seg_8a10s,NORM
-0.31265977388651495,0.626226696807222,-0.5627656995136017,-0.37020662062403725,0.19243268778949538,-0.005420607194572144,96,seg_0a2s,HYP
3.2592240002431434,0.01996229292487909,-0.2825900842563767,-0.23233945371088852,-0.1094889949767093,-0.2791133089829699,96,seg_2a4s,HYP
5.520253019586513,-0.7271196620845024,-1.7830752875019216,-0.6294447727385065,0.10877620812445131,0.26184604259126365,96,seg_4a6s,HYP
3.8361867637256033,-0.680457007783797,-0.31585861271783394,-0.4074170284462185,-0.17138301606215076,-0.08389264792378279,96,seg_6a8s,HYP
-13.428365875345335,0.8466378926802565,3.117557209468027,1.3849367028008297,-0.02349594640452237,0.3949514965278412,96,seg_8a10s,HYP
0.8377825281663751,0.11073169296099655,-0.8922699812124849,-0.05488899948621947,0.09173038112440762,0.1625256535310127,97,seg_0a2s,NORM
-0.38415373538814684,-0.39429881569114505,0.020318711825775316,0.09224169156495096,-0.06619684598026679,0.21056093603239115,97,seg_2a4s,NORM
-0.5263751496559098,-0.4105166392967132,0.4182745815115875,0.18078939560461146,-0.05860859066818559,-0.10507673614342951,97,seg_4a6s,NORM
0.8452814531852866,-0.20226370175111427,0.23298915671420825,0.00878292897765034,-0.15970240245666678,-0.07046068115573995,97,seg_6a8s,NORM
-0.8179666095318662,0.1310108873228826,0.41951974591268837,-0.0904989779185454,0.13766393381225842,2.1107279186343867e-05,97,seg_8a10s,NORM
-0.6249107262751536,0.1266537826376907,0.023908893975103835,0.44433382655672654,0.06383220510257932,-0.05086026545088171,98,seg_0a2s,NORM
0.46414911352355903,0.6536257767135852,0.15395917300523587,0.6169495136964658,0.15452690392067636,0.09767355634218122,98,seg_2a4s,NORM
-0.8630611985656549,-0.7756409884638877,0.023494863013892583,-0.2473744397102487,0.013834166612699471,0.15589210002755538,98,seg_4a6s,NORM
0.31039557406058915,-1.053640014417668,-0.12761375349406484,-0.44642278106832806,-0.07437196086280157,-0.01904993395546763,98,seg_6a8s,NORM
0.5979028110953798,0.3095667137539779,0.035624929688298966,-0.39737593588199405,-0.11411287696696681,-0.1530741962109911,98,seg_8a10s,NORM
0.003910093248115845,0.404103429185855,-0.31650630151523845,-0.41243716938766783,-0.045110876027366825,-0.012198247941569026,99,seg_0a2s,NORM
-0.20461972089342503,0.36491039231437544,0.2035253701715908,-0.08946620037374768,0.055545847091715124,-0.22164649246055218,99,seg_2a4s,NORM
0.4794166949657156,0.5475558662628516,0.3611459099449892,0.04719116825703996,-0.0325258604433109,-0.18078606400896377,99,seg_4a6s,NORM
-0.3753841405141527,0.056730855899690735,-0.3235589081969208,0.24248828097563346,-0.22669529869905092,-0.02279168079406859,99,seg_6a8s,NORM
0.3487847218374983,-1.3827022824325559,-0.10186218047135442,0.2680382476145775,0.30990394537372995,0.4721207404592966,99,seg_8a10s,NORM
1.0554470907278315,1.5028309328046001,-0.27083521472827476,0.7701878160136877,0.6503296290074041,-0.19434599974614036,100,seg_0a2s,NORM
0.675607428815315,-1.0734818904378538,-0.2199563753287236,-0.19938708656788723,-0.017391822356180576,0.04359083134912845,100,seg_2a4s,NORM
-1.0312729255681572,-0.9830689098230867,0.1104870188794378,-0.6833526328931763,-0.4171559161912897,0.23679452194522543,100,seg_4a6s,NORM
0.2485510364936371,-1.1022786696087072,-0.35069478363412016,-0.7029085703070734,-0.05438778648874345,-0.006029053371743391,100,seg_6a8s,NORM
-0.327624004308562,1.6855725343085086,0.49392393751304314,0.7325756689898439,0.11522264031411428,0.28752222849816256,100,seg_8a10s,NORM
-0.031426732445239434,0.09980949029064957,0.5163131137904887,0.17440807291313754,-0.13615014317925273,-0.26434136141397707,101,seg_0a2s,NORM
-0.055552593397445074,0.208088512622379,0.14968052105629887,0.2990615311306954,0.05128541334963653,-0.06932227813529812,101,seg_2a4s,NORM
-0.41037469576311375,0.3376357946016902,-0.1281075786409009,0.4078893478831108,0.17783039595000905,0.41294298575661387,101,seg_4a6s,NORM
-1.0603637486511983,0.0186229725774247,0.4084275454612707,-0.003566209978921393,-0.04558817763673125,-0.2645213854283454,101,seg_6a8s,NORM
1.1094599053939036,-0.9114538463088783,-0.5910076417121947,-0.6243857469014504,0.09631860689278578,0.12095589489407982,101,seg_8a10s,NORM
-0.2511888781518661,-1.1400644599682979,-0.008819874618179449,0.7377744923978379,0.91737122537366,-0.31780358163972994,102,seg_0a2s,STTC
0.03190678940165656,-0.33439842465185166,0.23834936097936882,-0.36374769240451493,-0.11999470420752041,0.04824505605107346,102,seg_2a4s,STTC
-0.1352206054554473,0.31088631414673473,-0.17828444522937956,-0.1905518038515107,-0.1481872322965055,0.24507422108247942,102,seg_4a6s,STTC
-0.25767662841372346,0.707750703184453,0.13506176151540253,0.49230809254707797,-0.07525363408087327,-0.12232881658575129,102,seg_6a8s,STTC
-0.6426770428260853,0.023179766888570208,-0.1617143188337699,-0.6940861406744683,-0.5457082700317956,0.09042497146284421,102,seg_8a10s,STTC
-2.4665560432063494,2.414967678527655,-0.007298666554768707,0.05269505209066074,0.45496138220125626,0.2655185466791174,103,seg_0a2s,MI
-0.15244885784678125,-0.2403570897445202,-0.2642693521467428,0.03979793010024076,0.08597531087566251,0.026548992490288904,103,seg_2a4s,MI
2.010375908392637,-1.2529012167843674,-0.234497121340218,-0.06627142672780771,-0.11868473949640583,-0.07267826576964444,103,seg_4a6s,MI
2.445224090579737,-1.0483193276192815,-0.9038561845991765,-0.22669044104005598,-0.14411799914365928,-0.031661272607524396,103,seg_6a8s,MI
-2.024507970496249,-0.3145754892694442,1.3108241004852537,0.14799007382284657,-0.1804315522699827,-0.07721003294956877,103,seg_8a10s,MI
-1.0264355371872755,-1.3657527843644224,0.19260051582275003,-0.2116454932751243,-0.028785805781544615,0.3329662062444824,104,seg_0a2s,NORM
0.46196683451096016,-1.2598117528261596,0.05061842986193025,-0.6591546420291358,0.04000743289959939,0.060375383527788984,104,seg_2a4s,NORM
1.337559156625611,0.06279977970608971,-0.338229837681856,-0.30027489918683514,-0.04199994068846611,0.1677796439384538,104,seg_4a6s,NORM
-0.7971932346976266,0.9583982166568349,0.4508312934815378,0.7390647594426387,0.2023324254551318,-0.2443180262673376,104,seg_6a8s,NORM
1.0034656962721793,0.25022976437118966,-0.028411662123812104,0.5340903592733527,-0.05421418760867992,-0.23950762583454102,104,seg_8a10s,NORM
1.2623814329433687,-0.9518771675185931,0.47966285024839916,0.3940962760121243,0.1990499176740314,0.1969490260386004,105,seg_0a2s,NORM
1.7391912049660232,-1.476562083255578,0.11346832910492521,0.7404415320249297,0.12230806160947104,0.20751695155212033,105,seg_2a4s,NORM
0.2562210008835825,-0.17840184732061404,0.34407728605168403,-0.2569144525724907,-0.11737441743231386,0.08925840842315463,105,seg_4a6s,NORM
-2.23112235709415,0.3758072390666435,0.29080431034544885,-0.122618104683985,0.008779627599666237,-0.20211645182252275,105,seg_6a8s,NORM
0.08510743454116172,0.5630033252716731,-0.6338135538692776,-0.5287065683139854,0.014167322920382532,-0.15825149439309427,105,seg_8a10s,NORM
-1.0177890800750007,1.0688706406339428,0.2986373665776305,-0.11836618327667472,-0.10915689341420168,-0.06636485627691147,106,seg_0a2s,MI
0.7293613673693392,-0.7183339646081457,-0.2905702275644648,-0.18031705391208916,0.12807148999840828,0.2840690785146917,106,seg_2a4s,MI
0.09265540745879657,-0.06346320996472107,0.25076588062719724,-0.2263286981058367,-0.03593996254266438,0.09643994190025,106,seg_4a6s,MI
0.8761803974471687,0.3306100247776278,0.2890477706328909,0.14690212718540085,-0.16830364092910566,-0.2741545967702559,106,seg_6a8s,MI
-0.5342144648035689,-0.579432047603378,-0.7818043789149185,-0.1068677133406277,0.27092789670649037,0.28027212780431304,106,seg_8a10s,MI
-1.3794838091777515,-1.1206813456289042,0.3086815763471902,-0.10563270231299231,0.15841386521519532,0.05420808336406687,107,seg_0a2s,NORM
0.6499693378116549,-0.10681356040201571,-0.07896022316784967,0.2472541065504221,-0.3664216402081917,-0.2549361437545157,107,seg_2a4s,NORM
0.805055197273047,-0.30464874307065903,0.1480611922287229,-0.14224516529187742,-0.05912931694739003,0.022234452518578134,107,seg_4a6s,NORM
0.6044982674711715,-0.7249545524760043,0.14684280415597153,-0.09504652975693548,0.07331525715166447,0.20715899200658336,107,seg_6a8s,NORM
-0.12184526685478747,1.7749113984655596,-0.41028139184295326,0.09673977677915695,0.0775626212990448,-0.006860047416659333,107,seg_8a10s,NORM
-0.001005475898385413,0.3454373901576379,-0.29857400465014083,0.24638988272176154,0.320694715206034,-0.08830817572148117,108,seg_0a2s,NORM
-0.6413693369437655,0.20755625095460842,0.5416209486392656,0.04150262398838115,-0.030434198336367856,0.013190958724158814,108,seg_2a4s,NORM
-0.9041337764113996,-0.3082657435601689,0.5607121536465122,-0.3574866040110134,-0.17733441721908683,0.1953051427276302,108,seg_4a6s,NORM
0.41437917870470903,-0.049043801718723835,-0.26678534617049215,-0.16687023225700498,-0.02044456407017627,0.047274657983860865,108,seg_6a8s,NORM
0.701994009901453,-0.9793535993112966,-0.5258704394574375,0.06556099778172675,0.14859035318808234,-0.10295974788176203,108,seg_8a10s,NORM
-1.364684898788312,0.46468738108899876,-0.39247386519374017,0.28281415231808543,0.0900823258577881,0.14726850785200385,109,seg_0a2s,NORM
0.515121315900209,0.9330580720003645,-0.1380050650667981,0.11598171388154835,0.07501273994775022,0.007253878997435789,109,seg_2a4s,NORM
1.8643458633778975,0.5043397054869687,-0.12973521471894114,-0.2680183047023925,-0.051367553678406716,0.047066781698691926,109,seg_4a6s,NORM
-0.29416647266073753,-0.4895549577198667,-0.0597313379366561,-0.08940323842241694,0.03063029906134377,0.05000305036259475,109,seg_6a8s,NORM
-0.5927807967573417,-0.21640157606425717,0.3207472719913889,-0.17303668136274575,0.008097952395641808,-0.14642942364909214,109,seg_8a10s,NORM
-2.481572157512172,0.4785188775366837,0.13612117140004792,0.3029291797975636,0.15327046086795837,0.21557855149539676,110,seg_0a2s,NORM
3.8217441667183527,-0.40718726813588746,-0.48666134614512185,-0.07017517042191669,-0.10505957167662838,-0.08167271150967209,110,seg_2a4s,NORM
-1.372763484516019,0.5351585471350518,0.5728209622811812,0.32828771188789246,0.23058404902057753,0.09464249925093661,110,seg_4a6s,NORM
-3.4777682050513103,0.9984538723288375,0.3628990970113502,0.055734659580849534,-0.24625452759264466,0.015714187546972482,110,seg_6a8s,NORM
2.540894101724258,-1.0786179782723873,-0.5700628128627703,-0.7702469196460395,-0.044906301274533024,-0.050433069200245026,110,seg_8a10s,NORM
-0.23307168116081525,-0.7704460678218813,0.3820499803643982,-0.06947706595102042,-0.14616581188061037,0.07985897048721256,111,seg_0a2s,NORM
-0.331252653498967,0.3353406101180286,-0.11354858642561375,0.07888921191184863,0.03349937682856707,0.21889618355012597,111,seg_2a4s,NORM
0.23827522585609073,-0.4616829961538395,0.36674944082843247,-0.08641536353346949,-0.16465607152572873,-0.1131726497149605,111,seg_4a6s,NORM
1.1421625387140697,0.28108325604493806,-0.2137169662717853,0.09457175467138129,0.03186135530148743,-0.2364845748498784,111,seg_6a8s,NORM
-1.184987633065455,0.1721888900858916,-0.401593426895569,-0.06795448131698004,0.25316420353355334,0.00892814561846532,111,seg_8a10s,NORM
0.16932548363675862,-1.3977518642764408,-0.387194391594164,-0.21115333610017653,-0.009165268192703264,0.36328675614131534,112,seg_0a2s,NORM
-0.23872770509842298,0.2947500257162695,-0.37268853851705136,0.0966140874759836,-0.037671126166346,0.10213697083919433,112,seg_2a4s,NORM
1.6006018891274927,0.3767084747245751,-0.04411200468515887,-0.23451709351907118,-0.1486710488106418,-0.1153297300908889,112,seg_4a6s,NORM
-0.09880015093479864,0.12313310759349917,-0.2693488715788122,0.1486532874655264,-0.045951688257000106,-0.15881754815995172,112,seg_6a8s,NORM
-1.7374155431235025,0.8231410568408895,0.9411059739223572,0.3738697054135801,0.24354187253902787,-0.0355131123026744,112,seg_8a10s,NORM
-0.4781996927092855,1.6091309334928499,-0.3263369577692299,0.679403865748316,0.38775964558417203,0.3995985538930116,113,seg_0a2s,NORM
1.7771729155656277,-0.6130781343469872,-0.8094370230822473,-0.43595762031164403,0.23664995599735308,-0.3138239941797914,113,seg_2a4s,NORM
-1.871359074884464,-0.1995949357997189,0.580308422803762,-0.7640398890067215,-0.26225893022976887,-0.6783563937042743,113,seg_4a6s,NORM
-0.6803296563156817,-0.47381031390916917,-0.0795313963814808,0.2342072178993768,0.11885753523046609,0.054932444647897996,113,seg_6a8s,NORM
1.069032633717374,-0.5584307311434658,0.68972301289848,0.517109072774161,-0.23459981946463943,0.38804656335581744,113,seg_8a10s,NORM
-1.8367844136661318,0.6389378618360485,0.4680692954283054,0.39603580852174874,-0.047003797680076634,-0.2121419155311447,114,seg_0a2s,NORM
0.9917263276853981,0.08090853189818377,-0.5754524710663389,-0.24021449209805754,0.06282303072857044,0.044109866381414,114,seg_2a4s,NORM
0.8378460969893582,-0.11979626104175994,0.859174619671699,0.4174592081704872,-0.11897567293386621,-0.2213391381948294,114,seg_4a6s,NORM
0.2488051750854003,-1.274365127793661,-0.5798579050610736,-0.4283653692430269,-0.04603186404444758,0.4254680593874778,114,seg_6a8s,NORM
-0.42670641511419133,1.1299348083239038,-0.1687358866077251,0.09162209345724233,0.19361383209959793,-0.12504353454757383,114,seg_8a10s,NORM
-0.353329300966021,0.8182212230814296,0.45124269166625247,0.14008854122797557,-0.0878899785086926,0.04563039772066744,115,seg_0a2s,NORM
-1.9278150826687999,0.020193117261290864,0.3981292614222876,-0.30581754267624545,0.0008458595478825324,0.036852457264745425,115,seg_2a4s,NORM
0.5942604562537994,-1.1406548137336847,-0.7435814668905587,-0.12640431910080985,0.2103644056693075,0.09350665906372803,115,seg_4a6s,NORM
0.8296909008254302,-1.1631007774665056,0.0015162921525306784,0.2775331313284634,-0.05756967402651303,-0.04256967996010095,115,seg_6a8s,NORM
1.1530969966632614,0.09763370143528083,0.44462014908138753,0.035960926872710006,-0.12536376930559967,-0.10418731412322382,115,seg_8a10s,NORM
-2.198685086588831,0.9073105291003001,0.09088179886316503,0.5276290880191519,-0.17607412913182283,-0.07777044658518838,116,seg_0a2s,STTC
0.7236613471557836,0.11607556790644612,0.1039248678526526,-0.1119343712139464,0.23448475087684537,0.013076061119628168,116,seg_2a4s,STTC
2.730380514588487,-0.6873773376034524,-0.7430395101506453,-0.08612478180998201,0.24242498143717173,0.1428152967446034,116,seg_4a6s,STTC
-1.0057823811978495,-0.03309985535990357,0.6492605425399848,0.0866405348481569,-0.12590202345420073,-0.04266540756491751,116,seg_6a8s,STTC
0.43113122214792016,-0.7575383424159827,-0.0419617149276936,-0.17685717749923083,0.03780884465732288,0.10100493300595746,116,seg_8a10s,STTC
-0.1260335965246978,-0.7296358199362075,0.1648372002561143,0.1073048746928982,0.12686570757479812,0.16379742981162582,117,seg_0a2s,NORM
0.7676184290401159,-0.5746188306088925,0.36646358981701294,-0.05676005855339252,0.3227451523432117,0.04921913048802715,117,seg_2a4s,NORM
-0.7245757204211597,0.6628807616630289,-0.07820010308577165,-0.2908702155940581,-0.28456018918738196,0.03609301542622363,117,seg_4a6s,NORM
-1.266395880120499,-0.23033507168840256,-0.4494637020177544,0.356535768080657,0.1646562475270539,0.2409146942995264,117,seg_6a8s,NORM
0.8900564570330679,0.18274033663970712,-0.054335252594928725,-0.03667533061110933,0.048991021973125014,-0.28697301798718816,117,seg_8a10s,NORM
0.2914046840357505,-2.434770245188303,-0.18426530247723014,0.10422446292603511,-0.06071746390418005,0.03331863006828358,118,seg_0a2s,NORM
-0.10496084866726142,-0.34213056075573733,0.269082002841318,0.21266471520580255,-0.07051488373652431,-0.10828616525096153,118,seg_2a4s,NORM
-3.137467681684786,-2.5152784057562996,1.0839903091820704,0.7755113760728319,-0.4467375994398515,-0.1867555357073172,118,seg_4a6s,NORM
-2.485929156645107,-1.323249811322328,0.10235963284066081,-0.02108804667028155,0.1303538279994772,0.33329827242343585,118,seg_6a8s,NORM
5.9072539390054315,5.981189319205448,-1.002923899601535,-0.8099073507217273,0.44930634711186224,-0.0726255493950534,118,seg_8a10s,NORM
-0.21573107225483934,-4.485575461399613,-2.0377721890059495,-0.22868774665709846,0.013541915148246876,-0.9357860513606192,119,seg_0a2s,NORM
-0.869974144562596,2.5315550635572635,0.6686576189031866,0.05130118323461368,0.027137905735049744,0.7066426569570102,119,seg_2a4s,NORM
-0.27958194367980477,2.8010909301670193,1.2418210942571983,0.2229854910746941,0.05631549275860274,0.7216776028021273,119,seg_4a6s,NORM
-0.9122100243523957,0.9246287686784059,0.09695221788149831,0.2515157602718833,-0.03660407453583467,-0.014510503366552371,119,seg_6a8s,NORM
2.103158585837658,-0.44081784691615866,-0.46621834727210726,-0.4780301669907287,-0.08813264564074948,-0.44130892069230465,119,seg_8a10s,NORM
0.055968459342618467,-0.1959071113576401,-0.6823112716624937,0.13173057463890936,-0.17471532729859782,0.017951767447896286,120,seg_0a2s,NORM
0.5264867864109876,-0.5123760953683985,0.3081485479364029,0.38539699756183876,0.06253441069105363,-0.08528333977844696,120,seg_2a4s,NORM
0.1394951623339727,-0.4807611039658358,-0.22943280269645608,-0.23316847624043424,0.19325141389094014,0.09299259220051806,120,seg_4a6s,NORM
0.20441038463528038,1.3890685858614968,-0.27920567282922937,-0.22883261462542034,0.13642835533243117,-0.3258911388177377,120,seg_6a8s,NORM
-0.8077917668649544,-0.698168930206162,0.5318644020907279,0.07764198879636426,-0.21542693931416293,0.28617375416907614,120,seg_8a10s,NORM
0.16771467852429695,1.1348731656516278,0.8839048553763964,0.0498421062715826,-0.177161749292483,-0.10551505469420099,121,seg_0a2s,NORM
0.2303213728246513,-0.7828175226835394,-0.12101728552004715,0.09709662529265971,0.014433561361015534,-0.02652670518266874,121,seg_2a4s,NORM
-0.14759819606468755,-0.6223331058119472,-0.06181992707469256,-0.07670385818809729,-0.039735999555477394,0.10706587174282604,121,seg_4a6s,NORM
-0.10087657284690596,-0.870655418637158,0.22008224514734637,0.061611488822943136,0.061043325295316336,0.22650975296478446,121,seg_6a8s,NORM
0.10986358041787483,-0.24032476252280288,-0.5314968188991426,-0.017341644088143492,0.2353717485144562,0.0023238222131783453,121,seg_8a10s,NORM
-0.678665055149833,1.9542138615192526,-1.4805728053633143,-0.7644926078025434,0.02803364111300887,-0.500942633913292,123,seg_0a2s,NORM
0.8142836078733935,-0.5999502692264931,0.7426394031340421,0.2953182543698073,0.05269217640141527,-0.0031575816845527353,123,seg_2a4s,NORM
-0.6664864668520166,-2.3590022109683098,1.0991368680615756,0.6216240046068894,0.02347208582703859,0.5979053764379119,123,seg_4a6s,NORM
-0.43841685819945975,0.33137517761852414,-0.40934547261411386,-0.12247587630126819,0.3160907726695962,0.04425784717405704,123,seg_6a8s,NORM
0.08835821682987693,0.054071999127856804,0.15565415720336406,0.209973900726916,-0.01634933361179072,0.10241064080764388,123,seg_8a10s,NORM
-0.18920261861696788,-2.3584495798059564,1.3099685510361732,0.6770348860529453,0.028376472451787066,0.5087153738661235,124,seg_0a2s,NORM
0.6407010951196946,-0.6846067944169835,0.06841620507100148,-0.010621137697481508,-0.024929125909843232,-0.5684437636248618,124,seg_2a4s,NORM
-0.05965297007319698,1.3018148736464248,-0.06818608919062209,-0.2818379687858608,-0.06179989818741839,-0.3035078266683988,124,seg_4a6s,NORM
0.054377713401132156,1.5857880860912887,-0.653042999843083,-0.1420072904009853,0.14622954480747372,0.07045015279943621,124,seg_6a8s,NORM
-0.6035347866442901,0.7219659328838304,-0.9980375511481457,-0.1977410241172553,0.10969516717635942,0.261751130163936,124,seg_8a10s,NORM
-1.539584767308427,0.7082908305891857,-0.5416370515912857,0.5512980530892466,0.08062369562670206,0.15270712387343915,125,seg_0a2s,NORM
0.18209148606525885,1.4295740927779073,0.2927184162365902,0.1921915254114487,0.19864302411483525,0.04302324555336379,125,seg_2a4s,NORM
1.999996693448076,0.47926489387730997,1.027449701206737,-0.21023702561732546,-0.12235776324139815,-0.21411089810885872,125,seg_4a6s,NORM
0.9919122312763853,-0.016544013306051607,0.34943721366188635,-0.2739872624772428,-0.18374970023797146,-0.04436566999470188,125,seg_6a8s,NORM
-1.2172509313678634,-1.3453143608488882,-0.8662014580873373,-0.38393451442222104,-0.03031164068448323,0.1233377399875523,125,seg_8a10s,NORM
0.5306631447909467,-1.021088569777066,1.300639496737549,0.9443236203032235,-0.6201012614171288,0.03296798766779694,126,seg_0a2s,NORM
1.650186345704231,0.7963810850506658,-0.24089587217409267,-0.2886064957594848,-0.16982601308231227,-0.38645721308846376,126,seg_2a4s,NORM
0.41179440070786394,1.170254245372039,-2.9733073763970066,-0.5894414773023415,0.5163779336044281,0.28750161542090197,126,seg_4a6s,NORM
-1.1785340135112845,-0.8079473800596528,0.7419477224453932,0.4492381324255561,0.074060858112947,0.047020699432820785,126,seg_6a8s,NORM
-0.4031468706947817,-0.02548986393341078,1.1460877358109436,-0.46733409246143515,0.26694414885965584,-0.08366421208241653,126,seg_8a10s,NORM
2.7632153294453814,0.4770137681137297,-1.177568531289914,-0.7223900306891199,0.4267428000929452,0.23729247314660545,127,seg_0a2s,STTC
-3.6589700740828337,0.9901700111685219,1.1279483688367866,0.6778862391055942,-0.4200082761301751,-0.23243283380494464,127,seg_2a4s,STTC
-0.5019880640762602,0.5213399506414584,1.3247588622735418,0.4834728065313615,-0.8274746353774691,-0.32521387162159604,127,seg_4a6s,STTC
0.8413931241422979,-1.0799185754089313,-1.2993872679844096,-0.5945542056983795,0.08374558213183618,0.32716499323286885,127,seg_6a8s,STTC
-0.30509184895066116,-1.003915026740036,0.295994557182769,0.2808278782720893,0.5527171660285207,0.06796426505060525,127,seg_8a10s,STTC
5.094998535716909,6.95220839908456,-0.5015042399057623,-1.0379257845309642,0.8998921541821208,1.1933931575957863,128,seg_0a2s,STTC
0.18523290524403224,1.9634133999223229,-0.8177546398451503,-0.9173803559770738,0.5214731505534677,-0.0576738704205966,128,seg_2a4s,STTC
-12.923478223074289,-22.435751254067014,1.3831644414094837,2.1735862833455304,-1.848947397587144,0.5347244350687159,128,seg_4a6s,STTC
2.1448163507548568,3.510120835138525,0.15862637135880434,0.10932237603461704,0.12097363200812444,0.12346247927320284,128,seg_6a8s,STTC
6.769416294306188,8.779471553474274,0.39154838288656146,-0.3570035128709223,0.3694356749952644,-1.3857867628859122,128,seg_8a10s,STTC
-0.8872046908918486,1.4837860024542764,-0.10646855473221575,-0.09414680597753702,0.1542258622106722,0.13433319034917318,129,seg_0a2s,NORM
0.82822510035288,-1.5315679855822137,0.010646934944898542,-0.05817121538284834,0.14507219249454148,0.09970012344404466,129,seg_2a4s,NORM
1.2822107615466962,-1.48681804830337,-0.5524535377510831,-0.09940137826976249,0.07633498821761998,-0.06213689027736904,129,seg_4a6s,NORM
0.989459362893228,-0.3641208754049401,0.1574555076125603,-0.06842075943493219,-0.12892031562958953,-0.187243188150581,129,seg_6a8s,NORM
-1.2891065643326758,1.3352991920031634,0.6891041090926763,0.38023933839491086,-0.3021369643209708,0.0014775864567636385,129,seg_8a10s,NORM
1.7197955948523402,0.5601976893001038,-0.9027958202548867,0.05300584619308158,0.4018457982324093,-0.002024624090618895,130,seg_0a2s,NORM
-0.22704376713891425,0.013782241959617107,0.6769336921300078,-0.0739887314605904,0.02224428477485826,-0.18466970128961538,130,seg_2a4s,NORM
-1.6099718545074664,0.20422289116071538,-0.9186436254811271,-0.06708445273325696,-0.008476428205708958,0.3177512764278016,130,seg_4a6s,NORM
1.5076940441432243,0.5778418767497486,1.0109034890866995,0.14118031439730952,-0.28487888450048554,-0.4215020623426669,130,seg_6a8s,NORM
-1.380512337514106,-0.5137495884629867,-0.4413880496259272,-0.1014130210372802,0.15297647886718244,0.4714543305703499,130,seg_8a10s,NORM
1.2238628038644719,1.2299863039095973,-0.6676699175612996,0.16464198936308963,0.07621602096240945,-0.05188386465947523,131,seg_0a2s,MI
0.10595882239975085,-0.65650100324272,0.20414456764445718,-0.05812878321765197,0.03858719653312703,-0.011517363203684738,131,seg_2a4s,MI
-1.0514877664998072,0.7395833177017248,0.5376240195584009,-0.07912995551728962,-0.10463657234196504,-0.02030658463243748,131,seg_4a6s,MI
-1.1667528106200398,0.678447114060174,0.42973022217713097,-0.23221855746732936,-0.17368537506105494,0.016157471849087907,131,seg_6a8s,MI
1.0634414004472108,-1.463397440677042,-0.15778596705981324,0.06814586036724547,0.1929280479178589,0.2527413510339492,131,seg_8a10s,MI
1.4106425713694353,-0.888888749041472,-0.7500842346049811,-0.39750304502110145,0.14868620785550224,0.012869588758009592,132,seg_0a2s,NORM
-1.0892693572962502,1.4402068511613761,0.5879554090819675,0.3493725700595382,-0.14224933441963064,-0.09497496353792041,132,seg_2a4s,NORM
-1.2651526773642139,1.542053469672512,0.49199731093401705,0.333899464252595,-0.18740527341917132,-0.05250882151785706,132,seg_4a6s,NORM
-0.791724401223367,0.06614910706132668,-0.2770471123220007,0.18250481137594632,0.022169576334762582,0.20761677534478748,132,seg_6a8s,NORM
1.9497698615675998,-2.2982213091100774,0.11598612915984571,-0.5144098702403701,-0.025975517216523306,0.05877255465112116,132,seg_8a10s,NORM
-0.5995206447384559,-0.23467429942353404,-0.18866957711438814,0.3619806992070103,-0.11062253324799018,0.04121545902106083,133,seg_0a2s,STTC
0.1299791264851357,-0.06457652512106463,0.23292527393705822,0.005019402895389248,-0.0008315035175626784,-0.09803175359273864,133,seg_2a4s,STTC
-0.398527199393423,0.7825639778483322,-0.07278942578652445,0.11166096990632167,0.0372827971274265,-0.008699595365806563,133,seg_4a6s,STTC
0.013668586943685564,0.5956442309786909,0.15503085504181827,-0.03563503418868799,0.12611348783119797,0.09939421533398601,133,seg_6a8s,STTC
1.4523729655163884,-1.3082238437182263,-0.2271989441092842,-0.11134159624014883,0.1532789960231116,0.054700724481449206,133,seg_8a10s,STTC
0.14304216104004458,0.18623860735107545,1.0022064276002516,-0.5738268306706358,-0.11562266586403998,-0.21805110707678893,134,seg_0a2s,STTC
-0.10356573469579129,-0.094984676686905,-0.5538369780888426,0.04125907667766077,0.10339924972176913,0.4393815631271332,134,seg_2a4s,STTC
0.4247734921596411,0.18435367549406434,-0.02322301734360117,-0.061514352878945,0.7251727578336697,0.33766268572047936,134,seg_4a6s,STTC
-0.7306806081140492,0.6115071454034061,0.010366101507713384,-0.3412911502756588,0.5908356990001021,0.10970877561376768,134,seg_6a8s,STTC
-0.21687663790703665,-0.47334919517526586,-0.5397445090729102,0.6373654029165056,-1.279391448009824,-0.7609073697397677,134,seg_8a10s,STTC
1.8440699329281263,1.644428407568087,3.8088951469674144,4.959201760128063,0.19324142560589835,2.1212068934705477,135,seg_0a2s,STTC
-1.4319273133570152,-1.2214140818470278,-1.4594907817317642,-2.5103603808259956,0.027092540384637123,-0.9754055125309176,135,seg_2a4s,STTC
-0.19886697436970097,-1.390617255328733,-1.955455844918854,-3.2502538126777307,-0.3871343547209991,-0.9102045856353805,135,seg_4a6s,STTC
-0.9081440954475927,-0.2006127018481708,-1.2790018256204758,-1.2678526911343524,0.22014540416051517,-0.39663031341115573,135,seg_6a8s,STTC
0.37800818709837924,0.8724250938596334,1.013720147526749,2.0168154428839826,-0.022934399057810584,0.41255985312231575,135,seg_8a10s,STTC
-0.250266810429962,-0.6291698309228863,0.354984201350492,0.38430437198676604,0.09226542574961878,-0.2937953722448548,136,seg_0a2s,NORM
0.10331535535898527,-0.1827031889065663,0.46741648801735236,-0.10537156133058846,-0.029806910954937423,0.012017279712781133,136,seg_2a4s,NORM
-0.3384909434898625,-0.09823992050625074,-0.03892620736432269,-0.22672232426267983,-0.04462380654142496,0.25632313221479397,136,seg_4a6s,NORM
-0.856868922288874,1.7085837779090365,-0.6933114623680856,0.11349826576206787,0.08977800525994142,0.08887606351000286,136,seg_6a8s,NORM
0.7138661705304313,-0.4344291243228297,-0.0036066246207426154,-0.3321009823174573,-0.0872089771995878,0.03951159588205174,136,seg_8a10s,NORM
-0.21985155804168277,0.7407052297938728,0.13164858018694228,0.23915847319337122,0.30707372812507194,-0.28631124982721906,138,seg_0a2s,HYP
2.433075387311315,-1.1002474441761503,-0.22803885698814208,0.6356145233268793,0.3449429052365974,0.9681324218007318,138,seg_2a4s,HYP
-1.1883584574641215,0.04216064245827383,0.8446278564798961,-0.00582074061137915,0.3551843737617264,-0.7935532509018732,138,seg_4a6s,HYP
-0.29485930243642877,1.1133944970695222,0.5950779036438848,0.5050159776462065,-0.3534402417266491,1.2316300275736023,138,seg_6a8s,HYP
-1.8714964219299546,-0.8594775788733434,-0.9479077980696152,-1.5005147141574906,-0.41481369829784465,-1.2737224059328296,138,seg_8a10s,HYP
1.6583913159912078,-1.1944142467404308,-0.25348577368675196,-0.16537020668053226,-0.08899793311905231,-0.0884242991266894,146,seg_0a2s,MI
0.8402497228879496,0.3002101294705327,-0.005812972115531122,0.16703470207560367,0.0017486044591178854,-0.04252709369887327,146,seg_2a4s,MI
-1.1349157223249264,0.45903743246547424,0.5509739137876645,-0.1844586970359806,-0.12483694348919937,0.011131014414010107,146,seg_4a6s,MI
-0.46190307070787373,-0.2745853006219496,0.04401817221367267,0.12439277030288422,0.018279688284471393,0.014741347303437216,146,seg_6a8s,MI
-0.5606758303864277,0.27022214576230325,-0.2562517124960888,0.0643897277506876,0.01173403378977833,0.15355543949603953,146,seg_8a10s,MI
-0.42284543537188013,-1.5354551771091398,-0.6667119682735222,-0.10573680997275835,0.13544646766908536,0.13719918960686414,147,seg_0a2s,NORM
0.29118507946642236,-0.8813318934804206,0.5416554662382712,0.5901238481296288,-0.11640922354675455,-0.06454578338762393,147,seg_2a4s,NORM
0.47085286617253785,0.04066669747846692,0.4791214467225565,0.32616630727224327,-0.040813172627529926,-0.006878024445057584,147,seg_4a6s,NORM
0.006732347727011734,0.3106145835578804,0.0434347547121442,-0.0667402356572339,-0.03217160552450531,0.046645775641297405,147,seg_6a8s,NORM
-0.3523235518597724,1.1117023523328406,-0.20948528947398645,-0.32401385357691204,-0.05651729921655076,0.15216426899934876,147,seg_8a10s,NORM
0.2854644544298484,0.3684799552958082,-0.07389119833882252,-0.272366842792505,-0.23897413657026137,-0.8386874999162284,148,seg_0a2s,STTC
-0.3540131475177376,-0.1156831411836712,-0.35557014164132184,0.2139422368670536,-0.026447250118560955,0.42927787432178693,148,seg_2a4s,STTC
0.29291456422952866,0.42501415591897584,0.7034471076669341,0.08637239697155075,-0.10182200098148521,0.13951753476548123,148,seg_4a6s,STTC
-0.13088726929780076,0.09485120398774645,-0.359570572949269,-0.007386097520885535,0.08109321425326825,0.28111893434895147,148,seg_6a8s,STTC
-0.11835092809489989,-0.16100898685757425,-0.1801957152149227,-0.09640228016133102,0.2940235791564639,-0.07498136379576649,148,seg_8a10s,STTC
-0.4660025365030187,0.11377663535581461,-0.42995619430585746,-0.007788555000323001,0.10833004377450764,0.22900057427499987,149,seg_0a2s,NORM
0.12870720049301426,0.30242941118795447,-0.3124411430693774,0.021410762512585467,0.0395731682825511,-0.04848710096149945,149,seg_2a4s,NORM
0.197093854382208,-0.45526630544752056,0.27393097727078025,0.16616454328581703,0.16030433392205268,-0.19909539969780732,149,seg_4a6s,NORM
-0.00625389519866366,0.2616743802792892,0.1952638431055591,0.027209333278251983,-0.04116459980715609,-0.021223647622870455,149,seg_6a8s,NORM
0.9252955300454117,-0.20581521021232937,0.03621917382642807,-0.05738525979332391,-0.1917892871692898,0.0842749408774906,149,seg_8a10s,NORM
0.6327153621726846,0.09717475551012741,0.8475468844155194,-0.5354238672115024,-0.6550094592562935,0.35347273745487184,150,seg_0a2s,NORM
-0.5815330041522734,-1.000427987054439,-0.3353014444441742,0.6389847713096454,0.37768582585578925,0.18788998686967523,150,seg_2a4s,NORM
0.7231481014985905,-0.7267196963728462,0.427774608482616,-0.3240665953042082,0.26162213283291946,-0.2916562150728988,150,seg_4a6s,NORM
0.6055317164393408,0.1804144071625261,-0.2102343064820578,-0.418463681763112,0.018567207982546935,-0.32517219586313645,150,seg_6a8s,NORM
-1.1884913306793163,-0.9621536724798067,-0.32803105839484575,0.03349711350951326,0.0635959860905408,0.03296915832600404,150,seg_8a10s,NORM
-0.24685171226795463,-0.8466937237271631,-0.3600448265283326,-0.3304405705614965,0.009579973239458936,0.10347479485916963,151,seg_0a2s,NORM
0.6232288072024081,0.1605186686215074,0.2541347405721789,-0.02839260194561439,-0.20680156257455445,-0.0063504920955853444,151,seg_2a4s,NORM
-0.0057813650882128104,0.12724070923396907,-0.14681857046153574,-0.027718497147280224,0.11872625934721166,-0.008706985327128804,151,seg_4a6s,NORM
0.09263370178519703,0.2769279867364864,-0.20467659931956012,-0.06788026723334767,0.09031458273497481,-0.0348734259475875,151,seg_6a8s,NORM
-0.5610051469069729,1.0601748742505919,0.14769628348317138,0.3998860156256343,0.08812764671210907,-0.056831304023976,151,seg_8a10s,NORM
0.9133667993511958,-0.5814919066426731,-0.5769139370904875,-0.23817536905379197,-0.0028385971186900187,0.5621127015903736,152,seg_0a2s,MI
-0.14479784957377792,0.004121168134699104,0.7562024321627533,-0.16684858682503267,0.021275015115881785,-0.3122062823934893,152,seg_2a4s,MI
-0.14323263867970015,-0.1627003423198035,0.5580651151823388,0.28665611154166243,0.03054714044463378,-0.15451710075181543,152,seg_4a6s,MI
0.9568256214180716,-0.350855139630616,-0.9437144004840182,-0.19747001549315474,0.03235905712944586,-0.004449590967172678,152,seg_6a8s,MI
-1.2731407479860128,0.5048761963070941,0.4320189275750826,0.08753728555160963,-0.09063456933113964,-0.13776250144397156,152,seg_8a10s,MI
0.8780236103607546,-0.7063947842208391,1.5842975646623387,0.8164179784959082,-0.13648529762549208,-0.13525493183758786,153,seg_0a2s,MI
0.34703635020519513,-0.270045498548033,0.05544764651401305,0.3433981587850333,0.08988369228290854,0.03948598989135045,153,seg_2a4s,MI
0.690490882131823,-0.017566121073099596,-0.22990206475893932,-0.09719619008378379,0.1458435611899438,0.09074532717913068,153,seg_4a6s,MI
-0.7306153840926812,0.6009240132755176,-0.5182281600206594,-0.4723906432706498,0.042410625729678256,0.0559800709669906,153,seg_6a8s,MI
-0.6253469899531067,0.3496365656148082,-1.220296210483207,-0.6363857118949725,0.014955714305333608,-0.10394691006336698,153,seg_8a10s,MI
-0.6647378029045689,-0.3355019318736573,0.8696048996935524,-0.15826687600687092,-0.08037970987043605,-0.3248239263560632,154,seg_0a2s,CD
0.77027705908324,0.3971212658061165,0.2370803279942577,0.05618303097450311,0.0024321671864861926,-0.12231903149441671,154,seg_2a4s,CD
1.0641102663859474,0.029420144628691778,0.03392963557764477,-0.10007669423706046,0.0671821328673395,-0.045812303871708385,154,seg_4a6s,CD
0.2115477836481112,0.07808588414076414,-0.1429595061329633,-0.105811088228887,-0.13593199021254093,0.15778110225102332,154,seg_6a8s,CD
-0.8830041300357153,0.08055019405030932,-0.8382083876126234,0.3332540688517381,0.24340815749148206,0.2685635382572786,154,seg_8a10s,CD
-0.7383749309635014,0.5121207249240567,0.18234005765473524,-0.10055121506080619,0.07185402009367613,0.09326921696540223,156,seg_0a2s,NORM
-0.5091868687466118,0.5747012316427118,-0.5539467531336006,-0.17150807353948366,-0.1924973092483148,0.16881508271557477,156,seg_2a4s,NORM
-0.08506532601228543,-0.337111940507384,-0.04217471775053271,-0.14035322286423368,0.01218532851830095,-0.1362090916161163,156,seg_4a6s,NORM
-0.7957791420948447,0.33177503059577285,0.48142869056078846,0.43244240359998276,-0.20788271465464409,-0.6431223149003236,156,seg_6a8s,NORM
1.8818768626888114,-0.3728080418126617,-0.4995774788510886,-0.07223135494075718,0.13504424014018057,0.06438354739981789,156,seg_8a10s,NORM
1.0043838326236083,-4.20898596439105,3.5184792848719955,0.13538473536422455,-1.4769393746718564,-0.96489222630859,157,seg_0a2s,CD
-0.6582358913512714,1.1316915993928842,-0.8407352809469336,0.16518299830727903,0.3656102789585227,0.5079155721821844,157,seg_2a4s,CD
-1.4487681358371791,2.4254743928593667,-2.040508136525598,0.03737250980211771,0.30922728312916087,0.6147498559104393,157,seg_4a6s,CD
-0.48883482361854586,0.7467412868201618,-0.31929526640349265,0.0353973779899942,0.2375435553820517,0.02772344318571388,157,seg_6a8s,CD
1.667832738297149,-0.5599116441516482,-0.48308634884158574,-0.3020785218973354,0.37070111485750384,-0.080953548804378,157,seg_8a10s,CD
0.8311856789810763,-0.6553265997723259,-1.2529398583938178,0.28275796599421715,0.7020926976949219,-1.4963594062615793,158,seg_0a2s,NORM
-0.7147477074256511,0.5135210894111512,0.1994997175474474,-0.09127005370488095,-0.9367498332207496,1.1017730992560952,158,seg_2a4s,NORM
-0.490659970440536,0.30699926409228334,0.9658073879365536,-0.35251049967661413,-0.9498181379648998,1.676886020957675,158,seg_4a6s,NORM
-0.5778094067351902,0.15321703422267827,0.4821079470886509,0.15752643911463637,-0.14007864924305,0.5811598046487629,158,seg_6a8s,NORM
0.26394362217956974,0.18328268368310907,-0.6477527682843702,0.0902940846927215,1.2791975145683678,-1.6939578554807346,158,seg_8a10s,NORM
-1.027912171225252,0.07935886562203384,-0.1056938249198103,0.3686751693901206,0.13262020771754407,-0.2700069451445507,159,seg_0a2s,NORM
1.1313764934466464,-0.18179573707818097,-0.5717233621382768,-0.5763263052903058,0.2101771406394279,-0.11651443911523145,159,seg_2a4s,NORM
-0.6490582435465141,-0.0830653537196286,0.068816001118259,0.8347835715909621,-0.1504726747431049,0.25946989738472265,159,seg_4a6s,NORM
-0.6884805719376673,-0.4034483502512994,-0.22178131697421202,-0.649721158908732,0.21056952105423682,-0.17248604188505995,159,seg_6a8s,NORM
0.9700013574311583,0.4750330156523129,0.43962378789253387,-0.048866612673757095,-0.24863232088869858,0.3234187927784106,159,seg_8a10s,NORM
0.7425504304083813,0.37236710374859616,-0.18799791277005495,-0.15806924465295963,-0.21933247383639265,0.3255672482891487,160,seg_0a2s,STTC
-0.816813735521378,0.19613310907311807,-0.0038253123096447287,-0.22641070251920623,0.2381319236037094,-0.3602843860421239,160,seg_2a4s,STTC
-0.45202991308506457,-0.34480779428919506,-0.003220220113286222,0.12386667392018115,-0.11936640318484772,-0.23961326911343855,160,seg_4a6s,STTC
-0.346295399544643,-1.456798432554968,0.12209894209085938,-0.10157522224752903,-0.08802593736255637,-0.17270425623995647,160,seg_6a8s,STTC
-0.026900813083349448,0.04392129786080324,0.10858859890053352,0.41407816038985745,0.139883494786654,0.2269162904359273,160,seg_8a10s,STTC
2.7557393105477725,0.45035618542059125,-1.0906348676616886,-0.22880939199807857,0.36298690034237185,0.006184399693924409,161,seg_0a2s,MI
-1.3348849906777165,0.17988645150477414,0.4821288091322614,-0.0016867024929693732,-0.16844197267861163,-0.3015117372155884,161,seg_2a4s,MI
-1.6877217273373282,-0.5945600170865265,-0.1110479717845565,-0.47561684338393106,-0.9263207499938078,0.34729911650686596,161,seg_4a6s,MI
0.6050355054330335,0.38353296035849876,0.13040001557192568,0.3104307418316843,0.07092729891315357,-0.007950780616313418,161,seg_6a8s,MI
-0.462092651820482,-0.12659774256817333,0.4696460442266166,0.32839295288888276,0.716184264778033,0.005589951690779469,161,seg_8a10s,MI
0.6414266353138283,0.1894001919080632,-0.5870018659947897,-1.3493105895252733,-0.13262379080502912,-1.2660246360736502,162,seg_0a2s,MI
-0.37697750357978466,0.8712898986895321,0.31192088618548175,0.4377104083720368,-0.23519422934840653,0.5764209925400858,162,seg_2a4s,MI
-1.0421197543488099,0.9031623385290044,-0.23777149473754602,1.0004916899870344,-0.12220980989575997,0.8815600039500522,162,seg_4a6s,MI
0.46426229920418743,-0.5300632661135233,1.3895485318509777,0.47182715699713335,-0.123118644525373,0.6249154733163756,162,seg_6a8s,MI
0.0940633500116393,-1.2119327657610066,-0.6650086430368243,-0.36319576494273004,0.38727065624579976,-0.8389996962951719,162,seg_8a10s,MI
-0.8204808228649026,0.11857239089612633,-0.32722291258834957,0.025891731549074697,-0.035128474084116346,-0.0818781377850529,163,seg_0a2s,NORM
0.54564345733431,-0.4145465427244202,0.673821957583167,0.6581944133111076,-0.10164161591868502,0.3600079497317851,163,seg_2a4s,NORM
-0.545768015933583,-2.0503547163466167,-0.08701509941127386,-0.36285341291411716,-0.09660325214219283,-0.18214852568713963,163,seg_4a6s,NORM
-0.41372865814426996,-0.03492944950048816,0.4471326913636986,0.03037047978773393,0.17086367942206163,-0.2596821488068917,163,seg_6a8s,NORM
1.1124239438428905,1.907890987219633,-0.4364612166901825,-0.2538551530131245,0.09778189531413935,-0.021155919452821366,163,seg_8a10s,NORM
0.8593549999812318,-0.5311737863777861,0.5289527812729106,0.6445537360009805,0.6117574184053481,-0.968344650900616,164,seg_0a2s,STTC
-0.1814314416354534,-0.5753958741250361,0.267853934608799,-0.034373427997583875,0.25035789856948437,-0.1285065896794127,164,seg_2a4s,STTC
-2.1715614752443506,0.04051969526546946,-0.3089179528250021,-0.21788332649117717,-0.5198362033262929,0.8733035163964642,164,seg_4a6s,STTC
1.2089445369543856,0.5274765398876158,-0.041914329616821386,-0.09264814216720069,-0.5014214765312771,0.40224584981053474,164,seg_6a8s,STTC
0.22261675226185307,-0.10480759031115369,-0.2356327012856698,-0.2201640944891444,-0.10153959380776148,0.017360375058900812,164,seg_8a10s,STTC
1.6972723022076208,1.2675768993539611,-2.020807001425467,-0.439186959865314,0.19587970418272305,0.34433598217273337,165,seg_0a2s,NORM
-0.5215458515460991,1.231951112863438,-0.04008793197595196,0.06191334575225193,0.019826301083585747,-0.029272191472198176,165,seg_2a4s,NORM
-2.5510922493749946,-0.39534794032051035,-0.04569680412973633,0.14879644450249047,0.0797035591857939,0.19228313698697005,165,seg_4a6s,NORM
0.21373061536039625,-0.9320510874082198,0.4043795048836437,0.3417864312752066,-0.08265882241374109,-0.08126579726379562,165,seg_6a8s,NORM
0.8020042341821073,-0.8211740716399684,1.1990035565900523,0.056143862026216886,0.05314736868335671,-0.3154439300105838,165,seg_8a10s,NORM
0.6041635683253805,-1.472374932386566,-0.6696743426563285,-1.90894004340724,-0.1983234076316767,-0.5432682155763596,166,seg_0a2s,NORM
-0.3874059603564742,0.018651989798902712,1.0197870891949419,0.6013599134381356,0.0444036976802956,-0.0765936776606926,166,seg_2a4s,NORM
-0.26482953855249497,0.32199067286698524,1.3977874979770468,1.7250222963514277,-0.18217618170766461,0.8483445965113516,166,seg_4a6s,NORM
1.4758889144191814,-0.5117875445479763,-0.6167047968257007,0.1361115807661007,-0.0042275431838788334,0.14340633565807703,166,seg_6a8s,NORM
-1.7138568690259057,-0.12739027642063652,-0.6684333881248083,-0.25128686970655095,0.3026026644222188,-0.34253975333862496,166,seg_8a10s,NORM
1.3471489774169674,-0.32805281081876975,2.39574193143039,-0.701839416018222,-0.9156692357843783,-0.38380523307386594,167,seg_0a2s,STTC
-0.8718134072934438,-0.1094922023798456,-0.4878168079173366,0.005906752434498193,0.09093984298094812,0.30409508972879984,167,seg_2a4s,STTC
0.31587410676304745,-0.1848184388030473,-1.565419969371848,0.8131484985634635,0.4950577889939846,0.15512584104007918,167,seg_4a6s,STTC
-0.7505792576124475,0.05487738436516962,-0.2899899118292269,0.10056240341434872,0.18010992494744343,-0.00015891689898397834,167,seg_6a8s,STTC
0.09997428669735885,0.2951899494308506,0.1682827493581911,-0.11732443133383598,0.13265346272374773,0.00831288580432536,167,seg_8a10s,STTC
-0.3217564512881934,-0.4523675406484776,0.5123670884624443,0.7106755269871045,-0.06504099781786513,0.27241776145168156,168,seg_0a2s,STTC
0.22355780471075873,1.1093190128566295,-0.35343588028945594,-0.2854333503371566,0.1409066694873086,-0.09700105450556297,168,seg_2a4s,STTC
0.6059327292961123,-0.10913165231459941,-0.6613970504466887,-0.7893079348749185,-0.020007395839140966,-0.1292264362987151,168,seg_4a6s,STTC
0.420785017377062,0.23339062585130607,-0.01744020133441069,-0.020382040933842133,0.031668538930482944,-0.049508508249528585,168,seg_6a8s,STTC
-0.4158563110827936,0.08410434845651421,0.2103449794405434,0.28589191425248234,-0.042310323376443464,0.012525158843668917,168,seg_8a10s,STTC
-6.115447445461512,7.025491047020929,-2.3020322651295304,0.14519235595043872,0.28315158735051893,0.1346247490284243,170,seg_0a2s,STTC
-3.32462326466848,4.329685974295188,-1.2321835466066455,0.2436536586937171,0.07205605690655915,0.08901002951850953,170,seg_2a4s,STTC
0.22464607240690926,-0.9253838939533708,-0.3788996541265917,-0.2422853967360542,0.02355638306299892,0.1089712025843979,170,seg_4a6s,STTC
3.123046973897416,-4.048973103852001,1.1974936392773468,-0.11911535982985623,-0.011328962551702525,-0.05612830514746661,170,seg_6a8s,STTC
6.260878550703443,-7.197356099586827,2.6639603715958495,-0.050871392503641887,-0.10136370512147642,-0.08976064651390615,170,seg_8a10s,STTC
0.3879331518854151,0.6976597430065743,-1.2931977239957166,-0.8788461803153096,-0.4005926254987253,0.5307229873621163,171,seg_0a2s,STTC
-1.093467282106165,0.4923370367823876,0.05677130213030773,0.3596766776108143,0.22161320147135985,0.04956999643864423,171,seg_2a4s,STTC
-0.21876454111475951,-0.09044790302227364,0.5377957993692509,0.5752504948240594,0.2939114478824505,-0.2736314074286793,171,seg_4a6s,STTC
0.7208095035209309,-0.3989077744599059,0.310040756379799,-0.030541369958741526,-0.048949984942971037,-0.23770686080939687,171,seg_6a8s,STTC
-0.1865689796525992,-0.3529788287459039,0.6230732437278098,-0.12824852031879594,-0.14126305662110455,-0.3356694815526178,171,seg_8a10s,STTC
2.8255211960698507,-0.13246638115951123,0.753521336674232,-0.7546571998297319,-0.6177452549873175,-0.7348271133883267,173,seg_0a2s,HYP
0.13850869976006894,-0.3227840572152917,-3.7159293818854437,-0.5035306660853461,-0.283304161345188,-0.0006807616880636282,173,seg_2a4s,HYP
0.3505663608366133,1.9161948130987765,1.3938478405596968,0.08507229475580695,-0.4140097958658711,-0.5571307861451629,173,seg_4a6s,HYP
-1.6347372928339536,-0.7980458775404001,-1.668222376616856,0.5491863439385178,0.18403290687474724,0.44615092447276145,173,seg_6a8s,HYP
-1.525667975447234,-0.7912246431432491,3.005802514517202,-0.00978373885649825,0.8668978868242481,0.5929170290060598,173,seg_8a10s,HYP
-1.0678948184862929,1.0630650648756002,-0.3327626874613833,0.17594536459677387,0.3168690291618973,0.02223610813490875,174,seg_0a2s,NORM
0.5453560106130949,-0.2606922772662316,0.27645263291254674,-0.0713171758194014,0.06937145485627942,0.004239940249861197,174,seg_2a4s,NORM
0.03175602452073775,-0.48900466305333046,0.28493430049927376,-0.009888960702911878,-0.08531626443559157,0.49154760981570444,174,seg_4a6s,NORM
0.15833610332782022,-0.5002402347483526,-0.36181933989665505,-0.040786278107423274,-0.11748734381976035,-0.056309557837565916,174,seg_6a8s,NORM
0.2367303968290452,-0.19153373047234318,-0.01924278099395905,-0.18107531396853835,-0.10496116551188694,-0.32515523369785326,174,seg_8a10s,NORM
0.6259114567155172,-1.127734866365813,1.3863764205354825,-1.3772459053926325,-0.8874522712559644,0.8540378026988146,175,seg_0a2s,MI
1.3245646535145537,-0.2636045789765704,-1.0844925590299876,0.9979233462814301,0.5236959362662491,-1.1644136075061096,175,seg_2a4s,MI
0.06047834356667084,0.7943447789033763,-0.742390167695844,1.2936277538485734,0.8442932079385704,-1.1878286986501088,175,seg_4a6s,MI
-0.7645485470351207,0.5572873614967144,-0.21841978113083163,0.26787115364765457,0.08438572589225393,-0.17654348749947918,175,seg_6a8s,MI
-0.48076618504477253,-0.235778495894018,0.5528458563907238,-1.4084714331564765,-0.3903272143851361,1.3228295562680195,175,seg_8a10s,MI
-1.0746816909384906,1.8188833535381355,-0.11007706278023263,-0.390353602057708,0.6497988431374763,-0.0783643007558938,176,seg_0a2s,NORM
-0.11154248973940703,0.6119331163799497,-1.5508367054756487,0.5940890127256403,-0.027546406431533128,-0.3889748512254908,176,seg_2a4s,NORM
0.22912709204244358,-0.18882563328032467,0.18242193574943888,-0.20864719831731143,-0.03088888032176445,0.2518183061785244,176,seg_4a6s,NORM
0.15324935069395595,-0.524469195814772,0.39377082992898343,-0.1826437836222581,-0.33037380312058273,-0.0025381731091746475,176,seg_6a8s,NORM
0.46385174382684974,-1.320199433245064,0.949758350527626,-0.07549520003900163,-0.2513911504086017,0.27858812319810633,176,seg_8a10s,NORM
-0.15988827779258968,-0.34233596883112577,-0.1513334950423327,-0.07371062152767832,-0.0019207612121025677,0.058952780264412113,177,seg_0a2s,MI
0.09330309327174567,0.507768377241754,0.18315904836506866,-0.0254765908511126,0.21251443213250706,0.028679452814663182,177,seg_2a4s,MI
0.5116457005516103,0.5626297473552455,-0.26066444247489645,0.060035569168685826,-0.2608689844022879,0.04945595989864822,177,seg_4a6s,MI
0.8845686715464814,-0.03182401302427348,0.6183166990404765,-0.22835530772324925,-0.053852168205302274,-0.11856688027529932,177,seg_6a8s,MI
-0.45436394501521943,-0.21261193797494263,-0.368830506330763,0.05001549596576738,-0.041995134988092465,0.09551039902652214,177,seg_8a10s,MI
0.5896884785051311,0.512421750525371,-0.7596768210307611,0.6023520710552405,0.13774896249314228,-0.1640222545096856,181,seg_0a2s,MI
-0.4871404189554753,0.5445507300289055,-0.36970537901035505,-0.05565279331502293,-0.12072856636215666,0.038714643137568415,181,seg_2a4s,MI
-0.478284395743652,0.7416938493859967,0.027243376160145636,-0.42097362245818004,-0.3295821616520681,0.012597867196532843,181,seg_4a6s,MI
0.2372614297381994,-0.28870603795713773,0.3107688420425034,-0.6238123805159606,-0.2908900783360632,0.16946131823709698,181,seg_6a8s,MI
0.32087864402720334,-1.0269695742202114,0.39055367528272383,-0.01628082106032254,0.2455028149094444,0.11176483362920073,181,seg_8a10s,MI
-0.531645413713692,-0.5266677111947344,-0.7470749321187478,-0.15490652788993794,0.14464114042652726,0.06023749805658573,182,seg_0a2s,MI
0.9522492923903129,0.2864820148652059,0.037905611968574546,-0.04735326266330484,0.12854388439515588,0.6260256152576963,182,seg_2a4s,MI
-1.4168384168217636,0.7574751286268347,0.6569554497053275,0.4097918719367541,-0.18558403341660407,-0.4738578944173722,182,seg_4a6s,MI
-1.1501203860864693,1.1812480774240581,1.0344267965880547,0.10634782101692329,-0.04396750227826544,0.1538823430662902,182,seg_6a8s,MI
2.0118273528416815,-1.6183126571640232,-0.7008425152039837,-0.23236973357388405,-0.03940073951016949,-0.33071490376751733,182,seg_8a10s,MI
-0.08479254467328051,-0.21937145875600988,-0.21470608907561395,0.022594827803553097,0.16685489417475025,0.04467181959114948,183,seg_0a2s,NORM
0.9829874208783335,-0.9617499775939163,0.39682583214322387,-0.12906487020278998,-0.08449399444924534,-0.0481259609551246,183,seg_2a4s,NORM
0.8941369910768074,0.28192168792315364,-0.4136109297543996,-0.0636206476143309,0.1540836566789882,0.04158683480317105,183,seg_4a6s,NORM
-0.45340170608411007,0.22398586263799347,-0.013530114482174274,0.03715865414665701,-0.17323002661315828,-0.12367595464770359,183,seg_6a8s,NORM
-0.314460838245263,0.49938665285900574,0.15513424032411655,0.26994508036923237,-0.19196247338725436,-0.07549311429890647,183,seg_8a10s,NORM
-0.24776989155175683,-1.8950274674342145,0.26553785376913247,-0.2214829131420838,0.14654485917691742,-0.43014662556343986,184,seg_0a2s,MI
1.1765191088351923,0.17037894454240907,-0.4240379262250099,-0.20894998946476487,-0.07875221797015841,0.07605533510687026,184,seg_2a4s,MI
0.8191866890898539,0.8315406560530912,-0.03326588534520374,-0.4505975951150752,0.11590156169741585,-0.10285484400642408,184,seg_4a6s,MI
-0.22583205937518505,0.10379120119157431,0.3241987187337871,0.17807933647691468,-0.16501425923298052,0.056584373866312106,184,seg_6a8s,MI
-1.6358640439702308,0.7289440669388961,-1.174659836725507,0.7078295141556115,0.008806874932407872,0.3744117121956552,184,seg_8a10s,MI
-0.9140553673223338,0.5456879106637572,-1.0723124178406713,-0.17320059224206902,0.16550845656260058,0.38146586058479826,185,seg_0a2s,NORM
-0.423765043682326,0.5287303104525611,0.3863584303226563,0.06516095623468307,-0.08652907199725725,-0.7786566362241487,185,seg_2a4s,NORM
0.11763982535848784,-0.37148735135578914,-0.3953430439907154,-0.1976985756204873,0.15600543472168155,0.17571327039505807,185,seg_4a6s,NORM
0.9455914170363404,-0.4816025626245236,-0.26858324347138685,-0.12234113389927026,0.10756387293922107,0.030867023517867364,185,seg_6a8s,NORM
-0.12944966300766245,-0.6338122206179272,1.1570792599765334,0.3333709445832573,-0.4133506315967387,0.17444706513786015,185,seg_8a10s,NORM
-1.5792827169844297,0.3149438558145944,0.49356927234150333,0.30660715517409787,-0.21734576890282925,0.11872077239934861,186,seg_0a2s,STTC
0.4444623630013632,0.09987369385721165,-0.16543635660747008,0.04308259056395224,-0.015262413211516416,-0.24119139165703357,186,seg_2a4s,STTC
1.2501235283086283,1.5413455156569469,-0.8583063870978183,-0.15024074902336057,0.17632770385169116,-0.1447309723035862,186,seg_4a6s,STTC
-0.8619932892711111,0.40390715192234905,-0.13637035074984083,0.08824570756216397,0.1417767565003713,0.07837024183703714,186,seg_6a8s,STTC
0.4174781862464246,-1.084002502719385,0.16486841494648694,-0.2830711138197504,0.003565505302050183,0.05526530069301,186,seg_8a10s,STTC
7.538904579218812,-1.4281230459566652,2.669929398227386,0.47989719195449304,-2.3509735692557383,-1.1729653656719286,187,seg_0a2s,NORM
2.925101414919176,0.6979090830675495,2.435244931600366,-1.1300475053447792,1.4666442675660325,0.07712584710337855,187,seg_2a4s,NORM
-8.071984345245397,2.200985951997672,-1.4483138083488547,0.778295194624146,0.6055660624777828,0.1381574613602724,187,seg_4a6s,NORM
-3.0068418389036724,-0.27580422344841143,6.35705769062563,-0.22282917221063467,0.7091301780336849,-0.20004466607523527,187,seg_6a8s,NORM
-1.0605340493614746,0.991264485539389,-10.08590339156839,0.19984236517574164,-0.21990781905237572,1.1966650456477852,187,seg_8a10s,NORM
0.5707100989394961,-0.040533213153041675,-0.061366902685176576,0.47482752855809424,0.07402066340087782,-0.12365723346742366,188,seg_0a2s,CD
-2.088038681193331,0.43556799602315666,0.5368067876538963,0.587603893314143,0.27485297978903267,0.37026613546084136,188,seg_2a4s,CD
-0.39608562304569134,0.5651381810258472,0.8459652015609141,0.3122525477919938,-0.23399593742476854,0.07464149908764962,188,seg_4a6s,CD
1.12745857450992,-1.199759204295464,-1.9345002345096556,-1.2013267572646056,0.07774381045487545,-0.34101077968330445,188,seg_6a8s,CD
0.673669797737539,0.13966143011924934,0.350090851332592,-0.039645601072508606,-0.38753417693643705,-0.005767391845197859,188,seg_8a10s,CD
-1.1692690977816207,1.0180762799750758,-0.9194926121212633,-0.042035224285784836,-0.02397853942480853,0.5698311739337346,189,seg_0a2s,MI
0.40761057419739055,-0.952846076968754,-0.14255409908432398,-0.11888777649223603,-0.32730985131134815,-0.9128766033099822,189,seg_2a4s,MI
0.7042810466109797,-1.421238222248781,0.1744375057492062,0.5019432083856452,-0.3154743225657665,-0.00608977358534274,189,seg_4a6s,MI
0.31981274680272403,0.6080924310807455,1.3009396376048894,0.8969265171616615,0.08094967292999788,1.0977194596613713,189,seg_6a8s,MI
-0.1240290444170417,0.47763593340878996,-0.18614728552333734,-1.2468527167873005,0.567225552963743,-0.7582510105889678,189,seg_8a10s,MI
0.019321368123450405,-1.2177622645489827,0.06378476761867827,0.7403733607797941,1.0645734048064537,0.8294452618102415,191,seg_0a2s,HYP
0.381400587872789,-0.7368445526039873,0.22298768322750145,0.22243328979326796,0.15923362010335892,0.10800179430823469,191,seg_2a4s,HYP
-0.05671196837223846,0.0518506297821592,-0.18349273401921704,0.08848404471261123,-0.08982683441201356,0.15277065940798518,191,seg_4a6s,HYP
-0.23703057787297308,0.14654457949645666,-0.41613277966855033,-0.33779850116453747,-0.016183552708251545,-0.032716542275894434,191,seg_6a8s,HYP
-0.3904336732579136,1.7357188435161133,0.1658074718953672,-0.6922133919773461,-0.9154222983945521,-0.8320901172131762,191,seg_8a10s,HYP
0.9251378385860832,-1.3394287653698143,-0.15879975255981937,-0.884486257162699,0.1965992392368819,0.5238322703284183,192,seg_0a2s,CD
0.2610959514305686,-0.5675616258958318,0.2693095184710852,-0.5764553801460911,0.15003669256555596,0.23089661043999687,192,seg_2a4s,CD
0.21023910325481365,-0.18047479336242186,0.11937465794072827,0.1315519484954766,-0.05513840426877678,-0.12577412990920328,192,seg_4a6s,CD
-0.1814216868832079,-0.08365126561685637,0.2290928605581892,0.3608467396103055,-0.10926553417870272,-0.3754252811831683,192,seg_6a8s,CD
-0.8560008415904091,1.5861078321847861,-0.05161515655053881,0.8551642865548429,-0.13453356842212533,-0.12831740952353435,192,seg_8a10s,CD
0.8125578834270418,2.367201191084414,0.027774869317693126,0.3959615193957868,-0.240969808275088,0.157334945722939,193,seg_0a2s,NORM
-0.7698686445051505,-0.2357985450915992,0.4761244652413325,-0.03284301373233746,-0.01165265185771483,0.11858833354185695,193,seg_2a4s,NORM
0.9793904190973174,-1.2834583190587185,-0.44955973805869315,0.017923993537152662,0.011375487146226373,-0.04701808591199714,193,seg_4a6s,NORM
0.4710121728678511,-0.5594068731125741,-0.36999922459547213,-0.29558057839015206,0.02423082420301919,-0.06387587725567348,193,seg_6a8s,NORM
-0.7555079210556078,-1.0138695737611407,0.7137933021965933,-0.14046658868327047,-0.007699488300396058,-0.19456484724650266,193,seg_8a10s,NORM
0.48301136147712714,0.041501288297151356,1.7740219136670734,0.9449608568874062,-0.2310419556368424,0.7347199437579145,194,seg_0a2s,NORM
-0.4627863375993506,0.0021119924553138253,0.1672859340667238,-0.5664747486210923,-0.03448423461785659,-0.9111474065908655,194,seg_2a4s,NORM
0.36743518887971655,-0.6243968358770123,-1.0231093844127337,-0.9051587608082733,0.17933208029338435,-1.1444925124151708,194,seg_4a6s,NORM
-0.17959167271817716,-0.4379227716834959,-0.4714717469484252,-0.36989858181415275,0.17226949744461179,-0.21591194618210358,194,seg_6a8s,NORM
-0.16545452574693673,0.03886267001196688,0.07753162858054524,0.6681238753688832,-0.1408822651014542,1.3610038366639994,194,seg_8a10s,NORM
1.5934626947704098,-1.4939268272370172,-0.11317923935481279,-0.06613854977662463,0.03979983162206541,0.27120543789302126,196,seg_0a2s,NORM
0.29481994396333344,-0.516853256649889,-0.03547081925477835,-0.0062454273763099515,0.038061199181251455,-0.010430106669713664,196,seg_2a4s,NORM
-0.5403288797720642,-0.09296872979274164,0.1236896528033767,0.17862222618933946,0.0019124622367359388,-0.1296906576464468,196,seg_4a6s,NORM
-0.374213450467303,0.6856882563847231,0.010254183918075048,-0.19969225285449374,-0.053753544718473996,-0.09733044136628252,196,seg_6a8s,NORM
-0.9305266344343337,0.8286346054862846,0.4307417605387662,0.17794267854211082,0.10176757999426267,-0.043127379649718155,196,seg_8a10s,NORM
-2.639531795034668,1.4529221020747642,-1.1402102092760238,-0.600308859485253,0.23255406866060757,0.32732684929037614,197,seg_0a2s,NORM
0.8494681922823293,0.4058716736596183,-0.985595945593002,-0.16052414516452976,0.17654537359054837,0.1967697571972688,197,seg_2a4s,NORM
-3.0126304401683006,-0.18064230319494023,0.7283300991067924,0.4220550490153782,-0.0761859302783394,0.09232374861713781,197,seg_4a6s,NORM
-1.4120339862789728,-0.40264922246346485,1.0000772835611844,0.3233420012478854,-0.08503929457739633,-0.03580885308718378,197,seg_6a8s,NORM
5.792704873524426,-1.8207111903765498,0.5134312428280872,-0.046566580957911906,-0.18019330050076832,-0.6618124435370066,197,seg_8a10s,NORM
2.9893813925236064,-0.3075456086015991,-1.126684321463881,0.0798600445937113,-0.27500408435354123,0.5290883438495032,198,seg_0a2s,NORM
-3.1506305035354947,-0.31229837824626827,0.7407358092471178,-0.5519744981986828,-0.41481778017607246,-0.6716614837878583,198,seg_2a4s,NORM
-0.8264729063042802,0.30990756575744116,1.4713932054305903,0.23828329204684623,-0.4659682303531199,-1.2639808834136497,198,seg_4a6s,NORM
1.051172126878335,0.9146709442320065,0.639806984980834,-0.19513165619630157,-0.02699627127164166,-0.6245874417781718,198,seg_6a8s,NORM
0.37864717286074423,-0.3020932187564762,-1.7601720772573701,0.2526335459568174,1.2564068170755607,1.9903799864564509,198,seg_8a10s,NORM
0.013537220369547746,-2.8356354922613902,-3.2468720493060554,-0.47295120871599317,0.27247709715339413,0.2555156404639754,199,seg_0a2s,MI
-0.332913745445656,2.2154348311452052,2.8463074057981768,1.6611692173700892,-0.02175123848176062,0.27722809012119914,199,seg_2a4s,MI
-0.11399889731893188,0.49204837170421106,0.28926431840571654,-1.4476736496887517,-0.14891546605008885,-0.3122081732136422,199,seg_4a6s,MI
0.7397236361100353,-0.7165305638697442,-1.4805147323046512,-0.9280004323615794,-0.07427828133570195,0.3934887260453601,199,seg_6a8s,MI
-0.3319015916858399,-0.05291046626488591,1.7558241231271599,1.140617448623939,0.16887597236412868,-0.2328553553803455,199,seg_8a10s,MI
15.9591192629941,0.5191800950604476,3.5472251451281,7.452962017943012,-1.7690388159977717,2.4286877891515735,200,seg_0a2s,NORM
-5.58238168872723,-0.4337370270456779,-1.8416118191871764,-5.306138297240475,0.8499957505995207,-1.965333059262845,200,seg_2a4s,NORM
-9.218469675626416,-0.4046205244791796,-1.6836784365576472,-2.7593471424550717,0.7812776463344062,1.899764996485609,200,seg_4a6s,NORM
2.3566409720152435,1.5170053817167042,4.386815766520322,7.567479423859043,-0.43186321726869653,2.6152412302398185,200,seg_6a8s,NORM
-3.8829076828225566,-1.2494428137972806,-3.887777335489236,-7.009551303545098,0.6075916731291483,-4.991168146847871,200,seg_8a10s,NORM
0.9675915736624138,0.36454173648610144,1.985998674904614,0.42752321478194183,-0.4020264346542965,-0.2037349595932348,201,seg_0a2s,NORM
-0.9940215870658832,-0.34008497223647394,-1.8099372810400718,-0.4644123547530498,0.5629746645986986,0.357789091812535,201,seg_2a4s,NORM
0.9072456331740562,0.26483900116074516,1.6857826738533945,1.1990849813580933,-0.3343112395558342,-0.4094902788795382,201,seg_4a6s,NORM
0.45549291667870284,0.15044820228919667,1.102811862395528,-0.3932949098724086,-0.167552962928661,0.3595107226909743,201,seg_6a8s,NORM
-1.6812034150081216,-0.2654578391376816,-3.2341570978144176,-0.7210444690526538,0.4258314004737545,0.021442757794679648,201,seg_8a10s,NORM
0.8291918692250544,1.1764525587283001,-0.26583984263080696,-0.15872006038994738,0.10507451065177474,-0.09233462447295122,202,seg_0a2s,NORM
-0.6972839666228047,-0.24315436087774986,0.1951470113572987,0.17875895083902457,0.02396532938969244,-0.2336749597599864,202,seg_2a4s,NORM
-0.6007059096264831,0.4997837309326509,-0.45894579442320294,-0.0960361456429658,-0.004349556531453024,0.19762071481767532,202,seg_4a6s,NORM
-0.09468989970966186,-0.7073187403092644,0.007007692883414121,-0.01848969809067706,0.02739233575330341,0.12257133799466836,202,seg_6a8s,NORM
0.3694017954170466,-1.958484498944212,1.0795233325534699,0.14995160658846352,-0.15347373532311095,0.11402330787419013,202,seg_8a10s,NORM
-1.224669002531076,-0.6651189667020616,0.19449836481885951,0.6701398385034066,0.1632056886420148,0.06478084063366861,203,seg_0a2s,NORM
-0.38194816661362296,0.47730092007764213,0.03416706517255733,0.16253143219374758,0.16626452963002716,-0.0692811427400794,203,seg_2a4s,NORM
0.2405401364043767,0.5540630356970162,0.015816111336626866,-0.033849141157330065,-0.03531190104346519,0.05585835222173782,203,seg_4a6s,NORM
1.3386139810246802,-0.39397146629049057,-0.31927145665166234,-0.26874703744743766,-0.059638513622383045,-0.14117401457981094,203,seg_6a8s,NORM
-0.029274543245431744,0.4404620300010302,-0.1822730132066084,-0.4814364376345523,-0.09435643809272452,0.02506913229137076,203,seg_8a10s,NORM
0.5812962012712655,-0.42239617752061015,0.6524485387716598,0.25613715134310355,-0.060615784382459334,0.8586929235675965,204,seg_0a2s,NORM
0.779552500235741,0.5974495962447836,0.059545658254166633,-0.22507664985557793,-0.06078654400021628,-0.38393030708748455,204,seg_2a4s,NORM
-0.5275268683881742,-0.1451254588365536,0.18656240285753972,-0.1847323768625544,0.07640311345942406,-0.5179214739038243,204,seg_4a6s,NORM
0.3037934230758773,0.7737620459526496,0.0929159337374815,0.09694571697120898,-0.009809601527260067,-0.4845046914558888,204,seg_6a8s,NORM
-1.476361644224851,-0.3089953464119532,-0.8583415843292759,0.06484374910992935,0.2006916084539885,0.4962540777249122,204,seg_8a10s,NORM
0.06703427578076693,-2.563841616893699,0.6051194323615832,0.5292623933370044,-0.539758080391559,-0.2909966854951726,205,seg_0a2s,NORM
-0.12308013669068965,1.3186764311235049,-0.06144174356392087,-0.3536270031762728,0.045793399136198516,-0.009679181043190677,205,seg_2a4s,NORM
0.6529027581741147,1.0220589114756078,-0.22871770612811435,-0.21258978942003937,0.28840328176225116,0.10564490726146811,205,seg_4a6s,NORM
-0.39950870375911907,0.5674559124181336,-0.06771370817098323,-0.012550917667248912,0.11669211026708305,0.13348437322312412,205,seg_6a8s,NORM
0.38472589631492804,-0.5818203378761736,0.05274771454090134,0.14429839291237012,0.0134853125198478,0.04960873379540624,205,seg_8a10s,NORM
-1.277361271602939,2.828049684285169,-1.0343910943730064,-0.14603409184715063,-0.012153663314493302,-0.2951430094309446,206,seg_0a2s,NORM
1.1051124102688525,-0.9513702462165889,0.6865702835270258,0.2334772691725705,0.07131885249393996,0.1726280606703332,206,seg_2a4s,NORM
0.932022857752036,-2.019678213769167,0.7837837812619192,-0.01573466753036634,0.11881479900899891,0.04981725088608604,206,seg_4a6s,NORM
-0.6085693875888282,-0.15779782728462047,0.472663432809067,0.15586833732671232,-0.06615923526812613,0.00469065756872148,206,seg_6a8s,NORM
0.7322515886313614,-0.03427952770972146,-0.7065708429596103,-0.1559102549376828,0.01262973176253163,0.038153742152561655,206,seg_8a10s,NORM
0.14637876688259385,-1.8186070978928768,1.4575823052862436,0.4042235023705148,-0.26319656120669555,-0.10363769950299145,207,seg_0a2s,NORM
-0.7179342837349896,1.1269762778074555,-0.5121953647699816,-0.2619962641483302,-0.00854842261671054,-0.10883015385674773,207,seg_2a4s,NORM
1.0379537639430916,-0.9710303789172973,-0.604248215540275,-0.3065943686088252,0.08792539490487651,0.33960084890000347,207,seg_4a6s,NORM
0.6138937916462305,0.6450450199168546,-0.6809202432454993,-0.0451019270021727,0.08258410346408142,0.2320261050061954,207,seg_6a8s,NORM
-0.26753321065576885,1.5101679444732823,-0.028572296639425888,0.10783764363050814,0.24290382412887057,-0.17773586529964144,207,seg_8a10s,NORM
-1.1729428925031815,0.020021623671586965,-0.09565545365922838,-0.3914471526156668,0.41501629887292585,0.3696329415209037,208,seg_0a2s,NORM
-1.202520802709634,0.2951919750914642,0.5248698614615831,0.0933012900156662,0.033832026394013226,-0.2563592011978853,208,seg_2a4s,NORM
0.5465551863729784,0.6712963049915459,-1.1675949972877044,0.10732926768381694,0.15403291952987547,0.010245216912954103,208,seg_4a6s,NORM
2.289949355720148,-0.15661671618694756,-0.5373497857830819,0.0703721370501718,-0.16046083759817775,0.05633516248476639,208,seg_6a8s,NORM
-2.0334774818732586,-0.7216892794628598,1.407647784207537,0.3114881226490919,-0.14210062898345177,-0.06001289820153147,208,seg_8a10s,NORM
-0.08686633934009526,-0.4208295706373769,-0.6171670117682849,-0.3955430308414914,0.12224635433693794,0.4938616883648157,209,seg_0a2s,STTC
-0.3608869593358592,0.36517744999112717,0.4268241306006701,0.2635600614464961,0.033160014988931195,0.1674851753056784,209,seg_2a4s,STTC
1.3257423787226543,0.3054806396468724,-0.9491336368340092,-0.012444683181371867,0.10808492702197563,0.23819133010092125,209,seg_4a6s,STTC
0.041342302178559616,0.48698622663443814,-0.49340203846194275,0.19830827335958687,-0.07535626617360404,0.11441388955878977,209,seg_6a8s,STTC
-0.19428451217142703,0.13895394463824667,1.120991229114887,-0.12135753979430255,-0.2852213072818166,-0.879126003213142,209,seg_8a10s,STTC
0.15429816563034665,-0.2650440735680027,-0.9402212674916339,-0.22433933268099226,0.002978592576259763,0.29551976645510586,210,seg_0a2s,MI
0.6782510158126382,-0.49303892456223875,-0.2644276279985699,0.03428979702974247,-0.38134014331771754,0.11202639256966612,210,seg_2a4s,MI
0.8766610096196575,-0.7027981122029879,-0.5095795716552541,-0.15752810941036344,0.17448633388064622,0.18317168088171865,210,seg_4a6s,MI
-0.3798744337154814,0.6841481353473016,0.437470094458144,0.036732445229147266,0.16876633052129747,-0.15606502071302553,210,seg_6a8s,MI
-0.9523923414450841,1.7522128052154176,0.9263151139222258,0.5631068252025007,0.17557924130732616,-0.48923191441894287,210,seg_8a10s,MI
-1.2236322765574636,-1.2768486452972585,-0.18559774586780176,0.20818736057324247,0.03953080208452598,0.16452402414146566,211,seg_0a2s,MI
-0.057680641289005546,-0.5882502694864759,1.2533027932107346,0.810614036196497,0.022995375317398477,0.06275700559013016,211,seg_2a4s,MI
-0.12037203227849196,-0.04364403316091193,0.9478574763690018,0.06771652274854079,-0.10914356932154386,-0.36260262157577766,211,seg_4a6s,MI
-0.29666710766924925,0.8072787964936256,-1.7355551074705615,-0.935471903117427,-0.05587875129250699,0.24426900606892207,211,seg_6a8s,MI
0.3389826860531067,1.2328180100647395,-0.040327025213287813,-0.43077983321116625,0.010957071528972621,-0.047942112987072134,211,seg_8a10s,MI
-1.3857172105352888,0.8657001544484443,0.10357016170525729,0.11007195838626534,-0.22116689180960156,-0.32849615271174987,212,seg_0a2s,NORM
0.8640922053586149,-0.30657477232460795,-0.29344535708921854,-0.15029272531172752,-0.193415054721414,-0.1557957603007864,212,seg_2a4s,NORM
0.3541782849522067,-0.2670219363393685,-0.2869972714250679,-0.2526651146145516,0.27333860353976214,0.17762729821132764,212,seg_4a6s,NORM
0.31091089282110373,-0.3190052213496842,-0.3206832561149853,-0.04651652753207252,0.23085620510745458,0.15021817093449924,212,seg_6a8s,NORM
0.7688596200134455,-0.185180695178469,0.6155098371355686,0.4178987719498801,0.06771269579394197,-0.05185389010361243,212,seg_8a10s,NORM
9.233192058762256,-1.5417530063203815,0.8556633082849909,-0.8311097942590665,0.4605407338816009,0.28011520566795356,213,seg_0a2s,NORM
4.973916882714789,-0.534873232227206,0.46547568195452427,-0.38636156635897334,0.3969401160456249,0.16183533810719872,213,seg_2a4s,NORM
1.1475212224029918,-0.16291324200959328,0.05739198887256056,0.27904081907960016,-0.39452116862752956,-0.17907592190565796,213,seg_4a6s,NORM
-4.308411382297364,-0.07834003311160295,-0.17360298558277126,0.4522643263130004,-0.1573629569690571,-0.07152023621854721,213,seg_6a8s,NORM
-12.747701642618761,4.612881706073611,-2.8690030522634125,1.0968389019910354,0.32667108592211647,0.11416610173449084,213,seg_8a10s,NORM
0.8939616116882433,3.416507751476238,3.709477037972558,6.455801248098416,-2.389637295805815,8.502910923032731,214,seg_0a2s,NORM
0.6611101804257696,-1.2030240475963496,-1.785695525865461,-2.568768661013993,0.7393139783312204,-3.513618743658851,214,seg_2a4s,NORM
-0.5620086033412761,-1.870273415261721,-1.8753820720107335,-3.3880660549559027,1.4265758869919245,-4.558591639461554,214,seg_4a6s,NORM
-0.3415382597917389,-0.6790806202121353,-0.6165582635009066,-1.6964368214260295,0.8102770186626912,-2.242935818002031,214,seg_6a8s,NORM
-0.20415093939440662,0.437566396839324,0.10205953865223738,1.1129660888207913,-0.5016791522351595,1.5771572452363731,214,seg_8a10s,NORM
-0.7299823993259775,1.3923096976314953,-0.2631894907209536,0.039993144520323896,-0.1252831254780014,-0.2819740262086989,215,seg_0a2s,NORM
0.28573038767716036,-1.178713902224831,0.6733202036354585,-0.5650379984735212,-0.698125905577166,0.12757971419865063,215,seg_2a4s,NORM
0.32085611639662515,-0.858509542633775,0.15896682758195338,0.09032780230457373,0.18107499784113887,0.18981153875658,215,seg_4a6s,NORM
-0.09316576603436567,0.7203704273463369,-0.09691570162939397,0.34314922306742734,0.3649430059652904,-0.019363994395217774,215,seg_6a8s,NORM
0.12338280018643785,0.06387223336574437,-0.2763288366811329,-0.025697743665764067,0.2999867500865999,0.009110064377437523,215,seg_8a10s,NORM
0.699865010454891,0.19787685843357639,-0.01564405839596158,0.06645577204890396,-0.6069903883408415,-0.43069849691053264,216,seg_0a2s,NORM
-0.024016694145897792,0.33314642036392333,0.027162337341794365,-0.019382714336751886,0.31643450202212053,0.04620965558748995,216,seg_2a4s,NORM
-0.2408896758409272,0.7597996629344274,-0.2314838844953199,0.04333514982322567,0.24788652647386045,0.062318328856206646,216,seg_4a6s,NORM
0.6778777537217225,-0.15483901407846257,-0.49958667734679124,-0.0505487852597073,-0.12355446938691483,-0.009923780102682262,216,seg_6a8s,NORM
-0.695301373278806,-1.434533890503047,0.5471003304675277,0.004781529714729989,0.2766246536001551,0.309268919560453,216,seg_8a10s,NORM
0.41071063153769666,-2.389387380690839,0.3657049746168612,-0.8705188997614415,-1.1034728749964433,0.5588166469339501,217,seg_0a2s,STTC
0.6581566177296653,1.0974697031881275,0.541834950660193,0.590201614829042,0.49725349688269854,-0.48089668384047585,217,seg_2a4s,STTC
-0.24664504712091434,1.4195004043114021,-0.18656400235421375,0.5498877986340639,0.624762985889992,-0.14590724705724004,217,seg_4a6s,STTC
-1.7741997239470997,-0.7466844457377196,-0.14733856997228342,0.1199788275751893,-0.09898867438598975,-0.0473443146168409,217,seg_6a8s,STTC
0.8448344779329005,0.07330644662700717,-0.28104644903730797,-0.4555527951307569,0.09904801146642159,0.11374736650411724,217,seg_8a10s,STTC
-6.232147717036636,-0.3187384822644299,1.5188932792535095,0.5127842093661056,-0.24513652529070085,-0.25141303353739175,218,seg_0a2s,NORM
-0.3475183685010789,0.08225692517922154,-0.38915189258602295,-0.030808795529927567,-0.03187050868560147,0.22552154333002028,218,seg_2a4s,NORM
1.8179589482221084,1.4687879258197987,-1.0966678584207348,0.03398771893606429,0.16576531792407345,0.5414274171018221,218,seg_4a6s,NORM
1.88843525329405,1.1453438750574854,-0.7423068516508811,-0.24122399510098191,0.13480859145216997,0.031587578417483955,218,seg_6a8s,NORM
2.116132193289564,-1.5087558151208011,0.25989013398381117,-0.2836167764681648,0.12196086406113191,-0.5534697421825491,218,seg_8a10s,NORM
5.232442330962299,-2.160563118923036,2.9664510246731832,0.803421186329899,-0.43486481417824985,-0.23087716074905446,219,seg_0a2s,NORM
2.9744743207707125,-1.0583020955457487,1.1020761127244056,0.43786366398153365,-0.06103148657829083,-0.1794833916116765,219,seg_2a4s,NORM
1.5433519316786084,-1.0053573739808308,-0.08486284179717919,0.21181643052821003,0.38890652491513333,-0.273417232210688,219,seg_4a6s,NORM
-2.4532425760097083,0.8434848807304495,-1.8725712081136012,-0.486948821994916,0.1385913868700768,0.3327679786859861,219,seg_6a8s,NORM
-6.391599767329795,2.880333612631437,-1.9066023273632413,-1.1086742175827304,-0.11836527987353392,0.2672381742181443,219,seg_8a10s,NORM
-0.516378330802444,-0.3308995758938724,-0.5242313261693285,-0.08313242081574924,-0.051919682476401566,-0.02728523613679799,220,seg_0a2s,CD
0.16467045366943814,-0.13207363007823997,0.6182401975647265,-0.09066781283176736,-0.052205785687633226,0.139933450812469,220,seg_2a4s,CD
0.18214508040465927,-0.4642643905529546,0.4995988468661863,0.0019419716251687605,-0.049823783265032714,-0.03678124655801944,220,seg_4a6s,CD
-0.4227869902218196,-0.6811997737198013,-0.09177602537462952,-0.07249760961525654,0.036321938154638966,0.007223039598989526,220,seg_6a8s,CD
0.32604366671543095,0.7733565380611276,-0.18089235047150684,0.003259786526473158,0.1284435673290333,-0.02624567062102254,220,seg_8a10s,CD
-0.29241322773427836,0.29073927395780325,-0.7526202101528779,-0.1648365633883201,-0.1735530671131659,0.20346264494851324,221,seg_0a2s,NORM
-0.2016335083105345,0.31660575980408906,-0.04104940312338649,-0.20046722684520152,-0.20353501650489295,0.10715652622415453,221,seg_2a4s,NORM
-0.22372429590553783,0.5119460762335757,0.6606835749655757,-0.3537678945951242,-0.002608856740326648,-0.08657436258295204,221,seg_4a6s,NORM
0.3073690195821366,-0.14673583539364812,-0.16128689214524736,0.10122676086556535,0.15443476481558335,0.0045083302464831,221,seg_6a8s,NORM
1.1342375916653418,-0.7986742314634018,-0.5110952037750178,0.4443225350024732,0.29727835889480364,0.10125841913225994,221,seg_8a10s,NORM
-0.3420153600408526,1.4341114639159438,-0.7568606122711372,0.291993961314342,0.10681661553376472,0.010162944007301904,223,seg_0a2s,MI
-0.06664637073566958,-0.2732212024758013,0.2702297085713024,-0.16252085982168715,0.11425592788293581,0.08306280632707178,223,seg_2a4s,MI
1.1347266204543824,0.01955553826756901,-0.19169809073161992,0.3650803608752094,-0.07839159371298765,0.3204116752770021,223,seg_4a6s,MI
-1.4003447156263933,-0.9688425617304094,0.24948794814116534,-0.13802000200929532,0.03896745769071621,-0.21177802077177102,223,seg_6a8s,MI
-0.30628830841861554,0.3209264008456215,0.29678380660302195,-0.37680501219653906,-0.006058166982071386,-0.2517718362493275,223,seg_8a10s,MI
1.0969092169295913,-1.8909977698567688,1.3801072221057673,0.147378562518395,-0.15107979883948852,-0.25371860305530186,224,seg_0a2s,NORM
-0.8489267664345067,-0.35373168527688353,0.1936957404339267,0.20091299946214192,-0.09237421023105168,-0.11245658084937314,224,seg_2a4s,NORM
-0.5544910874602864,0.905558746662919,-0.9249669981235632,-0.08783259999376555,-0.027348831446810794,-0.04353966366177096,224,seg_4a6s,NORM
1.0275674892113629,0.7079194309055655,-0.23406608729116657,-0.12709586048993826,0.13024062467088943,0.1264065349824429,224,seg_6a8s,NORM
-0.851841855190133,1.5218663792776472,-0.1510178781356602,-0.01515673472642816,-0.04343466176501616,-0.005954224533458143,224,seg_8a10s,NORM
0.14663624013533386,-0.2952788665757472,-0.1320562257910376,-0.031664270199024715,0.03509679287067671,-0.005847993671313414,225,seg_0a2s,NORM
0.17183638869887144,0.005172668997163199,0.18956666809454434,-0.5665721500812242,-0.08895382739601854,-0.2712083356688017,225,seg_2a4s,NORM
-0.4353645093275495,-0.12626254185446825,-0.013603551860608446,0.2520193983237247,-0.13935924202811045,0.3880545293638518,225,seg_4a6s,NORM
-0.05576487529742836,-0.7080127564339709,0.27356547531772524,0.1790857464124746,0.08463086485023293,-0.020122634352917633,225,seg_6a8s,NORM
-0.2082649731147465,0.5063086571555315,-0.20662884268053863,0.10367205621820716,0.10101379751870007,-0.1571092441431182,225,seg_8a10s,NORM
0.8037798449716305,-0.9604646913079825,-0.011709688339404525,-0.26085544736290867,0.06124812550500948,-0.1679221877237665,226,seg_0a2s,CD
-0.8855712534391514,-1.5324600019121635,0.2700117811964479,0.19461729883877138,-0.28057694404173417,0.10856288800212603,226,seg_2a4s,CD
0.3253798896851288,-0.2196526630872127,0.1560628640312715,0.03237158812658734,-0.044425136775877505,-0.11747730399697803,226,seg_4a6s,CD
-0.27350798863283327,-0.26379459310087455,-0.06908791515868978,-0.029358868868883763,-0.027788851601737437,-0.033117153315053334,226,seg_6a8s,CD
0.26042597763255604,1.13280660759456,-0.0015621094636738032,-0.029759309697541873,0.03555883860442117,0.40902159274156313,226,seg_8a10s,CD
1.4968294718335506,2.4960919296377773,-1.2543489697375667,0.28581085551854457,0.14317794525643582,-0.14111080456614797,227,seg_0a2s,NORM
-0.07722006639061393,0.04033497516674492,0.9340414248261418,-0.002973629831208515,-0.08781153758621912,-0.14954479040381286,227,seg_2a4s,NORM
-2.280682556373835,-1.7368230928174044,1.4922411543389806,-0.10223059507771651,0.13989098509888345,-0.001366817086308005,227,seg_4a6s,NORM
-0.7763792848832684,-0.2024891690651605,-0.31629833138602825,-0.0029868984505981365,0.026274348242688164,0.34696671978984156,227,seg_6a8s,NORM
1.9670028491610643,-0.4842601014588136,-0.6933873588233169,-0.28198537441234356,-0.04309646831104353,-0.08460474209134086,227,seg_8a10s,NORM
0.47605376614928424,3.5598191922245275,-0.526577841169729,-0.037699597555863,-0.13490850029192278,-0.15536674376788884,228,seg_0a2s,NORM
-0.6305038549574017,-1.5119922033241997,-0.09240741511377921,-0.08931970464419521,0.08756139110716878,0.23066395892573735,228,seg_2a4s,NORM
2.3643639498113656,-0.10819492579769567,-0.8890758063112462,-0.4146604648960697,-0.31581943729314516,-0.01266636000270727,228,seg_4a6s,NORM
1.3078367789333256,-1.2002267894484575,-0.33118075970893274,-0.26529988326184867,0.1101669277740109,-0.0383730502884292,228,seg_6a8s,NORM
-2.864636736421032,-0.25519806706476944,1.6005709705726714,0.657365212965701,0.2923448033324305,0.06238554469374048,228,seg_8a10s,NORM
0.21947229724668696,1.5542192591856523,-0.607733836954101,-0.30227088383725864,0.2408038564030544,0.020209642846478342,229,seg_0a2s,NORM
-0.14841270074455762,0.7045086679091804,-0.2995532981891226,0.2192393483821695,-0.018597007537406857,-0.04965113483063697,229,seg_2a4s,NORM
0.2656626634173611,0.649624313285849,0.05963845097474116,0.062004002915759374,-0.012166440612621175,-0.0322242295028802,229,seg_4a6s,NORM
0.6483616468925568,0.19449279279925064,0.15837345438685516,-0.18896398824029614,0.14626027024474486,-0.040239604660876574,229,seg_6a8s,NORM
-0.5114208248172891,-2.7159860877590742,0.2891295651410346,0.09788161775736363,-0.2153239111236002,0.06443609482902603,229,seg_8a10s,NORM
-1.7956797902985726,1.3618239671554022,-0.6192889589159237,-0.43786623154667487,0.050002232962613344,-0.060357553500165265,230,seg_0a2s,NORM
-0.6171363159650913,-1.483285088788355,1.3466921032708106,0.1453630309837741,-0.030857361044789033,-0.016132638757191734,230,seg_2a4s,NORM
-1.9389151427996607,0.9321315757610171,0.011105282321435813,0.3050717259783906,-0.05687109044100157,-0.018537265285815337,230,seg_4a6s,NORM
-0.6337890255119552,0.14334189114281196,-0.9270422360219605,0.11961236926137739,0.3212887019706876,-0.009901283806462585,230,seg_6a8s,NORM
4.752189796654966,-0.8562598299283142,0.04439053444075092,-0.2568447937831209,-0.15130819007318877,0.187197373146882,230,seg_8a10s,NORM
-1.0499913870338327,-0.9586512640845765,0.15977179384410295,-0.0772579691257963,0.3457114121643752,0.26091454061992314,231,seg_0a2s,NORM
0.35488066019703574,0.07442466521019839,0.06306804475576581,-0.04156070012253306,0.060390617663276955,-0.06425479503728629,231,seg_2a4s,NORM
0.29922437399528007,0.4952358270676139,0.07009835039109809,0.456461540891279,-0.007833092379314864,-0.12274444338651155,231,seg_4a6s,NORM
-0.15195581647568357,0.2485401216602389,-0.5986556520767893,-0.2364157832325457,0.05338012541881273,0.1633169898055851,231,seg_6a8s,NORM
-0.13959541784415647,1.1187336352384516,0.047877290061663885,-0.09786273037061854,-0.29251683622142355,-0.1084239104036799,231,seg_8a10s,NORM
1.5414293744852425,0.4455506874627561,-0.48913754654638514,0.8555651622307477,-1.1377059034289663,2.750735111010577,232,seg_0a2s,NORM
1.1126667826125198,-2.806190868102965,1.36048415351541,-0.03510800943943825,0.17279662475514468,-1.435335352873852,232,seg_2a4s,NORM
-0.21897186418549874,-2.911682892814546,1.2862351661327442,-0.8113733124648868,0.6037704388946591,-1.8819915371585592,232,seg_4a6s,NORM
-0.6628199542896591,0.26308304038303726,-0.6119980594259498,-0.3282644007812997,0.5369674464749775,-0.44732510926759445,232,seg_6a8s,NORM
-1.5920450571076368,5.581697540843063,-1.5377676981351716,0.11664654757036931,-0.2436588568886803,0.8498773730159743,232,seg_8a10s,NORM
1.2715297051543368,1.5199485044866166,0.3160458818293174,0.92795438362272,-0.5164347118427591,2.6836418630035923,233,seg_0a2s,NORM
0.12881598417690757,0.12985059625180834,-0.9552340178694468,-0.7053249288443146,0.6830255968582125,-1.025759928826607,233,seg_2a4s,NORM
-1.7844552385091843,0.5457732039332881,0.3935092687473769,0.13601698749020408,0.18728507219323737,-0.32751846829932546,233,seg_4a6s,NORM
-0.42690222369199504,0.42606919888637607,0.553652291224257,0.35953873833041666,-0.1272738955364318,-0.21754211686301395,233,seg_6a8s,NORM
1.275398623351682,-1.5241017229586244,-0.6499542061061416,-0.5850043661097528,-0.1275926209434443,-1.1324863755805834,233,seg_8a10s,NORM
-0.3675322713566293,-0.08559327665806235,-0.45618303669614224,-0.2690085284919376,-0.1623380296850513,-0.3799390287994404,234,seg_0a2s,MI
1.0062146367080864,0.09592534732380364,0.3250056162286718,0.04333827392115508,-0.3600774269595952,0.0013856562667364481,234,seg_2a4s,MI
-1.1615139131940893,0.3573609194772667,0.24219216952554457,-0.0043859025870194406,0.013792505661535542,0.07793969899321107,234,seg_4a6s,MI
0.2487729626771815,-0.050713740369935964,0.20381745206305124,0.2222854621101553,-0.13094145187703035,-0.0957268452049488,234,seg_6a8s,MI
0.3266674579028597,-0.38909575785264366,0.0801685513383767,-0.5473315194494103,0.26371464972509456,0.3571066951586643,234,seg_8a10s,MI
0.08496860114288868,0.18308105808133654,-1.1611703977984644,0.7521380569403121,0.9189348148989908,0.8928814744169713,235,seg_0a2s,NORM
0.2418315370667842,-0.8285511506283091,-1.6767260644115891,-0.1944539377011092,0.4476898816237495,0.541742182282941,235,seg_2a4s,NORM
0.04405429905340935,0.14827245163037628,-0.06656061173544385,-0.4975036208735284,-0.10836673834024217,-0.3233699429680508,235,seg_4a6s,NORM
-0.20081389833435748,0.6547352476028524,1.0592307018905935,-0.20764074257880286,-0.5537108392436628,-0.4989646612965306,235,seg_6a8s,NORM
0.5337883862202275,-0.15001455784084358,1.7889604752816057,0.18856356266750815,-0.731493538295039,-0.8110880160603656,235,seg_8a10s,NORM
0.6174772781850885,-3.1075221212338793,1.934326383464357,0.7340506560493032,0.15935285269316682,-0.3141503142251205,236,seg_0a2s,NORM
1.2041856467816145,0.02860710273323857,0.03778931427503107,-0.06653392171707383,0.15365166292639215,-0.357191069075753,236,seg_2a4s,NORM
-4.086774693354753,0.6963677647032532,-0.4326769751832133,-0.824888665752316,-0.6214189961961432,0.9566908566794453,236,seg_4a6s,NORM
-1.750265094063389,0.2663513171961767,-1.3113102479314547,0.037010973164182615,-0.5996355196925609,0.35866953606421476,236,seg_6a8s,NORM
3.510565057777475,1.3603241726656237,-0.13228986816056157,-0.0888683363484785,0.9740625902905052,-0.572839817271227,236,seg_8a10s,NORM
2.9445042498620255,-0.38016788088334064,-0.7536580296286095,-0.0012047382771045133,0.14496813792744762,-0.11732423356818598,237,seg_0a2s,NORM
-1.57927092933749,1.3569749275380176,-0.5833411654354138,-0.1869888591188664,-0.15256901439490264,-0.08289681461976538,237,seg_2a4s,NORM
-0.3179675229550206,0.664742153315214,-0.41405213646288513,0.3060332212962382,-0.3898383200006584,-0.016002187576293552,237,seg_4a6s,NORM
-1.1101774985338355,0.18151388197731613,0.3868557434378373,0.27595494621170363,-0.2698879736658496,0.04902706052915596,237,seg_6a8s,NORM
-0.5831910932052319,-1.4592360308900632,1.0919563267714465,-0.3840663161398152,0.6304170429828857,0.26656962480835344,237,seg_8a10s,NORM
5.361445324889115,-0.3020867988761971,-0.7669540331713551,-0.4436890578833211,-0.23133291798268493,-0.27107246041875604,238,seg_0a2s,CD
-2.054026274077552,0.6842393346278561,0.617098618658175,0.14169285179848232,-0.09614406703863876,-0.20317431852018378,238,seg_2a4s,CD
1.722341904233434,-0.49507041794244194,-0.7868610426317058,-0.173350108228479,-0.0024809870499725457,0.033012358195541595,238,seg_4a6s,CD
-0.17263502491266816,-0.3387591753443734,-0.17055494231315027,-0.11518425812607813,0.059951193988115305,0.2413719822273581,238,seg_6a8s,CD
-4.519508852148623,1.4143068984201994,0.9176119028238654,0.5489658846151014,0.28547263557789815,0.1551220544337682,238,seg_8a10s,CD
2.4908341596186694,-1.9199579623538445,-1.0246618210451408,0.09677747804408253,-0.09074348521811601,0.2983147991106033,239,seg_0a2s,NORM
-0.9554960872493895,0.7797942543500903,1.0635996010989077,0.8834125586935696,-0.33890831367357277,-0.5213388715547143,239,seg_2a4s,NORM
0.14442655836502913,0.3176556801883674,2.1659960845700725,0.8629302712605194,-0.6616946823476032,-1.173092593489925,239,seg_4a6s,NORM
-0.8873361974557006,1.4461023527979595,-2.1128653496575076,-1.5320716647156873,1.1427990230561744,1.5249748095208642,239,seg_6a8s,NORM
-0.8784692812958792,-0.8945771623162692,0.1365054757649235,-0.05150717449975501,0.044620908363642506,0.02440773890063766,239,seg_8a10s,NORM
-1.8347333817026135,-2.8751161898568847,1.17908842166486,0.9068462983940248,-0.47217013520144374,0.02173529145180324,240,seg_0a2s,MI
1.6892442937530288,0.9936047250088478,0.29800376516206284,-0.27815266106492437,-0.10870921670547704,-0.07611022163387204,240,seg_2a4s,MI
2.7373932197910626,-0.13042063230385895,-1.1335517619885622,0.22193462662762786,-0.6037744912496208,-0.28050796042612103,240,seg_4a6s,MI
2.9102868084733133,-0.8877400442409439,-1.7479571216856034,-0.37286970885334914,0.12939872611207345,-0.09162088214370627,240,seg_6a8s,MI
-5.097858660344274,2.317765200372667,1.2735240661034855,-0.5166479604792139,1.263750140031069,0.42995534532248714,240,seg_8a10s,MI
0.39671160169140524,-2.3315595508163534,0.07696671753264125,0.12777721029301076,-0.5605576687700808,-0.43033719910698776,241,seg_0a2s,NORM
-2.0791283016661946,1.4446853545741802,-0.20425151224581592,-0.023623457293974096,0.245860490059946,0.06303852663180118,241,seg_2a4s,NORM
-1.114224168560951,1.322368724554574,0.19770991517381192,0.3509753870500671,0.05543143324491581,0.10605874988667384,241,seg_4a6s,NORM
1.1848761666100984,0.058537562394303265,0.2830408138073267,0.10003837260931013,0.06528284851730323,0.08124289338441976,241,seg_6a8s,NORM
2.1861492519379837,-0.5635472946669028,-0.5974630783680552,-0.7657855634849412,0.2854258974589473,0.4161883695337853,241,seg_8a10s,NORM
-1.588925514507606,-2.253692617882365,1.4262808786137031,0.19408384149726993,-0.4294459477251216,-0.21719023474171445,242,seg_0a2s,NORM
2.377122204714352,1.744830647364531,0.08415733241260667,0.30698410713815105,0.05411562239210317,-0.32268201624991644,242,seg_2a4s,NORM
0.09440334568988956,0.991730397231795,-1.1713833546287418,-0.40234046559125164,0.41231245146325674,0.7681747382811012,242,seg_4a6s,NORM
-1.0987306781799218,0.3774226560229256,0.9125731393194129,0.24683142989636078,-0.16858354420693747,-0.1695717790186161,242,seg_6a8s,NORM
2.046752442581897,-0.41095153959998004,-0.586957469425137,0.6014918446901627,0.08963179702203058,-0.42256703957924846,242,seg_8a10s,NORM
0.4274690655697135,0.13616147938794934,0.8094853820657728,0.39776343281524074,0.05034580132393809,-0.07408236419435714,243,seg_0a2s,NORM
-0.8991261387469349,1.272799448883327,-0.6491892521125412,0.010741905229573207,-0.11893801848130968,-0.04207665229563607,243,seg_2a4s,NORM
-0.84886354160665,1.6621158174403305,0.2609475573177381,-0.25002339198977874,0.04743566299040739,-0.09712798363162298,243,seg_4a6s,NORM
-0.5402669806203206,-0.1540035861423068,-0.33640749299282996,-0.15566397747195448,0.23596880620910402,0.13563062049843008,243,seg_6a8s,NORM
1.8286848622140857,-1.7065464839998592,-0.0912092380884965,-0.2977249682477139,0.10569751406695276,0.2040383132305019,243,seg_8a10s,NORM
2.0508928115856624,0.5035626174033921,-0.43692621748553023,0.0546008405528855,0.10579441489743269,0.2142903635749611,244,seg_0a2s,NORM
-0.530968728261359,0.5380690361058439,0.46795386267276295,0.40791105512502207,-0.102054369129666,-0.26019592832001637,244,seg_2a4s,NORM
-0.39283636695532415,-1.576877700412301,0.03222188865463707,0.3549252413247744,0.14272956070937107,-0.12463140674505166,244,seg_4a6s,NORM
0.04313171709249274,-0.07037399773123384,0.34194025235468456,-0.2511459818049834,0.02003242616155939,0.00032207180055145043,244,seg_6a8s,NORM
-0.37938517427565155,1.2863821782710727,-0.10912137402695304,-0.4460016037496824,-0.08797551809601788,-0.056573769975531436,244,seg_8a10s,NORM
-1.5337766210849915,2.420989385024628,-1.2521955016520594,-0.03693723596179445,0.34254466159346497,0.33368746722677733,245,seg_0a2s,NORM
1.2512708476234347,-0.8515311261370634,-0.21125372676020823,1.1095954239369339,0.4522196723294308,0.20401033662227502,245,seg_2a4s,NORM
1.953809363617432,0.38754717245363113,0.49321855169030776,-1.790675137110245,-0.6338831309802883,-0.281020425098667,245,seg_4a6s,NORM
0.059377950085311756,-1.2686931425629284,-0.27689524430014323,1.6961686776734686,0.7249321799340527,0.15717868800144572,245,seg_6a8s,NORM
-1.1670899452947092,-1.0979761776003203,1.6012013662926,-0.8380153744856756,-0.7680206003756378,-0.43842731310840155,245,seg_8a10s,NORM
4.665267128178884,1.350672519427747,-1.674107758567762,0.3320712088775474,0.05928340506401568,0.09272096636760996,246,seg_0a2s,NORM
-1.8578643987547612,0.4576821440264704,0.017843092903923823,-0.059651370770344735,0.07770212333921679,0.03221627451825162,246,seg_2a4s,NORM
-3.8635324273537073,0.8276055850718211,0.12743177108963671,0.1029657791444127,-0.00020223833988597265,0.06550504389889236,246,seg_4a6s,NORM
-1.3082093724244377,-0.2680106834409712,-0.09907475398263098,-0.26419310821980785,0.021245887719149262,0.103402955149513,246,seg_6a8s,NORM
2.007097240112421,-0.8865971402389264,0.9644966962637623,-0.18506049058007745,0.0011590635380059194,-0.05874175159465145,246,seg_8a10s,NORM
-2.069743863440034,1.4796855465047514,0.31582162960659615,-0.5298360663426502,0.4472562907647811,0.28351815595412927,247,seg_0a2s,NORM
7.222677810547423,1.275856822832626,3.711584088424056,-0.8191797585965799,0.025502963176416607,-1.4080696833186093,247,seg_2a4s,NORM
-1.2017148003033267,-3.7052991926410015,-6.335693409068201,0.243733635961234,-0.30178302231012333,1.892467552064536,247,seg_4a6s,NORM
-1.3183712655917057,-2.1911090456912716,-4.032081625417109,0.6199046387247009,-0.5281043988053161,0.7988823627091303,247,seg_6a8s,NORM
-3.260092361373378,2.8720022079933227,6.2578574752820355,0.6022674853785327,0.3433951056726815,-1.6132659938560538,247,seg_8a10s,NORM
0.63607361069394,0.31656680210688537,-0.06986076726488367,-0.24230816587202716,0.38241594099032356,0.40156958040371926,248,seg_0a2s,NORM
0.10467791793499776,-1.1398791617704112,-0.27916088850381293,-0.4292461044921817,-0.03022902803947233,0.11386776585491083,248,seg_2a4s,NORM
-0.26330733379096916,-0.1940866026454204,0.1984203412126676,0.10379474483260705,-0.05624637976370548,-0.05187643848598081,248,seg_4a6s,NORM
0.7603010108577183,-0.394405476852577,0.4664656071327948,0.4147039159027173,0.09691309242015465,-0.2888670553489179,248,seg_6a8s,NORM
0.052402362626179824,1.6448017496291192,0.10047054057394886,1.1426558632964683,-0.5792319352520566,-0.7713196669334778,248,seg_8a10s,NORM
-0.6671808445625246,1.3755706617719456,-0.5473067420011131,-0.08464709340564548,0.11275657903548701,0.24411865696148677,249,seg_0a2s,NORM
-0.1565912413622126,0.2921826635315517,-0.0781465171236676,0.44883004314312525,0.0690712565711669,-0.11712115236507788,249,seg_2a4s,NORM
-0.8517754194856453,0.47875757794810364,0.567954164217165,0.09480372761986985,-0.010127033907596032,-0.0686535021025888,249,seg_4a6s,NORM
1.897647269272263,-0.11734666894680403,-0.750833395268907,0.02105317225336482,0.04449257335141245,-0.07916259164540723,249,seg_6a8s,NORM
0.0555819227997059,-0.796027980320226,0.48627222731846453,-0.36564293882214477,-0.12269306799552168,-0.14209164708172461,249,seg_8a10s,NORM
-1.5150426280247498,1.551101388759742,1.1090790498386462,-0.200969440661646,0.2034621296908673,-0.26512331371758857,251,seg_0a2s,NORM
1.0714295464094263,-0.27139376733202286,0.17890605576306617,0.19993739112054978,-0.7116112202222193,-0.18164764384744342,251,seg_2a4s,NORM
2.3601608540160677,-1.571449077858442,0.5694325539328324,-0.2970343028836999,0.6491937220236467,0.30905381589752423,251,seg_4a6s,NORM
0.7823637887192685,0.39137303163760195,-1.4286896861836487,0.33043053227880753,0.12528463163358222,-0.10183704817822424,251,seg_6a8s,NORM
-2.608568084504606,0.5803675965321069,-0.27256120766165126,0.09974514005073812,-0.0359985552103615,0.31387872951746687,251,seg_8a10s,NORM
3.887362392919348,-0.8937866786067842,0.40581938975141085,0.019823732249335143,-0.09489426838552362,0.15326252980741334,252,seg_0a2s,NORM
-3.4392983940821718,0.814431037509468,0.20912177274456262,0.586273293680492,0.267624244609751,0.46440665845274315,252,seg_2a4s,NORM
-1.0223763920676614,-0.9690371144968675,-0.8051189675051008,0.20479760458504775,-0.22490326353757562,-0.019305799186557372,252,seg_4a6s,NORM
1.7736731457057562,-2.709010304527046,0.10742332866283433,-0.42646870412076004,-0.20512969261051137,-0.23902766856311777,252,seg_6a8s,NORM
-1.1398915741743274,2.975413281469932,0.07230799608296701,-0.13896179540308068,0.2789442629828629,-0.14944411876775765,252,seg_8a10s,NORM
-0.11003468536516692,-1.1175870794927427,-0.9208891747743391,0.024891977857477914,0.7440912652999,0.7145904224131997,253,seg_0a2s,NORM
-0.14335753642731097,0.2847915364974728,-0.05516534747097108,-0.4390735508755682,-0.031267081497928395,0.026141093526035296,253,seg_2a4s,NORM
0.22882583734691644,0.8772060866880695,-0.13738266928931706,0.2951108827444965,0.21662026632210685,0.07854565823365768,253,seg_4a6s,NORM
-0.5590395686595945,0.5630521880951481,0.9523554705819863,0.16525021004394144,0.5836952837146101,-0.14066422477723,253,seg_6a8s,NORM
0.5615434627138153,-0.3138759544408593,0.19777985353988178,-0.06406357959783904,-1.3760928731521818,-0.6237185804740628,253,seg_8a10s,NORM
1.953976148169228,1.0785174272083733,-0.36252555213484705,-0.5376834612860498,-0.0468096592882262,0.38952790523799186,254,seg_0a2s,NORM
-1.6031531179301164,-1.1187458979485834,0.2799697941834564,0.1614480856623989,0.10731112754758976,0.08603580074874063,254,seg_2a4s,NORM
-1.9987490437933568,-1.8842350383379853,0.7300077441789395,-0.048795024104088036,-0.3437640117138338,0.08155388364653868,254,seg_4a6s,NORM
-0.21229023897227853,-0.48944521209740216,-0.3598507061132168,0.2151981312392577,0.05409958049644024,-0.3722737227979969,254,seg_6a8s,NORM
1.7871114945277649,2.3524553049653765,-0.8958697583790453,0.24710732853590742,0.25307473757632865,-0.10957223067906774,254,seg_8a10s,NORM
-0.6599234924151254,0.904920180188976,0.25061897166110453,0.13783748854557562,0.03242248512485442,-0.15607886625148734,255,seg_0a2s,CD
-0.19052858556488395,-0.09340462813496389,-0.07590033693064097,0.09762752943912674,0.12379609702110701,-0.11513041025517844,255,seg_2a4s,CD
0.272738939027203,-0.526393720018122,0.09559767631801898,0.10882994487211106,-0.10100268754527027,0.25146897997023293,255,seg_4a6s,CD
0.32263776001435646,-0.6963224998744338,0.1328668981458799,0.0007884727404058925,0.09143062898530559,-0.36269229104629036,255,seg_6a8s,CD
-0.1483763930331219,0.7980426576569932,-0.3721194048302497,-0.08651918633296164,-0.20053852500348235,0.28487577914104506,255,seg_8a10s,CD
0.5981900550122478,-0.40497052318590254,0.851012661312365,-1.218759448996211,-0.43524812826195025,-1.0503588628023377,256,seg_0a2s,CD
-0.49231286765836774,-0.21714649243778708,-0.2034369627866839,0.44204117614373895,-0.11879045891020505,0.27582052969135157,256,seg_2a4s,CD
-1.014789759298981,0.34281362896539225,0.3430098010655011,0.07052480255798671,-0.3196625829951843,0.35999918821703447,256,seg_4a6s,CD
-0.6034065668242439,0.5259264740066577,-0.643732801854548,0.3367566405066622,0.04701683960332244,0.323808712143206,256,seg_6a8s,CD
1.4657519830418306,-0.315111510813358,0.6128668274252742,-0.2618438341416814,0.37862428725146946,0.048871887704307726,256,seg_8a10s,CD
-1.137615083010669,-0.006307603907267409,0.19637140441641485,0.9030152189544525,-0.02206663690579119,0.29280595787578184,257,seg_0a2s,MI
1.4790172753459414,0.5424782431814396,-0.7626605653904536,-0.128269182816232,-0.29221951985490413,-0.20232993876563776,257,seg_2a4s,MI
-0.5154433523046542,0.6517488406294788,-0.49482124960504753,-0.375257664762307,0.6039219467945659,-0.7677433585181201,257,seg_4a6s,MI
-1.0798444939344314,0.010364203916003048,0.5460979983946338,-0.30301059201075686,-0.16593471308819627,-0.5482328351608194,257,seg_6a8s,MI
1.2489272915062397,0.08499885128045943,-0.014083992136938095,-0.21069859208175085,-0.1972420833553165,0.9749528573283989,257,seg_8a10s,MI
-0.8431409962916525,0.7209969684663562,-0.5215864958242713,0.17892907569853975,0.1605382241298345,0.07223425628414042,258,seg_0a2s,MI
0.27283910043342585,0.752536048592055,-0.18474402260950035,-0.21112434428473228,-0.16024943202696923,0.4458779205458663,258,seg_2a4s,MI
-0.5261261344816707,-0.0812907976326899,-0.10273316448880129,0.3430812358684512,0.18811108093374446,-0.4411628672032958,258,seg_4a6s,MI
-0.5282646449924042,-0.5208936756054138,0.8420154686667053,-0.25485576871426224,-0.3551945825676274,0.4512706397028013,258,seg_6a8s,MI
0.9486356912436813,-0.3291545493531642,0.16741735627085405,-0.19704065499545148,0.03314636950981509,-0.7360213532554536,258,seg_8a10s,MI
-1.0685326035781746,1.392905682223635,-0.07924555690125641,0.7282009623373876,0.624562896234704,-1.1305113553666741,259,seg_0a2s,STTC
0.18798540783765882,1.0914167309999678,-1.3872692605094494,-0.9108616674048263,-0.5095334904137601,1.2669516167245505,259,seg_2a4s,STTC
-0.8934023992869748,-0.9713282744431802,0.869716453150333,-0.22085531157772775,-0.5107440729562289,0.14241477972417216,259,seg_4a6s,STTC
0.49408605220967394,-1.258217448775441,0.4042743149553685,-0.92552737106233,-0.4439181226652896,-0.37895755802242875,259,seg_6a8s,STTC
0.6310762112081627,-1.4821430863556688,0.46388551334866035,1.2400624993407905,0.42562574979906276,0.005697102797897271,259,seg_8a10s,STTC
0.5927814531956388,0.9965114894248495,-0.45507845688623394,-0.03684729827144435,0.11613807864140913,-0.21921142490116372,260,seg_0a2s,STTC
-0.20008127369646111,-0.24899047895106444,0.08648219099250298,-0.0908945179067975,0.0666023430179978,-0.2399998803957783,260,seg_2a4s,STTC
-1.6584417992782245,0.06183601988947498,-0.20565412255948542,-0.4398362463593266,-0.3948694254740497,-0.5751037091730131,260,seg_4a6s,STTC
1.339232799699882,-2.471800930363841,1.725052458209408,0.5283064110524016,0.05003602950370122,-0.09611220733812778,260,seg_6a8s,STTC
0.3529252283549164,0.5966868085756238,-0.890301435024577,-0.06003149592845168,0.31993680851922646,1.0450355563156557,260,seg_8a10s,STTC
-0.8660344020770234,-1.2049141427092385,-0.30069168605929386,-0.29401598630331427,0.3043470895304071,0.01691359823945759,261,seg_0a2s,STTC
-1.3040251413977375,1.0009539048103133,0.3474495936134033,-0.1781021479723677,-0.002181896069293857,-0.22901970879222017,261,seg_2a4s,STTC
-0.39980120140112096,1.4456933000343561,0.46336466696088685,0.20763699845237718,-0.05022888978496482,-0.23092343030963497,261,seg_4a6s,STTC
-0.019141144649468818,-0.0033695646180380173,0.3361332377780784,0.5718895787481018,-0.010279569433369521,0.20636900244899264,261,seg_6a8s,STTC
2.0437005520967397,-1.566377402979055,-0.7465798589708296,-0.3295369981687526,-0.23006490483340344,0.27368165701867075,261,seg_8a10s,STTC
-0.4765146743234429,-0.1309471018801936,-0.3608261962113991,0.1036028415868268,0.1279748108930789,0.2753047314882346,262,seg_0a2s,NORM
-0.005263225862643478,0.3672795493696231,0.27818593446753725,0.08519837922577313,-0.035258352482848775,-0.13595301148359576,262,seg_2a4s,NORM
0.024908397569726525,0.10013751984582099,0.6215957714116269,-0.01437680177184084,-0.3057101611561583,-0.04621464606741602,262,seg_4a6s,NORM
0.15708558815261586,-0.1987753973661889,-0.5664476790581561,-0.13314740889010743,0.17871452900004556,0.3008694422978915,262,seg_6a8s,NORM
0.37267419161264653,-0.17961199308775708,0.1270416637160629,-0.17411986603687157,-0.1059152088023802,-0.2016492548371514,262,seg_8a10s,NORM
-1.326991702796823,0.11698311558487726,-0.2274931009328444,-0.5074971290525775,0.3141097322969931,-0.6846509279055685,263,seg_0a2s,MI
0.12209919158174753,0.3823550015448535,0.3027600620268774,0.5238813653795491,0.16838936288946493,-0.10275822513799977,263,seg_2a4s,MI
0.5048733721147968,-0.027139068304659116,-0.35808799067848707,1.1027355378533004,-0.8575948555673891,0.4482120665245378,263,seg_4a6s,MI
0.9131703401749514,0.0389494162072384,-0.47310883217308053,-0.2269787842985541,-0.5338488819914546,0.32036262195471454,263,seg_6a8s,MI
-0.521344816841538,-0.5685822843838386,0.9655584684400332,-0.9223673171083862,0.7407203368976687,-0.20933726879102096,263,seg_8a10s,MI
0.6376207738489154,0.28078231968938,0.21584569064953793,0.056301525037969286,-0.17146968440775176,-0.03283228718577899,264,seg_0a2s,NORM
-0.12871231999733362,0.37116323512684474,0.13320578246834666,0.2709492686733404,0.18633370243804126,-0.0038445977549197916,264,seg_2a4s,NORM
-0.6954814375403383,0.0005259778673629116,0.04796838554581236,-0.1292356695663335,0.08233383865302234,0.050973908307976386,264,seg_4a6s,NORM
-0.10357561046558347,-0.1570968039033138,-0.33086722742021885,-0.2752894056129946,-0.19697312638776787,0.09743535121035722,264,seg_6a8s,NORM
0.05323327050053066,-1.0571770025544591,-0.15096852885694337,-0.08892476946728593,-0.16645824954163038,0.0391386441777735,264,seg_8a10s,NORM
-0.3939680796906553,1.8322738459681722,0.39348433768793056,-0.011821862345538028,0.22746060873726573,0.016015302275317805,265,seg_0a2s,NORM
0.9115109951535256,0.4399911185406573,0.06696647298656014,0.043765948373677796,0.0808120909393507,-0.021238041685822728,265,seg_2a4s,NORM
-0.25917200089119025,-0.7085198146700824,-0.011609340190431267,0.22253485081885357,-0.08240078930766892,-0.008888738350987621,265,seg_4a6s,NORM
-2.379710753254276,-1.9819402681114728,0.049454549182944584,0.24396462926159257,-0.15923632422283632,0.1911637164382649,265,seg_6a8s,NORM
0.725969774112327,0.6938605534191374,-0.3970200434805411,-0.3228151990360961,-0.043343263722506534,-0.12461594600866426,265,seg_8a10s,NORM
-7.251344385609245,-1.1840187754090008,0.8491158548369444,-0.6317201668945832,-0.9230576818907279,-0.3743826316491604,266,seg_0a2s,MI
-4.348662798269518,-1.5802793375770443,0.1534850690824559,0.18725734746712158,-0.6918244847115944,-0.02252661122497642,266,seg_2a4s,MI
-2.186088588181023,-0.16370995060771634,0.05911250577018134,-0.13652261282550326,0.36619857113362886,-0.0478519995945676,266,seg_4a6s,MI
4.852758839003517,0.6961511201700958,0.1634243983372009,0.371256246116379,-0.2373306854117946,-0.551603033647333,266,seg_6a8s,MI
8.411445039514993,2.5862029179492483,-1.10940692594835,1.3967606801588774,1.0744911033313416,0.2636918519708222,266,seg_8a10s,MI
1.229745392781508,-2.579589808775097,-0.20285164441672723,0.5429332587925981,-1.2200246626473505,-0.45875910449848384,267,seg_0a2s,MI
0.7371125477689707,-1.217190896426958,0.3152697563983804,0.3249176692437891,0.06945290521230875,-0.05506882792039765,267,seg_2a4s,MI
-0.5265199090483974,-0.5056241252135448,0.2537257769057656,0.340891103955566,0.282063261878628,-0.21607880058069334,267,seg_4a6s,MI
-1.933585070593109,2.768710419347847,-0.12588521747740591,0.21772510773890405,0.15478509316007227,-0.011561788230151042,267,seg_6a8s,MI
0.3814408870942828,1.8940087375718546,-0.16111127847977547,-1.4357965552190006,0.5838606889394978,0.741229266086534,267,seg_8a10s,MI
0.3600163702565145,0.7362825406489576,0.08111740906136916,-0.27515042039611975,-0.40042161702961615,0.1767868307339688,268,seg_0a2s,NORM
0.07109292120991337,-0.34659440764718114,-0.1696722100872765,0.18027591505991108,0.33989953786920657,0.14371400850555008,268,seg_2a4s,NORM
-0.3827448215701554,-0.8930365377576558,0.07597763789240963,0.4529350746868334,0.31280969034686307,-0.019414530553001515,268,seg_4a6s,NORM
-0.298009578319503,0.3883899774062666,0.5337102093158456,0.4409225424208659,0.03679546014166999,-0.3396532220999651,268,seg_6a8s,NORM
-0.3558781433091381,1.6719272974063366,-0.39229793969392557,-0.35636699477003364,-0.560576748746915,0.019297142262318087,268,seg_8a10s,NORM
0.6110105803282421,0.25156587362897653,0.33708696936896576,0.4457978216142679,1.7350080119615425,-0.5420262370540057,269,seg_0a2s,MI
-0.4772058340922563,0.001599393684431184,-0.5793443539678971,-0.3569105558177606,-0.3632951736644423,0.42620724171161684,269,seg_2a4s,MI
0.73907689449176,-0.3700118034728354,-1.4306310260139128,-1.1004762467778233,-1.320787874619739,0.766013803828872,269,seg_4a6s,MI
0.866392601148729,0.22512347650316303,0.3358234100645327,-0.35848352981667714,-0.5764787248865839,0.14257282566433133,269,seg_6a8s,MI
-1.0333027881714343,-0.434793280585275,1.4498949272082005,1.0740000939573344,0.45273221721444856,-0.6465729707385204,269,seg_8a10s,MI
-2.939849018736872,2.422199991103427,-0.4926328088436516,-0.5467098820511471,1.6952507132115988,0.38916200828584535,270,seg_0a2s,MI
-0.18614488865763448,0.5409509164385555,-0.8269418458320649,0.2708329363754367,-0.8062875952702024,-0.29047943732518977,270,seg_2a4s,MI
-0.736470052750544,-0.4922931603110762,-0.7119653147870804,0.18027745633617254,-1.0221621764011593,-0.42577714033811337,270,seg_4a6s,MI
0.4355042430124466,-0.905958839409735,0.8122587579991748,0.30803745920725634,-0.6325320211637006,-0.2578165826112051,270,seg_6a8s,MI
2.9085133518109143,-1.8467068838826957,1.5077953530469832,-0.010820008963675841,0.3604070660681233,0.2553693341644989,270,seg_8a10s,MI
-0.8919710793254266,3.7205187183191573,1.2088972552330948,-1.9074277506403468,2.5949303836671436,1.9003786783475098,271,seg_0a2s,MI
-0.6526090884943796,0.4373760967904606,-1.610700766475938,0.7163139437747006,-0.7147033073032403,-0.24394623160717518,271,seg_2a4s,MI
2.0322356004019997,-1.5216739771399677,-2.0837145018100967,0.7806041261988418,-1.1549402552177475,-0.7943168128535147,271,seg_4a6s,MI
-0.13521188191283393,-1.6706384973729487,0.5492716145399487,0.1113024528204184,-0.8964232844680524,-0.5667277065862761,271,seg_6a8s,MI
-1.2379642774513355,-1.708642518630357,1.7555258201616644,0.14706020874655937,-0.17324684410735516,-0.2999275813521214,271,seg_8a10s,MI
-0.4774260013901884,0.06883366050395893,0.2554704398658404,-0.25100573605024795,1.0487088477879576,0.29868698706913416,272,seg_0a2s,NORM
2.2990652411256405,-0.19543661398035245,-1.512414056684271,0.8851957517438086,-1.7639482272976492,-2.076047222580656,272,seg_2a4s,NORM
-3.9414611065260075,0.050561687157986715,0.4389003657950528,-0.45875764929565027,0.6528813950155594,1.1279856713471041,272,seg_4a6s,NORM
2.523223588414668,-0.1741480486775933,-0.8731596356386512,-0.8401306278781672,0.9366615137391096,0.6112335083033332,272,seg_6a8s,NORM
-0.5405093034864911,1.2985749054573141,0.8121143506808031,0.7013162409239646,-0.7391476034880613,-0.06437513843466924,272,seg_8a10s,NORM
2.774355818981962,0.6234574334151347,1.9559735844951582,0.3369809024216686,-1.7126314368085458,-0.9428277957031855,273,seg_0a2s,STTC
-1.83624783869653,-0.13935233845707012,-1.9478547288930363,-1.6508627504188338,1.027542922968239,1.1365810640643323,273,seg_2a4s,STTC
-0.2993164263538767,0.8431726722725216,0.5093407566424426,1.0107139755030472,-0.03653445097930878,-0.8304327112638011,273,seg_4a6s,STTC
0.12976884894862714,-0.6928049787421129,0.09064863264650247,0.718663960449228,0.5044117066744089,-0.29581238017579503,273,seg_6a8s,STTC
-0.21249489426522467,-1.4078313392796458,-0.4828120822281527,-0.4124859998723746,0.1309462650502103,0.8035053955977262,273,seg_8a10s,STTC
0.7954435962849802,-0.6538379479948546,-1.3090383139361699,-0.8255144546230099,-0.023458080627180744,-2.2201159725169544,274,seg_0a2s,MI
0.03668177091013313,-1.102926537204771,-0.04872798168817112,0.08547026282704596,-0.12068271312437817,0.9822252545585548,274,seg_2a4s,MI
-0.5967201357462343,0.3517796843351227,1.295110104499158,1.2282481761200281,-0.3789513689338528,1.186587650090284,274,seg_4a6s,MI
0.36968069464771786,0.5259396692263282,0.7657740991943708,-0.2594875410396907,0.7686516394429831,-1.025152290031845,274,seg_6a8s,MI
-0.10291822667230413,2.4379588174177025,-1.1328640033220665,0.09041913304279883,-0.2282053858450173,0.885275144259937,274,seg_8a10s,MI
-2.530442283097012,1.2272269558611535,-0.2099561501644482,0.12413333359609134,-0.5530977327987902,0.13609866111801866,275,seg_0a2s,NORM
-0.7241987190287165,0.1002957571549237,-0.5186092630733746,-0.27157193382281086,0.04337261453104906,-0.011377827545485305,275,seg_2a4s,NORM
-0.7857950664635657,0.6681415976347793,1.1650419464977668,0.3502434211155697,0.31264084156921745,-0.5632821752939373,275,seg_4a6s,NORM
0.226973292549983,-0.681907611073442,-0.13242999261736454,-0.4164094816359953,0.12726091273501486,0.47099357370412576,275,seg_6a8s,NORM
2.9950505684788102,-1.0648379884595796,-0.015567752189398987,0.1542021321254312,-0.24385465626327713,-0.17259690867818575,275,seg_8a10s,NORM
-2.7763093374263197,-1.0388824877888132,0.5850728338578929,0.5248973275571259,0.08929297254298157,0.5845322160161891,276,seg_0a2s,STTC
1.3799866271648296,-0.9714807192774834,-0.14967454961837767,-0.29603425822006524,-0.15804369643238794,0.0327074381795701,276,seg_2a4s,STTC
3.8040640990118253,-0.7413944322742088,-0.9289935333589948,-0.3763791984913441,-0.15804776174668544,-0.00864645660374503,276,seg_4a6s,STTC
2.9958885611567987,0.3949112519188898,-0.6858016905690071,-0.01531809003158248,0.08777576243686742,-0.33558577914071097,276,seg_6a8s,STTC
-4.807203909613919,2.2268336413841934,0.9663588137157337,0.1490483784144642,0.07532372515480987,-0.38522187515318695,276,seg_8a10s,STTC
-0.3735270984490739,1.505144093610337,-0.3871326441567583,-0.3591381733939594,-0.40664335403605384,-0.0003267177714128923,277,seg_0a2s,NORM
-0.3888110629989929,-0.5434572122279233,0.12976220990722784,0.21558962264402678,-0.06175722889215362,0.06403674870825748,277,seg_2a4s,NORM
0.9473757012407577,-1.0581041629716008,0.3085629726469471,-0.3373645621418097,-0.02608490052376419,-0.17312046023377187,277,seg_4a6s,NORM
0.1551300845892928,-0.818614131576808,0.06977598055945455,-0.12049641173672063,0.06058342110851744,0.03958682287975282,277,seg_6a8s,NORM
-0.03710952034453919,1.6086327315275986,-0.37007747775040967,0.44467028132528263,0.38302804037654475,-0.034313842675846355,277,seg_8a10s,NORM
1.9395431810165238,-0.5528164476428816,-0.03835195368797876,-0.225745871753824,1.6926979450019772,0.045060126404415986,278,seg_0a2s,NORM
-0.9186058681413651,-0.09664673331798927,-0.189893012873802,0.2956990394235653,-0.9913106837252196,-0.15799409305346526,278,seg_2a4s,NORM
-0.6720118708243701,0.5477659182868022,0.4440275255066761,-0.0636894127913558,-0.20038552158371342,0.40224420131299216,278,seg_4a6s,NORM
-1.8734733356869901,0.5423589759508579,0.35571045698141235,0.4202895086831964,-0.22996164946508282,0.3620098735918949,278,seg_6a8s,NORM
1.7732169858374343,-0.30281981201412356,-0.7055210231584544,-0.5450150501914297,-0.3629251010094865,-0.7255475478206748,278,seg_8a10s,NORM
-1.2502779399127582,-1.3375238031739898,-0.12643747414255085,0.5648692708752348,0.43156695544364065,0.20742658045341744,280,seg_0a2s,NORM
-0.710106569473633,0.0815432199797375,-0.4869272087367026,-0.43092792586374,-0.027971444342865328,0.4194169022670623,280,seg_2a4s,NORM
0.6050354042252141,1.014540706412616,-0.03912694290760631,-0.32316825202581684,-0.1292050727733967,0.05350492148225268,280,seg_4a6s,NORM
0.4522038362905807,1.2923421146953413,-0.06188735005265311,-0.20782565006808962,-0.34287968515508105,-0.1593999313883936,280,seg_6a8s,NORM
0.2775354696019214,-1.2707679827738019,0.49588484140449823,0.2818022387927956,-0.12954257428009122,-0.5599788915010452,280,seg_8a10s,NORM
-0.17401410191976516,-0.30873132707703677,0.8953592925705383,-0.28503959316311916,0.0777378576041675,0.1813171914656135,281,seg_0a2s,MI
-0.18259425478842017,0.12180428641168888,0.623472166662336,-0.6121213400387712,0.017596469981139,0.8940836636981723,281,seg_2a4s,MI
0.33262117924306717,-0.19190865012462996,-0.6933496139739285,0.11452166369888883,-0.4464525481610883,-0.6906836091494952,281,seg_4a6s,MI
-0.5560679692285646,0.2747703883163601,0.12206770170044412,0.6773406542445526,-0.4725687338082875,0.17761919656898106,281,seg_6a8s,MI
1.14038307791385,0.7910079319233286,-0.7310506750576589,0.08577851903571007,0.7067954548192944,-0.6587595981683912,281,seg_8a10s,MI
0.17379428162950103,-2.8511339569846204,1.9474340263316656,-0.8086282662381226,-0.8931326986233797,-0.12757188789636617,282,seg_0a2s,MI
-0.038955037088097534,-0.5387441290261747,-1.9630310694320048,-0.47545053642066815,0.6057433947629447,0.6732723778423709,282,seg_2a4s,MI
-0.4669717674517222,3.2928797683316047,-1.366310662568846,0.48053271417985566,0.6675644976076615,0.3973667033966945,282,seg_4a6s,MI
1.023701142753478,0.2967442287830243,-0.15980341139178716,-0.16131705207353297,0.3808056688697698,0.4869885526017261,282,seg_6a8s,MI
-1.7942549329011614,-1.569369226285977,2.499635723495949,1.2773139828438833,-0.90325832230533,-1.891306232599314,282,seg_8a10s,MI
-0.41732228371838437,0.9467754748457802,2.105107199474005,-1.2738350923888144,-4.897644351302943,6.295965451294391,283,seg_0a2s,NORM
1.5581962173053732,1.6998341473739225,-1.001130330557435,1.1353585922504565,1.3330595428265581,0.12018945250731719,283,seg_2a4s,NORM
-2.2559555510619673,-5.453204949392499,0.6727960995703665,0.894940032630237,2.0694289298374904,-3.0382270099185544,283,seg_4a6s,NORM
-1.3255640854847044,-0.9674044233733672,0.9073291808154782,-0.27905112556875644,0.06075752149564327,-1.4875436023565987,283,seg_6a8s,NORM
2.4734204083315547,3.9574534022643695,-2.3623063999096194,-0.5769676495115176,1.5042753046703357,-1.8123213665162565,283,seg_8a10s,NORM
0.2886767375313553,-2.670469423391624,1.617695008760015,0.3102879427928972,0.11717204299884343,0.22338158990391888,284,seg_0a2s,HYP
0.7257240842177825,-0.32427253710051984,2.1799722504577175,1.6553053961650601,0.5517442598124204,-2.075602828820449,284,seg_2a4s,HYP
-0.14884498653902425,-0.2927296863323508,0.8192780018317113,-0.3390523880421068,-2.970292340630192,-1.11912708561288,284,seg_4a6s,HYP
-0.08485953972716362,0.8809703990688418,-1.0898069474308703,-0.6446416808981444,-1.336361362213756,0.5591177424727587,284,seg_6a8s,HYP
-0.09266217559320573,2.3189275584492135,-3.503146018626808,-1.0061224003778213,3.516572124314992,2.542832605248828,284,seg_8a10s,HYP
0.7950046077777531,1.2511616981810165,-0.054941453922729214,-0.3435730677585517,0.1832430320156103,-0.3198699476344486,285,seg_0a2s,CD
0.27991026210615183,-0.10457993595814971,0.004864234737385269,-0.09277057113815042,0.05748957245194977,-0.07347533539038961,285,seg_2a4s,CD
-0.007631501075032549,-0.3690400471506409,-0.014446371893639991,0.0539260457084718,-0.15040448859567612,0.19688539077648465,285,seg_4a6s,CD
-0.49047594641326187,-0.6499043568655749,-0.3100386004923876,0.011441065160299052,0.027005075375581503,0.03848426761884445,285,seg_6a8s,CD
-0.6669781399299414,-0.8043208904936261,0.5253083816688658,0.2758749365005008,-0.048692026122547284,0.0830410463018199,285,seg_8a10s,CD
0.8179500695050066,1.3279686074059287,0.02149250520502792,-0.4275265223148202,-0.5517419466833,0.9172245023086805,286,seg_0a2s,CD
-0.08137423317702373,0.9373622192018193,-0.3430370094357295,-0.08428874848980113,-0.15379867069568448,-0.7451915829898987,286,seg_2a4s,CD
1.3589174160360133,-0.014349214046645862,0.08184662936505613,0.1268345800194685,0.1260520853023161,0.4782103071522623,286,seg_4a6s,CD
-1.734641816976106,-0.9982509785125275,0.368898774796022,-0.3423495353612333,0.4024577632116016,-0.5691000276434139,286,seg_6a8s,CD
-2.4566028432697617,-0.44880402820085474,-1.682907080189035,0.8278814339291908,0.625111157547516,0.6499643983358543,286,seg_8a10s,CD
0.6665900979525441,0.7011182968158614,-0.3171468566274043,-0.684032059193332,0.08117446075029791,-0.5560035822509811,287,seg_0a2s,MI
-0.5339971905128297,0.06863752095476541,-0.30398416904916925,-0.06104291904640957,-0.13050245621109863,-0.09117966808733001,287,seg_2a4s,MI
-0.46988004145867995,-0.10814303787381883,0.2076578821112373,0.31318401594936784,-0.0847086280727696,0.018304730478360298,287,seg_4a6s,MI
-0.3765397409341131,0.093439171201773,-0.09387012330633643,0.3659951029821359,0.01770639478168871,0.11416340538745964,287,seg_6a8s,MI
0.5611821599191733,0.12512992561876,0.21136112213147418,-0.15972628560327873,0.12523627077973054,0.5361485666211502,287,seg_8a10s,MI
-0.10248474080966645,1.0303251567362315,1.1955911405175528,-0.7243987262876174,0.7236210354868673,0.47707548189455234,288,seg_0a2s,NORM
0.059404774481886795,-0.6049453574973508,-1.6046729262532147,1.1144357140733538,-0.33453230653513033,-0.2603368961412403,288,seg_2a4s,NORM
-1.2198247119145116,-0.42734923373447453,-1.0953735781360465,0.5802198210436059,-0.34812276727156455,-0.18379017747304702,288,seg_4a6s,NORM
-0.24643747524911236,0.14397574886777445,0.2479060338999586,-0.5040622156889429,-0.1837338874215512,-0.2698602772650162,288,seg_6a8s,NORM
0.4726092817038949,-0.13155717163435665,1.113339051442348,-0.7549226642986776,-0.013692094499050516,0.19227051219707417,288,seg_8a10s,NORM
-0.02258879659900552,-0.7929875459367188,-0.2947252978521274,0.004891290546897905,-0.30799705657179866,-0.9602067722050716,289,seg_0a2s,NORM
-0.6589464475202215,0.25613496761627474,0.6092827429668233,-0.12020501181326385,-0.11509490673183041,-0.3970751490512788,289,seg_2a4s,NORM
0.504317916770728,-0.15526251898092422,0.7073463898197953,-0.08271272617031036,0.3870546212498012,0.20728068902952784,289,seg_4a6s,NORM
1.0096722909885303,-0.2356354335064774,-0.5747325042199729,-0.0013662788877245706,0.15389589642644333,0.4871730764429106,289,seg_6a8s,NORM
-0.45545965182228665,0.3610528885332392,-0.07837732702687107,0.3102204164562215,-0.053512862413865096,0.41237089440168406,289,seg_8a10s,NORM
-0.81452885082722,-1.1949553310459842,0.07759422275700723,0.41592658903628726,0.4512794092992797,-0.1842830248582995,290,seg_0a2s,MI
-0.10969196022796374,-0.7423476191968966,0.5498027100783132,-0.22799805141828328,-0.09198485946603732,0.39227827183474345,290,seg_2a4s,MI
-0.14134180526923432,-1.0716643321992778,0.38916621439964905,-0.15904147708750668,-0.20595256788299848,-0.31277843219210855,290,seg_4a6s,MI
-0.10619893926864843,-0.6077126848628068,0.37872807107933754,-0.026357509701596404,-0.045355340765758624,0.28129249373437226,290,seg_6a8s,MI
1.5819335705647437,1.3057828876391708,-0.6339055260805879,-0.3854774711242046,-0.08110241381701416,-0.21047508000785223,290,seg_8a10s,MI
0.11878272984825684,-0.2725819882653348,-0.07721036163889719,0.47479497847544566,0.24395018075822433,0.12856206700941092,291,seg_0a2s,NORM
0.8202950390035114,0.04322647721543252,-0.06948990855552337,-0.03509125079724057,0.04524888965288852,-0.08234954834724921,291,seg_2a4s,NORM
0.09833954856988983,-0.10953656518474301,-0.08674980593629793,-0.39831408161632165,0.10495015123115004,-0.12981328712056667,291,seg_4a6s,NORM
0.346233623177737,0.011264842450121163,0.0592030344976275,0.21697312197375354,0.03623605823157599,0.009218317184535429,291,seg_6a8s,NORM
-0.7229787670872835,0.4496612404947347,0.11912997331376855,-0.30665456253055556,-0.4878018212836823,-0.01176406249717043,291,seg_8a10s,NORM
2.2380256024760876,-1.6288399189019112,-12.028357907502784,10.574973091152046,-24.400448602039152,-7.712856842969606,292,seg_0a2s,NORM
0.20579020038004442,0.4709476391209037,0.28582592301221743,0.17545649274917438,0.30839136702648345,-0.49962752985335646,292,seg_2a4s,NORM
-1.4462012673855806,0.7783722532281563,2.0307962578362924,-1.357257985377466,3.69118666645012,1.2102926944889896,292,seg_4a6s,NORM
-1.228034108583682,0.25180414796049533,0.5438280664780404,-0.8927603417999781,1.3869782664324584,0.8972379136157498,292,seg_6a8s,NORM
0.8699003777333374,-0.7679815466527127,5.344184699061723,-5.014767100705789,11.09336001389677,3.5219652302254607,292,seg_8a10s,NORM
0.17995031865580818,3.407953098131012,-1.8557235036492488,-0.8309979385243066,0.6682658332649571,-0.8016669993386878,293,seg_0a2s,NORM
-0.36500200679992084,-0.06723680769349813,0.22846743438527664,-0.24618794046223622,-0.21485151340522468,-0.32945282536829174,293,seg_2a4s,NORM
-0.057435301169609675,-1.3344354512955052,1.2370369766874556,1.0182855581327537,-0.6400554902594835,-0.293325527013985,293,seg_4a6s,NORM
-0.3548757957741052,-1.3093876537805385,0.2799359379890786,1.070616753974914,-0.4407410456927936,1.1153365329717406,293,seg_6a8s,NORM
0.34845156066843036,-1.3605112145595761,0.04334217929161455,-1.0381440390813557,0.6991132856944028,0.31637972566164024,293,seg_8a10s,NORM
-0.7558108393393891,-0.08141677486044069,-0.45720988488376035,0.15286632915123954,0.034447134002396435,0.3414803805229613,294,seg_0a2s,MI
0.6946246243595947,0.02372660385346808,0.10577077942776061,0.3118039643408299,-0.12660312627480869,-0.22159709639037015,294,seg_2a4s,MI
0.684872707505123,0.006926684063447597,0.46758832871016676,0.23166467528637646,-0.1254891432784191,-0.13992466434803608,294,seg_4a6s,MI
-0.8582478667774864,-0.1738306824780074,-0.37579551839210723,-0.4721910721352951,0.3316851595416611,0.2995308850149382,294,seg_6a8s,MI
0.009244689613528196,-0.5867896297055545,0.4681118045787132,-0.12031818019700159,-0.43793586612220486,-0.2900989755694188,294,seg_8a10s,MI
2.8637295778153007,0.5744246136560583,-1.374938324056342,-0.017609328685758575,0.0386918783789356,0.02456993471828632,295,seg_0a2s,STTC
-1.0549314296724805,-0.3244076049659828,0.4010095302534398,0.04469153373543278,-0.08695433757416667,-0.1952843213333089,295,seg_2a4s,STTC
-1.2013422623288057,-0.7142533801543562,0.2743119931040678,-0.20486934079466076,-0.08098053745083458,0.2043483150302082,295,seg_4a6s,STTC
-0.2604898623948401,-0.1987522175389787,0.33700960488012616,0.10925360559743685,0.021140561803932294,0.13190698956494282,295,seg_6a8s,STTC
-0.3986288525085629,0.34022036811370077,0.6562062806278609,-0.19223141384304376,0.11506241792767288,-0.2955825977608026,295,seg_8a10s,STTC
1.237364512035412,2.6049354043388666,-0.4381666950647216,-0.7193478379761078,0.25444959362191033,-0.1411957623085817,296,seg_0a2s,HYP
-0.5454399273144289,-1.5621546056095885,0.06796834060924041,0.057687282395925354,-0.18597798391789874,0.07736487510742172,296,seg_2a4s,HYP
2.0769044114874924,3.1780996827317565,-0.20218349468749816,-0.017765633158323784,0.13694725528594812,0.020069500981253464,296,seg_4a6s,HYP
-0.16603125812685632,-1.5627311763940792,-0.19550679811021907,0.14245982459907236,-0.09278149749388533,0.11312414888941626,296,seg_6a8s,HYP
-2.543171524350686,-2.466665652823086,0.8119743487791834,0.6371675100714658,-0.2562606858788575,-0.04542989399803654,296,seg_8a10s,HYP
-2.7347488872597134,-2.992202200654724,-3.751854053672861,-2.8387183667481883,0.4420069940609619,1.0834894074174342,297,seg_0a2s,NORM
-1.5925639758093058,-2.818543864766303,-0.7679125828142417,-2.9355114050447493,0.33005911403790184,0.29857979222004855,297,seg_2a4s,NORM
0.0051629455651625526,-0.1451004724417897,0.9228068621167808,-0.8358079249002993,-0.4286928508296021,0.04114288307208665,297,seg_4a6s,NORM
1.3041184359229245,2.131008819134321,1.5745265460307456,2.158962148524627,-0.6675326168994303,-0.8116275077390769,297,seg_6a8s,NORM
2.769405994551202,3.2554354968048904,1.2533241637024581,4.7791483712897245,-0.6604280757003103,-0.8979929937754745,297,seg_8a10s,NORM
0.019851908126302407,-0.8860005944885533,-0.2728861734201377,0.8190543004702074,1.0698167222022312,-0.14626298125407186,298,seg_0a2s,MI
-0.0478621233274361,-0.39488478847656777,-1.595004834891102,-0.9151296844577603,-1.6983365137158812,0.8290027515085955,298,seg_2a4s,MI
-0.13161081465148702,0.6669339004470799,0.5475380155737628,0.4254582524288803,-1.8695291915812713,1.345461687134303,298,seg_4a6s,MI
0.42604638034240105,1.2583790139278699,1.1824926962900535,0.6307905169912662,1.5831845644971132,-0.06339867077024736,298,seg_6a8s,MI
-0.46613144940835216,-0.25636433663184116,-0.12424749719366587,-0.797442472654641,0.8150637693629041,-1.7341966085770704,298,seg_8a10s,MI
0.8331145104247376,-3.5966752466692298,1.6313491667436641,-0.9415042998769908,3.474455654246556,1.7149294909706625,299,seg_0a2s,HYP
0.2317977019776169,-0.24013772599291636,1.5966707505817972,1.209268613469505,-1.7760264918921425,-2.4285682577102943,299,seg_2a4s,HYP
-1.2985125686783088,0.23593476405848351,-2.0309412554382402,-0.2126843781603027,-2.8107037747916688,-0.1010157059202461,299,seg_4a6s,HYP
-0.7202942056869651,1.992918260750062,-1.115449193965772,1.1360366114083196,-1.1281416774509883,-0.41647945760702665,299,seg_6a8s,HYP
1.1244668839927063,1.6051366330564172,-0.08497563634135658,-1.355387974679968,1.9507535302405548,1.1852769823520901,299,seg_8a10s,HYP
-1.0619836560585363,0.47671211050252393,-0.5352219278305692,1.1445976436731684,-0.07371892798049576,-0.528808437567999,300,seg_0a2s,NORM
0.1439874375990779,-0.08866923678473781,0.7744703933422507,0.34082062184721346,0.1546372880883373,-0.2246761048018325,300,seg_2a4s,NORM
-1.799330128401432,1.03742932543205,-0.9651175121268737,-0.7805611066515675,0.1826208982759354,0.10787432542537426,300,seg_4a6s,NORM
-0.18764480599545,1.0073620411421929,-1.1263395733884658,-0.35936623080931995,0.23074714716618316,0.14542738341582928,300,seg_6a8s,NORM
2.870066241395208,-2.894596708761781,1.6949870937906861,-0.09877082729301816,-0.5342178708253572,0.3730989866130117,300,seg_8a10s,NORM
-0.1377268721217501,0.10284473740034397,-1.0911909835724924,1.5970040537489654,1.2019028488493588,-0.16326080863449294,301,seg_0a2s,NORM
0.16278991680097296,0.6911244043792432,1.2800809976724876,-1.6917880606641922,-1.4015856552445853,-0.2370399707606745,301,seg_2a4s,NORM
0.22088112566790527,-0.03060953764537867,0.5081261522420881,-1.503050219069783,-0.30561911433547206,-0.19341751109384933,301,seg_4a6s,NORM
0.5494801472968772,0.8387707966081152,1.3723500194859517,-1.2638061712974056,-0.9488599844314678,-0.5509324053406709,301,seg_6a8s,NORM
-0.7949718704332741,-1.8269162792039155,-1.9278547006309472,2.630984158636636,1.4288417687922463,0.9532338736386664,301,seg_8a10s,NORM
-2.3543916028263077,1.3471223742007699,0.7415148517434557,0.613362850206786,1.1129466170696778,0.09775797625169952,302,seg_0a2s,NORM
1.192999585124881,0.6313610929345399,-0.005482869899785814,-0.17747545301111717,-0.6166449897213775,-0.04911076346498452,302,seg_2a4s,NORM
1.689086457286692,-0.14433899619276536,-0.5138594066776171,-0.3521089360669143,-0.332419687549127,0.16439054804357803,302,seg_4a6s,NORM
-0.33079663749450516,-0.23242136211213404,0.1614671970831623,0.003382758468956368,0.5714472331458591,-0.08235721999706876,302,seg_6a8s,NORM
-0.3625446499276579,-1.389974506139092,0.01246692073118235,-0.23475471554761923,-0.5887605369417658,-0.23286417685178157,302,seg_8a10s,NORM
-0.7460779723722709,-0.19523219315846949,-0.4874520746820699,0.2952998874502303,0.1861830962118241,-0.040183566000242345,303,seg_0a2s,NORM
-0.10079847877817938,1.2777730987269564,1.1861650251292017,-0.8637738178100496,-0.948954786092002,0.2327525400159971,303,seg_2a4s,NORM
0.6679628184525065,-0.30106787557784287,-0.3930151405584016,0.7316068719081861,0.8304092822299004,-0.33655516967841326,303,seg_4a6s,NORM
-0.31167832625175557,-0.781333491852833,-0.0836446969747504,-0.45186289799607654,-0.38656991359619863,0.3938913555634553,303,seg_6a8s,NORM
-0.13626489972972924,-0.5615017079869783,-0.3184178304944448,0.13725548826058986,0.24889676675429465,-0.04812707937937789,303,seg_8a10s,NORM
0.8617771069552389,0.34243685334403684,-3.243733702740142,-1.6596933824265174,1.7673660510171232,2.598110405956642,304,seg_0a2s,NORM
0.010446234822157357,0.3235954973568778,-3.07613280067118,-1.7747081178059059,1.841168499361067,1.8845672850992916,304,seg_2a4s,NORM
-1.0889996469699015,-1.7487775138863841,0.00801769033401949,-0.2537187746428995,0.254160965110215,1.123155827546927,304,seg_4a6s,NORM
-2.5413125862389423,0.10926835723465406,2.166650189201052,1.5433115322076876,-1.1635773131248734,-0.6381667250333477,304,seg_6a8s,NORM
2.752907360126781,0.8654902731912074,4.049358864963276,2.2361605481726774,-2.5229800031944403,-5.0558079943609435,304,seg_8a10s,NORM
-2.66415685215197,-2.2558087882182916,1.543604452382532,2.630387680078822,0.3359615120257839,5.264932319263441,305,seg_0a2s,STTC
1.0207712837396925,2.0443888833574637,-1.9502408405626213,-3.2872048019598377,-0.021909710682428026,-5.027535817118222,305,seg_2a4s,STTC
2.4447242465260848,2.2537297425858127,-0.12305929056604141,-1.1421021849050108,-1.5533498974270799,-4.182381142673868,305,seg_4a6s,STTC
1.6179740375832479,-0.011458602961378985,0.9719400908251872,0.5143455436609767,-0.17098137724096077,1.372828357039357,305,seg_6a8s,STTC
-1.6876947749377444,-2.7589196101817715,-0.04504504622676666,0.9502707656977477,1.112350269983408,2.1978711758175407,305,seg_8a10s,STTC
2.2198457862513834,-2.1191665649273976,6.379873371254822,0.2560139834871547,-1.5750536257121939,-1.0216437535602807,306,seg_0a2s,STTC
-0.04840420192031454,-0.7556255300468668,-0.8915294983392552,-0.0957649942393504,0.2552478626740562,0.9450078788503247,306,seg_2a4s,STTC
-1.8388435351237988,2.929785664680432,-4.557444921470043,0.5641396942526966,0.9297318256275494,1.6996067121483394,306,seg_4a6s,STTC
0.14499580531518858,-2.265814593761339,-0.7940311713302115,-0.1635359503862124,0.19283969945203192,-0.11053967642197207,306,seg_6a8s,STTC
-0.2211853754014974,0.8527743208321038,0.41589922161670007,-0.40175920508849555,-0.06324580765091628,-1.3524164432363182,306,seg_8a10s,STTC
0.0744353832103253,-1.5231981032773665,1.6037124200762107,-0.1287429875873305,0.7994043353527577,0.3895443588068468,307,seg_0a2s,MI
-0.4662785995320754,-0.19683811773792684,-0.31375200960778915,0.1931122783015739,-0.06453787877383757,-0.25076773749579384,307,seg_2a4s,MI
-0.9103691014511796,0.7782434859204255,-1.678029196295957,-0.3125473224166517,-0.5226024465987215,0.24126080280065487,307,seg_4a6s,MI
-0.22256625695170876,0.202728396394839,0.19467577073169878,-0.701798817520439,0.005261207670753527,-0.07724632754442237,307,seg_6a8s,MI
1.0912029801166145,0.643164061902797,0.31837893741124407,0.8910350091584569,-0.18269632004356195,-0.606509672920588,307,seg_8a10s,MI
-1.982318973500397,-1.4900643345065967,0.7301334053410177,1.6506375509250308,-0.9532287987488629,2.4605698122955957,308,seg_0a2s,MI
0.44334475561066417,-0.7338971860401757,0.197338356409706,-0.5487948345159986,0.19920969629649282,-0.5475315889498107,308,seg_2a4s,MI
1.1223253055029223,1.0050123419542751,-1.018747895330939,-0.788272187367068,0.5392162568600363,-1.5194940758527946,308,seg_4a6s,MI
-0.6608957046278696,1.560247195893256,-0.37652041086635885,0.07121865663595925,0.3774911773764108,-0.9840453735524489,308,seg_6a8s,MI
1.2203912806818067,-0.9957106512964348,0.6687975033913169,-0.44113989532646214,-0.18761263435005748,0.5014461180214883,308,seg_8a10s,MI
2.6407743133446773,-1.9370269869559986,2.2344888810600345,0.9168006824086765,4.000581551094115,2.195018998992272,309,seg_0a2s,NORM
-1.6564150797754067,1.6831428307642835,-0.9273554018098491,-1.2633829449512601,-0.7515877794368993,0.07117825534956734,309,seg_2a4s,NORM
-1.4781889118929854,3.5702461858847805,-1.1273968075194005,-0.3433155824598544,-3.4666432718278535,-1.8924328919779347,309,seg_4a6s,NORM
-1.159468064945901,-0.32980182792864887,-1.5458216155404967,1.3284838897996358,1.2375314094873915,-0.2539156726976989,309,seg_6a8s,NORM
1.652319192050147,-3.4285013415651635,1.6059736660191213,-0.676314769487334,-1.1375356206781637,-0.24102976941983068,309,seg_8a10s,NORM
-1.1154118876390846,2.130558728683913,0.690444478378814,0.31718831480254045,-0.40277112328074754,0.6931313206703379,310,seg_0a2s,MI
0.201424053002944,-0.2514100403955504,-0.6961807965097659,-0.5595153854441475,0.49199691823551317,-0.8158797412584428,310,seg_2a4s,MI
-0.2861628490777828,-1.0910909188881814,-0.9539769530704421,-0.23352542191887876,0.7108734244403734,0.23645887262552273,310,seg_4a6s,MI
-0.3685158710617077,-0.6986243950980926,0.33137426539144677,-0.116005378110478,-0.1852363610104951,-0.0007823146171448598,310,seg_6a8s,MI
1.1355086684451658,-0.10672395934208741,0.6495626338639056,0.5369357851950515,-0.7549403409013975,-0.24130914728065567,310,seg_8a10s,MI
1.2490086450103473,-1.0491691495832758,0.02698475800857692,0.3487637746837372,0.02044917854534649,0.12542486007740072,311,seg_0a2s,MI
-0.8645888687212272,-0.27273004153296915,0.3411079393275878,-0.28503016089141264,0.05504937339701988,-0.06023462862155907,311,seg_2a4s,MI
-0.5455587053648578,0.1584125118517928,0.4513812697640839,-0.03771727963892754,-0.08338841664544232,-0.11047429356718605,311,seg_4a6s,MI
1.6543981212432033,-0.16917326339643726,-0.4786616647395097,-0.3451000005744569,0.004707371425840978,0.05076057989738644,311,seg_6a8s,MI
-1.1618337842846456,1.7548647134440352,-0.5639733759013421,0.13888712746790244,0.046312770355045774,0.018996092405626896,311,seg_8a10s,MI
0.7630565046588184,1.9726438784556342,-1.1148948483277734,-0.40886275159754365,0.024633271885277808,-0.06895656749721545,312,seg_0a2s,NORM
-0.9993331762342395,0.24722499789076632,-0.11469434006646655,-0.04162017619775935,-0.17350384846956599,0.04748043834506469,312,seg_2a4s,NORM
-0.14378077259220662,1.703289412322078,-0.17146014040753105,-0.33435400201208354,0.09377081293536894,0.19255283923524819,312,seg_4a6s,NORM
-0.060020774135495225,-0.7289160423997147,0.2992455896939414,0.09838717755319479,-0.010228722391502593,-0.07179332061792991,312,seg_6a8s,NORM
0.8838326418705565,-1.4687902648319977,0.9835310743013628,0.5330025339573249,-0.18269028348707603,-0.19931165555434313,312,seg_8a10s,NORM
2.417158869106317,-2.5467033573171314,1.5973592246434671,0.033489171045728794,-0.413957527094015,-0.2245452656749971,313,seg_0a2s,HYP
-0.09257702609406512,-0.8627471380074222,-0.019760578302664623,-0.4320579678521772,0.17831534138742378,0.13057839267815907,313,seg_2a4s,HYP
-1.3860787291957628,1.0228874731441318,-0.738904202214121,0.08603397296079263,0.07214130715495395,-0.23393000191872973,313,seg_4a6s,HYP
-1.476743091196681,4.83627732368298,-3.2662701877506337,-0.1899108340865295,0.1873305964439978,0.027583593560569598,313,seg_6a8s,HYP
1.0467281143231602,-1.6515258413983922,2.6663859081962316,0.5721957241878347,-0.06746441524362189,0.10081361210149249,313,seg_8a10s,HYP
-2.2210482462329435,-1.7935647276499016,0.25622148504217357,-1.6508958238873084,0.1970772789653652,1.5068103013770158,314,seg_0a2s,NORM
2.379336082792102,-1.591725738820568,-0.038763507337897816,0.5473037058930582,0.009345224569272156,-0.08784296515352338,314,seg_2a4s,NORM
0.06282524677104566,-0.617226185674084,0.36184793159164125,1.005929518545507,-0.24803892230677735,-0.558872595966824,314,seg_4a6s,NORM
-2.8837029644299768,0.17559858415425442,-2.1064178223391696,-1.4435180491551316,1.6026460047279532,2.4489081338159893,314,seg_6a8s,NORM
2.229859589720247,3.7019189138492763,1.4247718103176834,1.4074519338765987,-1.4851239572725383,-3.1078259671610056,314,seg_8a10s,NORM
5.053443107282857,0.5945374856804823,5.160670682463902,-1.5611931774292296,-1.3424212557921884,-2.7458265990681245,316,seg_0a2s,HYP
1.586269661899707,-1.7356706950537173,2.503908687047575,-1.1564929072846906,-0.566747747106856,-0.8382157127331075,316,seg_2a4s,HYP
-1.5593712056778584,-1.9738442847578137,-0.6708553670145293,-0.11285651990515014,-0.044477693273677246,1.3901923622913608,316,seg_4a6s,HYP
-2.6605055323561757,-0.12802032599394148,-2.385663618294539,0.4322148568235375,0.504675057194799,1.058890061596746,316,seg_6a8s,HYP
-1.9634123642799675,2.594967358226701,-4.104076835844469,1.9768897285925602,1.168994246583073,0.8702191960243579,316,seg_8a10s,HYP
-0.7770325968850567,-0.1815173350869792,-0.7545603415779433,-0.5572711303959387,-0.47856743226650145,0.28464204748703686,317,seg_0a2s,NORM
0.18584025748254293,0.1662695899216926,0.46958600127111383,0.4103043701204929,-0.34954377955658417,-0.2297588815215341,317,seg_2a4s,NORM
1.129848194280916,-0.06653093002692996,0.6966211458219874,0.531579795765354,-0.17581050351058997,-0.3286092968354807,317,seg_4a6s,NORM
0.2274877109506432,0.09976490298986862,0.5196422174226416,0.21346280377916058,0.18190636357770043,-0.24182932160845927,317,seg_6a8s,NORM
-0.6365055369231674,-0.5547244013950857,-1.4285935856014096,-0.08351596884090848,0.8407231655201519,0.5921293493683529,317,seg_8a10s,NORM
0.9694070853819525,-2.3905565053075364,1.6238773740025572,0.5138480385618429,-0.5209381722906327,-0.010973267916303438,318,seg_0a2s,STTC
0.1259802594696624,-0.22561699011466216,-1.4166554849634203,0.4522280967372333,-0.6525822065456638,-0.18206135484606556,318,seg_2a4s,STTC
0.08151298732414397,1.7648207058982353,-1.6858098517819993,0.2522601646297456,-0.2803219686840892,-0.2831567713875778,318,seg_4a6s,STTC
-0.6874518689379655,1.0801568599146434,0.013904366959328115,-0.023886255213375913,0.22021562917748896,-0.04063019436747815,318,seg_6a8s,STTC
-1.1220626140167371,0.8445576878045417,0.9077863185878408,-0.8623538162174549,1.0403506087359076,0.2776035150448035,318,seg_8a10s,STTC
0.6903832089721894,-0.1597889447789607,-0.5251913278514214,-0.1823124785921112,0.041035371033090476,-0.0522463450221584,319,seg_0a2s,MI
-0.3385108740014005,-0.3125811101645218,0.25736280428451913,0.04854078531092427,-0.09541237199998773,-0.04717514367408337,319,seg_2a4s,MI
0.8920620522199488,-1.3635064163009054,1.8354772519078926,0.6344680037118952,-0.43676185584789956,-0.25476428950513963,319,seg_4a6s,MI
0.3543140907466263,-0.237575164454277,0.09903716621938288,0.2086475285049661,-0.26439768527853713,-0.20166793549538117,319,seg_6a8s,MI
-1.374419611023845,1.1670538944016615,-1.056311640915046,-0.665082831144864,0.5484697353547321,0.36854904047529785,319,seg_8a10s,MI
0.4386027148615473,-0.44964973067591085,0.5063805730790687,-0.3475827520463859,0.4252706909187869,-0.22639952441746536,320,seg_0a2s,STTC
0.1785464328339748,0.21806152476317478,-0.20780907987243857,-0.5441540802530936,-0.6277520448966449,0.7522278356722994,320,seg_2a4s,STTC
0.1362198651938607,0.3617544135108034,-0.6412913811274366,0.4486119867758159,-0.13588654388222546,-0.20630304246338893,320,seg_4a6s,STTC
0.37363252378734685,0.19301645503255913,-0.049514447986118405,0.7437720042928285,0.03800067892896305,-0.006299399619454342,320,seg_6a8s,STTC
-0.6862160526945521,-0.5015855273806984,0.22551279359274318,-0.3097663635805353,0.3260320477902977,-0.3200834579987883,320,seg_8a10s,STTC
-9.504004730999869,1.8106093114683721,-5.21156753965441,2.158697303605004,1.6551806781266643,1.8012321429042137,321,seg_0a2s,STTC
-4.491824984104808,3.3962407679943234,-3.49344943373296,1.2170235328208945,1.1825469543744151,0.8263306070119179,321,seg_2a4s,STTC
0.466230833425279,1.329553348275357,0.4596546614946079,-1.32489770880599,-0.7314935081148991,0.15479646498892857,321,seg_4a6s,STTC
6.43618879967063,-0.9901183621740927,2.662540424588866,-1.5184282449879674,-0.6579191406837742,-0.9240031952903244,321,seg_6a8s,STTC
7.114006685199518,-5.5225382282461855,5.7600475333295975,-0.8693991331668531,-1.4645016464570744,-1.8093406200235804,321,seg_8a10s,STTC
0.004932660265209225,-2.0408551202631466,0.39872318209583807,-0.36133059490399505,-0.5356736011402385,0.0854861103396461,322,seg_0a2s,NORM
-0.1669834156559541,0.8008076396350818,0.19768812637320604,0.00285792055484153,-0.27832711197312826,-0.037572180018379496,322,seg_2a4s,NORM
-0.2827416621745989,1.3787433046310003,0.053951535581926335,-0.04165667434156046,0.0339683112882003,-0.017091278933912296,322,seg_4a6s,NORM
0.7310596347095832,0.010074879697223605,-0.07646146251039858,0.36188265438997813,0.22040094502602822,-0.20278484121020102,322,seg_6a8s,NORM
-0.31736090152167223,-0.7694052856681639,-0.027307382714687006,0.033433129279309415,0.2630521852432966,0.008952245846396532,322,seg_8a10s,NORM
-0.5752727258025779,1.0960381244534314,-1.0693810646313968,0.6901938227613298,-1.0967559090552053,-0.6474630691332601,323,seg_0a2s,MI
1.3446107453860126,-0.34761204238008014,-0.36966240620037555,0.23211165969441452,-0.16975576664186445,-0.06297500361888464,323,seg_2a4s,MI
0.5620821409764208,-0.401467894731929,-0.6919925388090441,0.972651168441321,-2.1807884390321117,-0.6723095802022788,323,seg_4a6s,MI
-1.287470190610219,-0.2630879854144664,-0.6776516681604824,0.7445809599671358,-1.8733152318971682,-0.7140845855010296,323,seg_6a8s,MI
-0.39641615934661506,0.36423660798672464,2.6386505275353116,-2.6125168290214296,5.420870502724742,1.7568802711080942,323,seg_8a10s,MI
-2.1187615457801066,0.4071847298149194,0.05879448427099529,0.5377133134981821,0.18742246775332208,-0.4820985589670681,324,seg_0a2s,NORM
-0.12042428447360562,0.16631393640141298,-0.46250420742119047,0.3056425490614572,0.1093275505649811,-0.08896469891650903,324,seg_2a4s,NORM
-0.011951063523444041,-0.8709861219720337,-1.4952481994981006,-0.9927277379278853,0.7144645558070618,0.9658328646190507,324,seg_4a6s,NORM
1.4975653927578958,0.5201154187969969,0.3942402014511515,-0.8468466779380722,-0.25145370455594207,0.5358186448831124,324,seg_6a8s,NORM
0.8419050867677719,-0.1872177655547161,1.0239472907619107,0.9193159347346834,-0.46324823807427973,-0.984171619654486,324,seg_8a10s,NORM
0.6677104884162325,-0.6353932124838871,0.32203473387466036,0.3090597164901983,-0.7070318514879265,-0.5216305767144056,325,seg_0a2s,MI
-0.1635239590954014,-2.347733363491484,0.7111806436847719,-0.704430195188245,0.3178678675171541,0.3784500678827216,325,seg_2a4s,MI
-1.1442396554044034,2.148246608022473,-1.1889826602555524,-0.044852600530099644,-0.023030412399188897,0.5326770832581428,325,seg_4a6s,MI
-0.04403873745313912,0.06606266760544872,1.0142612604721009,0.6264578392019867,-0.32205887582684223,-0.9381055978823748,325,seg_6a8s,MI
0.1492649662699118,1.0024129552025882,-1.061763625590625,-0.16595535313340695,0.6083805803266122,0.4046492234835809,325,seg_8a10s,MI
1.282636801461057,-2.1619898010363547,0.22661083138893806,-0.8932501217939213,0.29568096329935956,-1.2624787523308674,326,seg_0a2s,STTC
0.5903493733085927,-0.36786233260060575,0.5678436485698175,0.17859538712798073,-0.05703665252038869,0.2905375357727501,326,seg_2a4s,STTC
0.4371790808079598,-0.6201673232504753,0.6949912733728701,0.7015148683202568,-0.4086493162199337,0.9168934225186057,326,seg_4a6s,STTC
-0.42473406926854645,1.0705426513617688,-0.07772210452535762,0.4872733756736716,-0.08428213881212192,0.45399403831266183,326,seg_6a8s,STTC
-1.4890340603761958,1.0007831935039098,-0.6970912303570853,-0.35095536186176085,0.10170321232770398,-0.38416307242443043,326,seg_8a10s,STTC
-0.4134089282111516,0.019610091062156807,-0.4902261622040031,-0.6728327334188715,-1.1127790909660236,-0.38077367409623114,327,seg_0a2s,NORM
-0.02638617335576082,-0.0642369433093639,0.42816889896803617,-0.13999828990541785,0.11138071160625639,-0.12111172727414989,327,seg_2a4s,NORM
0.6346279559924183,-0.25602973498701925,0.11541283510820949,0.5854082319345771,1.0989637216506047,0.4712779149755037,327,seg_4a6s,NORM
-0.16529486036561297,-0.32522891991967945,-1.0759885177860824,0.9072674471750031,-1.1549593996305003,-0.47039187605334076,327,seg_6a8s,NORM
-0.09916573603065976,0.02364095512137541,1.0931657539490074,-0.600812675450708,0.9552758212516802,0.4635125916887673,327,seg_8a10s,NORM
0.47918170467414983,-0.39756350352696196,-0.8964520050583353,-0.42214332797003246,-0.34055842263331215,0.05537874840910818,328,seg_0a2s,STTC
-0.3980180493156276,0.74048134635612,0.19289909231345212,0.24119199356650212,-0.1312447180945365,-0.18775707079650755,328,seg_2a4s,STTC
1.0388048404394734,0.8988581584153802,-0.15211832842335407,0.08861158225493994,-0.2902858491349108,0.4904048682767962,328,seg_4a6s,STTC
-0.6928514946229913,0.20042230175277978,0.8114978552207288,-0.1859451463715097,0.1981989379995013,-0.21273159194255148,328,seg_6a8s,STTC
-0.560783632195468,-1.110662603755525,-0.09117949448175719,0.24388122232601647,0.627096992209948,-0.2610371129674318,328,seg_8a10s,STTC
1.9134458042781475,-0.2522415421010857,1.186257036852702,-1.9594434524683535,-0.2766945836775439,-0.0054947141427545,329,seg_0a2s,STTC
-0.9125822121371119,-0.006865776551061276,-0.3888943016695116,0.09138530408904066,1.1007974443243207,-0.053868713595087284,329,seg_2a4s,STTC
-1.791374158090422,0.12696599214015472,-1.4738914412600295,2.2578954330483105,-0.5703607001892721,-0.22576107959184918,329,seg_4a6s,STTC
-1.1890785270145432,0.31301463128391577,-0.5981557300218993,0.9100178165319628,-0.26023791213137076,-0.6401811755746832,329,seg_6a8s,STTC
1.7101162274366808,0.5224488800464415,1.0026320785107796,-1.383393008349489,0.07621044682572296,0.7949080476901592,329,seg_8a10s,STTC
-0.5558772823326902,-1.0723742370388678,-0.3636790828136342,0.48936508492719577,0.15685453000406835,0.005221616130069867,330,seg_0a2s,NORM
0.8419479954488572,-0.14438076417615062,0.04656337682629307,-0.03297987130246458,-0.01082639414809452,-0.009003625390985898,330,seg_2a4s,NORM
0.16138507105925753,-0.4437052841932472,-0.08111124200616716,0.11655769854811458,0.24515104789675846,0.08851204644674111,330,seg_4a6s,NORM
0.3634701765322248,0.25532199911419323,0.385475975243164,-0.19723468479317915,-0.0591816727607346,-0.13805099392643194,330,seg_6a8s,NORM
-0.5087345101299589,0.7258169099572391,-0.11125178138283186,-0.14646025686924768,-0.2330414226874429,-0.022014445093082497,330,seg_8a10s,NORM
0.5818716954074625,1.1801283908008926,2.5673197948363486,3.3842486331254356,2.9696249980465326,-3.8706498831133462,331,seg_0a2s,CD
-0.3040517073192384,0.2798091537559893,0.7105775335461743,1.3441251956053635,0.7886061865510003,-0.11327160469055898,331,seg_2a4s,CD
0.05515699414311243,-0.5351152272581479,-1.6889938093767711,-2.2112908214372364,-2.3168407447429966,2.6398920183209067,331,seg_4a6s,CD
-0.32732516767126074,-0.9022877810016019,-1.6061156295960195,-1.4832971583035948,-1.658398131101282,1.6954739360211972,331,seg_6a8s,CD
0.007406384662663695,-0.17835739303631887,-0.0362646202961316,-0.7630075777463465,0.24424853833004126,-0.5282128741708396,331,seg_8a10s,CD
-0.3886078589864589,-0.43593624426562433,-1.1261382229000771,0.2977941252210767,0.3505719486016312,0.745121586344893,332,seg_0a2s,NORM
0.5209025613895908,1.2820539607373562,2.3397616574802758,1.7612149328262559,-1.3041626621881328,3.868624952147957,332,seg_2a4s,NORM
0.7684593336192276,1.337973723413494,1.8278790975051957,2.17064512586266,-1.0474427579283578,4.18682103754585,332,seg_4a6s,NORM
0.5048759548206446,0.21511665109139308,-0.22329280030269089,-0.15061628400219038,0.3356323979306978,-0.3777381953397203,332,seg_6a8s,NORM
-0.8466366489237251,-0.09891194256597993,-1.380598197640653,-1.253126843862182,0.3463633913399861,-3.144990552061757,332,seg_8a10s,NORM
2.3123708016597377,-0.48504854022115984,-1.3587754280053381,-0.04407912003532882,5.311931511609216,0.8426730931481625,333,seg_0a2s,HYP
-2.995008690410228,1.066881277697004,1.5887630882359323,0.23679674243540963,-4.3631399623133165,-0.6810173815201841,333,seg_2a4s,HYP
0.8750971915302543,-0.41057840620759156,-1.3776032901131334,0.4564318786383247,-3.3602394803955007,-1.0913453784734037,333,seg_4a6s,HYP
3.2193484931411422,-1.9269885439043188,-3.409797587177165,-0.5874722677314074,-1.7916116048513309,-0.42877366204812273,333,seg_6a8s,HYP
-3.577422081775597,1.8260454594446478,4.805608367303898,-0.4609992541528965,4.052835135223051,1.1123550289734045,333,seg_8a10s,HYP
-1.8708089309807565,-0.2371733358970401,1.4291157901563518,-3.1147366193576884,0.3032105113244092,6.685837558800952,334,seg_0a2s,NORM
1.0538611385179373,1.0162384412833572,3.7518535405607722,4.7620375980179395,1.890558341890877,-13.107910234216956,334,seg_2a4s,NORM
0.3013749924879715,-1.5373751648642804,-4.870344737947351,-1.1481534743286719,-2.772326392373538,4.873642169216253,334,seg_4a6s,NORM
0.17911519323458922,-0.5968497630492985,-2.0616371987215083,-0.33560514400485325,-0.5993723346888821,0.32479941393955414,334,seg_6a8s,NORM
0.5289954942619678,0.8393695282986624,1.7436063791884229,0.022148997792632522,1.065261197305013,0.9985322895160356,334,seg_8a10s,NORM
0.05944384780422376,-0.6352316856762334,1.5056901730531909,0.8105874258624182,-0.6771131163852113,-0.40738676102782784,335,seg_0a2s,NORM
-0.6270373812865142,-1.8716682711495494,0.8146900284675073,0.09487910775776458,-0.10498519600972536,-0.19308351381361466,335,seg_2a4s,NORM
2.020813253791804,1.402885757538209,-0.9257356836633125,-0.8322295243858638,0.3939779059151014,0.22201162619628473,335,seg_4a6s,NORM
-1.1526605620866717,-0.06498670917981518,-0.30126435453032313,0.6195283209947972,-0.9857826339316756,-0.44499043257619836,335,seg_6a8s,NORM
-1.0744321291271022,0.5647313190601919,-1.1520722408440318,-0.9309929635348563,1.248206437862049,0.7737420525308419,335,seg_8a10s,NORM
-0.6344053582150954,-1.211412306148745,-1.341351822312928,-0.11089300349036732,0.5054111166390791,0.9932541198827967,337,seg_0a2s,MI
0.09195138783338984,-0.4745056898395526,0.20141183934963583,0.4100682185069984,-0.770750587513164,-0.44536227436345377,337,seg_2a4s,MI
0.3331153010604223,0.3008824742654332,0.7771632818095647,0.21578400332375985,-0.2833031192545462,-0.35603377401844094,337,seg_4a6s,MI
-0.08634281784013143,-0.25488826116727026,0.6874833320905046,-0.758116645629994,0.3099239056868869,-0.5354726215167519,337,seg_6a8s,MI
0.4368006124643566,0.06864466619153066,-0.2557700591637787,0.2930706841559647,0.10344698587312748,0.37556882068750497,337,seg_8a10s,MI
-0.8182795774560764,-0.7462997876186472,0.3527557190409758,0.714620714170569,-0.007079967344033905,-0.40524115066579425,338,seg_0a2s,CD
0.041159625197697905,-0.07445401149535288,0.37084839363174943,-0.8566552307566937,0.08311780406861118,0.1995529410645553,338,seg_2a4s,CD
0.8068306640031553,0.8803218186390586,-0.413860991886491,1.210272439741929,0.16264139781643752,-0.759378338637853,338,seg_4a6s,CD
0.4881198921991389,0.026003642244018996,-0.3108408397191238,-0.7435505435363357,0.23419515025463347,0.21363721024131072,338,seg_6a8s,CD
-0.5144055338724147,-0.1523410659880958,0.6956750616756298,-0.7384152336520234,-0.3932779436281651,0.5884609381568012,338,seg_8a10s,CD
-2.5442388615723273,0.21356706833212522,-0.7648090562530662,0.3468327384862668,-0.013206405874190964,0.12809220741822142,339,seg_0a2s,NORM
0.6844066006887732,0.6881158066367746,0.1626892456581451,-0.1205148544444792,-0.015687290469352005,-0.039150467162041964,339,seg_2a4s,NORM
2.4335634591483757,-1.3058000273614978,-0.2394679072167351,-0.14963273757910123,-0.012791866012109658,-0.08212138906813657,339,seg_4a6s,NORM
-0.5999480301472773,-0.45421738426050295,0.7033551979771238,0.04203760738174414,-0.08184349262481645,-0.08741799611068084,339,seg_6a8s,NORM
-0.31279429048047686,0.8919860829332178,-0.08163200343383473,-0.04054814140141476,0.07664183211228631,-0.0212671027931031,339,seg_8a10s,NORM
0.3313902184727272,0.14954163069170906,0.5113203650898248,0.7016492665914625,1.0536149915015618,0.28765017134096477,340,seg_0a2s,NORM
0.6017838216401786,-0.23076106726319062,0.3285106180657811,-0.04146633066765118,-0.0417012640513201,-0.08374505109668573,340,seg_2a4s,NORM
-0.41840879140739407,-0.10619339764571335,-0.2322350013745338,-0.1475195921445778,0.048410043131752296,0.08979050745461699,340,seg_4a6s,NORM
-0.6100468271767543,0.0834987883295239,-0.4341776590799749,-0.4411834389357315,0.5103374457153111,0.3076402666265514,340,seg_6a8s,NORM
-0.30220613846996347,0.4186946703408186,0.11999734383418864,-0.41565640630101425,-0.10079421609313728,-0.24580501707395927,340,seg_8a10s,NORM
-1.0367876983300406,-0.37623513526468166,-0.3463315261010303,-1.3252079783807225,-0.5060210096204841,0.3490056924896901,341,seg_0a2s,STTC
-0.9388510835139232,1.02862695314936,0.278785198160948,0.4241775193599556,0.09759668338076352,0.02702146800807178,341,seg_2a4s,STTC
1.331569652539041,0.2569250634938708,0.012403675960393887,0.9220115600989581,0.8158921912855888,-0.3825798306831317,341,seg_4a6s,STTC
0.04430385713681604,-0.724972747645392,0.1882489635049403,-0.16534087113767487,-0.5519993426888395,0.1344055392951241,341,seg_6a8s,STTC
0.8141363675435872,-0.6112615469180459,-0.06711209604522005,0.15183379139263728,0.10872374637205579,-0.12065793030020142,341,seg_8a10s,STTC
-1.2626359435796144,-0.8427664589543518,0.11760785531012771,-1.0787502891934284,-0.0581598033475285,-0.2928750939633361,342,seg_0a2s,NORM
0.4018358466793655,-0.7388307170669813,-0.42945523135184877,0.7187618576553466,0.11064141883724221,-0.3546856483495275,342,seg_2a4s,NORM
0.8823958176275294,-0.6271338761224309,2.07683029932335,-0.4063529964950772,-0.8715435302125005,0.2828556838328184,342,seg_4a6s,NORM
0.6208083724446134,-0.11879320229080106,0.8169782881930114,-0.6774099321195188,-0.42240818276981146,0.13004086907558304,342,seg_6a8s,NORM
-0.8826320792881577,1.3729733775499133,-2.398434700400436,1.3221440097405674,1.235708393930199,0.2947307542542721,342,seg_8a10s,NORM
0.14690579577305876,2.4548004710987477,3.759904632346977,-4.954520058224153,-2.9660353625340163,1.3877122435724731,343,seg_0a2s,NORM
0.0108427260834325,-0.4093717961174646,-1.5884972196088682,2.7700830386318986,0.8535080949288859,-1.218610554839369,343,seg_2a4s,NORM
0.17236142288910317,-1.146189557888443,-2.5562279611813965,2.2084940701603646,2.6141957133327187,-0.6334072993359466,343,seg_4a6s,NORM
-0.554282123878691,-1.182265329362135,-0.8592232358451203,1.0998225513316762,0.9171096542743252,-0.36004627621134444,343,seg_6a8s,NORM
0.17082541622046846,-0.21915310306698413,1.3378078150657202,-1.2232155385262775,-1.3880010840807961,0.8081614783281302,343,seg_8a10s,NORM
-0.5553405784015477,-1.0199798377963245,0.17397352483662942,-0.32741427680250823,0.5640901125320392,0.2586973111368529,344,seg_0a2s,STTC
-0.0799705435626227,0.6425341946149493,-0.15271526516849868,0.11708962312247309,-0.16883470726323746,-0.20573430772574552,344,seg_2a4s,STTC
0.28537162361760604,0.450620841863031,0.3211214623132433,0.5226048177639834,-0.47768885767112423,-0.1190688039658178,344,seg_4a6s,STTC
0.1317594244784736,0.19340859853896752,0.055519389120567086,-0.1978303717412057,0.03684336634728834,0.08413821504042512,344,seg_6a8s,STTC
0.1627374467082775,0.0011957723341893996,-0.7164804429987679,0.003124758006719258,0.06073555096025293,-0.12444222837970201,344,seg_8a10s,STTC
0.5041549046120463,-0.6181540323005547,-0.8444156208154043,-1.7960249368120145,0.4915071345358173,-0.2375640004416775,345,seg_0a2s,NORM
-0.17633753244018482,1.8951910995408776,0.014010009470517306,1.2625339875187584,-0.4306528077752436,0.3672033380188882,345,seg_2a4s,NORM
-0.6104629811036927,-1.581370536441963,-0.21656793236729693,-0.562041993016852,0.016334324577223832,-0.2729392650182829,345,seg_4a6s,NORM
0.8888054985711284,-1.9185637891799179,0.18136979275409199,-0.24849911023432855,-0.27273866073124714,-0.14096885528924138,345,seg_6a8s,NORM
-0.30631080723470944,2.5241079250344995,1.023156143724743,1.397017674095624,0.3563680332381362,0.4182030537421447,345,seg_8a10s,NORM
-0.1183704087620581,0.4024793770460027,0.6403466338032705,0.6425080234791253,-0.5321667332453114,-0.4850779656975859,347,seg_0a2s,HYP
0.18933302352054854,0.19207767563053058,-0.16822864566652454,0.7826875039457492,0.6374533866903778,0.05462787332188126,347,seg_2a4s,HYP
0.11151865321338726,0.2764695526003208,0.8369626123098717,-0.03135570451865836,-0.05619919732123216,-0.07955294372237083,347,seg_4a6s,HYP
0.2775873487605819,0.15587255923008275,0.04673617771122881,-0.4692308654158454,-0.09003704114982525,0.10390048570058326,347,seg_6a8s,HYP
-0.5715523101882287,-0.8818474982622104,-1.5439616523753406,-1.2235190270203202,0.07323314239443289,0.4398543016460345,347,seg_8a10s,HYP
1.4047317785720606,-1.5878293171847742,-0.40413399842959635,-1.5698772517890895,-0.6202652284198029,-0.8486058907776515,348,seg_0a2s,CD
-1.329181948440542,0.8438850164885999,-0.06258691397739494,-0.5394485936003851,0.18292312237884215,0.37476149513061957,348,seg_2a4s,CD
2.082054572713935,0.1947360912064128,-2.123071430102948,1.1053250612401482,1.087530507512877,-0.13249962086518427,348,seg_4a6s,CD
0.5118101196563434,0.7883431663323875,0.12012083808061319,-0.061477521887218535,0.6442238764745284,0.24908337899265354,348,seg_6a8s,CD
-2.2584038494851297,1.227509113424762,1.8342746680451925,0.8919672587127223,-1.1759624548955956,0.23686493130590525,348,seg_8a10s,CD
15.447999549447799,-2.495244459493646,6.254947165347878,5.939143713452565,-2.1259597695348025,5.3185187370161,349,seg_0a2s,STTC
8.47237195136675,-2.8111182051709642,-2.7010415620464987,2.6930469134424975,2.9900912393711145,-2.613451350092858,349,seg_2a4s,STTC
-1.5135831660654424,-1.3163551296998295,-3.5460258837961116,0.883527996802973,3.6534538532201077,-2.301421681635268,349,seg_4a6s,STTC
-8.15163123986093,1.964459704518961,0.38068592260539846,-5.316137589914578,-1.2522747874801077,0.893218455306012,349,seg_6a8s,STTC
-14.318293475875619,5.68802922782554,-0.6965557559800469,-4.3084461683482775,-3.211518905184498,-1.364499827707245,349,seg_8a10s,STTC
-1.504076567125007,1.5372580333916501,0.9445687942082134,0.9478802935734608,-0.016692767003004417,-2.0509193330031947,351,seg_0a2s,STTC
-0.2842775429788839,0.7158203016528285,0.023767442461578334,0.8962119650348399,-0.6190281826053127,2.0016653086363285,351,seg_2a4s,STTC
0.22943443896697244,0.7899163157115549,-1.4049210118822224,0.26879602108409223,-0.22213478149239255,2.0986593027552796,351,seg_4a6s,STTC
0.405960817365776,-0.6368511336926045,-1.2039167456810025,-0.8982386287898583,-0.08487388494295965,0.8198283770836886,351,seg_6a8s,STTC
0.4583820395745236,-0.5757281186054755,1.096855982628252,-0.7464358288556019,0.7585701029872245,-2.7708634266411813,351,seg_8a10s,STTC
1.7713832127134779,1.435107964268018,1.5127489098908313,-1.510930311965654,4.882888386971506,1.5679893604734412,352,seg_0a2s,NORM
-0.15533431272639825,0.3884406470696665,1.7945832480781136,-0.5692039208920124,1.7217128882150752,0.23666147240501065,352,seg_2a4s,NORM
1.1134923005194781,-0.9698614129504015,0.5137482821446886,-0.05935865800613687,-0.21360313058903949,-0.013566583843659132,352,seg_4a6s,NORM
1.6943548396440353,-0.3701917709602304,-1.6528096659013976,0.4694624806129485,-2.14617914136523,-0.20379017678592465,352,seg_6a8s,NORM
-4.756273030763483,-0.8522204237140312,-1.7581221569952656,1.942889797694811,-4.357299020179988,-1.5621596450197026,352,seg_8a10s,NORM
-2.0030615354847243,1.366633757161666,5.364452683561228,2.211433659912655,-0.491775869472135,-2.24621326985291,353,seg_0a2s,NORM
0.5303554014704447,-1.8000065438273305,-2.2142555507984545,-0.5929798459744208,0.5278255029955765,1.2200387737158218,353,seg_2a4s,NORM
1.76707145866529,-0.23506560384807762,0.3359969147722401,1.0418389490857762,-0.13970707639197116,-0.9199042833891319,353,seg_4a6s,NORM
0.49658387381554703,0.5178082692260492,-0.46396033432820494,-0.17615243774862452,-0.0995088235713506,0.03685028228549686,353,seg_6a8s,NORM
-0.672104391260688,0.26628308812583823,-2.898240276369637,-2.3972853168645285,0.13162956471556003,2.012590176878277,353,seg_8a10s,NORM
-2.7861271508308523,-1.9904530330811787,1.6901565342866756,0.7134237211885132,-0.23512788748411295,0.03739651555036612,354,seg_0a2s,NORM
1.2539115985457383,0.46405713105664403,-0.36381456543372087,-0.03947084885686545,-0.16748951177763802,-0.20547844686365965,354,seg_2a4s,NORM
2.0035748894958583,-0.22365835616265614,-0.6397498547707773,-0.26297038780917725,0.027989804840200014,-0.08192733250579053,354,seg_4a6s,NORM
0.8389718657455398,0.3342549247594313,-0.49044995921656753,-0.13085543276622894,0.12767662590288414,-0.06640287808556691,354,seg_6a8s,NORM
-0.9595199775204198,0.5407650062449378,0.12279837035537607,-0.07282060027508684,0.31550196603062347,0.09088307074992102,354,seg_8a10s,NORM
-2.6574460121476173,-0.21729645046509377,1.2433674704649633,1.2573399383096795,0.6364290830172561,-0.9120261180483116,355,seg_0a2s,NORM
1.3657810348739288,-0.5739528353565575,-0.30919663870769654,-0.6733412501320263,-0.10459381456422792,0.5995411818869903,355,seg_2a4s,NORM
0.13748848593744978,-1.2746982120971104,-1.79908890115837,-2.0414879946329787,0.17684306719219736,1.4551874394643447,355,seg_4a6s,NORM
-0.3434667590308906,0.9478584253415656,-0.11009206806767027,-0.7239333119814868,-0.18281670734869357,0.160652956191558,355,seg_6a8s,NORM
1.3564339012295261,1.9257223571072448,1.0602060366448478,1.9085122698283379,-0.21127020561327844,-1.367482949909478,355,seg_8a10s,NORM
0.16541764982217502,-0.5286067600420817,2.1372558119480316,-1.6960115290658604,-0.17724158772241588,-0.20718489435454618,356,seg_0a2s,NORM
-1.0417563801586767,0.17055970011177365,-1.785788472901802,1.741111942873246,-0.41753615311733766,0.15458319223467418,356,seg_2a4s,NORM
0.2565745146913368,-0.11608255821176572,-2.871674035068362,3.039205789141331,2.07304231127123,0.19740623657449774,356,seg_4a6s,NORM
0.19512221781311626,-0.016376054586131623,-0.0331445566246697,0.15335836920929313,0.2657751532972935,-0.27605367978567996,356,seg_6a8s,NORM
0.33384181182201245,1.1228819846555111,1.9570895408074236,-2.698648943043529,-2.214556564902542,0.02511697750108713,356,seg_8a10s,NORM
-1.0800335261641396,-0.7420353352411052,0.7375945816044459,0.9832181659510584,-0.30955931764920347,2.468132611579301,357,seg_0a2s,STTC
0.19381877872808478,-0.03459454091400506,-0.1963927028431692,-0.16088572469338813,0.14764277666498588,-0.395240619221057,357,seg_2a4s,STTC
1.0735806721497727,0.173966183333345,-0.7630791023821304,-0.9563219163038102,0.36831127818682274,-1.070673475535486,357,seg_4a6s,STTC
1.4493507624912887,0.10920970913321694,-0.8131495058089815,-0.4375752164827863,0.23399481437409123,-0.8301152980142951,357,seg_6a8s,STTC
-1.437321614966365,0.7104057437084929,0.7345598358892236,0.46496766863807365,-0.24573475954225446,-0.020379170161461617,357,seg_8a10s,STTC
-1.4964917226378396,1.002439392457543,-0.029593772159823235,-0.5127497052463975,0.6027063600467668,0.27937406828480105,358,seg_0a2s,NORM
-0.6177278529266874,0.6033643127368488,-0.08417543707101809,0.22141443121499238,-0.08157102976976009,0.10855151619947556,358,seg_2a4s,NORM
1.9661335017350319,-1.229663814006261,-0.39559631030088555,0.5450652089109345,-0.6592654422366027,-0.008460745472963119,358,seg_4a6s,NORM
0.7937921464795404,-1.5574845223264586,0.5093386541339963,0.04018889695648707,-0.0901735187512907,-0.043939170389777196,358,seg_6a8s,NORM
-0.28567114660193105,2.0135499352105635,-0.6080219781271781,-0.29818188448763777,0.3033671353206599,-0.3975368951714917,358,seg_8a10s,NORM
1.145311162218951,-0.1679639942821588,0.3074766720621432,0.37541685409065995,-0.31975001519547236,-0.5455371072599864,359,seg_0a2s,NORM
0.17065540551839314,-0.7633003449305812,1.3167925633860869,0.5832619828251059,-0.11866422153457246,-0.4825427295778735,359,seg_2a4s,NORM
-0.5311949867682573,-0.7790512028894458,0.09784386656405104,-0.4024411660837199,0.050524203863476065,0.16802607256443344,359,seg_4a6s,NORM
-0.08952243385061819,-0.4712707301030296,-0.8628351585696584,-0.5366967278476449,0.2322809334616131,0.5454877808882445,359,seg_6a8s,NORM
-0.9006113426468428,1.0868458967026289,-0.6418032652981375,0.24143023176311182,0.3554018297316118,0.453017145838924,359,seg_8a10s,NORM
2.191911797594287,-1.2243848472910344,0.5665250255227515,0.10686474478677682,0.9271782889120892,1.203767778803658,360,seg_0a2s,NORM
-1.207738588856003,0.5630418670438841,-0.030198296450021877,0.16040867833460973,-0.9159585768662404,-0.89234782154145,360,seg_2a4s,NORM
-2.3011327128649266,1.7635278819763691,-0.9177865345745567,0.2922853202351369,-0.3770449447831767,-0.6715512187813308,360,seg_4a6s,NORM
-1.3914443543572688,0.9166623899222365,-1.1137354144034919,-0.11557484642463936,0.6869975199633687,0.46347891805630376,360,seg_6a8s,NORM
2.3103619126374437,-1.6198406501112408,1.4592387768267288,-0.34824296457412957,-0.0841026018477625,0.07636249182419917,360,seg_8a10s,NORM
0.4753362471239651,-0.4034555467026634,0.4574060589996864,0.4951910035565252,0.3789121097310418,0.07307658416903941,361,seg_0a2s,NORM
0.6996685564820658,0.14443055397748933,0.30069031389409184,-0.07826890698630481,-0.17100621617738113,-0.08846291643885132,361,seg_2a4s,NORM
0.9081746389061192,-0.019698222378727603,-0.4953989642825052,-0.31054459670683454,-0.03374430597647617,-0.01650137525771795,361,seg_4a6s,NORM
-0.5508705786465792,0.16869079402288578,-0.5221976799583039,-0.4648071954071073,0.14023552977232942,-0.03343013756879474,361,seg_6a8s,NORM
-1.6564020912013515,0.3476815378592599,0.1689885624465343,0.1702242222620341,-0.30402661616584503,0.12036991347281605,361,seg_8a10s,NORM
-0.2839293353759873,-1.2264779846083405,-0.48712439517260686,0.298867669432203,0.9588525241285514,0.29409142069030336,362,seg_0a2s,NORM
-0.11763870061299365,1.0860332995426885,0.43290230719197753,-0.0004919086686379628,-0.18272678273340576,0.003629499332016812,362,seg_2a4s,NORM
-1.2815173421463482,0.7901788912615926,0.08358197797395525,0.09065754821832075,0.125353015170163,-0.014073811506345355,362,seg_4a6s,NORM
0.4346654297776668,0.6682762173634667,-0.2611781254734343,-0.30589569528199234,0.05380174363935235,0.026173061383892828,362,seg_6a8s,NORM
1.6345820540765663,-0.2592641581948089,0.023379228498527086,-0.19895988393270353,-0.6057273475372472,-0.17423699687467084,362,seg_8a10s,NORM
1.9768291920069516,-4.982422211248533,0.8145488412052194,-1.2161363083920402,-1.1880537159611837,-0.24188232280081154,363,seg_0a2s,STTC
1.1389581980948518,0.36709287322444295,1.0814203968108844,0.017235185465950462,-0.49145802145709694,-0.3479909335331547,363,seg_2a4s,STTC
-1.4059467197747708,-0.2201249368948166,1.2304246723816268,-0.3252212444746454,-0.15185804437511716,0.2395237868961459,363,seg_4a6s,STTC
-1.0806805336583898,1.0832121678980438,-0.8176551973351424,0.5164980740557981,0.5622043073064389,0.248351842883313,363,seg_6a8s,STTC
-0.8943786616615057,3.061163208956074,-2.4191376759355694,1.1768332132310277,1.0742047816375355,0.13367513197613715,363,seg_8a10s,STTC
4.10307312060768,-0.8181885210315301,-0.28151059713682547,0.5506478978224537,0.15250531018859664,-0.23358195318366773,364,seg_0a2s,NORM
7.3659748857239995,-1.0095669039393653,-1.4704224012127098,0.06722474316078192,0.08995088947093793,-0.27824842039123726,364,seg_2a4s,NORM
-0.9364114908562,0.8120735166120042,0.054421299925280484,0.19766058291906016,0.12277408923067538,0.08330449995961216,364,seg_4a6s,NORM
-1.5076595370577133,0.36775108142947666,0.06408416030009448,-0.4254222685821308,-0.30156630017086916,0.08043590818423524,364,seg_6a8s,NORM
-9.385546913593371,0.245409776515982,1.3124801027091528,-0.35842508509465887,0.02202923399504136,0.5036711043478515,364,seg_8a10s,NORM
2.018415518450524,-0.8761046900125712,0.4652284745692747,0.45446392588167794,0.10705266360223958,0.23861632505102637,365,seg_0a2s,NORM
-0.3720684381335727,-0.27901841675209005,-0.2146777339311546,-0.09987013218516394,0.0036215662249926557,0.07794657948182136,365,seg_2a4s,NORM
2.0947553436861006,0.030193675752652537,0.008801512932363975,0.005353418724115953,-0.07496535587558477,-0.060791219662724404,365,seg_4a6s,NORM
-1.7207194490332567,0.6909995649524885,-0.42120696082536185,-0.31091285490452975,0.001341095303662522,-0.08513634459785571,365,seg_6a8s,NORM
-2.0063582047454833,0.5966801401060267,0.19698400463969307,0.12319012608084544,0.10115029417965314,-0.08172453705280822,365,seg_8a10s,NORM
1.4716998333284144,-1.628949943188534,-2.2661394641583197,-1.0103215050208993,0.6941227905386385,0.4159074244804345,366,seg_0a2s,NORM
-1.4569801199946804,-0.7179593904291995,0.26791079193626577,-0.3483779884151607,0.12649719201027373,0.7555465333344479,366,seg_2a4s,NORM
-0.79706856297434,0.29539474715588565,1.5328984873404727,0.9008113549670621,-0.20410926633597076,-0.806663161171381,366,seg_4a6s,NORM
-0.7479436111118829,1.3665692748105795,0.5040306601238633,0.07554544135439584,-0.4403055202328903,-0.9948066100796952,366,seg_6a8s,NORM
0.38372878671710736,0.7965554110270484,0.1861419122095466,0.16459190266561277,-0.05938915697918203,0.6295098618887031,366,seg_8a10s,NORM
-1.719387715945427,-0.4603467855766159,0.40931369663483613,0.19098091734438774,0.23617462618776858,0.46918363515406475,367,seg_0a2s,NORM
0.6325873997867858,-0.1752839782404983,-0.1366728548587608,-0.2737627645667851,0.05589773794763259,-0.011194422849311013,367,seg_2a4s,NORM
2.6769960119653127,0.23280301785777868,-0.03314404426683451,-0.5870650552315971,0.14543612543201254,-0.025100442736341,367,seg_4a6s,NORM
0.776292617478573,0.8759619994655051,0.11888248974306653,0.42516924515867566,0.05664300405027242,-0.1391275078873495,367,seg_6a8s,NORM
-2.490216007497281,-0.5345321719941626,-0.47713994034692436,-0.3020167706896812,-0.26940534727472887,-0.03464905469407136,367,seg_8a10s,NORM
-1.4785693205690575,-0.0829417175363921,-1.023865960559646,-0.20822960740031396,-0.338057536092442,0.2874866718391316,368,seg_0a2s,NORM
1.7048389576250025,-0.8633386374435944,-0.5123103019362107,-0.15862899839240205,-0.015112220558114373,0.08725422174376277,368,seg_2a4s,NORM
1.3109364094913565,0.4076173143405755,-0.531353675971213,-0.17885885731615644,-0.08145018486027107,-0.022060666544402106,368,seg_4a6s,NORM
0.49038385538060225,-0.18465906094495857,0.2165322329663448,0.39378655935562495,0.26562339203157637,-0.20237993608244645,368,seg_6a8s,NORM
-1.9424911450553888,0.3841590018056438,1.3224765842368256,0.061560592101237974,0.3626463387527551,-0.07469361073659476,368,seg_8a10s,NORM
-2.951493617314621,-2.534975221610843,-0.7399290075350258,0.155146670973829,0.006822274447371493,0.19600105292513834,369,seg_0a2s,STTC
0.926072459437166,1.3656432610327591,-0.3986641319334716,0.15234167668973828,0.2356621922257113,-0.03419951156006547,369,seg_2a4s,STTC
2.1438316401703874,1.4443461125670178,-0.30987411090473377,-0.268370126176616,0.04723675880129036,0.14071970406378592,369,seg_4a6s,STTC
0.8424315288666315,0.23825981604921861,0.33536048631393595,-0.06402841888414063,-0.15377693677547127,-0.10279878806250586,369,seg_6a8s,STTC
-0.16224972074338892,-0.5917214757481887,0.9285662004974191,0.03806541824491853,-0.22266381783645506,-0.23433779666117058,369,seg_8a10s,STTC
0.7733808081096035,-0.02509144404746975,0.8694174580563964,0.25643583439189716,-0.2858154680113721,-0.2724347054987247,370,seg_0a2s,NORM
-0.1502034248238344,-0.40330230558684044,0.05245208653429779,-0.6066788424439788,0.08493050571752982,-0.38426381044983543,370,seg_2a4s,NORM
1.8613524255454772,0.06947335832311459,-0.8609186725922333,0.05248933220617262,0.15088500338651412,0.16091212526347137,370,seg_4a6s,NORM
0.8730478530891996,0.48096971834169516,-0.6497652979637123,-0.3973443717316748,0.10253457537429743,0.0500862164346057,370,seg_6a8s,NORM
-2.8677284567158523,0.834696832298373,0.008567786694382533,0.5729560482491898,0.005292961599688412,0.3999676662017113,370,seg_8a10s,NORM
-2.3420622066854695,1.214482531269289,1.0961400129666117,-0.14429673022421816,-0.5930097904229137,-0.3616888922796831,371,seg_0a2s,NORM
0.3542314138888577,0.8912063450917632,-0.3837461035407753,0.2919125491321677,0.23132772190003492,0.0019821116333679193,371,seg_2a4s,NORM
1.7769563832816686,-0.34794749706170447,-0.9346504826902936,-0.1752909074929519,0.3295131496073606,0.1854620095151735,371,seg_4a6s,NORM
0.6739414065398953,-0.0021915474914422158,0.3255854122642264,0.15788386111298355,-0.0594880633618397,-0.10718307129970961,371,seg_6a8s,NORM
-0.6733311925925419,-1.3894652232936187,-0.09169945150530733,0.09863700727836149,0.03141576060010462,-0.010247648449428767,371,seg_8a10s,NORM
-0.2963643401995407,-2.6567776718285705,-0.3266264091251271,-0.26783449990674046,-0.14667697392346565,-0.31380523485062783,372,seg_0a2s,NORM
-0.29497476449382676,0.8035449884337281,0.7983315378049198,-0.38286408005521877,-0.1351395609766956,-0.32890632953376425,372,seg_2a4s,NORM
0.41423530775612094,-0.038923481529015376,0.5489702446324451,0.09062117079164424,0.06255715295456515,0.05614497800014183,372,seg_4a6s,NORM
-0.8201799506136074,0.10217631955792081,-0.5877096585683035,0.3166152698582884,0.23526251703635384,0.10708515749367102,372,seg_6a8s,NORM
0.43536881405023614,1.0908934333392146,-0.41352294636695575,0.3010694601184619,0.07767585160315206,0.27028058809548255,372,seg_8a10s,NORM
1.5184525348524909,0.1684686887587475,-1.4931050685190703,-0.2140875001936595,-0.02155699275535118,0.5004912071772696,373,seg_0a2s,NORM
0.8870911020876594,0.26058123633732694,-0.2710518007487444,0.587991639220824,0.20316435175120387,0.45576732923336055,373,seg_2a4s,NORM
-2.61282694442011,1.088355452040885,0.6247374695355489,0.3597897431963066,-0.3600270573695796,0.48340424629813156,373,seg_4a6s,NORM
-0.6132569703219176,-0.7220165407634862,0.3800166872166656,-0.617280823143392,0.22748583832422004,-0.6148292023239516,373,seg_6a8s,NORM
0.2963660972850375,-0.49408705915858153,0.16818328746925948,-0.05767525316744216,-0.20694876914780305,-0.5467421034298098,373,seg_8a10s,NORM
-0.8792368300881456,0.12170021308585888,-0.47294504389449044,-0.10864859011799838,-0.12227247805988897,0.6851082995599502,374,seg_0a2s,NORM
0.19494549915664044,-0.45599913382091045,-0.12097180235679196,0.21696169064924864,-0.0855810981438302,-0.06186466314184994,374,seg_2a4s,NORM
0.5674060763685574,-0.189354636894184,0.36629029622815285,0.19020907299174847,-0.19363519230849827,-0.4760202311485066,374,seg_4a6s,NORM
1.0978630271989995,-0.36972102848167027,0.3698340820372926,-0.19882988437118235,0.29837903626333434,-0.18210503530418298,374,seg_6a8s,NORM
-0.39516916281396,1.0947911035354627,-0.2097352345216996,-0.18407230691662096,0.32438376628617516,0.18639910680238603,374,seg_8a10s,NORM
-3.424348962381441,1.5866664586994816,-0.05404722745604267,-0.13185739289444157,0.26048641138795536,0.48807624100426356,375,seg_0a2s,NORM
-0.8854507379972119,1.2186380370296568,0.5825880069490468,0.09370502278536057,0.03182398070861383,0.19078293263617846,375,seg_2a4s,NORM
5.819230586007599,0.36257289071580473,0.12740196016242678,0.6278357457386107,-0.5417201581953935,-0.9992336413872924,375,seg_4a6s,NORM
1.2988836146489415,-1.8743069912530357,-1.1885812240829206,-0.5026514420194873,0.4832073920080398,0.7888232235592313,375,seg_6a8s,NORM
-2.8510636878835207,-0.06931517865753194,0.19918749306398004,0.18341989334010853,0.02217920139067296,-0.3147395427224974,375,seg_8a10s,NORM
-0.2828604114446785,-1.2287276612324702,1.1012211773645906,0.19422884584717945,-0.09760279451143496,-0.2869039914223839,376,seg_0a2s,NORM
-0.10326400067734531,0.4144048137660637,-0.012617259373268823,0.2349362129648419,0.0016279278563988196,-0.17331463475322417,376,seg_2a4s,NORM
0.5019820819683056,0.01677381532182762,-1.0080804694235517,-0.18518365897615555,0.06592298537675217,0.02307512011182759,376,seg_4a6s,NORM
0.22152680642673167,0.6017814629501207,0.1533320706340363,0.01471478350101206,-0.06459012687886026,-0.005774689453526443,376,seg_6a8s,NORM
0.10321553945681339,0.6328638959559533,-0.6507431443527014,-0.36818066903915053,0.18360675814174313,0.4702573387444991,376,seg_8a10s,NORM
-1.377762111434604,0.22513636424881484,0.7630911732158886,0.3865942376936737,0.24092832821516302,0.13694867720733273,377,seg_0a2s,CD
0.19200700256776182,1.2632465071805667,-0.37265645716158907,0.17182888208329303,0.018445111086171594,-0.11740904645489844,377,seg_2a4s,CD
0.5139016677743317,-0.9724110984397784,-0.21269485085469184,-0.27953207769978416,-0.07375796028371821,0.03487654828075637,377,seg_4a6s,CD
1.1078016008838738,-0.5814674302098335,-0.2975425588060235,0.03798787713518148,-0.16108932563162104,-0.1557408283221701,377,seg_6a8s,CD
0.41682908074618513,-0.5686653666252961,-0.5906764956365038,-0.006507354028133205,0.29022571919586326,0.23983394547796102,377,seg_8a10s,CD
2.8031329525596695,-0.6543746843754282,0.44769977632196545,0.3917213584348762,-0.08027921667015699,-0.1959131601981888,378,seg_0a2s,CD
0.10381990952745848,-0.29595675010073624,-0.33234054969311755,0.09936854070050136,0.308490331358595,0.10492622090410901,378,seg_2a4s,CD
-2.702502533319228,0.2595527307851014,0.08765966453706026,-0.0719337182916117,0.011152243956127324,0.04507407686003846,378,seg_4a6s,CD
1.3273597320160482,-0.12702301132911925,-0.31502068540035066,-0.333826962415323,-0.09641362306221367,-0.06851933934507232,378,seg_6a8s,CD
-1.4608634918922916,-0.14482931474360164,0.5788258444375416,-0.04569572628507117,0.08947843604223102,0.14996426297552304,378,seg_8a10s,CD
0.676715931675725,-0.4116748837183792,-0.8651833898650854,-0.013962972221672015,0.40318636111739925,0.48256685585701947,379,seg_0a2s,NORM
-0.8547480164355593,-0.7466827513950229,-0.040873552273112256,0.04088008222502627,0.039956054484194065,0.05646176639741992,379,seg_2a4s,NORM
-0.14696859517777058,0.6609663161973011,1.3680606911342794,0.07499012640944487,-0.39087055506742546,-0.2401733449529335,379,seg_4a6s,NORM
-0.6768085044920098,0.07887154048611414,0.20069725050060971,-0.18426380712586943,0.12000608029599893,0.10858742260364869,379,seg_6a8s,NORM
1.5772943565008686,0.5470288303964488,-1.0890436796352365,0.015483253765465655,0.0802277398589757,-0.14313340880042708,379,seg_8a10s,NORM
-0.0553277201142204,0.0487433389558127,0.04523393629714284,0.17954091516933135,-0.1388502059114868,0.24457899426890317,380,seg_0a2s,MI
0.8263511118566874,-0.5670667405037434,0.3093045903249199,0.20628546698591305,0.006131267760404245,-0.01607402312214834,380,seg_2a4s,MI
-0.12296620785343897,0.16589579371657465,-0.11588122776740567,-0.12095764327345969,0.1501374637776496,-0.24672295308141604,380,seg_4a6s,MI
-0.3409360092387319,0.15821761354003372,-0.0891004297327538,-0.05896814773645055,0.038928365085115525,-0.04815444245886975,380,seg_6a8s,MI
0.048682091044569824,0.25717019433351446,-0.1415044484928669,-0.3853175558311165,-0.07166429394831125,0.040693526230673564,380,seg_8a10s,MI
2.5780424535638145,4.812908625850757,0.1892647867635529,-0.4803578725269144,0.12232803453098542,0.1579917628435877,381,seg_0a2s,NORM
0.43169399229227295,1.5715532673984012,0.24558478726654603,-0.25972563246875957,0.03622915566623906,-0.2277249072752213,381,seg_2a4s,NORM
-0.9090470798190147,-3.3436566160726118,-0.44055065660930876,0.46582470379736535,0.15598386445135903,0.2489622197057773,381,seg_4a6s,NORM
0.9300764584737795,1.5321284513160451,-0.7425905919844674,0.1575329393162366,0.2808278219153474,0.30655350103602924,381,seg_6a8s,NORM
-2.684719922250345,-3.7968674483262457,0.634511557869554,-0.089252458364877,-0.477230168613103,-0.37737001534919584,381,seg_8a10s,NORM
-0.9326050531944101,-0.6383671722229264,0.14599157393656875,-0.2993340844789432,0.02233320430881446,0.14472886264683482,383,seg_0a2s,MI
0.6538630307149708,0.1486015178039538,-0.13548045906919676,-0.014244096618906105,-0.1934860607891553,0.02860749111795131,383,seg_2a4s,MI
-0.5614722576258319,0.652214415150645,0.5540558031147912,-0.059647131795255146,-0.037138578704521585,-0.10783861416230184,383,seg_4a6s,MI
-1.377236624262831,0.6192216744871591,0.3790020722374654,0.27403069124371876,0.048592290256406545,-0.22846052750656737,383,seg_6a8s,MI
1.3879257078313127,-0.7887009365676547,-0.8781868154998324,0.08058010354973442,0.11310835953910012,0.18212866783444615,383,seg_8a10s,MI
0.5911756653547722,0.88357926630729,1.023500548109692,0.30454953950399016,-0.06762461447919768,0.12777314982708124,384,seg_0a2s,NORM
-0.4015205386188995,0.14399233991546062,0.08959540104403368,-0.05037272298341246,-0.015211182563060626,0.01185442415884379,384,seg_2a4s,NORM
-0.32196896693539473,-0.4032713443938682,-0.5973345724481472,-0.13710446659359168,-0.07435111335294578,-0.004470525136517843,384,seg_4a6s,NORM
0.05084816366864836,1.0352659575422272,-0.6934591995700611,-0.08983550941778329,0.009656938153049884,-0.03210197952866215,384,seg_6a8s,NORM
-0.2503825165768389,-0.3992826732276623,-0.12594937363682843,-0.21230894128811567,-0.013962534347059945,-0.24768310486118225,384,seg_8a10s,NORM
0.3186018205108148,0.5535072056777802,1.0122857571770674,0.21591574604045238,-0.03106701960303117,-0.14123165632745951,386,seg_0a2s,HYP
-1.545468196815902,-0.40134882106727315,-0.4953364784772941,-1.1920748905528766,-0.40386026679363046,-0.2931910564260459,386,seg_2a4s,HYP
0.8777340191152093,-0.32955151525057497,0.05965670190535441,0.5108732552758506,0.3274541017162447,0.19053985589103728,386,seg_4a6s,HYP
0.44690920552273017,0.03128257334485767,0.38131306375042523,1.3480980924209989,-0.014321981647415228,0.4745077803210511,386,seg_6a8s,HYP
-0.1481837224120664,0.8463101304365321,-1.019248419767305,-1.0365169217075378,0.06546528435006024,-0.19729278681040996,386,seg_8a10s,HYP
1.7993983080541678,-1.2515415805083836,-0.5515421074092433,-0.25190848359021917,-0.010856966173878777,0.10571855918480559,387,seg_0a2s,NORM
0.10261291896244411,0.07719794208967008,0.18758041667044634,0.2670546950961649,0.09206843571659856,-0.04494677906958937,387,seg_2a4s,NORM
-1.2935892238898323,0.43751817378033653,0.3277024951390237,0.02272328023409465,-0.1949065945758273,-0.0652055659843316,387,seg_4a6s,NORM
-1.0509514065881516,-0.018049688302010956,0.09677123509772513,-0.010075666697359034,-0.010979353353187848,0.025110608770776453,387,seg_6a8s,NORM
0.7166960498804853,0.38449102468957,-0.23698705297803882,-0.14307850511655806,0.29891817854172054,0.14017921977269734,387,seg_8a10s,NORM
2.1901382081069456,-0.14138050590489024,-0.06439105438277073,0.39528160284159986,-0.5071880609011075,-0.3340622372312391,388,seg_0a2s,STTC
0.5760698085139684,0.05207965036365551,0.46650774597786787,0.5141456119214571,0.6490141593818803,-0.23762770645189207,388,seg_2a4s,STTC
-1.6742801244047982,0.2976824693848305,0.0012823460004179165,-0.2613367057905664,-0.028835866121726696,-0.09257971538680687,388,seg_4a6s,STTC
-0.912437246251695,0.46131238531501545,-0.9565631408370183,0.29673688976674994,-1.3120020289392325,-0.3447519294540758,388,seg_6a8s,STTC
-0.5236914947877526,-0.11487149237653117,0.2536174250036134,-0.8554941993562367,1.240253019204172,1.0105241654390673,388,seg_8a10s,STTC
1.4394896136222068,-0.3733601751231305,0.3834325375611416,-0.20172563380730346,0.16141083310571572,0.08859464496648344,389,seg_0a2s,NORM
0.012768555584790491,-0.328004820826291,-0.39283107504859,0.17353791965089027,0.1638791498936806,0.009880921349263877,389,seg_2a4s,NORM
-0.2673730878223414,0.15417743982798648,0.06761465708172418,-0.23016554701362468,-0.08786713073941196,0.042225564834232614,389,seg_4a6s,NORM
-0.3861129765849651,0.5168120326539948,-0.5726588085558743,0.03654951169785157,0.029097359744229594,-0.06817485776164327,389,seg_6a8s,NORM
-0.5655143221922488,-0.12006933544900418,0.6394964487119965,0.34592727231195647,-0.32664315002300537,-0.1043600340859229,389,seg_8a10s,NORM
-1.7201383836559407,-0.04233167036769226,-0.027738674764583266,0.6420275995100498,0.1402752382861402,0.16035813693597437,390,seg_0a2s,CD
-0.3782685921402287,-0.17168871462843,0.0503623045774559,0.08016049607331613,-0.002102270442452433,0.0829268757476476,390,seg_2a4s,CD
2.151106126886681,0.4144696575505496,-0.7803871890676456,-0.2993688086340931,0.15326409235906516,0.11106662009971811,390,seg_4a6s,CD
0.23641248026454975,-0.12990911558347382,-0.15255013080157362,-0.1864251546079417,-0.09528442788767355,-0.017793935065515524,390,seg_6a8s,CD
-0.21381046649701665,-1.7526283386804573,0.6296639113985555,-0.0590343836300769,-0.03700629559530942,-0.1979276945708899,390,seg_8a10s,CD
1.7094579710475182,-0.9589293604641499,-0.5495960661390609,0.012897255587124224,-0.08643974846011118,0.16926013218316424,391,seg_0a2s,NORM
0.03889673799586727,-0.7585380756656201,0.11519233782503284,-0.2342032481769448,0.06772987858901852,0.20226651222624148,391,seg_2a4s,NORM
-1.8699405367659696,0.4847912461301151,0.5606794568600946,-0.02362537727505386,0.06838668269865948,0.0798819409521977,391,seg_4a6s,NORM
0.7898094374954497,1.2330645169355556,-0.16496042146811699,-0.04542686420867281,0.09064950705873291,-0.2921108409730332,391,seg_6a8s,NORM
0.01624475517329414,0.9023098022010421,-0.5705170908099448,0.15226901011656638,0.12680110106344494,0.02117403687972987,391,seg_8a10s,NORM
-0.09312666666435056,-1.78232911340997,-0.007514000013327298,0.07017369730587646,0.06977912115653524,-0.41071595761461765,392,seg_0a2s,NORM
-1.2746103356184357,-0.9937718686965917,0.5440551677412144,0.056164670447910785,0.05314270147433865,-0.13077055910764848,392,seg_2a4s,NORM
1.6286354747629748,-0.6954220197425774,0.11185833607881893,-0.139384115487744,-0.42834416648547624,-0.19429970743144842,392,seg_4a6s,NORM
-1.124418661278733,1.251661198004029,0.666618884567437,-0.20791083574023228,-0.0011308320635439763,0.33621832180548583,392,seg_6a8s,NORM
0.9549824930634869,1.1188629972827193,-1.097490996223446,0.3171874563894598,0.29959922063101585,0.3584030269755236,392,seg_8a10s,NORM
-3.8027950057763107,-1.279862246099199,0.5284818371324291,0.33679365016876406,0.05185246142880557,-0.011913668014517922,393,seg_0a2s,NORM
-0.1617712761580509,-0.24358886975678784,0.49699872006813095,-0.010374660651194871,0.2132001355860016,-0.04380654611077555,393,seg_2a4s,NORM
2.630000553014573,0.9093649551459264,-0.3209702603172313,-0.5719183391884645,0.04744067610638427,0.11675529989318596,393,seg_4a6s,NORM
0.3750776767953786,0.07040549631338634,-0.20131838442960687,-0.0380766916006662,0.07294635435670337,-0.09641107382435371,393,seg_6a8s,NORM
-0.19981382528431932,0.8544705550031942,-0.43337791242536094,0.2309550982071383,-0.17041960188511684,-0.03215505027361138,393,seg_8a10s,NORM
-0.16357257981313353,0.863985322515531,0.1572765264209601,0.7208542748440662,-0.0504821247892039,-0.3846595086653783,394,seg_0a2s,NORM
-1.1938845256269837,-1.330487255421939,-0.132872685866705,0.07828108576018829,-0.03863310033561883,0.0931335852962255,394,seg_2a4s,NORM
0.7456989827594886,-0.6177786573444956,-0.2949252424037912,-0.5230912464246618,-0.20792762768670237,0.20396759415489102,394,seg_4a6s,NORM
-0.9632464251103949,-0.12078261558987655,-0.14839145836857362,-0.16934705984843504,-0.0331735091134384,0.03602540274540607,394,seg_6a8s,NORM
2.320541773037782,1.9775967973002209,0.5367664270895977,0.3139621997247021,0.4628041535099871,-0.13622416177423782,394,seg_8a10s,NORM
-2.2267309433681723,-0.5336716821861136,0.7751797350247045,0.7230509394158033,-0.20150157137221753,0.6488817752497201,395,seg_0a2s,NORM
2.435519903396308,-0.307021289514341,-0.8680456051962737,0.2065201609939602,-0.0707210624100404,-0.3373144892066603,395,seg_2a4s,NORM
2.3039253646151283,0.35218860210938446,-0.922645862529099,-0.4436399762048707,0.03002625141345742,-0.27644337936021895,395,seg_4a6s,NORM
1.5811152808763242,-0.41614477266008615,0.22032199984636433,-0.4441350615321654,0.08520118592451668,-0.3900134271103732,395,seg_6a8s,NORM
-3.8472510667926523,0.9942148068302871,0.6630053553353941,-0.18714178706018889,0.19106489374266344,0.3648850886983453,395,seg_8a10s,NORM
-0.6167411855384428,1.1117224366382013,0.5429863240930952,0.21167449140500286,0.06398304270115561,0.12101974133918214,396,seg_0a2s,NORM
-0.9963935187072717,-0.45739670045195285,0.636129096227631,0.7286130343620537,0.05503548589209371,0.02436953131572428,396,seg_2a4s,NORM
1.7804969734366827,-1.6247995489986848,-1.1721551578188916,-1.5091767967502823,0.0375711119922664,-0.24075832885433748,396,seg_4a6s,NORM
-0.0068036866570391034,-0.4583933517624063,-0.7054397695733025,0.056283317754341554,0.05701292596390505,0.2219939225329584,396,seg_6a8s,NORM
-0.7673585137191559,0.6382043934202486,0.7597006757429109,0.7848824231808668,-0.1698704486988906,-0.1085994989162031,396,seg_8a10s,NORM
-0.30523209815896835,0.3511392479097474,-0.34380808703167975,-0.1453307408054125,0.13641379749941335,0.06257916533960954,397,seg_0a2s,NORM
-0.17426464835472869,0.8667875085587015,-0.12363445449471794,0.32725987624244296,0.021822261728685996,-0.02342010963484494,397,seg_2a4s,NORM
0.686090293212332,-0.3082558697016024,0.1376248225321533,0.23927605268352434,-0.16731136391409376,-0.09698987946344549,397,seg_4a6s,NORM
0.2995668883319257,-0.5237826556305212,-0.11451735364189565,-0.06244450636841597,0.0772460108645226,0.1391071902302852,397,seg_6a8s,NORM
-0.2569730793449838,0.07392364694201735,0.13046320001007325,-0.0489352107441775,0.2693610888284314,0.015430846209027972,397,seg_8a10s,NORM
2.918549799563473,-0.5928074528687831,-0.9897849137672304,-0.7239458463560279,-0.7789118507072088,-0.3680936848767696,398,seg_0a2s,NORM
-2.548242424831774,0.4744258047694789,1.092966483142057,0.203202244675635,-0.16840741164845854,-0.256683574855754,398,seg_2a4s,NORM
-0.6850268720593742,1.1663321345862814,0.6096921059330991,0.055796205677017936,0.19235697422033343,-0.3194186484710683,398,seg_4a6s,NORM
1.5843049306067731,-0.6715987619035272,-0.7784488104549963,-0.12070003587027206,0.35039786274671164,0.21296623837652343,398,seg_6a8s,NORM
-1.4013881746251229,-0.42342090883325106,0.07893707067487496,0.4794541819847616,0.40662034056421725,0.5467150364239712,398,seg_8a10s,NORM
1.5489412641673526,0.17626246518026692,-0.5456338244228687,0.05448850393657569,0.28043102882972465,0.023072677344089087,399,seg_0a2s,NORM
0.06926976440302247,-0.22268301525176834,0.7335465426553179,0.2114052698439596,0.03635458394278391,-0.2220324402777257,399,seg_2a4s,NORM
-3.0510449212284785,0.7116340988784868,0.8927733696357251,0.4610265482892222,-0.01274671637717033,-0.010831139735574362,399,seg_4a6s,NORM
-0.19312416274653407,-0.12802879191509542,-0.04239396869356853,0.01395358834967752,-0.1111624256598369,0.014913464421999199,399,seg_6a8s,NORM
2.497509357264909,-0.8137784634986776,-1.059643367340823,-0.6547932390399275,0.03399430136769333,0.07795864823701111,399,seg_8a10s,NORM
-1.4864904922506792,0.7172461142406595,0.0773257805314227,-0.4565088265089013,-0.05212723349437398,-0.18727238217496625,400,seg_0a2s,STTC
0.37907972019133646,-0.5973985756074551,0.1837086128534888,-0.05334654208885729,0.0634675325280456,0.373080174183465,400,seg_2a4s,STTC
2.3797562226128957,0.6461432378172469,-0.38813436175695865,0.0226655794414631,0.2959890957867636,0.3407521577720165,400,seg_4a6s,STTC
1.6421783537941759,-0.1223611540211409,-0.39740207966572116,0.051833409776014125,0.12911752459151038,0.1618583018343259,400,seg_6a8s,STTC
-2.187377785225709,-0.6873860541606935,0.348828297248136,0.31250985603090925,-0.2906271488614334,-0.410659804499258,400,seg_8a10s,STTC
-1.8850919417851457,0.7739838285404929,1.5610572938282243,0.28967341612234787,0.038138606363444925,-0.18190399193015117,401,seg_0a2s,NORM
-0.25144669227772576,0.9367279718862551,0.21477267897651972,-0.03542267193199805,0.09949164623347878,-0.007056236177583498,401,seg_2a4s,NORM
4.680713405805128,-0.000622333587740868,-1.6897747314996467,-0.37728573998065623,-0.06623509537688146,-0.09429984494496703,401,seg_4a6s,NORM
0.9465024217885549,-0.6710456652745651,-0.7180234372238526,0.02459664583037682,-0.23208088014645387,-0.10583257069690613,401,seg_6a8s,NORM
-3.497616349838233,0.5408517332782943,0.14920631727196787,0.20645960821769155,0.12610598803395712,0.2503727741352436,401,seg_8a10s,NORM
-6.040493509425721,0.5472532262718439,0.22325533266194014,-0.0762021540543181,-0.2781653785735215,-0.03201188554813624,402,seg_0a2s,NORM
0.8740281968375103,0.514588424346789,-0.17191274193528316,0.5395392377581891,0.374139698123093,0.4283412916738532,402,seg_2a4s,NORM
4.780351774985754,-1.9707414468630935,-0.8472055722529412,-0.8314968034923557,0.19314570745848467,-0.20663856815468826,402,seg_4a6s,NORM
2.3411487489050167,-0.7070204042479293,0.19533079159303016,-0.7569344755585908,-0.125804247726072,-0.2832988262297456,402,seg_6a8s,NORM
-1.6578998385182302,2.0096208211362856,0.6484769604159992,0.824175830987642,0.10482583889269621,0.10392059937186705,402,seg_8a10s,NORM
-0.2062470630185277,-0.8002743502701065,-0.6629475089643108,-1.5127420504043427,0.27667559248708684,1.0046595379094676,403,seg_0a2s,NORM
-1.7223564188297764,1.2766392843520515,0.8318803021512197,0.42824445276596906,-0.003470603909955503,-0.022566509795945492,403,seg_2a4s,NORM
-1.9190017269297897,0.2900790499161179,1.6199472850432417,1.1962142030705982,0.15875999106793634,-0.32906669157623286,403,seg_4a6s,NORM
0.9243959333164131,0.2016191363205131,0.24287584056926909,0.5806204159833355,-0.010698306441863894,-0.22101716214922587,403,seg_6a8s,NORM
2.873082853121116,0.040196939434504114,-1.6017890934215593,-0.6074714145913476,-0.337965384450258,-0.49590815848876824,403,seg_8a10s,NORM
0.2175079407466039,0.40107091074175916,0.17743756979461908,-0.0658313729020442,-0.08554602734503544,-0.3506504206548955,404,seg_0a2s,NORM
-0.12330985528504113,-0.208257875268695,-0.27542216720629514,0.7630373483766876,-0.08137270899991207,-0.2735009802800022,404,seg_2a4s,NORM
-0.1945740587834365,0.0341595674890941,0.0777670691623091,0.5934489341096851,-0.2613764192415313,-0.5274334127669714,404,seg_4a6s,NORM
-0.5739859980159269,1.0658359262080122,0.5774859102069544,-0.1950993566100835,-0.257010881629458,0.06698839270032995,404,seg_6a8s,NORM
0.2623105838881876,-1.0837987781630496,-0.6643621491125415,-1.0310895577192674,0.7080189626273437,0.8569377252901883,404,seg_8a10s,NORM
-0.28652474263576616,0.2029781030248558,-0.18386703584303576,-0.21296118265673822,0.06145006904149544,-0.05484315923256804,405,seg_0a2s,NORM
-0.6958598676118279,0.08139829835947196,-0.16980260254340773,-0.4276276957052373,0.023349405453379664,-0.09194244937943705,405,seg_2a4s,NORM
1.989484881108205,0.5139482180421173,-0.03493306072386852,-0.24447762677735882,0.1029819993294028,0.04796062385357511,405,seg_4a6s,NORM
-0.5325886957874109,-0.20758792497430534,0.9254204172130683,0.3700000463058831,-0.16516443152422244,-0.05836141358067363,405,seg_6a8s,NORM
-0.3784663592005765,-0.8308815525021146,-0.12440801537166196,0.6753820048473997,0.04203858915109547,0.15929415890953252,405,seg_8a10s,NORM
-1.617811535320304,1.61201876952754,0.6907108686839568,0.6258557015470609,0.15395863988515712,-0.11502641139905147,406,seg_0a2s,NORM
0.0473140515668579,-0.023930020291650297,0.38710139526516557,0.28776709668858363,0.05176803877134117,-0.0297784652595376,406,seg_2a4s,NORM
1.1052619814545606,-1.3167643720858446,0.19935578915524127,-0.16164059884961676,-0.1761208134091149,-0.13210895847570614,406,seg_4a6s,NORM
1.4985123462203505,-1.0846293660224395,0.2915553604884616,-0.25248316514488134,0.07290759076259652,0.2948950188630565,406,seg_6a8s,NORM
-0.26111325426574516,0.5978823704071364,-1.4019923721054492,-0.4663290437950626,-0.15886947015478425,-0.08044957099502843,406,seg_8a10s,NORM
0.12126640454353779,-0.4415753488495125,-0.9405194904736354,-1.1959324261749187,-0.7025970561047489,0.9784435879401342,407,seg_0a2s,MI
0.30534458247689966,0.5924605176630456,0.047975946945249974,1.1701828699572938,0.4219798287499997,-0.8180207035446238,407,seg_2a4s,MI
-0.5781239683434501,0.47389301350667806,0.7974820400797512,0.06551905875774958,0.9633286827370816,-0.20355264588587535,407,seg_4a6s,MI
0.49604533996233563,-0.23766475918765095,0.985610008797855,-0.17790423456394855,0.7576603699367397,-0.08200386331008094,407,seg_6a8s,MI
0.1352297807291363,-0.6075732153552748,-0.8896342737206794,0.31757572668874007,-1.6620784074098232,0.15044289602710198,407,seg_8a10s,MI
1.6411292559449806,-0.1810465784816587,-0.006838687707220971,0.9553234500764254,0.2644293577982615,0.5264842167491857,408,seg_0a2s,STTC
-0.15318000985398755,-0.24771717372071872,-0.0475049632911267,0.44598583488740684,-0.17486928040800923,-0.2875134583072626,408,seg_2a4s,STTC
-0.8016368599348993,0.41841911557473427,0.5336628958731364,-0.10862767183063114,-0.019010595860187694,-0.4969174670950988,408,seg_4a6s,STTC
-0.1700897641887391,0.251015718836574,0.11929191219137558,-0.329217240349629,-0.05888975470490838,0.41049521797265887,408,seg_6a8s,STTC
-0.3559640969957904,-0.7213968532396068,-0.3685692418911254,-0.9051379306340154,-0.2186980746995978,-0.17659180982806633,408,seg_8a10s,STTC
1.197021790405186,-4.784351334837971,1.4184948531563861,0.22139833709324977,-0.6335881314199772,0.25647456880024533,409,seg_0a2s,MI
-0.5936922154297811,2.933163466448105,-1.1104628601905098,-0.3174908421966968,0.6169722046113508,-0.09846105470280406,409,seg_2a4s,MI
-1.0151779796635054,0.9557459415451633,0.2979059929987283,0.16424972892191672,0.14908801320933363,0.0868805964709141,409,seg_4a6s,MI
0.8388394162624498,0.03494660679352514,0.25859254264673853,0.49845884328828627,0.16566196421840462,0.04890127622862244,409,seg_6a8s,MI
-0.17368917445701784,1.5099087577911707,-1.1625925807638138,-0.41295925855584315,-0.08696881574310585,-0.36456653659158633,409,seg_8a10s,MI
-1.4702059008167319,-0.13891254147939397,-1.3656565600466208,4.108752824736104,3.9295340573365176,-0.8282071795262275,410,seg_0a2s,NORM
0.053290490344941994,-0.9324487719924456,-0.3538861005744693,-1.11496611937034,-0.43802875018410364,0.07659752540612641,410,seg_2a4s,NORM
0.4661263788472952,1.8074935186940104,5.021298132538021,-6.146804994782689,-5.094193783725963,1.2707999004363437,410,seg_4a6s,NORM
1.1652400110009309,0.982585976656385,0.5924596602302504,-0.6307342274573037,-1.6128745263058817,0.49659429698851476,410,seg_6a8s,NORM
0.12877530114703317,0.14067554250432296,-3.9620963191195386,4.323146355003139,3.0725544543150316,-1.302691927636897,410,seg_8a10s,NORM
0.19354637180169296,-0.6114291939578753,0.8986720368064022,0.1940505513938216,0.13251016485461214,-0.10886627265815896,411,seg_0a2s,NORM
-0.49168459319058533,-0.09488258847431484,-0.3612720069101898,-0.2421479710674887,-0.13570839358217482,0.15113687203389634,411,seg_2a4s,NORM
0.2541844480496078,-0.27728604671554263,-0.7056113398857509,-0.036707675757664406,-0.33037498097607226,0.07306154180435084,411,seg_4a6s,NORM
-0.4201940359239019,0.24950648862045732,-0.08166670811099468,-0.059782493131905395,-0.1211380350071423,-0.05250454879043238,411,seg_6a8s,NORM
0.7111518708715885,0.367443716611329,0.2963275106978626,0.11284947654114655,0.3333021335284408,-0.13684169235363083,411,seg_8a10s,NORM
-0.05557803783697412,-0.3474488422836428,-0.09601361568450233,-0.49080783407379375,-0.33323240093900897,-0.320856039453304,412,seg_0a2s,STTC
0.059274535052416484,-0.16421886515832063,0.3136193524137902,-0.0365014189474518,0.17565453547166096,0.2735447739902581,412,seg_2a4s,STTC
-0.23165402464871784,-0.6398067165079123,0.026348447179660187,0.6294816741933875,0.025541951272851908,0.5472867956093972,412,seg_4a6s,STTC
-0.44370017466943024,-1.14880919865802,-0.03430074237497195,-0.1224536171433128,0.4763841870967033,0.4150268218297287,412,seg_6a8s,STTC
0.3387956731232814,0.5509810857787705,-0.10384480208327455,-0.08651072641537154,-0.3880606432456648,-0.6956034743351723,412,seg_8a10s,STTC
-1.0990010785038875,-0.2503844796194337,-2.3378648611270343,0.5954548922459559,0.720521032289037,0.17931405037488007,413,seg_0a2s,STTC
0.438214685988251,-0.3532553661893154,0.1345941373694987,0.9820784708636732,0.42728898565963425,0.11891320620140408,413,seg_2a4s,STTC
0.3628843297856821,-1.5910440326432592e-05,0.34270390129123557,-0.6573693644202304,0.07988817813943412,0.30792486942381014,413,seg_4a6s,STTC
0.10173594091397135,0.14831374589485924,0.7388479632454414,0.8230655293972446,0.022500883734488792,-0.14911135803399292,413,seg_6a8s,STTC
-0.06420562915019297,0.09199504164801882,0.8296310661257488,-1.7242654725559843,-1.14634206320324,-0.33323619018095957,413,seg_8a10s,STTC
-1.2485710461583288,0.9346950909763848,-0.640787227465498,0.2440639344019936,0.40987006879268423,0.2426116317361768,414,seg_0a2s,MI
0.24624235970754516,0.5516803277396279,-0.592125426383295,0.24298534054804286,-0.04001134216834955,0.047985524969074524,414,seg_2a4s,MI
0.22506418248280574,-0.4315226894913764,0.6974704232261895,-0.4970507210048454,0.14473810740018253,-0.0355610326699125,414,seg_4a6s,MI
0.6305809128874035,0.4170193116200094,-0.16677649012443788,0.17702050660443897,-0.2970996153817238,-0.08211009636297857,414,seg_6a8s,MI
0.412809977533951,-0.3045115554611395,0.06807016926667771,-0.37827400924448285,-0.355154250289321,-0.16507798273621732,414,seg_8a10s,MI
3.5369881343045537,-2.5953212932988348,-3.7252085668875563,-2.4779659913061676,0.8731869159188235,0.08349158747601475,415,seg_0a2s,CD
-1.9524177880596472,0.8346096525088255,0.019705277267709178,0.3472497212252078,0.042942141198579926,-0.01594551840099994,415,seg_2a4s,CD
1.0067694377389493,1.5184956854755283,3.397191079315083,1.651689150401565,-0.761734409770404,-0.055773932070856604,415,seg_4a6s,CD
0.16741198808982327,-0.13691190464612651,2.2291922352329947,0.5881513131792144,-0.3408818192865572,-0.20931477188633263,415,seg_6a8s,CD
-2.563819273693997,0.3925913860262451,-1.9587839762041785,-0.18820568568854168,0.13842666159198858,0.189933682258441,415,seg_8a10s,CD
0.7605210549377259,0.5772285033219764,-1.3645686538251454,-1.8202682605112381,-3.0612305640216158,1.0163899847914848,416,seg_0a2s,STTC
-0.2157200166667943,0.8058850916280381,2.289592942559722,1.8839126828968107,2.4033590238390294,-1.310622619615762,416,seg_2a4s,STTC
-0.9819349308400045,1.0304479050514805,2.809602944664229,2.062855942621653,3.8681822990863637,-1.3344851418466819,416,seg_4a6s,STTC
0.6799062805779209,-0.830332449304339,-0.9709811611801159,-0.8753600936585765,-0.5748080449715811,0.9348348496819504,416,seg_6a8s,STTC
0.31021928843397534,-1.2298510339979198,-2.6450758511323906,-1.2493178897272916,-2.6721841070969523,0.6237471980951039,416,seg_8a10s,STTC
1.0024054460400595,-0.37603492675549444,0.9107792198119093,-0.6698587444795275,-0.2578412417360083,-0.47452923217825926,417,seg_0a2s,NORM
-0.22539984557841988,0.24152695577608355,0.21888440034835308,0.1094184250030861,-0.8383550997250815,0.2088205816210126,417,seg_2a4s,NORM
-1.7148282376945119,1.2303904859559762,-1.3921768039843199,-0.1835193929666458,0.49672917356620605,0.7434441724225693,417,seg_4a6s,NORM
-0.2510002505788102,0.9018329373754899,0.43396574538062904,1.4532588249469889,0.6845448352794835,-0.6110334519666424,417,seg_6a8s,NORM
0.689678425730228,-1.5149985590855664,-0.9921272681293015,-0.5179879115657989,0.09797588984427126,0.3079758280311833,417,seg_8a10s,NORM
0.4525783574244195,-0.6875107809356469,0.604127500624048,0.04286753088296959,-0.10537351311069115,-0.06537385764562131,420,seg_0a2s,NORM
-0.3864336188186002,-0.23874426010060676,0.32764517052991354,0.2627621997659881,0.11107909973584806,0.1651380178224069,420,seg_2a4s,NORM
-0.07761738280082776,-0.5027126624604513,0.2782715749503996,-0.14379265959945575,-0.07353055926159321,-0.026613744183071258,420,seg_4a6s,NORM
-0.23682921863983888,-0.6248643306568125,-0.2874578032995294,-0.08174217628972291,-0.1153956344816031,0.08023023779212106,420,seg_6a8s,NORM
0.46261537095610566,0.762178010096746,-0.5135422264064267,-0.0541818800080154,0.0417764598174649,-0.2557858796789636,420,seg_8a10s,NORM
0.12101310304016144,-3.044888234304506,-5.0247702880401,-4.053032348484157,2.692624593635163,4.289896187034726,421,seg_0a2s,NORM
-0.5966920470475434,-1.4188043565400676,-2.261694927043554,-1.8447238861058666,1.4064718638335272,3.889907319746647,421,seg_2a4s,NORM
0.05395426049909017,-0.18122377467901374,-0.6296782945514886,-0.8020632943853093,0.4703038035659628,0.01771776233266407,421,seg_4a6s,NORM
-0.47204881848578706,1.5587143822212377,3.4866417128390115,2.6822784331907212,-1.8181635036455677,-2.4885302326849312,421,seg_6a8s,NORM
0.9652467752438939,3.9215165058821344,4.321758732712196,3.9452026940434193,-2.8133080868050504,-5.854459992523025,421,seg_8a10s,NORM
-2.942301756603478,-7.357859158368481,1.3269221870355175,0.5381365642541708,-0.590196248032511,-0.6795453660510853,422,seg_0a2s,CD
1.8009830542583072,3.149832792632891,-0.7525853304979393,-0.27201380399958586,0.4345271243437666,0.7239765684547143,422,seg_2a4s,CD
2.076086145142093,4.789404277911738,-1.6807487272715493,-0.7256240876145162,0.11206217934091989,0.7226943461209483,422,seg_4a6s,CD
0.2744207743854369,2.5622872879726617,-0.9413957496621002,-0.9833511286680587,0.6902534011555839,0.31617869079786926,422,seg_6a8s,CD
-0.6607849723844398,-2.4089132210916624,1.7693506062999667,1.1474719040170434,-0.5818202605824528,-0.9905455738544638,422,seg_8a10s,CD
1.1802811410524348,-1.1245862398035873,-2.237983765617848,1.7161486264951507,1.057158988144963,-0.7266688407367052,423,seg_0a2s,MI
0.22067154167511963,-0.9145132347739559,0.6197953961330266,-0.5438704067240826,-0.4444819325966389,0.39852533851205557,423,seg_2a4s,MI
-0.1879054486688466,-0.3231166860015752,0.8162813753523909,-0.3273313458772252,-0.8033586879031359,0.6581722525736811,423,seg_4a6s,MI
0.2690061967117006,-0.21021417804202264,0.9065994848149769,-0.7873762213975654,-0.5590645557392309,0.19220736576919373,423,seg_6a8s,MI
-1.1130025593053032,1.9369928146956088,-0.5766376874681617,-0.23429375796123164,0.4907858228666984,-0.5198866342973233,423,seg_8a10s,MI
1.9335704235327467,-1.8905492739777896,1.1391439814195428,-1.3234635479281085,-0.26418647831888503,-0.17445583508685827,424,seg_0a2s,CD
0.3643005511941338,0.36259920882633295,-0.7791519558680753,1.3720513241575345,0.5041508104583641,0.9715819081823196,424,seg_2a4s,CD
-2.610417025790997,-0.11006044507252111,-0.17900838596456514,0.22572112411011938,0.05616578583391771,-1.0737421864312942,424,seg_4a6s,CD
-1.2057363950442639,-0.10767402991711784,0.8791692374147092,-0.42613256338424044,-0.6665645859353222,0.09965873432521126,424,seg_6a8s,CD
1.4700515484678873,1.3074013835024376,-0.9581338363530394,-0.06697242058834889,0.27825550337725014,0.11321571207317357,424,seg_8a10s,CD
1.875199914674305,-10.803642593706606,3.0827892721812087,-2.1682056996647185,5.314695848927893,2.0302003996593943,425,seg_0a2s,MI
1.3047317651530592,-4.45236261077432,1.809583980945613,-1.1049876119579116,2.70213202750114,1.111467044049166,425,seg_2a4s,MI
0.7635847267083818,1.365060074458707,-0.2118635889475308,-0.07706878856359381,0.23832594469433185,0.18369833104519223,425,seg_4a6s,MI
-1.203216947670478,3.6853149891749197,-1.8120314165467521,1.5452476773286208,-2.506858280649488,-0.9382893880262728,425,seg_6a8s,MI
-3.049501566607684,9.057356676445254,-2.6945990204605854,1.9506648284187453,-5.589252575902986,-2.6140319217081514,425,seg_8a10s,MI
-0.6432112476485531,1.3157963978139324,0.8787859424420397,0.9354488491987459,-0.27318252199424053,0.19222618209700984,426,seg_0a2s,NORM
0.2748069084990991,-0.31972104754015024,-0.42017565763266473,-0.16947456260916982,0.07968277709882332,-0.24547077625399136,426,seg_2a4s,NORM
1.8046745209222825,-0.9958002340486922,0.31601185381160396,-1.803129835407475,0.2911196020276735,-0.2108936563193589,426,seg_4a6s,NORM
1.6679930477396119,-0.7118123374990255,-1.411780212132411,1.525503180621244,-0.8910051225428562,-0.6792503631783592,426,seg_6a8s,NORM
-2.2627935291699957,0.5473588463589935,0.0824750380740337,-0.2840437486183755,0.972964723373465,0.975994981166271,426,seg_8a10s,NORM
-0.1274732001791087,1.4270129173734534,-0.44950859568930784,-0.6580865923384757,1.0187354955865011,-0.47015397775394435,427,seg_0a2s,STTC
1.006006419446982,0.5170613636031074,-0.39789396746944716,0.30085474475790985,-0.014701628028002853,-0.4932413547668276,427,seg_2a4s,STTC
-0.3600139483123735,-1.0879484305764502,-0.5415798077721784,0.07784103276933876,0.03928960847061265,-0.07090898058324806,427,seg_4a6s,STTC
0.0023092932115280624,-0.850289102526584,-0.047039630756891486,1.015892345569293,-0.2104643042059985,-0.022783779700246812,427,seg_6a8s,STTC
-0.6821622856174343,0.006820270206061128,1.2841764290694322,-0.7007798579076764,-0.5303554747669663,1.084710206093486,427,seg_8a10s,STTC
-2.0259449899982718,1.0614962248258522,0.3355615863822891,0.6753449637239722,0.12964475960488236,0.04324471714343134,429,seg_0a2s,MI
1.5153824374306781,-0.058961424933935754,-0.7485103235121219,-0.4777356671413708,0.1395318677503816,0.07873726121198847,429,seg_2a4s,MI
0.9907104256106414,-0.9632179404504327,0.8140223210563953,-0.03684345732484583,-0.15794688579126306,-0.2633367632955861,429,seg_4a6s,MI
-2.3789434454691043,0.5570617571353872,0.29697429283071053,0.1259439606263517,-0.08468174550305703,0.0019320900524709159,429,seg_6a8s,MI
1.853306260262211,-0.5811603511848613,-0.423513340526151,-0.3650092946013916,-0.1794581675886635,0.09162205044495081,429,seg_8a10s,MI
-0.1874749362310503,0.18407776108162122,2.4777725036940734,0.4719452648822623,-0.33532190280960844,-0.8635836820750331,430,seg_0a2s,MI
0.6264825861179083,-0.09881572248114284,-0.2040337789805217,-0.26625089484392334,0.35588265193248103,0.1825071736559919,430,seg_2a4s,MI
-0.22935356624589517,-0.6196982026709328,-0.40602346138063633,0.22981001711748686,0.2882259455066468,0.2666234237321389,430,seg_4a6s,MI
-0.16330691686367566,0.019930027350525337,-2.290202306453826,-0.36521442993412045,1.0947068964789348,0.6492260959567477,430,seg_6a8s,MI
0.10733469873724442,1.0818181433127778,0.3733510118326079,-0.21165968359405551,-1.4911735366408394,-0.37643359763212436,430,seg_8a10s,MI
2.103234692482561,0.0723273168293778,-0.8859794375959469,0.19284558795639073,0.31227442168316916,-0.04013291462217601,431,seg_0a2s,NORM
0.14864255761661246,1.278208234554129,0.43598050239957664,-0.22482894746778537,-0.3003212874304774,-0.3485868303227818,431,seg_2a4s,NORM
-1.248561174986457,1.6728759739334096,1.3471419138793708,0.6283517353726511,-0.3169596335595306,-1.2897627522317714,431,seg_4a6s,NORM
0.5424971151659849,-0.9415803785973353,1.168776789659577,0.31143677457428126,-0.5173724302120954,-0.5966049143636563,431,seg_6a8s,NORM
-1.9465197799936842,-2.030418768799839,-2.177296946078256,-1.2307364560613516,0.7450985237784041,2.3174434052429924,431,seg_8a10s,NORM
5.979966249637114,2.2450438292394055,2.157106064905259,-1.6402962071575566,-0.4927992735172491,-1.4647971600831218,432,seg_0a2s,NORM
-2.3706387302908785,-1.0230144043124894,0.07447274042070212,1.1483132710051378,-0.07959240077862179,0.15981291609125295,432,seg_2a4s,NORM
-4.993454137567076,-2.3868586815231803,-0.14171236452113,0.6423686528491643,0.44027285010464207,0.7308517949770078,432,seg_4a6s,NORM
-0.016985545081922532,0.5074723426330408,0.060995992365954536,0.2889659929245561,0.13773371674174537,0.20553211517651204,432,seg_6a8s,NORM
1.0228754356830798,1.1419376473662881,-2.455922467406176,-0.6158735397853415,0.18842739727464838,0.5146981488206552,432,seg_8a10s,NORM
-0.5339422008379178,-0.22698955190129458,-1.7857254936073923,0.16199383244146287,0.5070309035211343,0.6046169024336983,433,seg_0a2s,NORM
-0.16794193522559572,0.609443398056578,-0.2022481414880292,0.22204025922857565,-0.01777659134453806,0.15700215951643492,433,seg_2a4s,NORM
0.8634241295153504,-0.3128098034838657,0.3869675760244191,-0.2535681177906865,-0.19097309016418332,-0.19153523255085247,433,seg_4a6s,NORM
0.4755277746885081,0.7469427173679652,0.6021168632490869,-0.30685434873693845,-0.2300155545380329,-0.31294678389199515,433,seg_6a8s,NORM
-0.4831299914193519,0.062309508924035674,0.8207085251873848,-0.005040858079483858,0.014840051025014032,-0.21543102564428485,433,seg_8a10s,NORM
0.667949078975416,1.874709804891964,-0.3259461358494619,0.3311515237356545,0.009675040894479467,-0.09515567399824848,434,seg_0a2s,NORM
-0.8045685183936588,-0.12096706879120503,0.004132357767219184,-0.21666976780340094,-0.0016296892403901756,0.12766749669672872,434,seg_2a4s,NORM
-0.15800142741635126,-1.2051818986011227,1.8705352403723738,0.5256786010663077,-0.013640623883877578,-0.38835287996320345,434,seg_4a6s,NORM
-0.45014775373084803,-1.5461636109943162,-1.132414936075037,-0.8413036944594245,0.09712891439882222,0.6888560174407792,434,seg_6a8s,NORM
0.6632032112755779,0.7265906222374297,-0.3958316194363216,0.5030429690028092,0.03872012157639146,-0.10849086619238443,434,seg_8a10s,NORM
1.4557782276918443,-0.09341052914820308,0.14668199857902442,0.20031008939203485,0.3962263616242088,-0.10920536720901419,435,seg_0a2s,NORM
-1.8549076905249697,-0.24017617374914926,0.3658240410139915,0.18250647081309573,0.08207429146325473,-0.16431234377505707,435,seg_2a4s,NORM
-0.7812772082215216,0.32994430478388315,-0.24290404229684087,0.19935387952623596,0.1395596391115338,-0.05334613718127262,435,seg_4a6s,NORM
0.4159073686786661,0.2538071719658975,-0.22247102586134893,-0.2961044379465924,-0.06529145305463442,0.1287781604146122,435,seg_6a8s,NORM
0.6464941992745734,0.33229308143235037,0.04507831863704974,-0.12979426993416596,-0.4909983763360631,0.12301518310564344,435,seg_8a10s,NORM
-0.0013754701335652927,1.0337896023489463,3.852960900910966,-2.9413032182577554,-1.5159710456533821,0.3229750472903427,436,seg_0a2s,NORM
0.23506987308533656,-0.6288612661184874,-1.5729784342404425,1.1652175891222336,0.19629045291318492,-0.05858895797895935,436,seg_2a4s,NORM
-1.087367021315951,-0.056522759741521544,-3.5720425468619834,2.9384722831368575,1.8456207975226486,-0.24727098151601837,436,seg_4a6s,NORM
0.010212623644377274,0.49026217573695924,-0.7497533324510792,0.6830553682345782,0.20248337287076978,-0.41475217879553505,436,seg_6a8s,NORM
0.3843554783182423,-0.26879663231890044,1.566404391080544,-1.7668224783490913,-0.7723453523318734,0.44424918039715966,436,seg_8a10s,NORM
-0.3651589599726965,0.6316264683999474,-0.5023293973299896,-0.10440468466358835,-0.28241279264417,-0.48302351666418086,437,seg_0a2s,NORM
-1.167703578521578,-0.1728430160498553,-0.02792134870534551,0.23095887106327848,1.0633162184311848,-0.038998420109903065,437,seg_2a4s,NORM
0.310902265295316,-0.027287123775231077,0.26006418098432527,0.0043200946583775305,0.43659074841133527,-0.06808579425784696,437,seg_4a6s,NORM
-0.07873743446957505,-0.08177663251509004,-0.3039288363278282,0.08022320791933939,-0.24698942430696108,0.193098190034219,437,seg_6a8s,NORM
1.007252016988218,0.2546022567772802,0.12822451379873465,-0.28330960806786926,-0.8336545882809754,0.3521960552111806,437,seg_8a10s,NORM
0.047616822395559734,2.457187707247234,-0.1001175177121772,-0.27904642174617417,0.09791296905549558,0.2648177955835931,438,seg_0a2s,NORM
-1.260460585708087,-2.114904558576634,0.5906864359885546,0.1537114982818425,-0.2909266638036093,0.0010642105947719892,438,seg_2a4s,NORM
1.8916492634563964,-1.835522786191116,0.08730105395213947,0.14010091877134975,-0.10734626853867817,-0.12081945877615603,438,seg_4a6s,NORM
0.008269661496709466,1.4072798892291094,0.4463766197030207,-0.23310516842690782,-0.17616204818388034,-0.09132249333447028,438,seg_6a8s,NORM
-2.064141935749312,0.41123516285470985,-1.3068306089800323,0.3801743950126858,0.5287914255368937,0.11399602591477695,438,seg_8a10s,NORM
0.6541041685681118,-0.08442111424036684,-0.5154053951305181,-0.47066239198122156,0.8800242226511671,0.001493021823625112,439,seg_0a2s,NORM
-0.15891688750809121,0.7197256757432691,0.14366768990979084,1.0488925728202243,-0.1298145925232078,-0.5931530329340854,439,seg_2a4s,NORM
-2.1597460067504666,0.06828468051934075,0.2357453516879782,0.9944976446575213,-0.825296395664835,-0.14314471337540846,439,seg_4a6s,NORM
0.38276038007974345,-0.2107673279638144,0.2942661118376559,0.19279505219459686,-0.3254939725607062,-0.2855125752129137,439,seg_6a8s,NORM
1.0964010909564428,-0.7854674341472069,0.1797515382768958,-1.8126920213286988,0.12591350850849684,0.9922917840877788,439,seg_8a10s,NORM
0.23881166924455657,-1.3337046003163484,1.2611982880867418,-0.02256879061404421,0.2554493496519496,-0.03414438662708132,440,seg_0a2s,NORM
0.44513750408007546,-0.23150000718828814,-0.07093194211025151,-0.27131937161911,0.006203053464346797,0.2635584736458058,440,seg_2a4s,NORM
0.8011916151448821,0.5440961903834627,-0.16143739490254883,-0.12625303896928297,0.19752403974935137,0.400094853286868,440,seg_4a6s,NORM
-0.29934034261310466,0.4742278520374034,0.13354523035651766,0.09931345791831028,0.38451542038835385,-0.1288931861581357,440,seg_6a8s,NORM
-0.6996788754496903,0.5700380835818619,-1.141585286490184,0.13277968923658878,-0.8559126736679982,-0.5179671355695008,440,seg_8a10s,NORM
0.1620917558058561,0.9538205316553415,-0.20451940455637285,0.08890500521169502,-0.020565283798030697,-0.2788261815638694,441,seg_0a2s,NORM
0.6061205415664425,-0.12222133712852354,-0.12961484591441694,-0.16788009781249996,0.18750252291065897,0.06384756775158645,441,seg_2a4s,NORM
-1.29519594097342,-0.29250226414828523,0.4091021920832639,0.14752128745784346,0.11698418064048574,0.2159489268666156,441,seg_4a6s,NORM
0.8224083259627442,-0.6184417587822115,-0.16721933430349545,0.04643757434229547,-0.11797122887039947,0.01021298770421349,441,seg_6a8s,NORM
-0.6762477729180708,0.14395025514938672,0.22410436898012331,0.06619988221271089,-0.230745613786169,-0.30572703832632553,441,seg_8a10s,NORM
-0.02537139558752808,0.7387782421149811,4.185046949040401,-3.3553636469378842,-0.5579542845424786,1.2215094508617304,442,seg_0a2s,MI
-0.738469715314118,-0.7816895705823809,-1.1259179036005482,1.943813333075131,0.1480678301946927,-0.15738037462801072,442,seg_2a4s,MI
0.6877096211414897,-1.9658524738942353,-2.724513529626941,2.378264758808601,-0.2015550741297743,-1.94163397750189,442,seg_4a6s,MI
-0.2469341917977215,0.10707385878419633,-1.428662708878205,1.0400021409718534,0.6422139552989039,-0.7186878779455972,442,seg_6a8s,MI
0.2848726851830507,1.6548010304740641,1.1886135723626938,-2.0599881451297324,-0.11804736968810518,1.5997963008570588,442,seg_8a10s,MI
2.565393097749668,0.19223524706899126,1.6120903832552256,2.3219575344168883,-1.0699054406295372,3.622484531037865,443,seg_0a2s,NORM
-0.05633065789010006,-0.8931648408907713,-0.7595974436069164,-1.2286399197610425,0.6219387407164535,-1.9335723193520227,443,seg_2a4s,NORM
-4.584407565673852,0.18357004899050683,0.11106804897026461,-1.464983521363814,0.8890114083254771,-2.5822162029302,443,seg_4a6s,NORM
-2.044567076819181,0.20975446198510453,-0.12355574306076682,-0.7387542626151166,0.3804696216312103,-1.1890178482345923,443,seg_6a8s,NORM
3.8011930912349543,-0.34837169224162695,-0.43617133923333,1.0699338636224507,-0.76761483845297,2.0086448214139274,443,seg_8a10s,NORM
-1.17864884455807,-0.6462180013630806,0.9984782503414726,-0.2892965734682358,0.47493799026261857,-1.6789715267664143,444,seg_0a2s,NORM
-0.00805943993072584,-0.03196807753146342,-0.10140175368460512,0.43677184089460214,-0.23518769882089183,0.8475562952703656,444,seg_2a4s,NORM
2.325327422124156,-0.04170753868905998,-1.7728594584272261,-1.3313647870585745,-0.051794050317723155,0.917693892369758,444,seg_4a6s,NORM
1.7917174100281468,1.3809633178274558,-2.3231413490373782,-2.3321056354070695,-0.24496212386367244,-1.789245780620997,444,seg_6a8s,NORM
-2.8345820887087663,-0.6274558596978096,2.884428299125038,3.5813847456200403,-0.07323586369718323,1.757989077462241,444,seg_8a10s,NORM
-2.7845733051570316,0.09402986371198863,-0.6120362079290503,-1.2967479629838625,0.8500050883991601,-2.431679740712079,445,seg_0a2s,NORM
1.3780855252269564,-0.5601224785811135,0.7262536017221618,1.1030848506030637,-0.3345636501937028,1.7009415923696756,445,seg_2a4s,NORM
3.6251379941230812,-1.5636413419657127,0.6226723881364851,1.6308761813924408,-0.48812916054566674,2.5163255357428125,445,seg_4a6s,NORM
2.1808610804265998,-0.31710498440495416,0.030339099080664136,0.004082629792731574,-0.2864332253985251,0.4243385270067535,445,seg_6a8s,NORM
-3.668433265373462,2.7920661050145372,-0.6250666619013926,-1.62368717709667,0.13499600895399116,-2.2904016045432143,445,seg_8a10s,NORM
0.8552990464113955,1.1054397346672908,-0.33974460318205696,0.09849617413348036,-0.04382154539384907,-0.06855584896899011,446,seg_0a2s,NORM
-0.4497262860736894,0.3294699628709929,-0.08914134325337936,0.2926532860841841,0.05439472262814795,-0.11828325861137809,446,seg_2a4s,NORM
-1.73763572288922,0.7734033462526726,1.0008128414036879,0.24748980618846905,0.17234631098705244,0.29654917831992855,446,seg_4a6s,NORM
0.3246124562870263,-0.6190658071242361,-0.12097608439633734,-0.4860035395725308,0.027311148986208355,0.258501449837804,446,seg_6a8s,NORM
1.0170241932397637,-1.4802224477066457,-0.038063965516352556,-0.10570096694876827,-0.18755212303779434,-0.3009292776694665,446,seg_8a10s,NORM
-0.512721310035144,1.3169900098340666,-0.23977411545407804,-0.18671841316527218,0.08195372874259364,0.20183005585564762,447,seg_0a2s,CD
-0.5267542518207499,-1.747193350738639,0.05511626632801055,-0.15715442153406292,0.33118867334405044,0.23702776022569005,447,seg_2a4s,CD
-0.3899991859635954,0.12688423413967673,1.3612959182586395,0.15664935915476566,-0.8668419354507456,-0.47610477633054127,447,seg_4a6s,CD
-0.2462740231237887,-1.2709059104826441,-0.4002824414662039,-0.020509655470916772,-0.0641405677577645,0.2578351036831164,447,seg_6a8s,CD
0.8011687046956912,1.4387144668525,-0.7080167382670581,0.22404744102638383,0.6276091149424021,0.22885575862639565,447,seg_8a10s,CD
0.1633629211880642,0.9636355549574713,-0.7777332374176286,-0.12650258558965774,-0.3545024734128372,-0.02564615970702425,448,seg_0a2s,CD
0.01640872816393041,-0.04813580454858963,0.3887132275390229,0.2545182226030742,-0.03166757894037321,-0.039210495296350366,448,seg_2a4s,CD
-0.8169240652641585,-1.4635307958859367,0.43947291479566597,0.2941189442395298,0.03572518502146552,0.10235566697810573,448,seg_4a6s,CD
-1.18586859032506,0.47137384828695766,0.1578910053302557,0.29397648885532845,0.09890529066473337,0.09610090967163579,448,seg_6a8s,CD
1.6543962935205911,0.09409270387307686,-0.31612845834366676,-0.5624675379599672,0.3828867320802778,0.06305916848403187,448,seg_8a10s,CD
-0.17909124050858866,-0.19085775635446353,-0.19700291081056856,-1.3763922726375688,1.0785600035251062,0.49936663637539647,450,seg_0a2s,STTC
-0.2167430957891592,0.534226311383805,-0.1914244595725007,-0.6494618833611268,-0.13536863314530131,-0.6369162297444358,450,seg_2a4s,STTC
0.668026378785653,-0.5810414420782645,0.1315507712684506,-0.26664615460895197,0.27101602483604564,-0.08761992643670882,450,seg_4a6s,STTC
-0.07331139074505949,-0.36808183551555523,0.26096000894236243,0.16107556284751373,-0.07049840796716458,-0.21783009045411317,450,seg_6a8s,STTC
0.13178574941552323,2.2645231490608975,-0.8599044505509457,2.412672062427755,-1.037100158465731,0.5570472197875974,450,seg_8a10s,STTC
-1.7622376823803678,0.6653670510171226,1.5259338972949128,1.0311963051131514,-0.4708292693568118,0.6532752081195731,451,seg_0a2s,NORM
-0.1175408894446381,-0.22965882734035006,0.24152352032461766,-0.06955169266789864,-0.11133980218539748,-0.8354996279895202,451,seg_2a4s,NORM
2.3248095936010116,-1.3802164241977637,-0.6196851651660843,-0.627803160215404,0.30595333464210306,-1.0375813555427411,451,seg_4a6s,NORM
0.6767592463440828,-0.4562266763970706,-0.6562564542068471,0.08353331416040587,0.18672264564399976,0.2929723504307002,451,seg_6a8s,NORM
-0.9538438741185035,1.3355339404892856,-0.7836127856830944,-0.3005250850815831,0.09480573223979727,1.1810000307401016,451,seg_8a10s,NORM
-0.5347077901701808,-0.39515522603803643,0.5842628076204509,0.5008437594034109,0.08544816262159528,-0.18118533473145934,452,seg_0a2s,HYP
-0.6511253554943852,0.23763550747289222,0.4160509248131086,0.4940623243827444,-0.03051395017124105,-0.272063563554783,452,seg_2a4s,HYP
1.2927520024510786,-0.814401628999895,-0.2837359847287748,-0.24774066293157274,-0.257560166521984,0.026038960521206467,452,seg_4a6s,HYP
-0.029540594823687136,-0.3072698293929712,-0.10578211700463626,-0.5235715675547404,0.005586355487011541,0.15710964003890385,452,seg_6a8s,HYP
-0.6092032946877899,0.851908798691786,0.03783108853744813,-0.7108952625832284,0.007478915091485745,0.25961276174689235,452,seg_8a10s,HYP
-6.814439883706826,-4.789608334213849,-4.895074296200413,0.22970909092727732,0.279259782621811,-0.5668249939780675,453,seg_0a2s,MI
3.009717192956386,4.3381534053936015,1.6496011400892077,-0.7861158247278203,-0.0006962163714312754,0.5268315992631154,453,seg_2a4s,MI
12.139146968357974,0.5021180706184618,2.4595186119537416,-0.7745896368230033,0.07078096200606444,-0.25688313213976494,453,seg_4a6s,MI
3.752136605921417,-1.2606015487372382,-0.017558337148967266,-0.15345125557217057,-0.14725425809131765,-0.6195576166377501,453,seg_6a8s,MI
-12.123608442280926,0.9914611529948094,0.6458279791454548,1.449465424309232,-0.1592467227841557,0.8183220290112534,453,seg_8a10s,MI
0.4079774037866518,-1.0277803722387022,0.4528380953811422,-0.3415659940480557,0.014435005911367687,-0.07042632236954953,454,seg_0a2s,NORM
-0.13702114256494466,-0.32529914427954226,-0.07445210461600951,-0.052371075033296355,0.1282692967758221,0.241533552186891,454,seg_2a4s,NORM
-0.23598796786486378,-0.19017451889056775,-0.5886090580058078,-0.10693726188457726,-0.1000049404424525,0.1875712506117859,454,seg_4a6s,NORM
-0.4117883007411627,0.3800855842421012,0.5044740024116027,0.056924433841711274,-0.06751536417707732,-0.05478081540694506,454,seg_6a8s,NORM
0.1044385969266353,0.9227725257701174,-0.38514112030314257,0.09644448242122884,0.05302967054004659,-0.13606100706889976,454,seg_8a10s,NORM
0.32601983811028584,-0.3669794494775981,-0.3870577380705218,-0.5150042358350757,-0.0759380777114944,0.11088512027995841,455,seg_0a2s,MI
-0.14874504245596004,0.03396325804473619,-0.541592238934595,-0.5309321636175507,0.1305145977342953,0.2827879890044178,455,seg_2a4s,MI
0.8907781447324697,0.6571892487722037,-0.6006970043007211,0.15657932100840083,0.12863699954480187,-0.13163115988414717,455,seg_4a6s,MI
-0.3026707386907095,0.5229948850995157,-0.43015428093958946,-0.11543367688358686,-0.06869466426028137,-0.050023972879302346,455,seg_6a8s,MI
-0.7142530875461479,-0.7010092630938678,1.3325435306164866,1.007676831146962,-0.07944466297236591,-0.3199590776128042,455,seg_8a10s,MI
-3.464448126759209,1.5058700637234042,0.1002005306491933,-0.08527340821427687,-0.17866211488406555,-0.3210819424841778,457,seg_0a2s,NORM
1.122285989837213,0.6312455105024093,-0.4468147001078663,0.07385010656246224,0.20049470068507078,-0.02954057759905835,457,seg_2a4s,NORM
1.0583619893241234,0.32995493115791386,-0.03936262976552687,0.11176373160085908,0.31755480311353873,-0.23549595634610504,457,seg_4a6s,NORM
1.777698632745673,-1.0369429247250477,-0.02434206186995265,-0.43666402377285785,0.016820583801557473,-0.2620452457635318,457,seg_6a8s,NORM
-0.6684276212080956,-1.75640556828304,0.3374241323085421,0.17428385373315003,-0.18483447961116808,0.8280124095821417,457,seg_8a10s,NORM
-1.5430059664735167,-0.8095546492578825,2.6585245801957345,-2.0578495763672056,2.8583555031212784,0.9076626081492488,460,seg_0a2s,NORM
0.20741609753273776,-0.3310024292558978,-1.8614043714771913,0.8730470915734531,-1.7101710330571518,-1.286869128045502,460,seg_2a4s,NORM
0.5617390641909564,1.1548555948081116,-1.3522001728096793,3.514579402580873,-2.842725836613587,1.4334688030948162,460,seg_4a6s,NORM
0.9636159397577359,0.6415267013318465,0.03004660957918651,0.9156688205837548,-0.39922451011737375,0.3269965232195455,460,seg_6a8s,NORM
-0.790927603872252,-0.9215372446865094,0.406070494148719,-3.2498284357281966,2.149478716012605,-1.2788031957016373,460,seg_8a10s,NORM
-0.23609798198128112,0.33121564584828783,-0.3682381855806018,0.14524666640292197,-1.1960259839441976,-0.4409833118084316,463,seg_0a2s,NORM
-0.22828965681124574,-0.32309818389257555,0.46674049859384836,0.14648555674261757,0.9278086544723065,0.3658337288820199,463,seg_2a4s,NORM
-1.2744958919851792,-0.027384289669147212,-0.30127367555368534,-0.2561273302769872,0.7291932298487244,0.37897779558977135,463,seg_4a6s,NORM
0.034634785634606584,-0.20104294937676287,0.371685140565949,-0.6047167131826278,0.2930756773229339,-0.1943866603362136,463,seg_6a8s,NORM
0.5651153564929391,0.05299436840264442,-0.08980501822091037,0.7357825651456812,-0.676241573758423,-0.3081125321792274,463,seg_8a10s,NORM
-0.7734561283656091,-0.624803418438098,0.7140788459487736,1.225479125319257,0.17317111491183573,-0.016582043387527483,464,seg_0a2s,MI
0.5881052337517461,1.4028584332645855,1.9180133504655577,0.8246636232803987,-0.4765004093024048,-0.05884249118975669,464,seg_2a4s,MI
-1.1529791016412319,-1.3483596176121617,-3.1195268097044035,-2.917810224396414,0.3412210532346756,0.05470468568662486,464,seg_4a6s,MI
-1.201632818756167,-0.99221972132528,-0.3670676294285522,2.053553126353116,0.577363793687385,0.15261117830173468,464,seg_6a8s,MI
2.113530868763219,0.7195164919472068,0.9860079061281837,-0.8917706284539957,-0.5710914583388217,0.15879376868770903,464,seg_8a10s,MI
-1.8170368028987067,-2.640332723970285,1.1620237624534302,-1.2316101671405504,-0.8050293278262455,-2.021908214748524,465,seg_0a2s,STTC
0.7499153393824525,0.19005923657904675,-0.3962559958992364,0.7271798407267345,0.011248498451958537,2.395259986048687,465,seg_2a4s,STTC
-2.9391426108596113,-0.03640556272135652,-0.7704263798373578,0.6974001711816578,0.1790052778980733,1.8810628844077208,465,seg_4a6s,STTC
0.4938542267499962,0.09030399766073004,0.19158673460105002,0.07968215172978793,-0.23885172458768014,1.000724613580845,465,seg_6a8s,STTC
3.147467305313592,2.155694119600993,0.13472289508240162,-0.6716908552349438,0.7078095411293223,-3.025145607629279,465,seg_8a10s,STTC
-1.8917705563619787,-0.2680957843655809,-2.1688524022234428,0.8154764823782333,0.7657794829695546,-0.3882509517843477,466,seg_0a2s,NORM
0.5829254976667102,0.493423443003087,0.8942359184928758,-0.19395245262166894,-0.917933549987255,0.4346200328479518,466,seg_2a4s,NORM
0.1528387346158968,0.795473633946834,1.2914872930063521,0.14757772300243807,-0.7658878269983536,1.324489748645459,466,seg_4a6s,NORM
3.249454476053207e-05,0.4147577658098104,0.5491630054329731,-0.45804768937701695,-0.546530422592088,0.11917089738774163,466,seg_6a8s,NORM
1.4559306677225736,-0.8201940559170624,-0.8262115312999475,-0.2112082623028411,1.6346876942802553,-1.6175046120622514,466,seg_8a10s,NORM
-1.0458611194568965,-3.8528171304797154,0.5117216493925031,0.4437145904183571,0.039740828837571004,0.33137695706550047,467,seg_0a2s,NORM
1.0481065305317816,1.4983234536954702,-0.6999435971227013,0.47852401873154554,0.3835227306403681,0.1907539738544738,467,seg_2a4s,NORM
2.987876081617578,2.8245681096016617,-1.6320285685559548,-0.6911644139830877,0.9301921173600033,0.6143607756066676,467,seg_4a6s,NORM
-1.0750065391104322,-2.989999065873551,0.1619479609930375,-0.29927510465017254,-0.4218411291919912,-0.22059868744893082,467,seg_6a8s,NORM
-2.5677047668202637,1.7249834355280036,1.6866605530339562,0.1278625751055285,-0.8686574051554536,-0.8839299486336911,467,seg_8a10s,NORM
-0.8646140466519416,-1.3682086158680475,0.7455729928054062,0.17490524372202315,0.006455632044904757,-1.6094301688346953,468,seg_0a2s,MI
0.8351979283694484,-0.742628403658343,0.1813179282859712,0.9056381268043016,0.19134760703039053,0.6138132954808689,468,seg_2a4s,MI
1.705493719326186,0.721428705039945,0.7186135012134229,0.4041934949284795,-0.17038855354192742,0.31383567982624516,468,seg_4a6s,MI
0.2399997646965076,1.2461161411231858,-0.19878009076314815,-0.5049841099478612,0.01735788575693611,-0.042898675442612354,468,seg_6a8s,MI
-1.8662778379057565,1.07096441934667,-1.3410192883934138,-0.7627577833512293,0.1609131947668051,0.7639165228534344,468,seg_8a10s,MI
8.066893016371532,-0.29966241412872857,-3.184866007396102,-1.2691213061250262,-0.12666839546871994,0.2796656363902354,469,seg_0a2s,STTC
-3.538878859498794,0.4243766318874415,1.896233420359738,0.4487659730653037,-0.09101896699693057,-0.01944011122250074,469,seg_2a4s,STTC
-7.295683720424197,0.005972692357171678,1.5722052715731123,0.28936673837240723,-0.19155839736551514,0.07955879431095132,469,seg_4a6s,STTC
-2.442947632286642,0.11412789222787759,1.1037861013457313,0.5871605383579912,0.2210894332584154,-0.14187175869652133,469,seg_6a8s,STTC
6.282794096672229,-0.043456311932243495,-1.0217632536351877,-0.1454090495128994,0.2444771020905087,-0.09135728426212586,469,seg_8a10s,STTC
0.05361026466106854,0.15261627084260315,-0.3537417239786046,0.3222934754367231,-0.4989659459106177,-0.7794067644096533,470,seg_0a2s,NORM
1.6827863706322836,-0.32300923350809063,0.07124963863545211,-0.10240949318315323,0.1849738010288176,0.009083331239389748,470,seg_2a4s,NORM
0.4650922924440002,-0.39322521705698765,0.21696365767710107,0.14804372050762862,0.41161890378157906,0.4951787135191784,470,seg_4a6s,NORM
-0.999002579557102,-0.690358840785711,-0.3167530220384748,-0.1696384618533343,-0.27870088052715347,-0.0053446475864161935,470,seg_6a8s,NORM
-0.7139222135613822,0.6760307875773787,0.16418756845595997,-0.2838787340513221,0.27026983363313317,0.28010150853890914,470,seg_8a10s,NORM
1.4092076139919776,3.27240368937041,5.952908792224236,-4.589278016846561,-5.031536233617175,-2.496444535586554,472,seg_0a2s,NORM
-0.3455314571246411,-0.4691011256571178,-1.948928854366162,1.9792278880924565,2.7489860967802127,0.6697321236946978,472,seg_2a4s,NORM
-0.9121722399760922,-1.7980859213791085,-3.2394697043405873,4.451759136853799,4.068796415752776,2.835782942740078,472,seg_4a6s,NORM
-0.6775132747403567,-1.3467939850818933,-1.4475056608526702,2.201884821057448,1.11212998333787,0.8130699983789309,472,seg_6a8s,NORM
0.7336061123302025,-0.04051729650490889,1.0335767161278273,-3.826036127883797,-2.8465356335260728,-2.120624684081743,472,seg_8a10s,NORM
-0.2130885195411452,1.198053797664527,1.8649526327502128,-0.07130363623941188,2.5590988988834185,0.17070524004355536,473,seg_0a2s,NORM
-1.249374320667121,0.31287321580897925,-2.3798138614786213,0.36135768789209216,-0.9618272845714031,-0.13289431420033584,473,seg_2a4s,NORM
-0.8788555683243885,0.6878162210107439,0.2715934310186112,-1.8872677681697911,-1.2871266429292691,0.5436173453563609,473,seg_4a6s,NORM
0.7172899093454869,-0.19544275123191884,0.2848017789853045,-0.006710549101853385,-0.9061951969030867,0.006980804251117442,473,seg_6a8s,NORM
1.4587435902271253,-2.4904604165426476,-0.11853278667177124,1.6507025199099903,0.644954834115705,-0.43152704414702153,473,seg_8a10s,NORM
-0.16852793799314517,0.3108198094091,0.7192829220543191,0.24889594697061448,0.51129294731527,0.11380655181073528,474,seg_0a2s,NORM
0.0852041047176529,-0.6341840884282932,-0.21319045128259517,-0.053660333722290295,-0.3231828110721916,-0.5344944462867766,474,seg_2a4s,NORM
-1.0278658511070036,-0.0905365564499705,-0.19775075417968158,0.6308711735067916,-0.40405873749492965,-0.09890505892243463,474,seg_4a6s,NORM
0.35925408360788574,0.3984825761968129,-0.25348456340278874,-0.3361915666412923,-0.25710227702517396,0.036078122413636636,474,seg_6a8s,NORM
0.9399740006391928,0.026720602153847806,-0.6676355124974297,-0.6177201245909689,0.24588900799929422,0.4580921889220323,474,seg_8a10s,NORM
5.848827943839755,0.8060102567305726,-0.43824577435043954,0.8530852219981825,1.2034304320599456,-1.0935379963965577,475,seg_0a2s,NORM
-5.182766714111102,-0.0017905820034761963,0.13924829336849198,-0.3569154386777508,-0.445660562164852,-1.0504804336213696,475,seg_2a4s,NORM
-2.634657364243137,-0.2733563935838852,0.15209213890211365,-0.3509213717679361,-0.46268344794327565,-0.18154411405230036,475,seg_4a6s,NORM
-1.6917531594923445,-1.1825677704522344,-0.9765239170386415,1.3226521465025165,0.9190455660258082,1.1824227300712877,475,seg_6a8s,NORM
3.6770643075065097,0.22657875186311527,0.9442479178039039,-1.179796507331569,-1.2749145111238323,1.1918983431790697,475,seg_8a10s,NORM
-2.468688495363891,-0.9776922529473194,0.858014806755261,1.490178808353413,-0.16430118079499942,0.9502184628464824,476,seg_0a2s,STTC
0.9026354622850445,0.4888912923140136,0.8236438435120303,-0.7635182356606975,-0.3106044299418953,-0.8472582834321076,476,seg_2a4s,STTC
0.6163417318963408,1.9487644520674547,1.7368833862502804,-1.263092248344011,-1.0506358287523718,-1.529735737997331,476,seg_4a6s,STTC
0.8629224962428347,-0.40427668245977555,-0.6628869179869735,-1.2065348325258192,-0.13666410722605324,-0.2882311998177371,476,seg_6a8s,STTC
-0.38553967343473017,-1.373058298786349,-2.8515010618709504,1.7383315322434516,1.6385999560911475,1.835490133725714,476,seg_8a10s,STTC
-0.8483189956114418,-0.28934127153728484,-1.1767614442314969,-0.10123216044607108,1.7611362102799708,-1.2653147983344624,477,seg_0a2s,MI
0.9809946035976906,-0.23991918979740356,-1.1628203125335268,-0.2866127310002524,-0.2619518911398647,0.4052912183642692,477,seg_2a4s,MI
-0.23061756438913186,0.6267262266182756,0.6357675910328382,0.7155195316720357,-0.051180231261877186,1.0303475619966933,477,seg_4a6s,MI
0.2830736431317762,0.2659155006241881,0.48038589874457965,-0.033303687677377146,-0.5628408605927749,0.11249552334065455,477,seg_6a8s,MI
0.09381170946275755,0.5074762586549056,0.9913232780699064,-0.23348787306059174,-0.8552110715647312,-0.3446037784747656,477,seg_8a10s,MI
-0.18603971794972293,-0.38482077580698615,1.1845352091900012,-0.40331420698009124,-0.9144826797648751,1.0496797475630129,478,seg_0a2s,NORM
1.4617491228852333,-0.7988249956435207,-0.13415670612237685,-0.5594465099863508,0.5272540631367965,-1.210773472479868,478,seg_2a4s,NORM
-1.180039970425366,-0.4967999499422693,-0.8625324259036128,-0.030832448363104944,0.6207528645632211,-0.039716467990254405,478,seg_4a6s,NORM
0.5083324588031336,0.9107034420787229,0.08744844913728325,1.186590257096571,0.5915459528106449,-0.35255714522699466,478,seg_6a8s,NORM
-0.8215888378990016,0.7048638296511164,-0.4907024448853066,-0.40414339118691955,-0.7747277845692779,0.5227929546837444,478,seg_8a10s,NORM
1.029199988278881,-0.0630452813884413,0.016175540138976194,0.4848368213695955,-0.26502191649663137,0.6336832887215652,479,seg_0a2s,CD
-1.1578192484692564,-0.008042897064723,0.049628569989863404,-0.34975512982920837,0.2658416260091009,-1.2617486126561999,479,seg_2a4s,CD
0.7193760345564466,0.48372860704836024,0.10489457887966225,0.10658708104176834,-0.17977061211938788,-0.43795238523191066,479,seg_4a6s,CD
-0.7532978741050074,-0.6255053102703185,-0.1957895545899252,-0.655104728709134,0.34201677174486034,-0.47525714204703084,479,seg_6a8s,CD
-0.24490289131555168,-0.47930050067090396,-0.15169186582374833,0.5790473789925489,-0.3037378041630923,1.3947697362604972,479,seg_8a10s,CD
-3.1360764921449347,-1.6042584500190313,1.2923580671447321,-0.15673642865209267,0.2768591053739048,0.06915267720404457,480,seg_0a2s,NORM
0.3161129361283093,-2.4950235519974355,0.3108863462351006,0.20656428660568354,-0.5441397664329461,0.006583462785552682,480,seg_2a4s,NORM
2.8139675826778756,-0.8617759065464394,-0.6082526156645967,-0.33827245122508515,0.14829995986816263,0.07348392122441512,480,seg_4a6s,NORM
1.2468328351321212,1.3220791913272185,-0.32575936599250777,-0.10859089016185092,-0.12941508625900747,-0.2688218582254516,480,seg_6a8s,NORM
-1.4368153820638696,3.683136220712384,-0.44877198645432326,0.40414165762835635,0.13311508901021854,0.0019594847476583736,480,seg_8a10s,NORM
-0.7453958520104425,0.4615593562933314,-0.40123829801251204,-0.10407775968900694,0.19475031887028407,0.2769581201397506,481,seg_0a2s,NORM
-0.0119535859888964,0.8332586793838843,-0.14341569454706202,0.04598066252965407,-0.15150177295770823,-0.02039859559949002,481,seg_2a4s,NORM
-0.444589203253174,0.2550297123563433,-0.9212851773466633,0.08964942569111285,0.19172509319331338,-0.05847436983896909,481,seg_4a6s,NORM
-0.28351020972560986,-0.11043087253107399,0.561997809735722,-0.023156840374187953,-0.000603921192904096,0.09631448151830463,481,seg_6a8s,NORM
1.2004695780197228,-1.1254288919095756,1.0144367635666711,0.012130112326067123,-0.1813654811867319,-0.1988678190030629,481,seg_8a10s,NORM
-1.654070561834851,4.379192756500396,0.03511476103140239,1.3329119465406776,0.7155100602864636,0.49348002533629753,484,seg_0a2s,STTC
-0.009540911908212109,0.27795493359764606,-1.8470662400476352,0.2606645293792705,-2.0026043222096805,-1.3808313623883033,484,seg_2a4s,STTC
1.507650960049545,-0.837734068103138,0.1757381542369045,-0.29213721831840167,-0.5680626073937401,-0.13096392790729378,484,seg_4a6s,STTC
-0.3723963855399403,-0.9825020236225132,0.68368150171487,-1.0443201137578162,0.9721130870117126,0.146165326833325,484,seg_6a8s,STTC
0.7127511720576447,-2.877762974363911,1.1885385915199809,-0.4056803975157263,0.7190476209234471,0.8779881275010464,484,seg_8a10s,STTC
1.0939914647899407,4.245112060969763,-0.44492833114000835,-1.4424725610308011,-1.2075183571400099,-0.6330372413263522,485,seg_0a2s,STTC
-3.8486834011873077,1.6821514362884649,1.0644200948089935,-0.49098822069772474,-0.41333453701323314,-0.16569582257294255,485,seg_2a4s,STTC
-3.6217537358468324,-0.2797834691417548,1.7046595795181452,-0.0603531451079023,0.11095130621772907,0.16887634965753207,485,seg_4a6s,STTC
-3.5795775156745515,-1.408293402150604,0.3650046472047396,1.296131098810822,0.42079902127859087,0.11030007375084361,485,seg_6a8s,STTC
9.570684106119602,-3.602803155395996,-2.632024459387616,0.7599087999711838,1.1172137096590005,0.3887941227832908,485,seg_8a10s,STTC
-0.42988262438688635,-0.33683156227622163,-1.8674399657790453,-4.207194217291344,-1.4141822404280966,-0.2682312225431088,486,seg_0a2s,MI
-0.9288029627228342,0.8249220560278208,2.2742081724626675,2.034360694737503,-0.010514541978813222,-0.4243468893396928,486,seg_2a4s,MI
-0.5146518914425566,0.9259801048239882,0.9358810937047205,0.9802760183856272,-0.6725163259950843,0.5569147035539781,486,seg_4a6s,MI
0.20027836186379824,-0.8300819525424247,-1.7660351871642772,-1.0015540633952156,0.8877761103196824,0.3983686007670028,486,seg_6a8s,MI
1.1391224741371744,-0.853630787507892,-0.1862634221315752,1.5720071627802206,0.5058717046356667,0.09160604350178807,486,seg_8a10s,MI
0.1616878164707868,1.086112387552837,0.10561384236490705,0.14155029360610136,0.029384101103678298,0.01562886240927255,488,seg_0a2s,NORM
-0.4999478933942598,-0.40294687052801864,0.01626933744959526,-0.11774144285315677,0.1296719230032728,0.038407271684002806,488,seg_2a4s,NORM
1.6302832737491328,0.7517789176732244,-0.3272798243024202,0.2644332631395842,-0.2173467733678554,-0.05514288153411886,488,seg_4a6s,NORM
-0.5709566066163381,0.23520941324410125,0.40782769230049687,-0.061892831728908686,-0.08916430561810813,0.029455349491264944,488,seg_6a8s,NORM
-0.4223756264860778,-1.915151249621334,0.17706018419829947,-0.11324591948652978,-0.07583284632007557,0.027531065994888942,488,seg_8a10s,NORM
-0.6707094195805081,-0.14842540594944997,-0.8434297787313413,-0.8605560455716966,-1.1289113922338108,0.8131247116497047,489,seg_0a2s,CD
-0.2992883038874615,-1.5424669279137815,0.9498595985716363,0.06790120769548587,0.33412731524698447,-0.5681772597039066,489,seg_2a4s,CD
1.359343867428614,-0.01998300988326783,0.026983943011563497,0.311318341134806,0.3572881261311663,0.3966284205088955,489,seg_4a6s,CD
1.2717319726983758,1.571343183720372,0.5550447509747205,0.7879284265645624,0.09941006448040039,0.3029936681735103,489,seg_6a8s,CD
-1.242525486664622,0.389448655738843,-0.6997369492688607,-0.4235922626803919,0.3854515836330237,-0.9423468709007957,489,seg_8a10s,CD
4.146668236024732,0.36167624121179864,7.749375778479986,-5.280812085273126,-1.6918584848708846,-1.603577281846177,490,seg_0a2s,NORM
-2.216228028604749,-1.932626845805199,-4.708592742454748,1.814334328081965,0.6020297630069551,0.21253077734818263,490,seg_2a4s,NORM
-5.978497229305502,-0.7697621777215833,-5.781631140428023,5.68557218035419,2.32958646197797,3.6426371416294923,490,seg_4a6s,NORM
1.6660175871879437,-0.4218463480755468,0.270283596083761,-0.08976350530530952,-0.06909736476417025,0.37710663083965074,490,seg_6a8s,NORM
3.1600443836714214,1.912683477664442,2.7248994711469208,-2.1433666900823583,-1.1946512154299238,-2.575621142111067,490,seg_8a10s,NORM
-0.5781400089285401,0.941365720068303,-0.6989688269686692,0.27964299513055085,0.20233373816576022,-0.1519520821033845,491,seg_0a2s,NORM
0.6660513964716012,-0.3610663857946289,0.2783609419069093,-0.14587914099693117,0.19553495236958296,0.06342806171606037,491,seg_2a4s,NORM
0.6321903101875435,-1.332582871340476,0.8355507321015473,-0.07995124426340575,-0.0029883754115891574,-0.0864734617730817,491,seg_4a6s,NORM
0.23462333218345977,-0.6036008877333952,0.09392783110982283,-0.07689467758163547,-0.06480549362830305,0.1406715931565053,491,seg_6a8s,NORM
-0.9368123439104075,0.803535209456547,-0.16142974582839545,-0.3392841192796088,-0.3039614488583405,0.048299501998242664,491,seg_8a10s,NORM
-2.0747447469148894,-1.440501600864473,-0.21544617250137552,0.44938761700981894,0.7634525856663587,-0.9218652229218248,492,seg_0a2s,MI
1.158467483708219,0.12385149713375665,0.13164064604562314,-1.479280964882868,-0.9572580405699185,0.45992835383454894,492,seg_2a4s,MI
0.22775517564936,0.06036518444419798,0.3446475551146292,0.7784110292156361,0.6370086181065264,0.22698436739221883,492,seg_4a6s,MI
-0.6315293340350497,0.9419826465996146,0.27213868002196967,0.21622612623227877,0.5354932662192716,-0.15853878530082263,492,seg_6a8s,MI
0.6586259894172126,0.6814592393136689,-0.6362152517367258,-0.10584540735577302,-1.0220246711824397,0.37606773934047877,492,seg_8a10s,MI
0.22283930853678044,0.1316750134302417,-0.09288000612294718,-1.9066949343492536,0.2633610023913588,-2.1912401167989786,493,seg_0a2s,NORM
0.08234410025647405,0.4956511324214069,0.37378954894527605,-0.09455280519271567,-0.6345984691342574,0.9896597106642664,493,seg_2a4s,NORM
-0.7915739075458975,-0.13032257835801692,-0.07686070915075602,1.4761357044390333,-0.0855002600846741,1.0027463154823881,493,seg_4a6s,NORM
-0.2414830047731992,0.35329278086549204,0.4246407860650708,-0.45797952047899404,-0.5744886285746448,0.0985207515878371,493,seg_6a8s,NORM
0.7702103439997771,-0.0597415887624375,-0.840192610326176,0.8685313357313516,1.1480108958029949,-0.0026882604691439035,493,seg_8a10s,NORM
0.7162468435785315,-0.005409106482628121,0.19547267246529418,0.35456682703937675,0.28879942176529294,0.13027824445903513,494,seg_0a2s,NORM
0.35590940491938494,-0.3922547584796056,0.265337759598792,-0.038606215847581754,-0.14478540852131863,-0.0360120507338352,494,seg_2a4s,NORM
-0.3082436190509767,-1.3071405944277927,-0.2271108772584708,0.061748597317316495,-0.03216047011233218,0.058782124364896125,494,seg_4a6s,NORM
-0.7625509120079142,-0.021523606462810874,-0.028959852244803692,-0.23955601448913896,-0.11143241560685473,-0.021332788081957994,494,seg_6a8s,NORM
0.19991483653733952,1.4836930997645277,-0.09275870137478175,-0.06289038161044286,-0.20428475083908,-0.20403348265621093,494,seg_8a10s,NORM
-1.8899563061335547,-1.877818194021385,-0.03259189828774418,-0.44087916448078046,0.2979882771266828,0.00954281410818682,495,seg_0a2s,STTC
0.1476648200029389,0.3830710707763359,-0.03989708351991179,-0.048503666362044125,0.20061439347254678,0.062321460648961303,495,seg_2a4s,STTC
3.176299673043162,0.4417419201101739,-0.5510555072019521,0.20050193819529213,-0.8626727004082426,-0.4285281695435797,495,seg_4a6s,STTC
1.013150461279565,-0.5662036729617708,0.1987547158005205,0.1818683304067932,-0.2972311597326339,-0.07572262531559795,495,seg_6a8s,STTC
-2.626766418465306,1.4999556525898357,0.27333826346719503,0.03145903998612501,0.7996400732286134,0.41753871976750834,495,seg_8a10s,STTC
0.023390650235495712,0.003980581494679424,1.6772737620429463,-0.561107393431986,0.2297562619144615,0.001419475835000118,496,seg_0a2s,MI
0.3292778919304433,0.9676994987617379,0.037996973768821045,-0.0168588049700208,0.0989181500169451,-0.09545702958526232,496,seg_2a4s,MI
1.090016590647283,1.521864269195664,0.38783624326025157,0.3335768958850557,-0.20890656626568627,-0.4572930500085113,496,seg_4a6s,MI
0.30279746614403047,-0.6756055433490101,-1.42649725819311,-0.40835771499442275,0.2664587099050135,0.20341178456953374,496,seg_6a8s,MI
-1.5085038217505895,-1.618130416193267,-0.40432215907241403,0.5374242076802134,-0.31302000529782276,0.3616933568261759,496,seg_8a10s,MI
0.5865872320637717,-0.38413115359443595,0.18997111325443833,1.1546100319973942,0.8103537491902163,-1.7599011513191447,497,seg_0a2s,NORM
0.30450874848793313,0.4913855514815375,0.08470523965388162,0.01023623844061282,-0.2957600667618758,0.8763841044600604,497,seg_2a4s,NORM
1.4388583753293507,0.02547953974621935,0.29183966779295034,0.006025772079084474,-0.4657811324888444,1.186883313512458,497,seg_4a6s,NORM
0.07273509997057835,0.6684427129643121,0.49806255234892016,0.024673648096603114,-0.10888510949809903,0.27216679964443374,497,seg_6a8s,NORM
-1.8577502314914836,-0.5868896509239366,-0.37738454049354125,-1.1324888143797402,-0.30676934708023945,-0.6247526891361825,497,seg_8a10s,NORM
0.3328764178724355,1.5237524137481444,1.5143070908933287,-1.8823589629607118,-1.0303853986734002,-0.4120353790550136,499,seg_0a2s,STTC
-1.0295568103648405,-0.4822214538149363,-0.9064642536197327,0.939569721463133,0.6943727011204962,0.24396361972302652,499,seg_2a4s,STTC
-0.6222850804604809,-0.7528797669270209,-0.12177958036543943,-0.021024972889530844,0.08315746840454069,0.09489046312110597,499,seg_4a6s,STTC
1.1337749363561234,-0.06543975352582228,0.0995565567661286,0.1237406101208826,-0.22310098336702447,-0.7239242642811213,499,seg_6a8s,STTC
0.22277113836329399,0.07844660559805379,-0.6592289468107279,0.7152697078493834,0.35484961882693933,0.550663909928098,499,seg_8a10s,STTC
-0.42059848564635277,4.6267838483810575,-0.8903826082561143,-0.5560187193270744,0.007034824910079897,-0.12829004094575977,500,seg_0a2s,MI
-3.2311175494973536,-5.634948641920167,0.5711988661893762,0.31827012475898975,0.2640955818735727,0.3273627941920527,500,seg_2a4s,MI
3.6254905790955725,-1.4533247235383973,0.8934556817431971,0.006501986552775736,0.47624772610615,0.017403394740561826,500,seg_4a6s,MI
3.4773297282509263,3.8130103148613452,-0.6697093187348078,-0.09139081748749188,0.08407740826130898,-0.06522879148928167,500,seg_6a8s,MI
-2.500573948399677,-2.7556388559117373,-1.9471764843562032,1.5746387784749727,0.5248016174509034,0.7854009574450639,500,seg_8a10s,MI
-1.2393179428360301,0.22078518364570598,-1.7987995966808212,-0.5128817117139609,0.7179091399987055,0.8996904897856467,501,seg_0a2s,STTC
-0.9833957854136544,0.8608186765972526,-0.1611301491230075,0.6991410357759423,0.2187256710262161,-0.07527635108349995,501,seg_2a4s,STTC
0.1705603839082989,1.1743199383223768,2.646791532407392,1.2271994557432695,-0.8905207669576221,-2.3430327058950344,501,seg_4a6s,STTC
1.6227408288078695,-0.7870461337664496,-0.8451535140382279,-1.055249021660063,0.33906127400498576,0.993319036673413,501,seg_6a8s,STTC
-0.025510137439358697,-1.0364932780724054,-0.20514214726031205,-0.3622139909401823,-0.40939292206183586,0.5172926914216508,501,seg_8a10s,STTC
2.544801527106487,-1.217262518021321,0.877104263380495,0.6571937140975364,-0.1708170473143108,0.074203453732185,502,seg_0a2s,HYP
0.27558871894941134,-0.30773520777545765,-0.6024733894892274,1.4453978000747643,-2.8684568478822645,-1.1796987230083085,502,seg_2a4s,HYP
-0.6173555924765651,0.5883965811213471,1.170870474636071,-0.5717606754271212,1.777931545292767,0.029932365063240415,502,seg_4a6s,HYP
-0.5122804126697498,0.5185523749729011,-0.2889970144223674,-0.5798369247870259,0.7052736502357733,0.45641735584254367,502,seg_6a8s,HYP
-0.7213473426681889,0.7582341861912656,-3.2063142658336545,0.9546326833401089,-4.063505347029134,-0.7833653645330978,502,seg_8a10s,HYP
0.6611150659811762,-1.9313851739060441,0.7788774172072919,-4.023018670512317,0.7746780901981112,-0.35590415630219235,503,seg_0a2s,STTC
0.19652553677866363,-0.4003928939919594,1.1495394489366135,-1.9374197812892604,0.31044437795049573,1.1199679716422304,503,seg_2a4s,STTC
0.4288612210585979,0.4245211170283054,0.5739037053918173,-0.5376685882414745,-0.2998190743358143,0.5787693174513969,503,seg_4a6s,STTC
-0.584267038857456,1.8621137838376525,-0.3865680973413879,2.609842687567543,-0.0005000255532023207,-0.933783301906601,503,seg_6a8s,STTC
-0.5185549509329822,1.1239402646221417,-2.8524542925984484,4.672851619186212,-0.6290691210392456,-0.4351582434350414,503,seg_8a10s,STTC
-0.2233348365340041,0.21110391076450488,0.604556339187363,-0.15827143579091554,0.07074648255536109,-0.17529589933604095,504,seg_0a2s,NORM
1.126086565446573,-0.10856316933703984,-0.23738971391906474,-0.139546424715954,0.13529085513769618,-0.046653195729683294,504,seg_2a4s,NORM
-0.473605164885139,0.042419011050041394,-0.36801586104517653,-0.059931421146421464,-0.0010389487387495592,-0.02473275052903288,504,seg_4a6s,NORM
-0.26787753668880726,-0.15087088237110988,0.15090143632013917,0.21558338855321432,-0.19010522399284102,-0.04632964954012615,504,seg_6a8s,NORM
-0.6856413551694572,-0.5903336755866422,-0.00690531971415374,0.03810763977154356,0.01764688640127857,0.21646305745090696,504,seg_8a10s,NORM
0.5503214938308821,-0.199749662694588,-0.4515420421610601,0.026388073001335263,0.18127610170939257,-0.06769282759400136,505,seg_0a2s,NORM
0.25675395085866703,0.369345074365074,0.08771851172944022,0.44941647603830315,0.03070611922370351,-0.12829073323294485,505,seg_2a4s,NORM
-0.12153746282204038,-0.04420916213178421,-0.21626134413664438,-0.021381993657671537,-0.11665900102139874,0.23509926907770076,505,seg_4a6s,NORM
0.015886761266007965,0.2600794390137926,0.03909918082628523,-0.05240511105949378,-0.06857275564658935,-0.14662312362626606,505,seg_6a8s,NORM
-0.5895777626826963,0.34748722433029294,0.3400058003881469,-0.3191179949518267,-0.0855070231812295,-0.11754394373607542,505,seg_8a10s,NORM
-1.3015021277746044,-1.7689293500852852,0.10220333164081312,0.014696787761922769,-0.2632046101073026,-0.028168880463453186,506,seg_0a2s,NORM
-0.20431912187980608,0.09980793214085495,0.044606391759013854,0.28020581487961854,0.4079728101724735,0.27316428483175537,506,seg_2a4s,NORM
0.6071427896403978,1.5682127676779416,-0.28860010245666656,-0.05254246306791628,-0.009241998607706105,-0.015987467359950058,506,seg_4a6s,NORM
-0.2810430827108111,0.8726496583587139,0.20064502541235718,-0.06886425021545903,0.07055154542685849,-0.017144066988949894,506,seg_6a8s,NORM
0.9100872740794647,0.05772335423192287,-0.0993217149917222,-0.1433158198787524,-0.18518871814809768,-0.1946982733695663,506,seg_8a10s,NORM
0.45732776667904784,-0.09081862892401366,0.2194839915633365,0.24426526884646854,-0.2408999189175045,-0.01294698847377885,507,seg_0a2s,MI
0.10400068533953367,0.4911152219828766,-0.014435593590572135,-0.16755764432632436,0.2337325837993394,0.07705358557862163,507,seg_2a4s,MI
-0.4098392797208242,0.8445966230703775,0.11689972563433879,0.014311039023454684,-0.42622155148986135,-0.3078881897674677,507,seg_4a6s,MI
-1.259715251482475,-0.0726912118086214,-0.6137157957191216,0.221113183469052,0.6401270275055315,0.2689396444908109,507,seg_6a8s,MI
0.42434654370948344,-0.6535439627194534,-0.01583722060545878,-0.23651359528474286,-0.23010532607544573,0.049860517938349,507,seg_8a10s,MI
-0.662828461059189,-0.26454600714492127,-0.3128950670048487,-0.5098967311364555,0.00012747869045565453,-0.2541908183431402,508,seg_0a2s,CD
-0.3198590613911208,-1.3224137497130282,-0.06868847574275717,0.19700318209137338,-0.39668256377295597,-0.20537332844576398,508,seg_2a4s,CD
0.6357354187223208,-0.926281091343481,0.9778110126503932,0.5448404409137768,-0.2087005764039835,-0.07821050812917998,508,seg_4a6s,CD
0.32702166985743664,-0.4890334666389967,-0.48764448992439624,0.26348080725031775,0.024666602083267656,0.24421993292485014,508,seg_6a8s,CD
0.6109840973156327,2.084350134190404,0.4811964878550884,-0.4513825563324817,0.49502802162964227,0.16274958781598262,508,seg_8a10s,CD
0.23969276498842026,0.6325980785202189,-0.10120966543988585,0.9297907255191604,0.3616506808704696,0.27354199866353834,509,seg_0a2s,NORM
-0.3451866296242585,0.8036883569702544,-0.8290120236091703,-0.47209130255908577,-0.10614550075213443,-0.16743834151919706,509,seg_2a4s,NORM
-0.8578937567952497,0.028877499937152266,-0.20180952916136274,-0.6003238672468434,-0.20538807423329358,0.2387851081653591,509,seg_4a6s,NORM
-0.028181703617840812,0.03342645309532143,-0.3495494393444491,-0.1420620090723452,-0.01810314158064385,0.19518132213763736,509,seg_6a8s,NORM
1.2605526176010413,-0.1456474296697032,0.7458460892563217,-0.04769705867937984,0.03582838076593421,-0.4205459522713497,509,seg_8a10s,NORM
0.34330178775003944,1.0958139772388997,-2.4473316721024747,0.26230008357924883,-0.24584946468134536,0.07040623752275536,510,seg_0a2s,MI
0.26763757734403765,-0.5324103628468956,0.48319106746602525,-0.7803068591325227,0.5855291596026165,0.48606674083910295,510,seg_2a4s,MI
0.4510172032805527,-0.38439871496153305,0.258863201397337,-0.3471382931759942,0.8101176910334759,0.349496861151689,510,seg_4a6s,MI
0.8807483425936606,-0.1984464264070183,1.2580522617538485,-0.6025954041871461,0.7616089909098746,0.3567895705744734,510,seg_6a8s,MI
-1.932620950206596,0.6155902600015435,0.34662263524303966,1.2949607537621666,-1.678745360141896,-1.1698737935154655,510,seg_8a10s,MI
-0.29857142082498755,-1.8508870624974578,0.5602939870057552,0.0984500124009495,-0.5976601723016943,-0.7235948138224457,511,seg_0a2s,STTC
0.10887537592696084,1.8503097193972762,1.2215810824561601,-0.7982377839943785,-0.2244289768281388,-0.4889666648997529,511,seg_2a4s,STTC
1.5896700241460575,2.3080691169867955,-0.10117227549255599,0.3197191503171248,0.5107822171003381,-0.43144154751017166,511,seg_4a6s,STTC
-0.9250016418935078,-0.05319917724898277,0.17471791528697653,-0.25460017132238966,0.13994259612904952,0.34016883472976783,511,seg_6a8s,STTC
-0.6629545217211167,-2.641070557808683,-1.4505436623239523,0.7384920157698974,0.31184841662870705,0.9642134592317804,511,seg_8a10s,STTC
1.0813383657162927,0.28276571739560924,-0.40059011361545294,-0.5485168041315408,0.12557628263987153,-0.9813995727502159,512,seg_0a2s,CD
-1.0893005688745097,0.12086434540209956,-1.6107405525815373,-0.019771330121302045,0.42732789033378754,0.3825520948736186,512,seg_2a4s,CD
-1.1759491190804197,0.373920318380104,0.8961786781437385,-0.3889904756256531,-0.1752648338888692,-0.25350984876710975,512,seg_4a6s,CD
0.05055473517460783,0.2980849907388678,-0.5523181877952916,0.2763965467815345,0.1727032052936457,0.8022079799339915,512,seg_6a8s,CD
1.288398366460635,-0.9178849592139603,1.56262791674534,0.6993074293233992,-0.47110401893716675,0.26613966939086525,512,seg_8a10s,CD
1.1345052111589513,-1.4202400761067526,-0.5559456894592267,0.17115528572311645,0.23110288110675412,0.16681398998609434,513,seg_0a2s,MI
-1.0379021373423556,0.40299658547000056,0.2630670253863878,0.2663572503988149,-0.05025650406800641,0.13731257621485624,513,seg_2a4s,MI
-0.324797965477301,0.4140285119583163,0.07498438800334944,0.11753717374225262,-0.04978442478169177,0.16559693535720205,513,seg_4a6s,MI
0.9790986678686289,0.06274213681662116,-0.06707815805769383,-0.16499329979096852,-0.0801520859040272,-0.10733608039659433,513,seg_6a8s,MI
0.019757413315704967,0.47740327959842355,0.2217712998449458,-0.4429493103761601,-0.1704619464246837,-0.2968067692768182,513,seg_8a10s,MI
0.37237347741995774,0.1381382239416281,0.7092268450006352,-0.41615059037592084,1.2144932359971559,0.20454603857154743,514,seg_0a2s,MI
0.298468121992001,-0.5894601581849754,-0.08327250999474527,0.34077365435432105,-0.8690351323272523,-0.2956746079336484,514,seg_2a4s,MI
0.23204601673231792,-0.07509617199235376,0.5919595184166381,0.34502071966623904,0.2789941314874823,-0.38000516569712206,514,seg_4a6s,MI
-1.0461453315559923,-0.3311744500630474,-1.8979807274449794,-1.1482763241043719,-1.0575391397434084,-0.28910578368152473,514,seg_6a8s,MI
0.13659557096635536,0.46629319538365593,-0.06129244206996401,-0.29329893340559227,0.18126122536028863,0.11812794356188519,514,seg_8a10s,MI
-0.12935397092097844,-2.296624361605841,1.8668781633496956,0.703439928146848,-1.02562639975025,0.20306557963738556,515,seg_0a2s,MI
0.30698309464657175,-0.39833674096816585,0.441415039282273,-0.3023167532492181,0.18081044892212036,-0.08010723394085437,515,seg_2a4s,MI
-1.7903423616607843,-0.2204590040480497,0.28273670659061595,-0.2877785032257398,0.4412832008389244,0.07007670215700987,515,seg_4a6s,MI
-0.09139519772300421,0.2861688625478739,-0.24745554809623482,0.1829482469416109,0.0167536878758191,0.0608763382009813,515,seg_6a8s,MI
1.2111720838297688,2.5123865961457374,-2.1224438855741456,-0.19978647093190008,0.29615719367980253,-0.3860189273571798,515,seg_8a10s,MI
-0.12032732052458599,-1.0209198198250826,-0.1689389776247519,2.328919665248541,0.4181332930668521,0.36252170453666716,516,seg_0a2s,HYP
0.5625009895610176,0.1342619029905258,0.04544665230315985,-1.0005511980645858,0.1647338338725141,0.47678721431932725,516,seg_2a4s,HYP
1.3060604432016518,-0.23831840129064544,0.6512271676612843,0.11307914132950106,-0.3364060754606849,0.9639041080245674,516,seg_4a6s,HYP
-0.8465229976282573,-0.042816720753381825,0.2707559021512475,-0.22136092026971504,-0.08172670450666293,-0.3960778004144786,516,seg_6a8s,HYP
-2.804221348875301,1.8696841939574513,-0.8401987300626839,2.0972685128533644,-0.36244956104571613,-2.720391636061612,516,seg_8a10s,HYP
-1.4369508432530256,-0.7805393084546394,-0.1790707403134223,-0.186551709790225,-0.514514180179268,0.04098384853975707,518,seg_0a2s,MI
-0.15319523972778235,-0.5953447844718943,0.22641900076898158,-0.5341401929857229,0.01479658524119649,0.08049501432074761,518,seg_2a4s,MI
1.553163040225956,-0.6178016648592701,-0.4202245012857706,0.07664305195890153,-0.23315356902578552,0.12669249236947877,518,seg_4a6s,MI
1.0920859533629137,0.6239002283008401,0.032897590300191605,-0.01373590751468428,0.1738289658729566,-0.1603689982800002,518,seg_6a8s,MI
-1.5513074708576962,1.2688511696594669,0.3102328058613426,0.6747134886900881,0.40470274252755845,-0.16857733883851386,518,seg_8a10s,MI
-0.5203128138361619,1.3139510942527943,0.05942678400716368,-0.5194282429369452,0.03127714930645566,-0.17775825537337944,519,seg_0a2s,STTC
1.2066850151125474,-2.309454827444216,-0.37094089465848507,0.5315226037847162,-0.1847582516512064,-0.11153606526225254,519,seg_2a4s,STTC
-2.1059833471958536,-1.1799815203726842,1.1044143213785136,-0.11717098085972596,-0.008361238696588339,-0.06386408701147359,519,seg_4a6s,STTC
-0.7925714680810643,0.8229493961755929,0.5367048693367709,-0.06888775446754658,0.0640547525054944,0.29364408154401217,519,seg_6a8s,STTC
2.7232423515707302,0.21380788105819526,-0.6209570726764861,0.21695082345016733,0.11207429290450248,0.11522776413349525,519,seg_8a10s,STTC
2.690268418259546,-0.2941174186673014,-0.786786221727052,-0.5563549536155112,-0.16788229662539353,-0.0244852797396857,520,seg_0a2s,CD
0.07730877755319779,-0.07745203770532917,0.22917951247938959,-0.2795335498478133,0.014919331465848045,0.14557441114376504,520,seg_2a4s,CD
-2.095788591225678,0.20934740680842437,0.7867133130687346,0.6311078612322414,0.08059414322153781,0.011397039844218209,520,seg_4a6s,CD
-1.0338981974009278,-0.22419713471072955,0.1476287658138733,0.2692991163118257,-0.011967828268825228,-0.16520829001311554,520,seg_6a8s,CD
1.117015051631906,0.17108475951243876,-0.4989710334895603,-0.08717500283826694,0.007064876947945217,0.16704330350752908,520,seg_8a10s,CD
-1.2317666469980395,-1.122233469552034,-0.4250479173398647,0.4436402626299515,-0.13071633790834247,-0.8133400498571991,521,seg_0a2s,NORM
0.42393745087786716,0.8339736258347605,0.19959943425102672,0.034615572375242515,0.38393459336317126,0.5556328645975466,521,seg_2a4s,NORM
-0.6773238429517842,-2.4634063141482563,-0.3095024277249552,-0.09464454596702407,0.39352603560023863,0.36086015378281755,521,seg_4a6s,NORM
-0.18853270943326997,-0.07477028760666325,0.57731978437676,-0.03858642761476121,-0.4571884224387236,-0.009743867263406512,521,seg_6a8s,NORM
1.3276440127511668,3.1695691390543845,-0.9946572912418681,0.6620475312766466,0.5421829959587084,-0.21391263233035693,521,seg_8a10s,NORM
6.401002377716536,0.3125518356452038,-1.8661251629333269,0.05915429725137552,0.30830990323682383,0.7240155538303973,522,seg_0a2s,CD
-4.576359522423261,0.4577925043739007,1.1213243859540856,-0.24711279222106078,-0.08370758545587363,-0.3115316896131171,522,seg_2a4s,CD
-2.6125404072985767,-0.07674405925449515,1.2236424595529725,-0.1387000031587131,0.040459840410100235,-0.4994256778585735,522,seg_4a6s,CD
0.9484358935057061,-0.47776306590109097,-0.18278388150399488,0.21930723885977374,0.07136374825516735,0.1898622791150455,522,seg_6a8s,CD
0.033381154725159484,0.3594831233097206,-0.3086630514416985,-0.1786687444105476,-0.23632274478601376,0.06572747977688874,522,seg_8a10s,CD
0.10564105803930388,-0.31915438962358506,0.3293313876781565,-0.17154414310567268,0.8771677051785829,0.06236685923327046,523,seg_0a2s,NORM
-0.6446985240439577,1.80137297172663,-0.6805549860636562,1.012861595085121,-1.4520099572176592,-0.3084521489699075,523,seg_2a4s,NORM
1.7947282951740582,0.7954669873093507,-0.9779068650931262,-0.09308622435301733,-0.32985973529318163,-0.21334720544365374,523,seg_4a6s,NORM
-0.004372907491286604,0.707190369758162,-0.597405052625917,-0.3971369524701313,0.49634547866468404,0.17057267078028318,523,seg_6a8s,NORM
-1.3353970960742307,-1.5722751893003017,1.183000041821307,-0.5286025105052373,0.45043291342699215,0.3461055212728641,523,seg_8a10s,NORM
-4.800005555725871,-3.8413306614153235,-3.825834300583564,-0.7583463944344871,-0.11791423997445684,-0.305158821183552,524,seg_0a2s,HYP
0.195794471281473,3.0373702180578324,3.3277188391058785,1.2627927769917378,-0.5408453761371697,0.625352861513362,524,seg_2a4s,HYP
2.1113675921253168,4.182488852707319,1.3838289971783464,0.7284275541837458,0.22148042632113188,-0.5862046855876635,524,seg_4a6s,HYP
1.854447363790759,1.8450838028205496,2.341328788363021,0.6044470814495738,-0.4751497536171013,0.9095505861222197,524,seg_6a8s,HYP
0.5249849513471317,-4.7351255860882615,-2.8219537153699625,-2.0714322864486356,0.9196663950023597,-0.6507378942362545,524,seg_8a10s,HYP
-3.400042117754106,-0.18027205218262665,0.5743959533432582,0.9244534823333124,-0.2624467795274432,-0.15093342097255988,525,seg_0a2s,STTC
1.4463910590063247,-0.6023075417221865,-0.2182771261846161,0.04102511060376742,-0.2749709899675171,-0.2481818036668387,525,seg_2a4s,STTC
0.28927840322886356,-0.20866226015779546,0.03553926833267496,-0.09928054261881415,-0.11892707382077551,-0.19889855339128934,525,seg_4a6s,STTC
-0.23800007410971824,0.10139218237070774,-0.17015140630962772,-0.3884986256903107,0.1822491701160061,0.06085762370020068,525,seg_6a8s,STTC
2.2596800965786272,0.8865027549813295,0.04342026978724559,-0.4536389507772967,0.460675352585442,0.21279148830458167,525,seg_8a10s,STTC
1.219080756340883,0.5261409583114862,-1.6101607107566769,-0.7482009863621563,0.1789659050516622,-0.38145165458605174,526,seg_0a2s,MI
-0.5413869393102173,0.6717156758612635,0.42878706401415845,0.8786910363724084,-0.05408442269513903,0.07899757896234401,526,seg_2a4s,MI
-3.0781525563303394,0.4277310897810942,0.996162793552462,0.47661260424447666,0.06635966132672991,0.5047400947036015,526,seg_4a6s,MI
0.620233545957069,-0.4933157081582747,0.5504985310839962,-0.08846856671080142,-0.04710012446469639,-0.12972847248316793,526,seg_6a8s,MI
1.4992800719895456,-1.1973562208197372,-0.22816097725814544,-0.6788056408967428,-0.1614982211430698,0.0037060777354392662,526,seg_8a10s,MI
-0.2699037088996652,-0.31223071188854196,0.08511119030269532,-0.6095461166737541,0.27045024654014066,-0.372334458310172,527,seg_0a2s,STTC
-0.5560983455058708,-0.10751961485641214,-0.30950183721675034,-0.5572261430764971,0.20291838306653445,-0.3899880839921101,527,seg_2a4s,STTC
-1.2885042476850712,-0.33823906294738915,-0.33385182979228684,-0.17744086854015229,0.0030955065320635603,0.16142184817650326,527,seg_4a6s,STTC
-0.587263973549125,0.12144289982655639,0.29142121945343374,0.5970511302842209,0.0033023754175333575,0.2617814178750423,527,seg_6a8s,STTC
1.827879187943982,1.5829040815683342,0.7009431664841949,0.8269477999951772,-0.6243714405956845,-0.037634813551865515,527,seg_8a10s,STTC
-1.6092684364943315,0.9835214261249697,0.14579612071240408,0.6433484377664649,0.7766093290654476,-0.3046627587306088,528,seg_0a2s,MI
0.49828496934334565,-0.24692513982002276,0.007290150149649314,0.023050663158355852,-0.06971912064885975,0.014547022339804453,528,seg_2a4s,MI
0.7618889378358339,0.02386510557524335,-0.12233791545520692,-0.12015711400523683,-0.27315684976649135,0.12241281143196452,528,seg_4a6s,MI
-1.0296323744450688,0.4015204366516357,-0.42673808946825703,-0.68106836814123,-0.4202882933816398,0.34977023836110777,528,seg_6a8s,MI
1.5412308616609176,-0.8242878598347885,0.2563609886413362,-0.025336592252899894,-0.2179940078329129,-0.11611542728668955,528,seg_8a10s,MI
-0.6985008213850417,-0.894260626781609,-0.27183860411779426,-0.25911657104316327,0.3411260270150293,-0.24741285000231206,529,seg_0a2s,STTC
-1.2166399448451888,-0.23132241715329985,0.6163749682353087,0.3197048604298678,-0.11076898415364043,-0.23740488291488418,529,seg_2a4s,STTC
0.04687984807189963,0.5912981267753258,0.30863306525188183,0.2285945459178069,-0.2211891415253019,0.20229328377600156,529,seg_4a6s,STTC
0.7424507834363681,0.12551996585756953,0.061562667291720566,0.3722106231564476,-0.3379063513735356,-0.4165342443094284,529,seg_6a8s,STTC
-0.17479991651491797,0.04989105266369287,-0.9281730415671436,-0.345371268320516,0.29827999914277437,0.4846791491526694,529,seg_8a10s,STTC
-1.3457907303310876,0.2298190841987145,-0.7784520121602982,0.36476268120351407,-0.3991485513901805,-0.15574304884862064,530,seg_0a2s,MI
0.34879253849401587,-0.450245685236574,-0.15547383036958154,-0.11277174158721769,-0.10444353625477754,0.2001741403377292,530,seg_2a4s,MI
0.22952839117321588,-0.4377484688121827,-0.13079337809679473,0.4132225883112485,-0.4709391538702969,0.8384689245016098,530,seg_4a6s,MI
-0.13424138469891897,-0.20193461128740486,0.23424646445086916,0.3046505307915793,0.0010355311821349522,0.11640630731085042,530,seg_6a8s,MI
0.3128118476421074,1.989529880265199,0.5146304726786806,-0.7489159843584796,0.8245323491185415,-1.064470942248864,530,seg_8a10s,MI
-2.1871277099695976,-0.7024432332429887,-2.2556748076073734,-0.1309848902137851,1.1525743059064568,0.5888943359069748,531,seg_0a2s,NORM
2.006080093703952,0.40091737461528937,0.4789032522173361,0.11538399425866759,0.14557792495390834,0.10118638934158164,531,seg_2a4s,NORM
2.9928285006935442,0.07018334728650016,0.5248584037882018,-0.41975150671810585,-0.2015811137206672,-0.3139516325024418,531,seg_4a6s,NORM
-0.4981596417851913,0.30114878944655327,0.5213578966162346,-0.18072749459786513,-0.2805762169459681,-0.9998400803316421,531,seg_6a8s,NORM
-1.4308459474065491,0.007426503938029244,0.6777112994241639,0.4165463036920769,-0.7036610495420531,0.6834651824924098,531,seg_8a10s,NORM
0.2685184812272057,-0.9998567415943423,0.5547093759468671,0.4407561970019212,-0.2588795600036855,0.6205385451989628,533,seg_0a2s,NORM
0.31921409102666204,-0.24365831994174691,0.4290690703776853,-0.1785776046512088,0.0825054794674501,-0.39347454520652503,533,seg_2a4s,NORM
-0.07502572316621679,0.9914084679998829,-0.18888567694637567,0.0472028654267138,0.02912449400666962,0.23132152313084933,533,seg_4a6s,NORM
0.7339711975833819,0.4253492812733088,0.2689822021394647,-0.0045499557652933465,-0.19305497891811993,0.4931222982458411,533,seg_6a8s,NORM
-0.23478125677018005,-0.7475657648900137,-1.4295531254530842,0.08846667941781619,0.4409767569692647,-0.8051818237500526,533,seg_8a10s,NORM
-1.0981878518153165,1.8670749513270952,0.9257229113863383,1.4239989023724167,0.17137452280742124,0.3296003106678395,534,seg_0a2s,STTC
1.167736429137616,-0.6485121787950857,-0.6347763824403113,-0.37338968375236165,0.14257402019758347,0.3064794076050951,534,seg_2a4s,STTC
1.4891450503944241,0.3164060847909766,-0.03475831897023824,-0.4181257478024151,0.0662781736307905,-0.019410322555026966,534,seg_4a6s,STTC
-0.34602888888291006,0.23571112990703744,0.3121726576622225,-0.16286482988336667,-0.21975588084804798,-0.21574627594999146,534,seg_6a8s,STTC
-1.2380412973997414,-0.8386444508182858,-0.9041279545352409,-0.5194190484641775,-0.11438979467670456,-0.2328095564847529,534,seg_8a10s,STTC
-1.571792833922723,-1.1031173405238404,0.12744940176114117,0.12003048730205722,0.40165548268413603,-0.09049112270210918,536,seg_0a2s,MI
2.5511644051780635,-0.040780503986409165,1.1258733957313785,-0.19430670618953672,-0.1257614796976316,0.3710988602824428,536,seg_2a4s,MI
1.4138618413605164,0.8301699116107425,-1.14547922472314,0.3234166385654667,-0.56328125382972,-0.5760375016623123,536,seg_4a6s,MI
-0.004249920387743267,0.4195460816099684,-0.7242818579477602,0.05075172241342301,0.1836049370187286,-0.3021164825716184,536,seg_6a8s,MI
-2.253461445525023,0.33503604454568303,0.31428827536303694,-0.4086792506927458,0.11100233053720916,0.4383516658237918,536,seg_8a10s,MI
-3.7791876187037383,0.6382561762874077,-0.1025832603273328,0.28042300811620036,-0.22940250921819785,-0.8170635689747193,537,seg_0a2s,MI
0.8717671409804365,0.12033943630816543,-0.6704006874052046,-0.5666429114930259,-0.4945504551836084,0.3515832476317649,537,seg_2a4s,MI
-0.40183350831974357,-0.0012281530998122477,0.4193120581336486,0.3625945888984767,0.30976292054231647,-0.44574963198816026,537,seg_4a6s,MI
1.6613682116263488,-0.08101859687641699,0.0912222838944913,-0.0013388987481150827,0.6421778348534782,0.21990145210765263,537,seg_6a8s,MI
1.2488330732454178,-0.6364022997356192,0.3565020911548591,-0.21477139685627952,-0.33056365661612197,0.6650054728380226,537,seg_8a10s,MI
2.252507985637179,-1.2252873711744992,-0.5931433774815381,0.13412611576565006,-0.17448985477656626,-0.02698517831660138,538,seg_0a2s,NORM
-0.3232021475921604,2.280391314058558,0.33080882953943697,-0.2822960478707379,0.03440234395055874,0.033392586031445154,538,seg_2a4s,NORM
-2.7433282004730914,-0.20612605737166206,0.038389689774075524,0.19069110251071442,0.0926054970472982,0.1618317873264695,538,seg_4a6s,NORM
-0.4933166781515258,-0.4086607526467485,0.1074963159773925,-0.05775596125983923,-0.07553204513220133,0.06805477473273913,538,seg_6a8s,NORM
1.6541867426767578,-0.8940401003308052,0.018021554761305996,0.02232957719175862,0.09309067098383467,-0.0962411771166025,538,seg_8a10s,NORM
-0.06214118417150607,-0.7759562075443642,0.27648176108398653,-0.6737710086571272,-0.004860842836809521,-0.6705183712383057,539,seg_0a2s,NORM
0.44452711826665625,-1.0266777778533707,-0.3873736801797696,-0.08987479490205075,0.33209795719228613,0.04346093077463954,539,seg_2a4s,NORM
0.9657432043782107,0.7781683270578591,0.08639689698193956,0.8825642871488787,-0.16235027068202595,0.6290556954258548,539,seg_4a6s,NORM
0.36801488128056536,0.7680045778346507,0.05838566931164864,0.0728866375886009,-0.21299300850654754,-0.18195537515498467,539,seg_6a8s,NORM
-2.0891930595187063,0.7701631005881667,-0.33236304238683606,-0.2828091841226353,0.08003954983373145,0.18549567684376253,539,seg_8a10s,NORM
-1.6326696375259917,-1.0894428450223317,-0.03467214686914222,-1.4097848994728475,-0.11889163612821818,-0.05860256739297803,540,seg_0a2s,MI
-0.7170400469895268,-0.622659638847166,-1.17010357139658,-0.06523748191496366,0.228385058566109,0.3037377746983833,540,seg_2a4s,MI
-0.026936425374513025,0.7671147893503916,-0.01698704670248673,-0.08168175193382901,0.09130136151224197,-0.0688112958442693,540,seg_4a6s,MI
2.6757481355347945,0.5055219160172313,-0.23890519134934718,0.5377726631427406,-0.06459696033449949,0.07202796389762293,540,seg_6a8s,MI
0.08232935895104175,0.16565428271871419,1.527073366737739,0.9650637410121958,-0.16229537570602978,-0.3021026612181674,540,seg_8a10s,MI
-2.480819446504145,-0.8240725796555746,0.6467755280456698,0.32647788485347123,0.29469195478518323,0.3086606815651233,541,seg_0a2s,STTC
1.1061075621281324,-1.2154076364798367,-0.24595330506688534,-0.22188216738317734,-0.20697642196557664,-0.3939059167171324,541,seg_2a4s,STTC
1.369944916398489,-0.3870692840130824,-0.4192463524220083,-0.08450318160591137,-0.0886179297548373,0.140972382202403,541,seg_4a6s,STTC
-2.0283219307556752,0.07136726626173259,0.03260766349065707,-0.6744968997975175,-0.2555193742090594,-0.018371970341749488,541,seg_6a8s,STTC
1.1533085522081552,1.9879916575805248,-0.1644980220345486,0.5810142367973052,0.17982947353850132,0.0011145938672967766,541,seg_8a10s,STTC
0.1978066131375304,0.4595549110764817,0.37819997072905076,-0.0565041090717224,0.04072720209077129,-0.011687383396545648,543,seg_0a2s,NORM
0.44854123959899556,-1.0218323447831554,-0.17368562197800402,0.242744516361448,0.20624728643077056,0.14599192884825393,543,seg_2a4s,NORM
-0.10234281846577595,0.26120674226386154,-0.11213839137971612,-0.24510376754111718,-0.03540116828936723,-0.0109449640431285,543,seg_4a6s,NORM
-0.6578497907205431,0.9217501322180593,-0.06649121631362968,-0.033819080502232986,-0.14405186583731203,-0.21833343623935816,543,seg_6a8s,NORM
0.13233397180403306,-0.8069236295236377,-0.3739931245606559,0.014338035191228017,0.18028586344751232,0.028358767224447197,543,seg_8a10s,NORM
1.8918798995429806,0.2613348771399539,1.5929140831729884,-1.0785268730242126,2.451732255614362,0.23756130738842365,544,seg_0a2s,MI
-2.356573851666433,0.23236588343994974,-1.1191170384696714,0.34423279465066436,-0.6620816521815942,0.5508853672081159,544,seg_2a4s,MI
-1.119920117725407,-0.6138823679091578,0.5318219261029609,0.2686132834328685,-1.684377511865518,-1.1774763242728845,544,seg_4a6s,MI
-1.2154422337476685,0.8058915351473057,0.2808063198779649,0.8226752903833904,-1.056973368679868,0.003485186084714425,544,seg_6a8s,MI
2.982115293284393,-0.6852640620104435,-1.6093529523699643,-0.25693484986340526,0.8231790483811013,0.5702461548529492,544,seg_8a10s,MI
0.5979866454434559,-0.5927590405099551,0.2028227823542786,0.9173671790781897,-0.2674560862643292,0.11169353439153865,545,seg_0a2s,MI
0.7413370216913784,-2.373520535163896,0.24075538014045367,0.4329293370243743,-0.25059133687078783,-0.4749098394766818,545,seg_2a4s,MI
0.4017952762916045,0.6154403073623839,1.4335251008060628,-0.6722229739296468,-1.1173764418614502,0.21996774368196254,545,seg_4a6s,MI
-0.9972994278204091,-0.6227802414844934,1.6072306509882592,-1.7551403371094387,-0.570266724956012,-0.26288178591179323,545,seg_6a8s,MI
-0.9900239092895455,1.9612672775081592,-3.111567685893769,1.005781376225586,1.9144435054366704,0.14408452681178754,545,seg_8a10s,MI
0.4112510665970027,-0.6047251960226341,1.3082226391112506,0.25020647855004075,0.6407290689820142,-0.0024554430435947084,546,seg_0a2s,STTC
0.7250797001688599,-0.4707410150157523,-0.3493505578642334,0.004579001760109071,-0.1335644497846123,0.015935353620411246,546,seg_2a4s,STTC
0.01940485978337142,-0.3589185267192809,0.1444784471872793,-0.11923789464591895,-0.21679681470950843,-0.07064202583585917,546,seg_4a6s,STTC
-1.642698417123177,0.42945554679415404,-0.4941804936821049,0.2953383740337729,-0.12862936698868482,0.18810872112250007,546,seg_6a8s,STTC
0.18265350698990027,1.6187232876670827,-0.5909794751552105,-0.5326392274153946,-0.09189693778492648,-0.15796166517032775,546,seg_8a10s,STTC
1.5885990115449176,-4.165302178553036,2.9226136756642993,-4.714993022090466,0.597805338073531,0.10220430672925164,547,seg_0a2s,CD
0.018770562095270966,-2.2366872218087375,2.217543840919786,-1.2179873511651027,0.7605146614853647,0.5529513312245252,547,seg_2a4s,CD
-1.56224692969865,0.19139503917995507,0.5803200581826312,0.6064196726370475,0.10460308934231839,0.9600673533630962,547,seg_4a6s,CD
-0.1563407591455924,1.9875986024885075,-1.1880130134339177,2.617206205205299,-0.7641916261601426,0.550380873596562,547,seg_6a8s,CD
-0.6375383655572414,3.6267142929219878,-4.114416950105758,2.5980547333264026,-0.6114791367921658,-2.1852166595321005,547,seg_8a10s,CD
0.3960330639498064,1.3786764124218696,0.6534525579418722,0.08931953979898964,-0.8783739233683268,-0.9739146185163223,548,seg_0a2s,NORM
-1.0943353525932156,0.09014614990666142,-0.798749985443617,0.03709570754360421,0.3833120810534142,0.5294902144463551,548,seg_2a4s,NORM
-2.4201603966085443,0.1482459982236692,-0.6364310289677965,0.4820444338908819,0.416315072125552,0.45082120479629784,548,seg_4a6s,NORM
0.40245095302364076,-0.8827351866294232,-0.5573076207224793,-0.022409042114004324,0.16478523456416583,0.28349862432986317,548,seg_6a8s,NORM
1.9151129663064275,-1.3044348978913758,0.4631288351171606,-0.6460193220247926,0.12388923188211243,0.18580701253839035,548,seg_8a10s,NORM
2.6621202863535123,-1.3750866906183394,0.5815368895731894,0.05991617872766508,-0.12023232007972752,-0.4850139954770525,549,seg_0a2s,NORM
-1.0082286967108838,0.27440945585947696,0.3378483712207868,-0.16309888013251006,-0.08767047205643248,0.1402394542091766,549,seg_2a4s,NORM
0.7343668916234957,0.7699639384746397,-0.9433408088098857,-0.11287228480130154,0.08416657736373097,0.09059824333173325,549,seg_4a6s,NORM
-0.23449802194090275,1.378520935483726,-0.8537448665238808,-0.027060466933298204,0.014679522174188166,0.16210930761901854,549,seg_6a8s,NORM
-1.8094162151030062,-0.28047897789933446,0.5252911721312544,0.12072295047867239,0.051886492376744676,0.1152094498232443,549,seg_8a10s,NORM
-0.4600867890655052,1.0428821422626102,-0.12833980659459204,1.3898762419784951,-0.7367338343905748,0.44601672340374765,551,seg_0a2s,HYP
1.1002599753330449,0.24329795212161873,-0.24810182963695174,-0.48541446203447863,-0.1637017698447059,-1.2174733256081087,551,seg_2a4s,HYP
0.5047814716417194,0.6798668490073204,0.6844736682781937,-0.6244523870994447,0.3616980264099387,0.4440958974283986,551,seg_4a6s,HYP
-0.057203353690785955,1.0306248957474202,-0.37916888266650756,-0.072361253585522,0.2873087271675706,0.04414578324513438,551,seg_6a8s,HYP
-1.2535633905326238,-3.141183915908158,0.1854555312071559,-0.0988462328736543,0.07789562191108201,0.2428234331697594,551,seg_8a10s,HYP
-1.157273658790984,1.0698487517005293,1.990147004506946,-0.7497415628290086,-0.371447889158503,-0.23825962382774205,552,seg_0a2s,NORM
1.0416762491473475,0.89305967186527,-0.4056670699338339,-0.42065949933146896,-0.031262371506479314,0.028009144674120048,552,seg_2a4s,NORM
0.7674206054761085,0.005925080590429957,-1.4390951656331707,0.21363534438531692,0.326251949495782,0.25767429044023954,552,seg_4a6s,NORM
1.8576870089199908,-0.07619402910106014,-0.011081320016245927,-0.1168013534883965,-0.17595475390328966,-0.21349763227302296,552,seg_6a8s,NORM
-2.1009626543931885,-1.1013095235501555,-0.7847411719141244,0.7945079977202048,0.2846670608688446,0.2457167453478895,552,seg_8a10s,NORM
0.06303188982244186,1.1061865040595669,1.7037040417730431,-0.5784547970706362,0.17704065667060234,0.05985839870239012,553,seg_0a2s,NORM
-0.5009035163641639,-1.0080974525115114,-0.5600405767881655,0.1855690065657937,-0.13278739761676522,0.36553151001021694,553,seg_2a4s,NORM
-1.243666746956587,-0.6316260534310568,-0.8503126534162001,0.8041529496609443,-0.08160975664764428,0.1885674874368867,553,seg_4a6s,NORM
0.5391575866529393,-0.7557421149048383,0.35567545587107197,-0.2516334274312631,0.7631920256212403,-0.6777855131068729,553,seg_6a8s,NORM
0.0674882151954714,0.7863812937883179,-0.8709870310105923,-0.1361336536042977,-0.6689241154767043,-0.031106043743646256,553,seg_8a10s,NORM
0.5302794963588526,-0.8843662813173381,-1.104663467521167,-0.6340065200535341,-0.2805804130181295,0.539119538644575,554,seg_0a2s,MI
-0.7739743038622454,0.27724427280257236,-0.09752101468805874,-0.20180465844047604,-0.03335040561191353,-0.09393600107497603,554,seg_2a4s,MI
0.1351193395278526,0.4964591470886447,0.02153788643297623,1.2804674169791146,0.3138878942586721,-0.20531597734419002,554,seg_4a6s,MI
0.6061573557375847,1.1604855926190172,-0.011458598542908312,0.8499863056125341,0.04292264674085947,-0.099911480409329,554,seg_6a8s,MI
-0.7167947703972589,-0.24633218887191252,0.9127773378649403,-1.3208485155410878,-0.16293098707497697,-0.21931971219952576,554,seg_8a10s,MI
0.14988744462494796,-0.11408714260436005,-0.9605991628691257,-0.27637674710961607,-0.17339431883040204,0.253226224377852,555,seg_0a2s,STTC
-0.11632333658622226,0.17636468485933823,-0.10452785450305574,-0.16359468433041485,-0.2332919644603479,-0.06553690750998685,555,seg_2a4s,STTC
0.2003010944227709,0.8385403872771894,0.8237244664479121,0.025485734583822982,-0.08812947470953385,-0.3416501807465835,555,seg_4a6s,STTC
-0.15369174771765912,-0.6107146491405924,0.1596020988109742,0.407949927711196,0.3303104322799519,-0.17710087421030016,555,seg_6a8s,STTC
0.04515245213740843,-0.7975033000779672,-0.2664478765337441,0.008447815188561313,0.16835946395358092,0.18408136009308343,555,seg_8a10s,STTC
0.7431016109437653,-1.0901858566944078,-0.08814815183141593,0.5011280967672709,-0.3939260006935159,-0.20045681693669368,556,seg_0a2s,MI
0.1218333738480175,-0.40844784033289605,0.10792841796028535,-0.09647463364029797,-0.38823667563035863,-0.0883604288658455,556,seg_2a4s,MI
-0.13976228487874642,1.2915878819077984,0.6637781322097945,-0.14609029462089412,0.23617783918597535,-0.15285047518750086,556,seg_4a6s,MI
-0.372440796919082,0.7610193074225758,-0.205281182706957,0.0665127778258861,0.05794589084923447,0.16153168644028534,556,seg_6a8s,MI
-0.07794101787454756,0.20013535517141978,-0.5624882507148362,-0.26454762310815466,0.2559816793879991,0.418388193723322,556,seg_8a10s,MI
-0.48575923235198615,-0.23937811279165097,0.027326243223300413,0.2715565079017448,-0.43287771347769183,0.6979472828599742,557,seg_0a2s,STTC
-0.002709472848664355,-0.3626708389398634,-0.06167935297743294,-0.017849839130565728,-0.13608215214986094,-0.32270658538482627,557,seg_2a4s,STTC
-0.139852447450602,-0.2605557425817348,0.4431584086351207,-0.024594205493161648,0.25198165417315094,-0.6035653467860671,557,seg_4a6s,STTC
-0.02269486980064481,-0.5216565514471658,-0.4459335859848305,-0.10153881036692602,0.035007136665589834,-0.00840327468213333,557,seg_6a8s,STTC
1.0559147169836554,0.9173375231857319,0.10852822082119469,0.059968473937824854,0.15439468859383343,0.13468452564450806,557,seg_8a10s,STTC
-14.766123799232586,-2.189477934033194,4.255739028130526,1.1645221709094873,-0.13228729199830844,-1.1188473560282126,558,seg_0a2s,MI
1.3342004404276138,-2.089009364975163,-0.02419330029920073,0.003066608894425999,0.2944125714706085,-0.3865890913123081,558,seg_2a4s,MI
13.178112311824847,-0.8479496527430087,-1.932643909570562,-1.0533913946136912,-1.4100346050050283,0.5090253930096738,558,seg_4a6s,MI
7.546229168674507,0.7904258051279418,-2.9538212633850374,-0.14664904291096445,0.813903976963986,0.020553885902268587,558,seg_6a8s,MI
-7.463308497726251,4.985066172783273,0.9471349287651377,0.08391381245505403,0.4228127933175764,1.015004271513412,558,seg_8a10s,MI
0.9030265746716779,0.2829913755814916,-0.2770776400399818,0.19772245232881444,-0.07110755431247297,-0.3247225959721404,559,seg_0a2s,NORM
-0.7996002738038023,0.49166502907128556,0.23010111476535924,-0.11320754502964993,0.12326219061894753,0.08492546048499096,559,seg_2a4s,NORM
-0.29576054697606974,-0.1571410839132441,-0.1666693373265921,0.1469267919806848,0.07870131709585305,0.14933247165864202,559,seg_4a6s,NORM
0.44175867455366585,-0.287678513402797,-0.31917595001590027,-0.0948494220114285,-0.0803509490435227,0.08476788876956991,559,seg_6a8s,NORM
0.2288986186996762,-0.21226012645552167,0.09356186662252375,-0.30852412831666837,-0.1687929863427273,0.11368384935896993,559,seg_8a10s,NORM
0.6150385461407,-0.04054798132212198,0.06129345918918267,0.08351912025039444,0.03887075608392097,0.003665820905692103,560,seg_0a2s,NORM
-0.6166067812417014,0.010449654032827894,-0.19693405763402055,0.1749088012921612,0.03774477600726,0.19100769388227148,560,seg_2a4s,NORM
0.2765104662710287,-0.21984060188853563,0.0669818152090189,-0.04517862435043791,-0.12619161387847685,-0.005904738624894877,560,seg_4a6s,NORM
0.13746854025249314,-0.17059891753746503,0.07386561278359213,0.1640354241486074,-0.0973178651769905,-0.05675234566472619,560,seg_6a8s,NORM
-0.7392527301860446,0.2242898003713636,0.11588795593492715,-0.4319611232221382,0.10745407188455991,-0.010616121946168263,560,seg_8a10s,NORM
-1.3095624506088377,0.2828448317859885,-0.24327266956085444,-0.4862339661396159,-0.27679641919143516,-0.22228164687426452,561,seg_0a2s,NORM
2.152676699322941,-4.195329920568614,2.5772285899790455,0.42774540859420485,-0.1727304072568686,0.27420039345730285,561,seg_2a4s,NORM
1.5788548108692892,-0.9545486110168747,0.28897542235185114,0.9247748672902755,-0.15376694266590055,0.10443473729553851,561,seg_4a6s,NORM
-1.892893117813163,5.056698854418876,-2.8018644834795605,-0.06241431567631548,0.2063878282416554,-0.10959196613982397,561,seg_6a8s,NORM
0.06597754438962702,0.007679952446650773,0.3799616069347189,-0.5531897621560329,0.22712985466968283,-0.2084654247138769,561,seg_8a10s,NORM
-0.4264071329202247,-1.801862646721247,-0.35110860804238825,0.2813938348723338,0.2905448073763025,0.5473944612819116,562,seg_0a2s,STTC
0.6403782014683939,0.2585162475111417,-0.45491019272767264,0.14948018849859052,0.13971947220887376,0.4451893336813876,562,seg_2a4s,STTC
0.5587812296303466,1.671937054817592,0.3709724213651237,0.21448008936665294,-0.43316462124920446,-0.3495101567899706,562,seg_4a6s,STTC
-0.6042695501802111,0.9575871600568828,0.3017502805331782,-0.2315357431399076,-0.44905402687453366,-0.4664853173128786,562,seg_6a8s,STTC
-0.06655560052916842,-0.41899446439856824,0.16839934904933768,-0.4372000186564944,0.3880953928415509,-0.11250532374256178,562,seg_8a10s,STTC
-1.9527174224070185,-1.2304864066736492,0.16923637714041018,0.22683616063919218,0.37031234648278916,-0.33850209795667857,564,seg_0a2s,MI
1.5333366850532277,-0.02480727884396631,0.12035506222756007,-0.6368207530369181,-0.26646047168858417,-0.5699872675642345,564,seg_2a4s,MI
-0.6532294231462163,0.15496150371325496,0.006973419003973173,0.05730762590655987,-0.21770746749050915,0.2859385666511082,564,seg_4a6s,MI
-1.515081586963401,0.524116878828876,0.35052180041873404,0.7733648905347777,-0.03926009211751811,0.10348280214833533,564,seg_6a8s,MI
1.8684661033039078,-0.27333926571688116,-0.44299587343328867,-0.35745138028938533,0.14212534899459928,0.21793637405555788,564,seg_8a10s,MI
-1.186508600858516,-0.3018684740143499,-0.6451877576747722,0.4597860972135357,-0.15135967494494793,-0.07454212425219549,565,seg_0a2s,NORM
-0.14992854405432662,1.4448993880770222,0.21449981351383174,-0.007957773033655503,-0.2035377005084913,0.0188573289956716,565,seg_2a4s,NORM
-0.30428427637399963,1.0175558396768916,0.5404244426779686,-0.20070671300632184,0.2109875383246371,0.08342749922244563,565,seg_4a6s,NORM
1.558090982516433,-0.3469225502866056,-0.22404812444825617,-0.3068012491770753,0.08307922408758148,-0.03715414124026999,565,seg_6a8s,NORM
-0.4330854321583271,-1.3585254488266478,-0.0027822551767456506,-0.0022127166126922624,0.37986832586785946,0.08157292595708304,565,seg_8a10s,NORM
-0.32022603293822566,1.1295651151922093,-0.047320808630473436,0.3899472279730464,-0.08242825744064985,0.9529643188734729,566,seg_0a2s,NORM
0.16227364123957105,0.22991451456235193,-0.11735199214308352,-0.01552341110372111,-0.014080561036765549,-0.45815407867157626,566,seg_2a4s,NORM
-1.0307160297327322,-0.6107120891247991,-0.0582817862095597,-0.8103646688929586,0.13552127150682172,-0.9799799313141107,566,seg_4a6s,NORM
0.8918965526865745,0.02367953264506903,0.54740415104168,-0.09739209630026628,0.08160376432631936,-0.025294457150352456,566,seg_6a8s,NORM
-0.2990778273593781,-0.540576427775762,0.04106726782411525,0.2520086938491036,-0.08974995613882755,0.5037476050757593,566,seg_8a10s,NORM
3.3338556023094377,-2.478240078726035,-1.357885377323425,-2.4974718518954098,-0.44327604710193824,0.6834467467284179,567,seg_0a2s,MI
-0.8649072782468483,-0.36762508474651046,1.884135302538984,0.8883021534531241,-0.4972950839962608,-1.047810725697355,567,seg_2a4s,MI
-4.948156769281042,-0.43859375873016965,0.6124372993820286,-0.4503177791576911,0.051572054995873425,0.7697325226799477,567,seg_4a6s,MI
-1.4722535374402548,1.7672092323130177,0.8393231994489134,1.8344330392278068,0.331518499497129,-0.6515129862899073,567,seg_6a8s,MI
3.9219779800814427,0.5275818785751045,-1.3041731876242786,0.009715822018215201,0.4287965517520577,0.27477750116573263,567,seg_8a10s,MI
-0.008492125847807551,-0.9311573621488849,-3.4524159808505104,2.299979025168788,0.7860110063992571,-0.3805415293462495,568,seg_0a2s,NORM
-0.4493147354085325,0.1966092951219737,1.3318115097378016,-0.39641608628486147,0.22480821002448725,-0.07275645936901556,568,seg_2a4s,NORM
-0.37531939888288296,0.1836867984387281,1.1975103062771553,-2.320353400574524,0.5948637830951649,0.6360467208449376,568,seg_4a6s,NORM
0.5300474795587093,-0.37602737512730805,-1.0388606521764,-0.2215643218419243,0.9674053911093575,-0.033027706319025865,568,seg_6a8s,NORM
-0.0331019321517408,0.8677386087778582,1.8705363681343745,0.6670300882338596,-2.501126630706304,-0.11199313524488831,568,seg_8a10s,NORM
-3.2689508750445313,0.7747538154050827,-1.7303663808671559,-0.34007792910978607,0.0401487091722212,-0.014477946584049377,569,seg_0a2s,CD
2.0841267697958545,-0.5308524309227421,0.6299437292292795,0.5926897032459169,0.38299776520501616,-0.48122540735055874,569,seg_2a4s,CD
2.4322295401277336,-1.6315544111856153,0.6555407724103783,-0.4047725554979434,-0.049688299847589996,-0.21915183420684567,569,seg_4a6s,CD
1.0682537962905934,0.03692799868378261,1.8463445148788502,-0.2580546874722164,-0.5323627990096785,0.07158411817193935,569,seg_6a8s,CD
-2.0752013702812957,0.9899002720824654,-0.4774370121878494,-0.3367653549510054,-0.399402967246404,0.20820989626846914,569,seg_8a10s,CD
-0.1800036850785422,1.475192507107894,-1.0254313923268865,0.11630664298056977,0.26566910720093445,-0.02125052341128633,570,seg_0a2s,NORM
-1.6017288565532957,-0.1744430276992053,-0.13855688979816702,-0.27538344054566827,0.02662283925252866,0.20715855629769306,570,seg_2a4s,NORM
-1.3200801510871432,-1.3033934820910573,1.1885371565957936,-0.9698071118689867,-0.39973308755002224,0.017180190038984036,570,seg_4a6s,NORM
0.2969177700029417,-0.32851675554193627,1.029809776458791,-0.831537600230951,-0.496792029993778,-0.2175684375655535,570,seg_6a8s,NORM
2.357490288864386,0.08559797968316142,-1.1239618635623418,1.980379664527209,0.5833182068673686,0.11753204071255446,570,seg_8a10s,NORM
-1.3956408841065127,0.7661468506229823,0.6977485438726565,0.12504993291477073,-0.6493135028457176,-2.030973511565934,571,seg_0a2s,STTC
1.1592609804619425,-0.013237694493562087,0.9555198186814995,0.6621947781161761,-0.40701350214737997,1.974063347574131,571,seg_2a4s,STTC
1.7380008642226272,-0.36069469796446496,-0.31785097538129,-1.0465881345853756,-1.7482296249176905,2.9763695131013796,571,seg_4a6s,STTC
-1.5374074746178525,-0.28494585968062264,0.07964669767372838,-0.23851877129391952,1.5499671585734267,-1.9698099074116338,571,seg_6a8s,STTC
0.4801888676271642,-0.4415861985036185,-0.8762458009859418,0.29800529537478304,1.2581675752671746,-0.7752411669588092,571,seg_8a10s,STTC
-0.6790640459056995,0.3437652291297792,-1.2650264950043186,-1.6780425044374228,-3.259706138004687,2.3226376128638773,572,seg_0a2s,NORM
0.8185423921754725,-0.5569711646974697,-1.1134545824520736,-1.1843048499926303,0.2927227361518558,-0.550512912295375,572,seg_2a4s,NORM
1.2133417772906265,2.4488685641673724,6.676429051913052,7.717997684684516,8.767527886596465,-4.818840601113699,572,seg_4a6s,NORM
-0.572650547837906,-1.2110103788384337,-2.4196493131138292,-3.3630444710405523,-2.9514781344429712,2.8497474425414815,572,seg_6a8s,NORM
-1.241580336756455,0.0177836231251051,-1.385360467327312,-1.7409618691164432,-3.0508358123083803,0.07491671861682815,572,seg_8a10s,NORM
-1.4657438614681673,0.2917166005149999,0.21583541137166373,0.05242394043734331,0.09019393691886533,-0.23723388599964543,573,seg_0a2s,STTC
0.5173514982310009,0.19089141756577369,-0.6371799820175658,0.20660417828937788,0.12140942783334872,0.19029013203589412,573,seg_2a4s,STTC
-0.6467657339950977,0.416800986286676,-0.19600347346433947,-0.5026375214023805,-0.11953988749660517,-0.032865702572102654,573,seg_4a6s,STTC
-0.13433901209965576,-0.7038788197060035,0.10521753814497552,-0.1779240790068901,0.10546209475617857,-0.012055444209451883,573,seg_6a8s,STTC
0.7051573767688231,0.36237987285075773,0.31413415928391275,0.42099786745546014,-0.014436468408532493,0.2756851926320785,573,seg_8a10s,STTC
0.6159612686097047,-0.08172963983346475,0.27583405919329745,-0.24299454186756925,-0.003484450494347918,-0.16314114986329914,574,seg_0a2s,NORM
0.1114331099101834,-0.4648023080389676,-0.558335648569508,0.21596175094912662,-0.2639768164282653,0.3617214784613144,574,seg_2a4s,NORM
0.265390408369526,-0.22163057245858214,0.803664147747414,-0.08621959809857904,-0.29251469053870255,0.19925605945088637,574,seg_4a6s,NORM
-0.291560815646635,0.12874370798134965,-0.4782871696784886,0.0738459314391547,0.20958618698679887,-0.28733883197487886,574,seg_6a8s,NORM
-0.6164773508438806,0.09137956805072847,-0.06524995316884033,-0.03223705098548984,0.20769116034671317,-0.05963576133381487,574,seg_8a10s,NORM
0.255134307298648,0.09700345880616787,-0.4888799905467206,0.32011826073894556,0.0012563937231818948,0.2042162293970577,576,seg_0a2s,STTC
0.4183236478738029,0.14987241231996823,0.41654139118112615,-0.750227816201519,0.5337929466234504,0.6699278860787016,576,seg_2a4s,STTC
-0.9368176820703371,-1.7417466698182456,0.4960440361859663,-0.1927647381100948,0.2794830963335446,-0.14659732266256809,576,seg_4a6s,STTC
-1.909503082542204,0.3362325870943026,-0.05719136305126391,0.32133108870444427,0.005608075414845375,-0.7541169440414077,576,seg_6a8s,STTC
1.53087706609335,0.3700766581546498,-0.5689468645807152,-0.19423459268826612,-0.7916968960945177,-0.1509169058953733,576,seg_8a10s,STTC
0.12086403662924088,0.44156432136361984,-0.4133713476519365,0.38479102486631367,0.10911630587587605,0.34128753394425015,577,seg_0a2s,MI
-0.08064938079259375,0.4710216119396427,0.1814287132180858,-0.49755422418537637,0.27872631354505567,0.4519419567022237,577,seg_2a4s,MI
1.2078252492233577,0.6050878959990643,-0.2737126108131188,-0.20209302840067894,-0.06815854250744162,-0.027205513290152954,577,seg_4a6s,MI
-0.3667763056076511,-0.7045088331489973,0.5444062853020172,0.2737230224144359,-0.082657605275341,-0.4858104829306254,577,seg_6a8s,MI
-0.4243170790286384,-0.6980630586117249,0.4053697858979042,-0.13007837452697066,-0.15082072154566753,-0.3267527840375018,577,seg_8a10s,MI
-1.1578821747274644,-4.5626768699967375,-2.1999567462201552,-2.4038986610011435,1.8909568495584297,-6.090816841239363,579,seg_0a2s,MI
2.076103888759187,0.6898427549622628,1.149234675774661,1.4537881532377779,-0.8566744259987054,3.1045109875120134,579,seg_2a4s,MI
1.583906574075498,3.9030310017306302,-1.3157924166682338,-0.9053037229004416,-1.240630706336969,-0.020028527865616704,579,seg_4a6s,MI
1.3587237934370644,-2.3422988734373464,-0.14357159735355396,-0.8123412220654836,-0.041152272652069416,-1.11592317822281,579,seg_6a8s,MI
-4.8035063623901815,1.4181537164609375,3.451020049274155,3.1096148158158727,0.0067267069865800805,3.9255334764756435,579,seg_8a10s,MI
0.24078357279242346,-2.6171260956994167,1.0785457936744223,0.262986905599567,0.11201043423863401,0.23790960761728117,580,seg_0a2s,NORM
0.14666721421587542,-1.4312409417909708,-0.15743307650830313,0.15276597102672296,0.2674806752728671,0.06948611517325251,580,seg_2a4s,NORM
0.2840030769720878,1.0904963388486801,-0.8354744438546063,-0.13215580401736607,0.2893920062255284,0.16215740061361536,580,seg_4a6s,NORM
-0.4590912830414661,1.7268434773821597,-0.5935701762379484,-0.06177596592109537,-0.2568920708954798,-0.18704225318304285,580,seg_6a8s,NORM
-0.055383400523212466,0.46688741847655585,0.4450932863255135,-0.4609176653066998,-0.2607318178960806,-0.2690746186757468,580,seg_8a10s,NORM
-0.44735929121712814,0.3549153622713286,-1.367974872844224,-0.2660248716190309,0.3059031762759755,0.46552064148753447,582,seg_0a2s,NORM
0.3199857246740844,-0.7266292105786762,0.8125041549575786,0.22631807343723157,-0.230310610769428,-0.03380182725358035,582,seg_2a4s,NORM
-1.7782565105885082,-0.42648773985278415,1.3986055309665348,0.6847787286707443,-0.27899515249026086,-0.6673804218658709,582,seg_4a6s,NORM
0.727108270066008,0.0766676231654891,0.14821048183225768,-0.2588464692938048,-0.02175660454594168,-0.05898787178501958,582,seg_6a8s,NORM
1.0988964212116537,-0.16852864126766087,-0.8073753882991479,-0.13873169939760835,0.12911935099675256,0.2520003575048406,582,seg_8a10s,NORM
-0.6858846282491295,1.3521149959585834,-0.14232726221656147,-0.18701612764504405,0.2865476801142164,0.19399132269211122,583,seg_0a2s,NORM
0.37119632985521456,-0.3493884504623534,0.07399072326724429,-0.2886678003904434,0.20612000486373727,0.00013846983563620566,583,seg_2a4s,NORM
-0.1768074883252701,-0.0760413904383484,0.08162079392155537,-0.33474977776997494,0.07288277208978,-0.08248327014827374,583,seg_4a6s,NORM
-0.782957942626856,-0.2084645111407298,0.19966740969525387,0.14498988751103506,-0.07516841145694789,0.07645979619600007,583,seg_6a8s,NORM
0.431904617409537,-0.8274569244570452,0.12200975896670682,0.45546779690222994,-0.3806602207343428,0.05096212182459066,583,seg_8a10s,NORM
0.303129648130739,-1.6959461794597686,0.2901267103911921,-0.244835591906359,-0.030022066207368046,-0.042781079345829344,584,seg_0a2s,NORM
-1.049115632895121,0.4488314201540938,0.42041664330653566,0.2537814725074606,-0.03644888744791277,0.14117494360293242,584,seg_2a4s,NORM
-0.7510708282996962,-0.1406380730933554,-0.28799421119499224,0.22120473598594292,-0.029926082855026466,-0.06682222242581756,584,seg_4a6s,NORM
-0.029957986415770462,0.7406204632822381,0.2527829162229836,-0.019393671830213968,-0.00828106805790758,-0.09570566997969271,584,seg_6a8s,NORM
1.6915422137771599,1.1763265412107793,-1.0236702045407184,-0.35461249416352947,0.2293922975897041,0.13386137040350038,584,seg_8a10s,NORM
1.6067496954927327,-0.16624546100359452,1.2178161577879243,-0.2405292162778177,-0.6912235638031223,-0.4956081424772472,585,seg_0a2s,HYP
0.39319572384767254,-0.06716583347141261,0.1945205794160809,0.17999097392312308,0.02140795370890301,0.0025595840696726233,585,seg_2a4s,HYP
-0.05295392763929043,0.18040428544509626,-0.5943058170842713,0.48628996909854705,0.2934566210643458,0.10349612334808832,585,seg_4a6s,HYP
-0.5022046885741868,0.26877248003167337,-0.4512985201539305,0.13189451843132766,0.17230942735939134,0.2238580107342571,585,seg_6a8s,HYP
-1.0362627948263734,-0.8089189097585042,-0.0004708500268745027,-0.32906224834472875,0.018619413090897537,0.15319174818456066,585,seg_8a10s,HYP
1.318240501967463,-0.10650595301557425,1.940818290308398,-1.3594614222502384,-0.6142180605620817,-0.5906890536756536,586,seg_0a2s,NORM
0.7360038043623103,-1.4461161363785586,-1.472314440743838,0.6608214079996766,0.7005347697139563,0.5282791080795382,586,seg_2a4s,NORM
-3.571002323112778,0.1343898381413361,-0.11283920172655523,0.9639827337511002,0.31624775005708516,0.23404941000225796,586,seg_4a6s,NORM
-3.5013232600589386,-2.027311015546955,0.7868847218979542,0.6244374475527598,0.09083585028780591,-0.22955462914610145,586,seg_6a8s,NORM
5.302953953375502,1.3129095076255932,-0.3307819446235724,-0.8667539747379329,-0.28633232369080236,0.09434539710701563,586,seg_8a10s,NORM
-1.9715380055099652,0.9378790678638267,-0.44232073032337504,-0.01582302826969599,0.3481797350471062,0.049081648172068254,587,seg_0a2s,NORM
-0.46024626470726043,-0.05947106057984675,0.039121434116440486,0.034814092868126,0.16568587047639133,0.010932110503700318,587,seg_2a4s,NORM
3.5186637836115935,-0.7430598928182923,-0.8876155223157556,-0.739365136714085,0.09773811103743871,-0.49769524544667404,587,seg_4a6s,NORM
-1.3209919472958243,0.40737696058505146,0.018245808394386505,0.5592639828348521,0.011642504648035833,0.1873443751387871,587,seg_6a8s,NORM
-1.1076284969285517,-0.22415683225513278,1.1570505590814273,0.32159351422893795,-0.36650363148987497,0.38690977014912287,587,seg_8a10s,NORM
-1.8218448366940923,1.0776004806519532,-0.015747443726696942,0.26267381552144714,0.15468508358199273,0.1311135007648036,588,seg_0a2s,CD
0.01819517388099047,0.568336148141369,-0.0775352642940023,0.08119108684077055,0.08644727865492656,0.0815717748745445,588,seg_2a4s,CD
1.5561634994091553,-0.04003856726836721,0.11922465552081185,0.03722746613397551,-0.1475889718481204,-0.3289021464280661,588,seg_4a6s,CD
0.46833208268518506,-1.2438909940522211,-0.25126803428704,-0.040075670996786106,-0.0536485871642948,0.03366826835429292,588,seg_6a8s,CD
-0.7253284628569316,0.09460794866253415,-0.2194918680820147,-0.3028400259103028,0.001034983593304282,0.09839229302807138,588,seg_8a10s,CD
2.23240811164045,0.023124258897344114,0.2965498825456085,-0.3200064152739888,0.27779912036814924,0.32125434003249564,589,seg_0a2s,NORM
-1.718870243392891,-1.0548372308454748,0.2560684934390613,0.06402573506052589,-0.08606659775270384,0.061037736761460154,589,seg_2a4s,NORM
-2.1791500996871718,-0.8950496783804857,-0.0653141478120492,0.2831020970240925,-0.07851885936021648,0.02657609820343871,589,seg_4a6s,NORM
-0.3220898604922717,-0.20850970549640782,0.030734253751748934,-0.06744858189652407,0.006864549783444523,0.002963577766465495,589,seg_6a8s,NORM
1.1668615291324442,1.3561160287288898,-0.7902063414029931,0.1404225565953772,0.02421646387110248,-0.016749718720891826,589,seg_8a10s,NORM
-0.364994742612414,-0.22796543576247386,0.711145754371539,0.04855825711654146,-0.2183995462132022,-0.1182544198211594,590,seg_0a2s,NORM
-0.08556509667832869,-0.17312186978004862,-0.10581705072198468,0.1123622986533045,0.1685786974835236,0.10828949211346696,590,seg_2a4s,NORM
-0.571924441325998,-0.3456455627730997,-0.2085246389288671,-0.044437771287987954,0.1261057487667117,0.14745801270939835,590,seg_4a6s,NORM
0.12347795021041187,-0.20155318368767902,-0.15879955902550175,0.060864447505421776,0.10834205583208303,0.0017062572440243195,590,seg_6a8s,NORM
0.6091295648102232,0.8725397599760646,-0.09301622739901408,-0.07457110438821218,-0.10244334062666602,-0.0834146007691745,590,seg_8a10s,NORM
-0.3285188424993417,-0.2149204753423613,0.5530634871056506,-0.0403842902506393,0.1500091705800371,0.05685464597367247,591,seg_0a2s,NORM
-0.006513051615478712,-0.9605626996975517,-0.12254849295339047,-0.20545292587612524,0.13647429859238427,0.07157044451302945,591,seg_2a4s,NORM
-0.13589273289080175,-0.3716652904365339,-0.2586022710673918,0.14408673958220192,0.07364702727983356,0.15560590154173662,591,seg_4a6s,NORM
-0.26166235490777856,0.5137837702335614,-0.2324800666681146,-0.02479360583266983,-0.028384497197587812,0.040819464695923076,591,seg_6a8s,NORM
-0.16766756850170708,-0.19722883785995646,0.025771689351390143,0.15679800011733652,-0.3059700605320139,-0.11341258013221987,591,seg_8a10s,NORM
-0.8087619466775376,-0.9595208997176272,1.3270996533371537,0.15887163278914515,-0.29580351094240387,-1.0100011220823641,592,seg_0a2s,MI
-0.054607648453003005,0.014080817394937052,0.16023376941458323,-0.216186203564464,0.24029265850638395,0.9312124918153677,592,seg_2a4s,MI
0.519351058354794,-0.36506770317489495,-0.6441395666562656,-0.23321015938248177,-0.10126298414220201,-0.10930878588702443,592,seg_4a6s,MI
0.3007733120277023,0.01976073743159154,0.4139519299656252,0.44740589594129415,-0.32614949597440035,-1.1394336265559513,592,seg_6a8s,MI
-0.9566077294507449,1.9676655540133454,-1.2817379168676388,-0.143654284426637,0.4323260540579569,1.3048910187222509,592,seg_8a10s,MI
0.20707619887292328,-0.06970129288303119,0.5985438172755205,0.5956117004516477,-0.25915182483713806,-0.22935505855722224,593,seg_0a2s,STTC
-0.6854227547918991,-0.01662459352287502,0.3885281449288701,0.3581775719617782,-0.4309458354535337,1.0111875568249704,593,seg_2a4s,STTC
-0.4046722707883759,-0.7510692214227215,-0.4305869597972346,-0.8163429257907276,0.295877131828219,-0.6019822452851616,593,seg_4a6s,STTC
-0.02852406049986388,0.27169755838834114,0.1633990667275414,-0.07775598121387131,0.13478818047259267,-0.47666491273169775,593,seg_6a8s,STTC
1.0129094579398983,0.24562505795210562,-0.22825115794839654,0.1043735426701012,0.1742824044253449,0.018892175624274525,593,seg_8a10s,STTC
0.4124641269544964,-0.9479679952617291,-0.288460532217633,-0.3654239535932673,-0.09305106626540835,0.07226928100442212,595,seg_0a2s,NORM
-0.20720079006863407,-0.8238420393129482,0.238135918963565,0.1357140265544456,-0.08067249580017462,0.14496869438522234,595,seg_2a4s,NORM
-1.3834061022377844,0.2236514649200739,0.18917125372753768,0.5329483972741949,0.3022384409271023,-0.20258236371069557,595,seg_4a6s,NORM
0.08831876098912507,0.22576052392982526,0.05624694176258197,0.1609624336643997,0.06841117952134053,-0.17697816755442877,595,seg_6a8s,NORM
1.1755352236404648,-0.26830158603259235,0.5031947678758253,-0.5970171509872021,-0.3275048629576985,0.07352314796545122,595,seg_8a10s,NORM
-0.6600447583425657,-0.9274355533543348,-0.031055617490954004,0.2564084918900778,-0.09834239227824199,0.23017022714699673,596,seg_0a2s,NORM
0.23061693182409718,-0.48612350686284783,0.16717251888979448,-0.204914206325954,-0.418069599093229,-0.07071520656094941,596,seg_2a4s,NORM
-0.27047529871342585,-0.058403577000263565,-0.13290334244150925,0.43717742042343716,-0.23579476246799094,0.46407950655076,596,seg_4a6s,NORM
0.13913861088716817,0.703799342122647,-0.29232206395034505,-0.19281980274939423,-0.09051544525374285,-0.47059951163378455,596,seg_6a8s,NORM
-0.225166928334653,0.17693806684173816,0.3424698509564981,-0.02382632447719435,0.5622615974807463,-0.2943255276106173,596,seg_8a10s,NORM
-1.1640162500289415,0.950045094439224,-0.47107652463586613,-0.2701128574495109,-0.042398092557466766,0.24747928170991926,597,seg_0a2s,NORM
0.8854430605402546,0.32310015089560207,-0.19917875399427812,-0.37717751878325384,0.05174229082189044,-0.21651846671194097,597,seg_2a4s,NORM
0.5577211652768543,-0.3297835291365619,-0.4002386068448887,-0.1672363766840637,0.0029865946708000036,-0.2629439893357181,597,seg_4a6s,NORM
0.35473425281535687,-0.05873761799620851,0.26977228811117054,0.1521981366903915,0.002630339603251171,0.07454394296728785,597,seg_6a8s,NORM
0.17378610056765864,-0.7636061576592003,0.3567149955892541,0.44772915715590783,-0.09851515415410622,0.35260456116624006,597,seg_8a10s,NORM
0.9263761629135691,-1.4327178093678612,-0.6302508907821956,-0.07224729077331667,0.1265322675688577,0.36064887187560424,598,seg_0a2s,CD
-1.0645803204425563,-0.6539967664453546,1.107365767689904,-0.1943214531227781,-0.79518024476048,0.6099855703026644,598,seg_2a4s,CD
-1.2339086119388232,0.46797896863903254,0.20584795401160613,0.480572019003649,0.45318200622886884,-0.31433934648842704,598,seg_4a6s,CD
0.08427412823156513,1.158228232269453,-0.9010860302995914,0.5470827925098734,0.24628117406172254,-0.09344458945558183,598,seg_6a8s,CD
1.2481329138739132,0.5666931341811806,0.5514019593634029,-0.6612877474274917,-0.0506941289581068,-0.9054318580358944,598,seg_8a10s,CD
2.429290747877595,0.5595254483347895,1.5116472623718844,0.9863515858467249,-0.15193736267380478,-1.8858968904672226,599,seg_0a2s,MI
0.5954769633358574,0.7371295398590393,0.33373812013984067,-0.002490461037675906,-0.6171333048626321,0.15637621852412142,599,seg_2a4s,MI
-1.7689890576886897,0.5887221745000605,-0.08187047693750275,-0.6259843884526685,-1.123883027836127,1.6585375209592526,599,seg_4a6s,MI
-1.1511620633183508,-0.34488349221724096,-0.07060842560289554,0.0799247092609022,0.4062435104708187,0.5794961992839376,599,seg_6a8s,MI
-0.3034626650902213,-1.7509767106693948,-1.4824767783898298,-0.6357061315915954,1.2767584535328964,-0.6819826399412751,599,seg_8a10s,MI
1.8056271055399404,-0.9069673347247044,-0.7254535215270546,-0.25062728101959525,-0.23004378093122393,0.27582623443646037,600,seg_0a2s,MI
0.08691393321677301,-0.43345066252479514,-0.06564033723850624,-0.1978817016945254,0.08731908923442881,0.18467328866181423,600,seg_2a4s,MI
-0.7198175474256032,0.9873827893283114,0.17213707070179465,0.08181581464186756,-0.03248779566759394,0.02346004451662797,600,seg_4a6s,MI
0.640175174798658,-0.3572935992157005,0.08367992261638334,0.22624354760165874,-0.04599677953131931,0.21516248611085548,600,seg_6a8s,MI
-1.2287532308225475,0.3745896020351141,0.4253492472863742,0.2636172197954825,-0.07075377629512423,-0.586351386016839,600,seg_8a10s,MI
-0.042253859566680665,5.2491341530017515,15.574223267699923,-13.0486199634898,-8.437698229118359,0.27686575778664446,601,seg_0a2s,MI
-0.06788050122120018,-1.313120435819028,-7.682910467761107,7.650585177485851,3.477207097009931,0.448367047969071,601,seg_2a4s,MI
0.5767224589361348,-2.510786405256222,-8.545974404596821,7.818677278690528,4.004582528321869,0.2461936960751127,601,seg_4a6s,MI
1.3053555801403456,-0.94186680093422,-3.7173166787182574,2.745318329999183,1.9982742337373507,0.010553055657170322,601,seg_6a8s,MI
-1.902586679711291,0.14956251905642226,4.039326232876383,-5.042091861645174,-0.9210721545956815,-1.1114546497044242,601,seg_8a10s,MI
2.263359249815417,0.8508804238070403,0.24133335332253575,-0.00476649344367468,-0.11848397129762414,-0.24771800864563645,602,seg_0a2s,NORM
-0.8168562117285655,0.25280069474926997,1.215466400310593,1.0104897992727113,-0.5595132700742639,-1.4132215120684244,602,seg_2a4s,NORM
-2.4382684458358033,-0.9370853921437142,-0.761572536537155,-0.8297339737482324,0.6722631792788674,1.3915554931322582,602,seg_4a6s,NORM
-0.06740709866570434,-0.9802771584393564,0.07514668825321402,0.009943288849024694,0.07165738776720888,0.11000378493033854,602,seg_6a8s,NORM
1.4946667316263451,1.0008817040609137,-0.6402229264163667,-0.05951163153179903,0.016807582612241526,0.18752547420580937,602,seg_8a10s,NORM
-0.5522960776606062,-0.1968465101607684,1.7318260340868012,0.4873332213841358,-0.7515545923667857,2.558120656143831,605,seg_0a2s,NORM
0.6217827183254273,-0.6492217240400316,-0.7633053624704976,0.06923930297500172,0.5955137252055189,-0.6241471145346255,605,seg_2a4s,NORM
-0.46246539005879617,-0.16728641093872149,-1.2510659985051003,0.11466550211501111,0.734665051652081,-1.1927645151036008,605,seg_4a6s,NORM
-0.0863759228881283,0.6970177190938095,-0.7103712382695646,0.03262087661697926,0.43637325831157264,-0.8090031135602583,605,seg_6a8s,NORM
-0.19244516822951743,0.17259997545930378,0.85176308451608,-0.7201984431337333,-0.7875067045022371,0.10779062068491688,605,seg_8a10s,NORM
1.2908768346449553,0.030227329584671107,2.4791429663440283,-2.2629547580990432,-0.039237192695433666,-1.3227842538573817,607,seg_0a2s,MI
-0.47474327546351297,-1.471638230588823,0.08384643355537046,0.9854145251894229,0.13789257115557335,-0.045927884129982534,607,seg_2a4s,MI
-0.8475607054376435,-1.358943592967458,-0.8452269312001611,0.7498436179993012,-0.83166446551153,-0.10004131250062866,607,seg_4a6s,MI
-0.673309901252632,-1.7548750261058375,0.635069909115556,0.7697303801260797,-0.6487437957080385,-0.06815654351955235,607,seg_6a8s,MI
-0.4281741430264694,4.176597485363669,-2.587886095976798,0.34193248319057634,1.4355870854597743,1.5436058387508944,607,seg_8a10s,MI
2.292338013212485,1.3004340239750765,-0.9615011734150438,-1.1952096267069598,0.12856743057955175,-0.2958055895927093,608,seg_0a2s,MI
-0.10193313121371148,-1.2340686829442178,0.8509441460676336,0.4221901146212402,-0.1572226846305333,0.6423540068994689,608,seg_2a4s,MI
0.7683101566888789,-1.240906266262188,-0.34452162696538774,0.5827784641480018,0.17357580997976585,-0.11393379809022319,608,seg_4a6s,MI
-1.585738849204013,0.20462799171707152,0.2046651535970872,-0.35586593898437757,0.04713932779901055,-0.17666895896732562,608,seg_6a8s,MI
-3.133852462996637,1.4792180653350808,0.06277404199680334,1.254057237084363,0.017479025675536254,-0.14602407684941435,608,seg_8a10s,MI
-0.32565896013945467,-0.015826593508019755,0.25636708288539667,-0.8592073474627067,-0.545224362197791,-0.41995477018373606,609,seg_0a2s,HYP
-0.7758282734249696,-0.46607937725745313,-0.1567471846737833,0.31487038056104094,0.3429208887035042,0.29355383428055776,609,seg_2a4s,HYP
-0.19997824243089304,0.3941565761552276,0.09454654801239785,0.800028328001718,0.08449467384172829,0.27860112838417156,609,seg_4a6s,HYP
-0.11780398591588807,0.7466589981082298,0.4926214009474423,-0.7068707071614068,-0.3974060104769956,-0.318012534750495,609,seg_6a8s,HYP
1.8416821130019012,-0.6604625354692214,-0.8523667280492712,0.6461608669673409,0.5225270419437327,0.10379171232080746,609,seg_8a10s,HYP
-4.397621972813084,6.043437172155625,-4.779485973418336,-3.274814810217002,1.9511022935831037,-5.500012069230351,610,seg_0a2s,MI
1.5467490293256467,-0.8719017495165358,1.5056020379517616,1.2447690116987706,-0.5996441349841457,3.1409901648850678,610,seg_2a4s,MI
1.1998099721309434,-2.7477626585060753,1.0272946498338962,0.1783745610635696,-0.8101955282826124,0.30686739737269964,610,seg_4a6s,MI
0.7357278833437473,-1.9707319564647265,0.9658095963132001,0.3521849725217403,-0.3902555457237093,0.10325630095579283,610,seg_6a8s,MI
1.2010830451832977,-0.5359054598716736,1.2957814446403955,1.4150364243979625,-0.21913246037586456,1.841447190149039,610,seg_8a10s,MI
-0.5734933825623282,-1.4196094586206933,-0.5146837763213084,0.9085522919234109,-0.19663599106289772,0.02975079307887515,611,seg_0a2s,NORM
0.6717836845193107,0.7156361860231393,-0.20927812290044648,0.044934002237160126,-0.2743570350474731,-0.31047767763627404,611,seg_2a4s,NORM
-0.15777627617831383,0.0324155819214597,-0.05428638042679571,-0.2822945686140557,0.23883799429945637,0.572197377276897,611,seg_4a6s,NORM
-0.462754684821111,1.0725564954677544,-0.05896944869660144,0.11845852427927044,0.10282805670613958,0.03368482855846843,611,seg_6a8s,NORM
0.44589308465102845,0.253899373176363,0.4150636861063799,-0.9635932017987536,0.17918491097864694,-0.1967737292529745,611,seg_8a10s,NORM
-2.3292546837857055,-3.255019997183556,0.9971902572074182,0.16054947696666075,0.8415715217168094,0.3982308251188458,612,seg_0a2s,STTC
1.5165825758408331,3.668192490323659,-0.7861761125699521,0.23933042146513805,-0.8541992691457391,-0.4351878991236602,612,seg_2a4s,STTC
-1.325109068604184,-2.2198032504024905,-0.22608925115973946,0.6947235527150392,-1.3463077764373268,-0.2313279453986144,612,seg_4a6s,STTC
-2.6022118193213117,-4.061256259618312,0.5114487939207886,-0.08243737181031517,-0.31748994302305594,-0.15148563569947712,612,seg_6a8s,STTC
4.491487560359816,5.79938798347648,-0.6107544606585644,-1.110344771045337,1.706208142182004,0.24399491461679657,612,seg_8a10s,STTC
3.2979282377481742,-1.7879206312155531,-0.2490395271172099,-0.1298083650461409,0.060194160718080696,0.3250829065547918,613,seg_0a2s,STTC
-2.491306480828539,-0.6754152815520873,1.0335323245114303,0.5723361566406563,0.09764739668418117,0.15752964072640474,613,seg_2a4s,STTC
-1.1492194346089855,-0.1324410369444979,0.25904067080071513,-0.521343092898966,-0.653315153327727,-0.32575456520700136,613,seg_4a6s,STTC
-0.11431961473327605,0.5224605057117985,-0.6351819435678951,-0.4540861608768397,0.08656838013029175,0.00017614651618351037,613,seg_6a8s,STTC
0.19183184871401032,1.708770047269644,-0.2752109054336209,0.5324752702995784,0.45957187824893975,-0.07979063841826971,613,seg_8a10s,STTC
-0.3811197402608766,0.0906073239451475,0.618632643919378,-0.043321562988982196,0.7294842127218484,-0.09227140598780609,614,seg_0a2s,NORM
-0.040468420370400444,-0.5677239449999963,-0.7928423132856246,0.7629753895335047,-0.45043279154974647,-0.22796197911565902,614,seg_2a4s,NORM
-0.09849761176262269,-0.14531201598860935,-0.030020524946298362,-0.01610263360892711,-0.45256867360825703,0.36866436829021637,614,seg_4a6s,NORM
0.8137516595742107,0.5580139391066584,0.23337704237571347,0.8241050128757803,-0.522427066010853,1.6492392832058906,614,seg_6a8s,NORM
-0.16875512756094635,0.19066917697562696,-0.26859844306183406,-1.521649663835463,0.736220675184199,-1.716967018741821,614,seg_8a10s,NORM
-3.5661883851030187,-5.599820166653475,-1.3059778586855522,-0.07703899627045757,-0.3447920612088296,0.20604810558920797,615,seg_0a2s,NORM
0.8599957098687169,3.4818290564611383,-0.8684745463615019,-0.013370819363185377,0.44688588204302254,-0.021488009090416434,615,seg_2a4s,NORM
2.6300202179347867,2.192711932565198,-0.13393370232552204,-0.047704927358759176,0.11244150375929257,0.09684289268306384,615,seg_4a6s,NORM
-0.3087143094436114,0.6173109515307603,-0.2659011842198681,0.2453465962699076,-0.12345263449288453,-0.040660360252711726,615,seg_6a8s,NORM
0.4351932212877662,-1.1786167952975106,2.4994398653872207,-0.3308275460609306,-0.09287097806694579,-0.2534669069905865,615,seg_8a10s,NORM
0.280298468525249,0.2623124573136364,0.9472598323123922,0.48349231417322536,-0.3179031637021886,-0.28545037555800107,616,seg_0a2s,HYP
-0.7040120968435,-0.7250061276229044,-0.5431956094475773,0.07983226681816875,0.24159397479440706,0.22591495975120504,616,seg_2a4s,HYP
1.671471558922264,-0.01731263044447277,0.05123349875756987,-0.4467499560005381,0.26079247979428405,-0.12723158107342428,616,seg_4a6s,HYP
-0.9677007914498925,0.3575834967998244,0.15640763629558574,-0.22035234861805866,0.06314276651955812,0.11230325699827073,616,seg_6a8s,HYP
0.08104902911024087,-0.46294721392986016,-0.45067392251394456,-0.09733594402722584,-0.11488854066209016,-0.10039503128767675,616,seg_8a10s,HYP
0.6501747719105596,-0.0671950765740979,2.3390106740115333,-2.8140087389310744,3.3019799121736746,2.3265445579113266,617,seg_0a2s,MI
0.16752216332349934,1.0688127177124078,-0.4425746190987619,0.6206467759385363,-2.9819371060520488,-1.8649334425923787,617,seg_2a4s,MI
0.9664478343210122,0.1758775949652192,-1.942369669263013,-0.1800037846669676,1.2165694784654817,0.16853718064364895,617,seg_4a6s,MI
-0.4461480977886386,0.7571841367889266,0.6249528332376637,0.9097080847935621,-0.2907479956992472,-0.6578090365227588,617,seg_6a8s,MI
-1.4979032901259202,-1.1126854816373781,0.42214394921914566,0.6372547222703556,-1.8865500067082912,-0.40270444790773446,617,seg_8a10s,MI
1.8675432238429543,-0.5973104951063988,0.7081738597050948,0.3430058033130444,-0.3764929047452187,-0.1353406407604496,619,seg_0a2s,NORM
-0.9849977500014702,0.5655998422974718,0.27598295756951796,-0.1982095412028839,0.36201334380113737,0.12786839952095166,619,seg_2a4s,NORM
-1.2475301394769474,1.2052512792954688,-1.3851433217992342,-0.10617220220358614,-0.0680894897836382,-0.06386510458970097,619,seg_4a6s,NORM
0.19011878459574696,0.3149032510349653,-0.5321052755954654,0.13812177602580383,-0.6371949503311662,-0.07611320042443115,619,seg_6a8s,NORM
0.7968672953495606,-0.915337213597231,0.927924267295984,-0.26669313781820486,0.802518696416401,0.07685580979635172,619,seg_8a10s,NORM
3.4091953065225202,-0.06503719577874124,0.24930413545481125,1.0381349387923238,-1.13115016039033,1.215131426611777,620,seg_0a2s,NORM
-2.7481246078751282,1.2129714020630726,-0.99962967087511,-0.3030888985864038,0.4990352472775919,-1.2236004998371859,620,seg_2a4s,NORM
1.920638670701745,1.1781976892353234,-0.35812852898799685,-0.27938609305954415,0.45137630068855394,-0.6378995576291204,620,seg_4a6s,NORM
0.9011352431027122,-1.1215479451629855,0.9990678401040127,0.8879491242008696,0.37145592047699233,1.404927177053366,620,seg_6a8s,NORM
-3.680061847043979,-0.30913068460228965,-0.2490587256439993,-1.6065832160259905,-0.04550081396091474,-0.7545636322180277,620,seg_8a10s,NORM
1.5253618470018226,-0.4033235528094669,1.243572063178242,-0.21090652575115862,0.7482519763167863,-0.6270101792743868,621,seg_0a2s,CD
-0.045271631658660015,1.4741735748784734,1.8959408565319957,2.7231341427312064,-1.0153424361907297,2.481028509108681,621,seg_2a4s,CD
-1.5524961698664796,-0.25228680978825446,-0.06308375568905898,0.33561071243137375,0.13044640432986992,-0.37244573619863075,621,seg_4a6s,CD
0.5869939910432538,0.129207760453738,-0.4679407095338864,-0.5527920048432515,-0.6114977214741811,-0.4778220879657136,621,seg_6a8s,CD
-0.8472685776778467,-1.810214170152105,-2.0136718725643163,-2.4108823307188754,0.8874262984476206,-1.3529566907827437,621,seg_8a10s,CD
0.3823777150292266,0.048197884758782415,-1.0519299083406357,-1.148568537561765,-2.130914665476518,-0.3955558972496348,622,seg_0a2s,STTC
-0.648794271583948,0.1784819125121227,-0.3093919006534136,-0.1683661702708736,0.736009739142986,-1.540156200744435,622,seg_2a4s,STTC
-0.8961385688589484,0.504078892824122,1.0351774863092864,1.4801293213227842,-0.18320874248592464,2.7653080898955915,622,seg_4a6s,STTC
0.4674306459254412,0.2473510476659047,-0.008067785698060066,1.1178200260458468,0.8577490167158098,0.5565881630488564,622,seg_6a8s,STTC
0.6791442775775298,-0.7386125578494903,0.6817141225002942,-1.229850434536826,0.8116519004770815,-1.0831712161389986,622,seg_8a10s,STTC
1.524276453094494,-1.042551794019542,-2.295449071173391,2.144174858249322,2.3040003784372485,-0.5940323470996811,623,seg_0a2s,MI
-0.6918110286139775,-0.604093531281223,1.533130167072604,-0.9520263501974301,-0.621556986585802,-0.49146166707094213,623,seg_2a4s,MI
-0.7325661141442197,0.4721539983836239,0.6319222493668766,0.7235589779708475,-0.5012375394330318,1.9915531226770442,623,seg_4a6s,MI
-0.101400020863722,-0.6927793776908573,-2.297595335654218,1.735554187000374,0.9779469367473946,1.1622484251574334,623,seg_6a8s,MI
0.18050052552184234,1.0067336283727706,3.3855219623560675,-3.54235809160753,-2.3858853348809586,-2.2322803586410354,623,seg_8a10s,MI
0.9459855195516118,0.2785381991051975,0.7997748041552868,0.29645296555168665,0.8248824478120026,-0.8182763272994354,624,seg_0a2s,NORM
-0.48031836538762557,0.36402427567066564,-0.5987312100051353,-0.42854396234634023,-0.5680456302736422,0.6537994127111867,624,seg_2a4s,NORM
-1.1644643121887857,0.20226474746767958,-0.4488620571491544,-0.3909667926645972,-0.47892461617820986,0.3668418565033147,624,seg_4a6s,NORM
0.9610010386252971,0.22950150311384246,0.06657559096232003,-0.24542262910720736,-0.1521336040695657,-0.2536791420754379,624,seg_6a8s,NORM
-0.42445357865518646,0.3539462224258042,-0.37207150693347935,0.38024361522873007,0.5942186447708845,0.1625303023714448,624,seg_8a10s,NORM
2.128747312716406,-0.705383526895948,-0.10013998074680372,-0.4866345303507548,-0.2369782967131895,-0.1531963773962804,625,seg_0a2s,NORM
-0.7437490259155075,-0.6897687356217181,-0.27493821329039986,-0.02177736847109635,0.45061624976158343,0.48674051935209456,625,seg_2a4s,NORM
-1.9001120379240668,-0.8040518470825893,0.9613593882649488,0.10140677214286206,-0.12680430336875986,0.05112054309113828,625,seg_4a6s,NORM
-0.3651835527387161,0.8474987789006834,-0.308080441122199,0.030472509245332673,0.11740521473928113,0.09621167425825417,625,seg_6a8s,NORM
1.2062800278331782,1.9257462102974054,-0.4863735609177569,0.2476921966907306,-0.12014199014172061,-0.5315527471918178,625,seg_8a10s,NORM
0.8577076823260297,-0.9518317707687735,-0.4899487151258603,-0.40013048870210144,-0.07796675268616976,0.5157947895778551,626,seg_0a2s,STTC
0.6632993918931678,-0.7465182395670145,0.06190765259598919,-0.03276655659107966,0.021437712519030615,0.13495236245710757,626,seg_2a4s,STTC
-1.2034072415139825,-0.359496000036863,0.2803255641388304,-0.06306641224921948,0.11379134259179703,-0.24037325504876644,626,seg_4a6s,STTC
0.5661650553016236,0.2456115921960479,0.4755448692199535,-0.07863714908319278,-0.07509022075258764,-0.6854831621838567,626,seg_6a8s,STTC
-0.460272831285132,1.0694789506966609,-0.5171529271328501,0.15455621695945013,0.007346973710688759,0.4836926546740241,626,seg_8a10s,STTC
0.21108392606853302,0.2528350074961984,-0.5670057958336009,-0.7023131610291365,-0.2523722185037297,0.23057573282771382,627,seg_0a2s,MI
-0.3311290170420773,-0.6378037620158697,0.4111837979851282,0.6814703305150862,0.05912483907266163,-0.1831439266760506,627,seg_2a4s,MI
-0.6253783613244048,-1.4482690736868327,0.45504674290074054,-0.4387713831757668,0.04477351118459705,-0.2211251715334242,627,seg_4a6s,MI
-0.6094135798636398,-0.6224423183750281,-0.5040680518026786,-0.39774185658181127,0.03645140238935853,0.388967896256317,627,seg_6a8s,MI
1.554010037843797,3.0192696087299487,0.16790158974750846,0.5845885887858282,0.21023889054488512,-0.23178034790239832,627,seg_8a10s,MI
-0.995059176871145,-0.38476585196772056,-0.7708459619205533,0.7327307961222599,-0.5667497414856517,-0.30743308419522203,628,seg_0a2s,NORM
-0.5577992137529386,-0.1009323087710253,-0.0805322782889981,0.03982233606088599,0.03301524638483985,0.08924890678220725,628,seg_2a4s,NORM
0.6599363278165997,-0.024187308159237666,0.4362509799862608,-0.9365967699040992,0.7040219606576754,0.19059120611348523,628,seg_4a6s,NORM
0.3269204661042263,-0.7299426019047015,-0.13128114286422174,0.2679196198455475,-0.5965222666586977,-0.15058892917198302,628,seg_6a8s,NORM
2.3507334212085045,1.5908412358548978,2.9620793768744202,0.20388165444328993,-0.38999279621760763,-0.407314097905956,628,seg_8a10s,NORM
0.060871286489394674,0.5639401419699347,-0.31433409862632566,-0.47819483500419924,0.09224843807305834,0.029467734815974533,629,seg_0a2s,NORM
0.033415634243123646,-0.38223330465565425,-0.3361594798862721,-0.23170773951313867,-0.1378606090546802,0.028425583412202422,629,seg_2a4s,NORM
0.8120552589693157,0.3201030370994172,-0.4533889633489406,0.1771285726059292,-0.08295495566622987,-0.10492131978014237,629,seg_4a6s,NORM
-1.1149458523203017,0.2988781984613729,0.398641464859572,-0.07915982868312126,0.07317714847517343,0.02862782953642749,629,seg_6a8s,NORM
-0.37145857136806953,-1.9505007805043828,0.546408045709553,0.019607203233155547,0.11716826108075323,0.07197322296466793,629,seg_8a10s,NORM
0.3867230347182798,1.519182336353909,-1.0375220092624717,-0.46427827336749067,-1.8320126855087953,-0.22703980271857238,630,seg_0a2s,NORM
-1.6438232634929266,-0.14298784470990933,1.1469248363385065,-1.0556346739920934,2.6649781128788574,-1.8186124414300462,630,seg_2a4s,NORM
-0.008826358210201024,-0.3007694729032978,0.9600106475992471,-1.5362623402512665,2.7778990237299395,2.0527195316292,630,seg_4a6s,NORM
1.0926517529078668,-0.5313783003138263,-2.8630410792421173,1.9616742014292279,-4.851724332735358,0.3149524100482387,630,seg_6a8s,NORM
-0.4271957801454983,-0.13281678541265438,1.5998428284356228,0.7651128765086798,1.3149810970022684,-0.29741435439567243,630,seg_8a10s,NORM
-2.441918070809519,-7.747151053070256,-2.2846929151366044,-2.3673422512563906,0.41076354273111004,2.0686823942592363,631,seg_0a2s,NORM
-1.558640602742595,1.416303324359009,-3.224887047178874,0.2515401286408854,0.7614356435240961,1.0425735878556688,631,seg_2a4s,NORM
-1.5390544559189634,3.799843058263373,0.08950665780776626,0.81310522866482,-0.49934932653496394,-0.3363456398420106,631,seg_4a6s,NORM
1.3956508951819266,1.7475964035979021,2.223902077942184,0.7711841189629195,-0.3651075237955644,-1.1880483404945923,631,seg_6a8s,NORM
3.942820715901866,0.974747134121288,3.15997011891789,0.4272834410568221,-0.44042130731851536,-1.5871558120967257,631,seg_8a10s,NORM
-0.7861627617893494,-1.7939246092360908,-0.5416944883780644,0.7619539377218654,-0.9294751218797084,0.6819246943468358,632,seg_0a2s,STTC
1.2177097760273807,3.4080637873570727,1.2933479234045293,1.1270277710602046,-0.7924737706852238,-1.403285413011772,632,seg_2a4s,STTC
-1.4539089642699463,-1.2686559181343144,-0.0026040275359003966,-1.1058567009860079,0.8062439895870939,0.31933549272694994,632,seg_4a6s,STTC
-2.118516012167839,-2.4229425373167044,-0.7143759980149824,-0.47252707320439147,0.7812522544862893,0.40956219686761725,632,seg_6a8s,STTC
2.8662924865018047,3.4111604355937515,0.06686346377829294,-0.6782275085212778,0.3016419717850278,-0.007916293299917117,632,seg_8a10s,STTC
-2.292495619227427,2.0453107383962754,2.6660680206750063,-1.2754258686815825,-1.2021023146638117,-0.9464025185969448,633,seg_0a2s,CD
0.4695139766495933,-0.9130957215233563,-1.046975999453225,1.4884335628272425,0.9070088519743641,0.8173607987455095,633,seg_2a4s,CD
-0.2972882017276727,-0.710618388194618,-2.4745799158196835,1.414744034984581,1.4095479895654042,1.0816291047097735,633,seg_4a6s,CD
0.7773985141552093,-1.1575848215632074,-0.9615970462885991,0.534863986572562,0.36879596558498307,0.5642007931743983,633,seg_6a8s,CD
1.8840731787982052,-0.20405030924589612,2.230225329356674,-2.147008366977044,-1.5396253755005,-1.5024474931537055,633,seg_8a10s,CD
-0.33782449951746996,4.3721991325030825,-0.09583669329016228,-5.406839514392846,0.8019130019351122,0.34738844132813407,634,seg_0a2s,MI
-5.711557029513131,3.1449806027122973,1.782415461917167,-2.1044029310772525,0.33374304714493647,0.22760021360025087,634,seg_2a4s,MI
-7.036459875565348,0.8936505703396885,1.8726606309122353,-0.3590905559053805,0.26475954225244136,-0.5924634747976185,634,seg_4a6s,MI
1.3007766017880713,-2.4188975611044685,-0.7313336266012229,3.38686047915472,-0.40437376288536775,0.10469230717642175,634,seg_6a8s,MI
11.720537311710926,-5.8509880380078805,-3.008585210549915,4.506851649771077,-1.0402314722225323,-0.1300765151858812,634,seg_8a10s,MI
-0.26673111441224806,0.8055353219438185,-0.18781643912795007,0.1577834254900302,0.17679110496614803,-0.021149669306237115,635,seg_0a2s,CD
0.7253675088527951,-0.6715041091953196,0.14859110130666028,-0.35149640891486567,0.08957294100164345,-0.008932115787568763,635,seg_2a4s,CD
-1.459441277853436,0.9254027541806202,0.33239535461736297,-0.030538517492662922,0.002780933936223255,-0.05571127351229517,635,seg_4a6s,CD
-1.2151876876728873,0.38132535934873407,-0.06989934379051735,0.09966324953780863,-0.12900328429220737,0.010445277805641487,635,seg_6a8s,CD
1.1847996734510964,-0.6292944170382946,-0.6126435299739241,-0.0360993342905964,0.11009271622057451,0.25848943120637885,635,seg_8a10s,CD
-1.2718596941793867,-1.0554100035300669,-0.7554588179935118,-1.2590178038987685,0.21281325515130853,-0.42589473838471503,636,seg_0a2s,MI
-0.5653342416316037,0.7012360221425726,0.15946958272973502,0.5442611095908801,-0.20710628068522177,0.14410632357801656,636,seg_2a4s,MI
-0.1689767756704761,0.7136010798770562,-0.30011649519038164,-0.10919865449050911,0.2843934221759729,0.7031725840411357,636,seg_4a6s,MI
0.419133354395745,-0.053968016740746,0.01617212937175051,-0.06340842728174174,0.10451740650635515,-0.006107937427595438,636,seg_6a8s,MI
1.8904012008596698,-1.296010536551041,1.0460066910585293,0.7712667175738045,-0.38635141651997773,-0.4104527048593623,636,seg_8a10s,MI
1.224444184841943,1.3087211317866816,6.0455834346383455,5.906560221609885,6.0705212405248,-3.4146236960101533,637,seg_0a2s,CD
-0.5199868888819555,-0.890828296880594,-3.1212371755449926,-3.5594181985873985,-2.197066017811521,1.770392705221701,637,seg_2a4s,CD
-0.2589956592656957,-2.9542770802737874,-3.1828043628432137,-4.06648674937516,-4.51046453446743,1.7344497771793408,637,seg_4a6s,CD
-0.86235337378829,-0.4158486205195414,-1.1690153486924264,-0.6624947574130673,-0.3239873721327098,0.6672774123019114,637,seg_6a8s,CD
1.6013131267189518,1.9726392249289857,1.9697418448561832,1.9731061137079027,0.8991945707919707,-0.8055877107981173,637,seg_8a10s,CD
0.07475804355018449,-1.22730997212446,0.4727182629784951,-0.34317258123076844,-0.4607568260115938,-0.39102396637230985,638,seg_0a2s,NORM
-0.8413661840709483,-0.09792348023087558,0.2089391065434353,-0.17495524847369162,-0.2402138635157025,0.2897050242604042,638,seg_2a4s,NORM
0.3674930253462495,0.24650758968930306,-1.386812368231659,1.3835123513103735,0.8919395325843826,-0.2449303645585389,638,seg_4a6s,NORM
-0.6443362849935623,2.1501706132316527,-0.49523671480137804,0.03354827545577369,0.3052984928164651,0.13523169518034725,638,seg_6a8s,NORM
1.0016228860472343,-1.1189643823948516,0.5361105728161741,-0.5204041268687286,-0.38993126209416085,0.16676653909861758,638,seg_8a10s,NORM
1.8694809528114908,2.1341495936644104,-1.485917652371929,0.28720920734446503,0.11150685763595171,0.4967335264441112,639,seg_0a2s,NORM
-0.7627327278138706,1.1282716035860487,0.5126612743410518,-0.11573819818535916,0.17534886117364068,0.9057404547144657,639,seg_2a4s,NORM
-0.401198700026297,0.4559177966781983,-1.3641573994191307,-0.01147665848499017,0.07192111623794846,0.49360064831986455,639,seg_4a6s,NORM
0.17640345160323243,-0.17948428718119955,0.23332434716939454,-0.08511377756194848,-0.037611358510277436,-1.1932735179124692,639,seg_6a8s,NORM
-0.5702377533576983,-1.9343191480109934,1.613458211368285,-0.2729562068587243,-0.1446012137356162,-0.6841029124085527,639,seg_8a10s,NORM
-2.61853327183359,-1.1431037195459246,1.1005522307402453,0.4446735024313172,-0.46830269562997057,0.03009030435139606,640,seg_0a2s,HYP
2.2427398001737218,-2.0728316827760427,1.1613634111312658,0.06812388210946063,-0.15861116676319326,0.04258141597559289,640,seg_2a4s,HYP
3.0179390594893647,0.6342563562553849,-0.5491955407541963,-0.28026347165310667,0.16807907227935642,-0.2003216215130718,640,seg_4a6s,HYP
1.6426587649820252,1.976241748332057,-1.714929694386643,-0.3608508331136642,0.2458792668850811,0.14043922256231364,640,seg_6a8s,HYP
-4.227373931810152,1.3642928671396966,-0.4609168714080884,-0.04880416258076344,0.3392832462966819,0.23509452410814122,640,seg_8a10s,HYP
0.11230704410574702,2.832520736641066,-1.4590357179050657,-0.10207854735926357,-0.6641350052552858,0.006770071329242926,641,seg_0a2s,NORM
-1.6095965768261886,1.935448369383677,-0.0546104194808084,-0.007275200111272657,0.3534451905272126,-0.04103774503130375,641,seg_2a4s,NORM
-0.7169174707356694,0.38768202878725433,-0.4080325556375599,-0.1818612877830448,0.045956724716493876,0.12165127839724033,641,seg_4a6s,NORM
0.2494122067610344,-1.3068761372621283,0.030471696194502188,0.2423526184473203,-0.3468547873833253,-0.11522409088971003,641,seg_6a8s,NORM
1.8192016076027528,-2.9432567914002963,1.5318371863984803,-0.18989558638042944,0.7529664462213255,0.13752762133999163,641,seg_8a10s,NORM
-0.5262045699819126,0.2721610568722815,0.3348444005309903,0.12367192414455731,-0.24326415032112864,-0.5562993048016328,642,seg_0a2s,NORM
-0.5873976721019982,0.006996924094163531,0.15912323573648643,0.18655015252734405,-0.0649864998507949,-0.0441856021534217,642,seg_2a4s,NORM
0.40850336477185384,0.05108310774408071,-0.06987284267355287,0.08633672983381249,-0.12644281427173126,0.09186668240777374,642,seg_4a6s,NORM
0.32428884646423645,-0.42330810564726395,-0.4499704940150195,-0.12690903217548072,0.06986830250498426,-0.03095726563458687,642,seg_6a8s,NORM
0.07064127481801698,-0.0628062569249052,0.10515716047036291,-0.3803060108745414,0.4278535284037126,0.394710024580781,642,seg_8a10s,NORM
-4.154353108797611,-7.796043286432726,-6.001862155455937,-2.152577464731966,0.4115315001040119,-2.804506796293144,643,seg_0a2s,NORM
2.0002234692081307,3.4688633263527997,2.799181395016093,1.2503109786177713,-0.07798439579549246,1.7370403808336519,643,seg_2a4s,NORM
1.2158106879908095,4.607105921844189,3.9050827849764063,0.10095120175408351,1.1759644721763873,0.24250914026909837,643,seg_4a6s,NORM
-0.2958750597954022,2.369039789643763,1.1515347025557194,0.3414835240838016,1.0291589239140773,0.9288515763023577,643,seg_6a8s,NORM
0.4764953470269559,-3.0540970805543806,-1.2475966600857071,0.6722892173655916,-2.384119279986288,-0.10828082003967177,643,seg_8a10s,NORM
-1.7782853755893648,1.1652209425417497,0.061877738453217125,0.10069875104974493,-0.07087043205573469,0.38194715742636015,644,seg_0a2s,NORM
-0.06156260293638793,-0.3840383687729699,0.1135565858891403,-0.18962268799093107,0.12689775257466412,-0.11674986206095665,644,seg_2a4s,NORM
1.6213194329419136,-1.2772651720762724,0.08858531079229759,-0.011968562476290889,0.0640752264716752,-0.2823834827657751,644,seg_4a6s,NORM
0.5161469799950098,-0.6193534713539692,-0.02682779255918908,-0.1929022809677974,0.05423673314275877,-0.1803984522362335,644,seg_6a8s,NORM
0.4048385638485436,0.7992640467804683,-0.33996481044854493,0.24150011730425794,-0.12295823508653551,0.19873918120689005,644,seg_8a10s,NORM
-0.1199403916474689,-0.5832875424136279,0.7584270200885275,0.39643184274874427,0.21265073073395208,0.23894515561158902,645,seg_0a2s,NORM
-0.030422687016115446,0.8007465680155516,-0.19027026070122255,0.1463481325724612,0.10328022239540782,-0.6444179345047185,645,seg_2a4s,NORM
-0.29016491299216446,0.0022770631726330985,-0.25848504186665583,-0.20695545442498847,0.10034552947631269,-0.2458842260720435,645,seg_4a6s,NORM
-0.6589324944996595,0.397374705936471,-0.3073201504895383,0.055466417189913186,0.050582552454660264,0.6991001206764075,645,seg_6a8s,NORM
0.9690198581903092,-0.7440937432939918,-0.05832508823619912,-0.2935344431148719,-0.40699389984343987,-0.05322572475120974,645,seg_8a10s,NORM
-1.4807229974007499,-0.4431158069763861,-0.6942446470771526,-0.4646984649221918,-2.7413528064835497,0.5196075815951776,646,seg_0a2s,MI
-0.5480556816414905,-0.4397045219693957,-1.0600856923755009,-0.8623712911330037,0.979194950754745,-1.2373356645265132,646,seg_2a4s,MI
0.5084091530841719,0.6633331195262503,1.205796183927848,1.1757222773025173,-0.7589700404736235,1.3048018614252122,646,seg_4a6s,MI
1.723684723566111,-0.528312905317775,0.14374912904058457,-0.4073354853144746,2.040038927021301,-1.640965754126833,646,seg_6a8s,MI
-0.05241518085434067,-0.039370577636036644,0.6868402925658958,0.6506420823934712,0.3321551128829418,1.0376073665947425,646,seg_8a10s,MI
-2.39057456302203,-1.196462176215969,1.0689671061447619,1.03557889252014,-0.0056337917300458736,0.2050702637229325,647,seg_0a2s,NORM
2.9847772357037683,1.3513779631053304,-0.4466485223475079,-0.11668176938645795,0.1662907065735975,-0.28055492430446116,647,seg_2a4s,NORM
0.4324495756873589,2.730853097501485,-0.14188817445022972,-0.03267884858158371,0.08930883711216621,-0.16038773967504077,647,seg_4a6s,NORM
-0.7806724834157137,-2.295276504655929,-0.36903239331051174,-0.15332674892047027,-0.19650670725717315,0.1495407901860511,647,seg_6a8s,NORM
0.4187438635816072,0.05199048973475227,-0.6349190957416981,-0.7457325686438557,0.13315148598204674,0.05124774878585654,647,seg_8a10s,NORM
0.6791760419849937,-0.6992128821638197,3.2311999813793513,0.957507549142107,0.6087240649087639,3.2232061926843123,649,seg_0a2s,NORM
-0.8473877687497109,2.1624014317197235,-2.034082545598863,-0.7077108679851443,0.733574474444207,-0.06702799553184376,649,seg_2a4s,NORM
0.9569572468616163,-2.141057486673979,-0.41509733047298747,-0.6250628367449134,-0.6882665297971582,-2.3056174266929435,649,seg_4a6s,NORM
-0.91973820107854,1.677505734747745,-0.7651492225372792,-0.6177644121048482,1.169128524541467,0.4312304888659038,649,seg_6a8s,NORM
-0.11426260684410576,-1.7148424633852515,0.1405886775352547,0.8817649691394018,-1.6833345549766505,-1.2670332786091212,649,seg_8a10s,NORM
-0.4572659063704473,0.538564512847619,-0.37406078427181355,-0.5426898140168601,0.12615575140063048,0.2537990821768609,650,seg_0a2s,STTC
0.171622332732169,0.5704392929730298,0.12399005089086941,0.18487663814393687,0.046132026086749156,-0.031511264578903776,650,seg_2a4s,STTC
0.2935572788517805,0.28135648769925353,-0.11779881715187127,-0.18601469242352758,-0.017033465464460534,-0.0972412532812186,650,seg_4a6s,STTC
0.3012350130711719,0.07605490503703222,0.16878868344049752,0.24595305534525402,-0.09643261933188176,-0.15958224771860846,650,seg_6a8s,STTC
-0.0026870350168734713,-0.3423516531534815,-0.1569630365576323,0.2886515352892116,0.1809915898864395,-0.04750088222396038,650,seg_8a10s,STTC
0.5246728145242293,-0.15415690791449546,-1.0638711186650471,0.31263067622943674,-1.190320553044187,1.4012634620925686,651,seg_0a2s,MI
-0.6192468639376527,0.5612377706712318,0.37426368062887916,0.5180848781998291,0.34800238506852166,-0.05593191745239994,651,seg_2a4s,MI
1.220324079410121,0.38543271666016826,0.07772247682785809,0.2697809254098722,0.37951079220654227,-0.34633002574261973,651,seg_4a6s,MI
-0.056342826532454295,-0.31587114993800564,0.3245625177677033,-1.0622245288412056,-0.31232886886511707,0.01772465218663966,651,seg_6a8s,MI
-1.4026789178948063,0.3710792186877153,-0.06740789342526547,-0.31764658375726323,0.6322271466132131,-0.9433875352305445,651,seg_8a10s,MI
0.49694967527604,-0.6302113034344418,-0.1515108920162121,-0.7521694054563896,0.08581131556368327,-0.023133442519436383,652,seg_0a2s,MI
0.27847875631070373,0.1908619262863375,0.08150864546500337,-0.18759935335152766,0.08406366339774761,-0.04828439118661008,652,seg_2a4s,MI
-0.25875774264584306,0.6979482187783688,0.014573683468064749,0.24782206275391463,0.025922033347837947,-0.06566459760991791,652,seg_4a6s,MI
-0.19890086776415175,0.21726990040399477,-0.005792987622243636,-0.01717060668963557,-0.0502378256569022,0.12871968411599294,652,seg_6a8s,MI
0.19491852841604124,-0.1975551289399407,0.3001347991928174,0.0596638629587704,-0.1575715823160937,-0.11617556237800424,652,seg_8a10s,MI
-0.29513740360153407,-0.9282567319244995,-0.3017474953097307,-1.689149465777168,-0.1752836593931324,1.4158382682651964,653,seg_0a2s,NORM
1.2017004433056544,0.5980022303600444,-0.7799714979212601,0.4955788257068623,0.09881682608693158,-0.7134611880693685,653,seg_2a4s,NORM
-0.4229686050957004,-0.2792792286915689,0.48941426327196347,1.1229029917809672,-0.1873404087327971,-0.0012019571066152646,653,seg_4a6s,NORM
0.08178864019348223,0.5944750970849813,1.5112466600161971,-0.29635201452107157,-0.5529560744068927,-1.3234198841684444,653,seg_6a8s,NORM
-0.5681024409206638,0.0867620918393153,-0.950611008867772,0.33901090625172164,0.6627550138615198,0.6517746916181966,653,seg_8a10s,NORM
-0.042941986563178394,0.3036104947804648,-0.2968377192770278,-0.5705275558688399,0.3653805816640213,0.18353311604690814,654,seg_0a2s,NORM
-0.9325090129793763,-0.6423639068137668,-0.9014777394979573,-0.5881607219702129,0.006466052120733973,-0.978317556733012,654,seg_2a4s,NORM
1.7625418441965983,0.7286949486351527,2.1463920550290934,1.9581647199634575,-0.17454825209954034,1.020406308151377,654,seg_4a6s,NORM
-0.8706668790809934,0.2679865938268844,-1.0887303846263408,-0.8969219352653658,0.1679715599174877,-0.30439050405484835,654,seg_6a8s,NORM
0.7681547712646503,0.4442544909552702,0.8102325599699007,0.33189672021487937,-0.7230947713097485,-0.14610677750385012,654,seg_8a10s,NORM
-0.09629916487531859,-0.06602830592912101,0.005511648200946334,-0.7587109133313336,-0.07454548428814327,0.6845874972486785,655,seg_0a2s,NORM
0.13620045730836994,0.4088379632651975,-0.20601135540649626,0.4738132959508524,-0.23408245832089455,-0.32668542056287775,655,seg_2a4s,NORM
-0.1222196052849762,0.4274774594252103,0.7491297715068472,0.015939069083289705,-0.09322083720299315,-0.8861677423103763,655,seg_4a6s,NORM
0.290832353248336,-0.21730463866050906,-0.34508070178355726,0.15267006065849864,0.6577595905843769,-0.49352187558060767,655,seg_6a8s,NORM
-0.2490366580572879,0.08689620255116552,-0.3050629723182752,0.1605284573614584,-0.2231416828555599,0.9870841219106973,655,seg_8a10s,NORM
0.23292838587247264,0.27862258666049095,-0.35760054635624994,0.00533270426469806,0.06852598392536066,0.06482749329020031,656,seg_0a2s,STTC
-0.465266415920089,0.06268536460492721,-0.025629134024081967,0.13296444444219735,-0.06910163973909043,0.03351118464577113,656,seg_2a4s,STTC
-0.35203708219706675,-0.07046558443959483,0.08811745707026507,0.05178609613336045,-0.06969686776466597,-0.12034683911648071,656,seg_4a6s,STTC
0.38095318610993417,-0.39088727129748185,0.36764567608764237,-0.012955031917618126,-0.03888199900022476,-0.10094159361973307,656,seg_6a8s,STTC
0.6393147554848364,0.17312129345966643,0.3670196127601709,-0.04322450707802654,0.018065682766667163,-0.007969692492084662,656,seg_8a10s,STTC
-0.7700859500760266,-1.0706643514788137,5.1610729272767655,-2.3370183049767896,5.253291320701824,0.3333143431967441,657,seg_0a2s,NORM
0.259599843101056,0.5604306991226358,-1.6551850755730118,1.7518153475412777,-2.0606451352217348,-0.37444348086069207,657,seg_2a4s,NORM
0.5456908307243976,0.22568116818429781,-1.742013936516024,-0.12074580371748776,-3.4050124471026924,-0.765469403310079,657,seg_4a6s,NORM
-0.3651621324958253,0.13595475061395926,-0.08162025314447581,1.7596094790065566,0.7405092914216334,0.3641878407157263,657,seg_6a8s,NORM
0.11955260792661783,-0.9013669745582065,-0.9602137277093642,-0.975632083523606,-0.7791497315258755,0.22979625784423482,657,seg_8a10s,NORM
0.214875614813358,-1.1042723615621433,-0.309547319841648,0.4335643069308821,-0.06905815595262922,-0.21895882500704988,658,seg_0a2s,CD
-0.15371919185542887,-0.5097380200620355,0.5284018881508504,-0.42707821082781205,0.40910375942184407,0.06844118217654376,658,seg_2a4s,CD
-0.12634726073420155,-0.7439827031260238,-0.16384834685516206,-0.09061839825211944,0.3836090417430863,0.16958228129712316,658,seg_4a6s,CD
-0.55966413775842,-0.27767773170420407,-0.08008497751879824,-0.051482300788470894,0.09029606334255426,0.26498448535795516,658,seg_6a8s,CD
-0.48218319138090915,1.841569776017065,0.22452916697100084,0.19725416172042182,-0.6872807252326821,-0.18572418457934797,658,seg_8a10s,CD
0.10714261988270314,-0.527721199194555,-0.34028901824924457,-1.017761687042294,-0.923941691350518,0.20692391863930024,659,seg_0a2s,CD
0.8895586735816257,0.021702570094690107,0.7351281502673683,0.46169893820936836,-0.6544454271402228,0.03981158604917147,659,seg_2a4s,CD
-0.12332128530327709,0.3888398851480528,1.8748292485486981,-0.03840293274898221,0.13242855692102098,-0.8546331689410092,659,seg_4a6s,CD
-1.1596734347673294,0.3153716361230069,-1.5300080209601243,-2.026388497627055,-0.44686193181882333,0.48093808428959184,659,seg_6a8s,CD
0.005703328577113074,0.6457125559058275,-0.8991235938255725,2.686551116600841,1.954579284671225,-0.07668072673315338,659,seg_8a10s,CD
1.110283256673407,0.5900718680456808,-0.20772003022900162,-0.5967634755602049,-0.15840399170664787,0.2672806099959819,660,seg_0a2s,NORM
-0.7536630587428217,-0.2473468146626256,0.8441800143003926,0.17610262494531143,0.45514244275106497,-0.23310372440588653,660,seg_2a4s,NORM
-1.943908116327246,2.7631252545206935,-2.142567757800983,-0.35594400280433425,0.11092921478629211,-0.37356785035839957,660,seg_4a6s,NORM
-0.7964680978425719,0.02894326861915793,0.15442129770157495,0.6755295906770937,-0.32272153330159725,0.1586135622119876,660,seg_6a8s,NORM
2.1913732144554925,-2.8374908245468164,1.263489541620315,0.28012856610013487,-0.24038047075236305,0.08006296858352642,660,seg_8a10s,NORM
1.6035364418946518,-1.0644597493202592,1.4004760773300213,-1.3458187741610639,-2.283388676255149,-2.022474470965342,661,seg_0a2s,MI
0.303583693373143,0.3732931744763479,2.6879365287391415,0.5706357733479949,1.1328776336931543,4.854572948306707,661,seg_2a4s,MI
-0.9151691819323814,-0.6141488397405012,-2.688589673876219,-0.7030962663232526,2.0651268829955653,-6.53460116434777,661,seg_4a6s,MI
0.8547963892630601,1.236064630575183,0.21795451508786984,1.4180662522126277,0.3862708759779646,5.506520214357089,661,seg_6a8s,MI
-1.4481348609166418,0.27517348009249004,-1.5610548428379085,-0.23746205696228218,-1.206615738015906,-1.6722071031391237,661,seg_8a10s,MI
-0.8616755560183122,0.03885217583213535,0.05340484804233458,-0.24003490479617853,-0.4674114541803353,-0.04211427031797833,662,seg_0a2s,NORM
-0.5274817726981473,0.13143521981792836,0.783382094657113,0.3452975244409313,0.5133276010202198,-0.3705273337660085,662,seg_2a4s,NORM
-0.1252253183888323,-0.18227711711533914,-0.27535017975403153,0.14964327563471946,-0.00367264378768643,0.11805050974026751,662,seg_4a6s,NORM
0.8020330749696571,-0.10939677885048199,-1.1441409826004336,-1.1337331222445999,-0.802995910673173,0.8046751733965983,662,seg_6a8s,NORM
0.6644349372998137,0.11024524715466057,0.3587501579020071,0.688092670125969,0.7835041762968016,-0.4010146158665494,662,seg_8a10s,NORM
-1.7679742908323686,-0.8229161331620216,-0.10247468512046992,-0.23185933290876773,0.09001472456129181,0.11875020208671644,663,seg_0a2s,NORM
0.15741094332564196,-0.2100434141860043,-0.44644195123057995,-0.24555375942335012,0.11241420475460875,0.3179667608129988,663,seg_2a4s,NORM
-0.28845060202484557,0.6650344078684784,-0.0352374242847562,0.02985735145301352,-0.15723891785898314,-0.16541188475064325,663,seg_4a6s,NORM
1.0237029576014198,-0.47596634443063607,0.49635308172234666,0.20608828271014848,-0.17381102552387515,-0.11366257143468933,663,seg_6a8s,NORM
0.6340002257988675,-0.6037705558842934,0.31010594898144134,0.26443545154671216,0.0464274316134736,-0.08624961043361681,663,seg_8a10s,NORM
-1.357407895124461,0.05407987213014976,-0.14625790189561702,0.18874239438191978,0.06702424928379913,-0.07470846397817033,664,seg_0a2s,NORM
-0.07786263735570283,-0.23256937088773963,0.10317617270994092,-0.05291975708184312,-0.037610130807160254,0.12260848361731745,664,seg_2a4s,NORM
0.7720559920707633,-0.5291861719956558,-0.09945939694114135,-0.08709765353842748,0.07391906350187102,0.05968411733085792,664,seg_4a6s,NORM
-0.3509228164404362,0.31360186167993565,0.07528011166721575,-0.22756759460116865,-0.05718283755989268,0.010439583003894625,664,seg_6a8s,NORM
0.3362160202720941,1.127768398405113,-0.08809671091328992,-0.017411823238632183,-0.269095290145031,-0.21564330930814213,664,seg_8a10s,NORM
0.17272178566171367,0.8174786584518554,0.6582272196893355,-0.17574798390423296,-0.43340906663177564,0.1551066422519951,665,seg_0a2s,STTC
-0.3450357560319154,-0.19394103129841908,1.2147037123928892,0.2660607483820723,-0.07781064526145227,-0.13326403755144944,665,seg_2a4s,STTC
-0.5253489879158328,0.4593765454349152,0.2745430336919572,0.9839913731197467,0.8945017608533873,-0.9028846539086469,665,seg_4a6s,STTC
-0.4965113318740328,-0.6879652259855873,-0.5950976068750803,-0.12044107107735846,0.17722089043708547,0.04823676946649897,665,seg_6a8s,STTC
0.44090397340722853,0.06336222493242095,-1.0044377450152548,-1.009696356228705,-0.38626035236583584,0.8165541369302576,665,seg_8a10s,STTC
-0.4679521135875901,-2.026494277286951,0.4596162882347746,-0.8814624506324369,-0.1879508337912683,-0.1520125558300683,666,seg_0a2s,NORM
0.7292892977207385,1.2910368737894051,1.506679554205532,1.2794715046869884,-0.8263575805375093,-1.0045156778902145,666,seg_2a4s,NORM
-0.324188190052392,-1.2396473885034252,-0.3354393055172593,0.558784724771723,0.36668136228942627,-0.16085894686558708,666,seg_4a6s,NORM
-0.08308791161699818,0.3875501181716251,-0.26200528453745353,-0.5728002685965384,0.061123835239820366,0.08664446945261285,666,seg_6a8s,NORM
-0.11769754014787985,2.194659504008991,-0.33088687379943843,-1.2494293375841523,-0.21875911237770518,0.7416725705127052,666,seg_8a10s,NORM
1.2815438789726163,0.25410623874989796,-2.662199648461029,-0.4852508311585724,0.3798209208458808,0.4509541378976004,668,seg_0a2s,NORM
-1.0373691890499852,0.824060394408136,1.0581424930200127,0.04515760524270245,-0.11052080333173095,-0.17392151176542558,668,seg_2a4s,NORM
-2.7544410421390166,2.059096304506931,2.2049954474261884,0.5916534865788172,-0.3690267004636346,-0.5504533738848882,668,seg_4a6s,NORM
1.252984123830886,-0.12392770076915846,-0.9926952424446077,-0.07039526994379157,0.1689151854796498,0.19693276348112748,668,seg_6a8s,NORM
1.3718257327397192,-1.9533151661021881,-0.09930576002053665,-0.22012458203713126,0.08209045150523057,0.017763741867695543,668,seg_8a10s,NORM
1.0197275435901871,-0.4929093742660633,-0.2008595219350379,0.33768170818652893,0.23957087413830266,0.4079578170707638,669,seg_0a2s,NORM
-0.9824275929001116,-0.6081648415664916,-0.0714936284198064,-0.4407438784139068,0.01528043920811217,-0.2168685738212952,669,seg_2a4s,NORM
-1.7177300849759163,0.7820083958072533,-0.11097930930838797,-0.27242259823160814,-0.40384280641883247,-0.2911547514039458,669,seg_4a6s,NORM
0.3102946101492922,-0.8428120474839081,0.20069486702542672,-0.0563125445710353,-0.027333332063725648,-0.2801774674918834,669,seg_6a8s,NORM
1.6360515476858593,0.603718837670048,0.33208837773494015,0.1738395704721395,0.22120655531261021,0.24852445870945136,669,seg_8a10s,NORM
-2.244090222759151,-0.21716446692730101,-0.9076846484177422,-1.6200109967003233,0.3320922177274221,-0.7581417477282243,670,seg_0a2s,NORM
1.4489738465448383,0.1474507832521689,-0.9172718416570808,0.21660038934408457,-0.09780825235920032,0.035107496495056977,670,seg_2a4s,NORM
1.4734451095231915,0.25734950974134707,0.5526688499341378,0.6897350299823903,0.2452196512709155,0.7286202330595174,670,seg_4a6s,NORM
1.0592513371376782,-0.21699946982255955,0.3344182744910885,0.6728996037552133,0.07143497420877909,0.3061335004607035,670,seg_6a8s,NORM
-1.5519026854593858,-0.3668682011074192,1.0991705112245533,0.05307864453183518,-0.6045834273033506,-0.43288376913967946,670,seg_8a10s,NORM
0.4507478222284584,0.7593410103655219,0.3822919601380696,-2.1440520741772726,-2.1411069675761776,-0.16401719993292943,671,seg_0a2s,NORM
-0.5645794450940136,0.6368421454110934,-0.021711092483825075,1.9976212114605032,1.1359731278003362,0.02057141795314873,671,seg_2a4s,NORM
-0.3451977198407235,-0.5463116229895002,-0.9406358694834415,1.5916115651292861,1.47469982989709,0.11614711390980724,671,seg_4a6s,NORM
1.7549423844263312,0.6639703778620293,-0.09347541451675209,0.7247689271901525,0.9473666381378983,-0.08310516631549461,671,seg_6a8s,NORM
-1.215412340744906,-1.0903465229034643,0.40376957027079874,-2.2487948317277455,-1.2781112699933705,0.22899973979066648,671,seg_8a10s,NORM
-0.5654172763674384,-0.16693389117225474,0.7227304336868156,1.3840385161802127,0.6372907882139471,-0.1638957742105733,672,seg_0a2s,STTC
0.4823285485750461,0.4114073742362329,-0.30969605698938124,-0.8480892012499053,-0.6741287295726628,-0.0030750776101364724,672,seg_2a4s,STTC
-0.18645590571230178,0.6959384847926212,0.3346072419767102,0.431968546647965,0.3639764681375841,-0.40130431603921507,672,seg_4a6s,STTC
-0.17042909364411865,0.3451287889091675,-0.34707877495127687,-0.37627595537825875,-0.49659693290863793,-0.06093219363237408,672,seg_6a8s,STTC
0.7479949404180937,-1.6226287103914447,-0.43568982748500934,-0.5194537496356031,0.25814402833014005,0.5513625528239584,672,seg_8a10s,STTC
-0.322544666536827,-0.04369102976286428,0.1652568116196479,-0.3029493891380211,0.023459247192639438,-0.18177755051229996,673,seg_0a2s,NORM
-0.08027994105148839,-0.466609030815223,-0.08962384539827492,-0.046088456926713366,0.0765522419102851,0.008951909134997202,673,seg_2a4s,NORM
0.2139624756836622,0.0004398630458725508,0.224639143032171,0.033502654371518927,0.011158558826668141,0.06719997478804007,673,seg_4a6s,NORM
-0.17082867040777625,0.18840954931202378,-0.4720418334246938,-0.024166044945174412,0.21479672440279776,0.053808074535624376,673,seg_6a8s,NORM
0.30534136255610617,0.2266160775113129,0.2024862511479383,0.22991899289664897,-0.002408757630383244,-0.05648419159562366,673,seg_8a10s,NORM
3.2748481052228593,4.612064700612059,-2.4218963508094116,-2.153782998184929,-4.815301972471008,0.15910525800137632,674,seg_0a2s,STTC
3.42184920162438,0.07282222808565808,-1.0874131115589598,0.9226715146587695,1.7944105501335883,-0.039390360403224925,674,seg_2a4s,STTC
0.09079701473216963,1.727014001667506,-1.0688514385626164,0.40612870134571305,2.1977727902927553,0.2830616563895215,674,seg_4a6s,STTC
-2.8297261062936654,0.2868261079730991,0.3634975552777548,-0.10872914398284098,0.8516007029774806,0.2150838856244244,674,seg_6a8s,STTC
-3.582496547333598,-5.388362462001972,3.918725690423364,0.7902057471409477,0.12664263186960184,-0.7497094097628504,674,seg_8a10s,STTC
0.5283453386815828,-1.3732597856014586,0.3938701208741162,-0.2155033730072584,-0.0011929164961022166,0.0034717554751241267,675,seg_0a2s,NORM
0.07636301366688805,0.09594252315073758,2.1434561217697796,-2.6196747237863387,-1.3949818272718257,0.4089677258190069,675,seg_2a4s,NORM
-0.7577868341559204,0.6795815404692839,0.8217777295283619,-0.8326254180173838,-0.5858136323975425,0.14517013086317201,675,seg_4a6s,NORM
0.5520220524915389,0.1795378443098123,-1.5566862257840848,1.1575394721859098,0.6813881621586387,-0.22806469146011182,675,seg_6a8s,NORM
0.5006137747809635,-0.2851469724089997,-2.0312123516483984,3.208925534526486,1.375045303133227,-0.36349995393266343,675,seg_8a10s,NORM
2.0423014903567953,-0.5057879119382559,-0.6697946375644225,-0.0732884124533623,0.18524064966114173,-0.04460282896511108,676,seg_0a2s,NORM
0.09295870936243271,-0.37148822014968047,0.10473966738158033,-0.0805241737828677,0.17588058122402458,0.09215301897043288,676,seg_2a4s,NORM
-0.30734583768164125,0.0405413496867076,0.24708717819905732,-0.21177988453147056,-0.08144404049250518,0.4441787004442407,676,seg_4a6s,NORM
-0.7468423612551786,0.11445667592212232,1.0761999844684458,0.27203200258332416,-0.28496962360833294,-0.07336046853150718,676,seg_6a8s,NORM
-1.8348523440283295,-0.2167064021232279,-0.43944803445776287,0.13918944894565993,-0.15925196690760174,-0.38323114133955083,676,seg_8a10s,NORM
0.2677403375900521,0.7090432174346611,-1.1037185521454669,2.520522596836181,0.7761160167527448,1.0903829321850216,677,seg_0a2s,NORM
-0.047457823183003775,0.5826625458863981,1.5178515073454166,-1.2846904318692356,-0.47115527124180734,-0.44128104408670343,677,seg_2a4s,NORM
-0.4756775663702978,0.07177243915404648,0.16728223899399428,-1.6583861363356678,-0.12428842186751582,-0.9211039128700973,677,seg_4a6s,NORM
-0.2257008439886052,0.021313671382455084,-0.656376577098455,-0.8979183645468336,-0.13212634496630948,-0.5488116997746492,677,seg_6a8s,NORM
0.32420781704929325,-0.364917869217958,-0.23431379119668477,0.7978604243643779,0.06498989996066482,0.7959831358258229,677,seg_8a10s,NORM
1.7642019528010355,-0.5414914091986802,0.3986900245761233,0.07351337550937444,-0.5230222434910409,-0.688443252824232,679,seg_0a2s,NORM
-1.1724223865619492,-0.036563289186060784,0.0033059928283583465,-0.057890177958672386,0.6779158888062332,0.41636182082497364,679,seg_2a4s,NORM
0.36249174722282884,0.15701328984596832,0.0044120454957735315,0.24057112094704036,-0.3976289805328129,0.05423624669187218,679,seg_4a6s,NORM
-0.7801323680895936,-0.03693721449190459,-0.32101267413557893,-0.03523010628649546,0.27178173005558004,0.48644840071264067,679,seg_6a8s,NORM
0.3219530428703583,0.5930082334530654,0.34515990295419513,-0.20206785947712694,-0.2535743691162611,-0.3724665405878063,679,seg_8a10s,NORM
-1.1603527279529724,2.7087040036860763,-1.3116866690499258,0.1926303057096181,0.05899078103356968,-0.0843678358930309,681,seg_0a2s,MI
-1.1763170641754341,2.664165633854349,-1.5271799300124003,-0.36516498224549254,0.17047257662191653,0.10186996920870792,681,seg_2a4s,MI
-2.168051387337414,3.1540611604192086,-1.3257676745205142,-0.3303937912630748,0.28578452748634475,0.17629811333583825,681,seg_4a6s,MI
-1.1775790221056208,2.4624295826782845,-0.9082309272677198,0.22514566890075377,0.18432009615248798,-0.11165320751226036,681,seg_6a8s,MI
5.436361146622044,-9.916297493321972,4.278547033015165,0.4577818798151801,-0.3804323280188662,-0.5020431719254664,681,seg_8a10s,MI
-1.5589579280319406,-0.14022600829487866,-0.14424558898990292,0.39764492597715007,0.05666989987252471,0.24053980233977565,682,seg_0a2s,STTC
0.9809723526565143,-0.2869474169893425,0.2967555713954192,0.00822745482525273,-0.046622446682123495,0.09190137548485881,682,seg_2a4s,STTC
1.8294647504725123,0.7953652441924023,0.5780424048599411,-0.4858611810214227,-0.282791297065013,-0.32964152451105894,682,seg_4a6s,STTC
0.9128121863379434,0.5230410822052648,-0.6443740869432658,0.391438230902026,0.21162019663938667,-0.034650089644258496,682,seg_6a8s,STTC
-1.55726759750017,-0.801887514476263,-0.025261641281269467,-0.15781329003844446,0.0446711545641264,-0.21441569256090365,682,seg_8a10s,STTC
0.4330060993737397,0.5845414605631817,-0.6674442647895783,-0.7677875845551735,0.04904906398495338,-0.2764438613544655,683,seg_0a2s,NORM
-0.7629355122737763,0.5113910335323644,0.45036948940187893,-0.21283214506093373,-0.35438376393992976,0.23336130808344513,683,seg_2a4s,NORM
-1.0485142599678396,0.5027416558010547,0.21812505893713002,0.08385614371620788,-0.11280179868710082,0.05908217437616928,683,seg_4a6s,NORM
-0.8417179204362975,0.10199330270017623,-0.04829271919522538,0.22130183330001532,0.39171786560346433,-0.26998522532583014,683,seg_6a8s,NORM
1.9077193429082187,-1.3548680364263088,0.16087783973157754,0.6541638299474871,0.08235413759299363,0.13274211537579544,683,seg_8a10s,NORM
-2.000424258938836,0.2154673309727503,0.4650030284583158,1.2069746147305176,-0.35507248494837973,0.9538482723870492,684,seg_0a2s,NORM
0.7854655306166126,-0.741914663987645,-0.6756761863975596,-0.6209816415278312,0.2502716444871104,-0.9542892427578676,684,seg_2a4s,NORM
1.6640404263626498,-0.8368107566801657,0.10314715905986059,-0.016304711156797942,-0.1508709487198482,0.6813551235022757,684,seg_4a6s,NORM
0.1372602031697699,0.5266203445246185,0.15463105700636734,0.008572435548681612,-0.02482121478999573,0.02491815333436206,684,seg_6a8s,NORM
-1.2167532109145776,0.9467454389531575,-0.4033379541719512,-0.596156153136891,0.18749537979917472,-0.5427508192270658,684,seg_8a10s,NORM
-2.0172653577348183,3.870105922574658,4.0019720190019585,2.446523845553821,1.426815264089724,-3.456243948024312,685,seg_0a2s,MI
0.9064965486370624,-1.7703218800356872,-2.6415661438517946,-0.515515248072263,-0.2934970647308897,1.7435514781269608,685,seg_2a4s,MI
1.2362381509923672,-0.4761965152828534,-2.108171496812542,-2.165090499013114,-1.695066516441988,1.3861034358357396,685,seg_4a6s,MI
0.5297729812315841,-0.6064665895914623,1.0595749209023222,-1.73290702695845,-1.3596230089045158,0.11309810854997426,685,seg_6a8s,MI
-0.10377570028806907,-0.22688906185475088,0.7058406910992094,3.9606168451059203,1.115007988163267,3.178482680096931,685,seg_8a10s,MI
2.2167937566016094,0.6105113200225017,1.0642207834828294,1.1497028176582034,1.1443470834681126,-1.687373038555129,686,seg_0a2s,STTC
-0.08287747976015251,-1.723358960118891,0.2775643343508198,-0.1517646103698852,-0.40833748673503106,-0.16815920618919383,686,seg_2a4s,STTC
-1.4387048636325044,-2.505099663841673,-0.6419341380656525,-0.7802729661704728,-0.9221037802611861,1.1721563677337736,686,seg_4a6s,STTC
-1.145973849066364,0.06323477668668703,-0.5000976333627116,-1.0828038704243044,-0.917200040706014,1.2836404306301454,686,seg_6a8s,STTC
-0.4990195001265868,2.9317286142048995,-0.9151209380196613,0.8949745980872608,1.1599011931896213,-0.3455926030044802,686,seg_8a10s,STTC
0.4091244881783908,0.14198413041679395,-0.5081250230550298,0.49505340935096853,0.025921701029425884,-0.528416760506764,687,seg_0a2s,NORM
0.8137472652973101,1.0869871522514813,1.1784686600486505,0.4365106880552426,-0.23206435070785209,-0.023712136884389497,687,seg_2a4s,NORM
-0.46842023896696683,0.052345452408825446,0.8429804925853056,1.6857666450711408,-0.5519415476230644,1.5944651493275621,687,seg_4a6s,NORM
-0.8791314471728195,-0.8874607531016251,0.277066134429772,-0.47640919975259144,-0.06763686910041575,0.21872275291829757,687,seg_6a8s,NORM
0.17334188018101077,-0.7408909561656924,-1.7003009754480851,-2.0611852608777643,0.5204434972260061,-1.387983104230618,687,seg_8a10s,NORM
-0.7657694063841727,0.5405749376911474,4.182876084991879,6.295255741670411,4.74996263157084,-3.1258462770873345,688,seg_0a2s,STTC
-0.4534416475844339,-1.0831460991925586,-1.1178074302983596,-1.7256176905102263,-0.9965668788495483,0.09741077310191991,688,seg_2a4s,STTC
0.5237313382109919,-0.8247486401884773,-1.85220313942384,-2.7344433820542737,-3.438221569698862,4.879206060628214,688,seg_4a6s,STTC
3.173979245244371,-0.16677503257917933,-3.602484993543263,-0.8476468261107607,0.048502740422330104,-0.09987449582192362,688,seg_6a8s,STTC
-2.0064149012509644,1.8516071142349737,2.3034570257965354,-0.9957592832179286,-0.3995623116483585,-1.4817432061998042,688,seg_8a10s,STTC
1.9021200582861122,2.5221071461903524,5.693716063022598,5.9699714937954385,4.6841762371374465,-4.28397256681392,689,seg_0a2s,CD
-2.532889770449607,2.195279451984321,-2.918358104096491,-2.0419300841599672,-0.6216131762103188,1.447489834266245,689,seg_2a4s,CD
-1.307349490682935,-4.455846735357344,-2.7760566268625233,-4.571239996840215,-4.947711974294432,4.0174524649110674,689,seg_4a6s,CD
-0.07739200677641704,-1.2938843094777537,-0.668696211907373,-1.7921082518112226,-2.0011464350305816,1.2147907099708124,689,seg_6a8s,CD
2.2723962224432794,0.8931053204746312,1.1823130603341598,2.22745078291865,3.1082120242853115,-2.608173230936896,689,seg_8a10s,CD
-0.2933574591111165,0.3162586751191606,0.3902032976052787,-0.6373234466770689,-0.19786019769403115,0.044711875052508426,690,seg_0a2s,STTC
-0.11725631615514215,-0.5366700084779774,-0.05383230131457894,-0.20610340450529582,-0.17690909565053664,0.24209929555888973,690,seg_2a4s,STTC
0.8161452648334715,0.22583546818217554,-0.07176924374914209,0.3284279568137568,0.12463998384363054,-0.36806892552652365,690,seg_4a6s,STTC
0.398606418472825,0.47468856699875706,-0.004955356149195922,0.28063094498176727,0.0929563324906854,-0.3263548354133128,690,seg_6a8s,STTC
-0.4764183561531926,-0.4470043866028747,-0.28589954475771034,0.030834471307430507,0.08599113767477774,0.4054699235202873,690,seg_8a10s,STTC
-1.1165003280660457,1.205608187090045,-0.5825618364958841,0.17851141347617355,-0.2273023829127355,0.44503363883820285,691,seg_0a2s,MI
0.9283672041709577,-0.314952718997696,-0.414715968700427,-0.29019649026873073,-0.040135338494532165,-0.00488167878253866,691,seg_2a4s,MI
-1.747420984317009,0.14263680823243058,1.1147961724383557,0.23811121036872648,0.22291627429797428,-0.9870136642883426,691,seg_4a6s,MI
-0.25349208221383507,0.5972505919578565,0.07130972222032969,0.38188425611306287,-0.028215413830330664,-0.07727357461941936,691,seg_6a8s,MI
2.5045012520673837,-0.896155792343276,0.09632932393898726,-0.559929499901013,-0.024558531376725045,-0.1194592319616893,691,seg_8a10s,MI
-2.209831141012213,-0.6545021655360153,0.5089968642227772,0.4677609622137582,-0.12032846779131154,1.1349114348316014,692,seg_0a2s,STTC
0.07729311765282912,0.4514145707703106,0.10396769309435998,-0.47001201806451126,-0.17123546799662054,-0.08515259849901377,692,seg_2a4s,STTC
1.4480240256648056,1.1510235491937266,-0.11471699836113596,-0.39931351573632967,0.2580522445262166,-0.7525056227909748,692,seg_4a6s,STTC
-0.9319661250084779,0.24816293255835437,0.28969973273240734,0.11135945884793785,-0.01038719883312718,-0.2879106730768055,692,seg_6a8s,STTC
1.8663615585229605,-0.6824172844221563,-0.46025276759215583,0.10840350690629866,0.1692310348314111,0.07287571903387277,692,seg_8a10s,STTC
0.24320396005227013,1.9428571116729458,-1.7791781676704999,-1.576266330159824,0.1004355165025553,-0.34205320242326526,693,seg_0a2s,MI
0.18377629951927715,-0.7726613969985219,-0.20437368410558027,1.0634020185602588,0.597302692675657,-0.26039900333707355,693,seg_2a4s,MI
-0.6995067815994772,-0.32662946023049094,0.9671248875906868,0.43399765293501874,-0.8671353431969058,0.5457616538648546,693,seg_4a6s,MI
-1.3028042178882986,-0.6224820328606694,0.9546737729965523,0.2900246005639077,-0.0763545194530891,0.6984215172513794,693,seg_6a8s,MI
1.5819535722684386,-0.5176948812901986,0.28718610856509363,-0.27575058243085127,0.12287708297004923,-0.6508384690599714,693,seg_8a10s,MI
0.11520653731159745,1.3274819389343213,0.877326139122146,-0.2822492734276671,-0.7659016747223609,-0.4494114242448542,694,seg_0a2s,NORM
0.4138345536398531,-0.36896227074247745,0.13061781642409587,-1.250795199938788,0.010113864456591634,0.25865391029654883,694,seg_2a4s,NORM
-0.2609932188213765,-0.4302079945333839,0.7978727206718207,-0.18252631691848326,-1.2647462674030023,0.2974648436021259,694,seg_4a6s,NORM
-1.2118387662900603,0.006965459932329929,0.2419127758714454,1.5438688696264602,-0.2627511397382334,-0.48192538392423595,694,seg_6a8s,NORM
0.9190415968343659,-1.1050299232980925,-1.7520838348713723,0.16154197108092264,1.900894447861633,0.29508008751494563,694,seg_8a10s,NORM
0.03903650610315804,-0.08490764756558881,-0.46958991683016266,0.014358329796349241,0.13232698493781161,0.26341734839196024,695,seg_0a2s,NORM
-0.9910341896792357,0.27608856574042273,1.0419170627599135,0.1696936024070149,-0.1433029627997297,-0.044847143725384606,695,seg_2a4s,NORM
1.0962790341561541,-0.6873841413898066,-0.49742533474886286,-0.2641030754675874,0.08835505079236208,0.0012194145182026978,695,seg_4a6s,NORM
-2.3281505450717304,0.775765620315303,1.0765921703696846,0.2667698429849062,-0.3162459174068172,-0.2319475820948065,695,seg_6a8s,NORM
1.5059569303860874,-0.4590743165723815,-0.569319526786057,-0.49127061293922,0.03847891600331167,-0.022336613870369934,695,seg_8a10s,NORM
0.6260795692786065,-2.13466978839064,0.5412524394358189,0.14496945423569582,0.22404342235815003,0.24030303186165491,696,seg_0a2s,NORM
-0.6402244867340824,0.2278904568288842,0.4259649264161451,0.10525173544572262,-0.05344474790178639,-0.2627381942060072,696,seg_2a4s,NORM
0.8534797407470439,-0.3126983991518513,-0.14802396357924266,0.028641223264520003,0.145405148002671,-0.05644790581645709,696,seg_4a6s,NORM
-0.12582999925924182,0.16065534188071176,-0.5576822631854464,-0.2665913696072208,-0.030889827891928883,0.2854909120730912,696,seg_6a8s,NORM
-1.328355002477818,0.4561373514124227,-0.10422366793259866,-0.13007373361288924,-0.03536104601884315,0.024023584638986857,696,seg_8a10s,NORM
1.4899131594719128,-0.7821257004931038,1.4113323293830904,0.13113613451943162,2.9609835916151157,0.5379837042288574,697,seg_0a2s,HYP
0.2834209993105301,1.0257033962707816,0.1093670321023872,0.914003056226889,-0.7915399432176333,-0.49257782687437135,697,seg_2a4s,HYP
1.179132475471098,-2.7619250307405436,1.117760800032,-0.06854294154347794,-1.4669598324885895,-0.42055499650833367,697,seg_4a6s,HYP
-0.42725325173707956,-1.1498133886651614,0.48431209390559943,-0.0880156157820002,-0.8732866134769007,-0.06297063457284588,697,seg_6a8s,HYP
-2.6506989721415377,3.8027251915440687,-3.2032680291974738,-0.8144320134529406,-0.08543387520861011,0.6082427837542991,697,seg_8a10s,HYP
-0.47756384363891496,2.0405043161686987,-1.14802952262951,0.08263734542001837,0.10075806812699778,-0.007351050451377333,699,seg_0a2s,MI
-0.9324147555512787,1.5683433041670776,-0.1363742703004417,0.6644124781035681,-0.22587341877752007,0.08560218610430631,699,seg_2a4s,MI
-0.2616901860080306,0.3661060841834685,0.629606406102508,0.11507563357288367,0.17034716708894646,-0.1906670950767223,699,seg_4a6s,MI
0.09335089807645161,-0.5410537162451217,-0.1747482362823694,-0.010534511977861602,-0.15591510445277995,-0.12781490760279102,699,seg_6a8s,MI
1.9439936846433004,-2.4104006813209744,0.9140232732947091,-0.7948500950981807,0.022451265404293368,0.20375931552419377,699,seg_8a10s,MI
2.2038976899597174,-1.3898991895821413,0.4942674586314138,-0.3998294836335212,-0.047144057022253626,-0.1414071376550435,700,seg_0a2s,MI
-1.5796309549869612,0.9325862563697814,-0.12872965526319524,0.11730551426525615,0.11799429214552488,-0.005161260358330971,700,seg_2a4s,MI
0.36434421649172427,1.3147569070770984,-0.6352445770126381,0.2889351581069549,-0.0948704307117358,0.026874433753094264,700,seg_4a6s,MI
-1.1537276976650617,0.7374801103985416,0.3723239678341302,-0.21336409282319524,0.4517712001871866,0.1669539548362149,700,seg_6a8s,MI
0.40954500200911664,-0.6791324566276286,-0.480581873747481,0.04341940061722862,-0.5847216869431996,-0.10002956397354142,700,seg_8a10s,MI
-0.49887725265326976,1.1253696661226191,-0.2563515971490273,0.6563222727475826,-0.45543530658121173,-0.3249933390048104,701,seg_0a2s,MI
-0.2369471294177181,0.2884232134501011,-0.12218447222941627,-0.7428937550820278,0.4408657543648933,0.16552730548296937,701,seg_2a4s,MI
-0.8007603507464287,0.4718164485481048,0.22140941337131073,-0.9511133384153174,1.0403958090269778,0.320895022051146,701,seg_4a6s,MI
1.6123129249226926,-1.7764411018898576,1.380480563800187,-0.21327192487203336,-1.8576921026889441,-0.5950108376713896,701,seg_6a8s,MI
-0.20920748887621385,-0.4800751347391043,-1.2350381551126917,1.0080046307819392,0.8269780879523881,0.6662051967075183,701,seg_8a10s,MI
-3.1271989816048427,2.854302068715711,0.21359330474762317,0.7113846971853504,-0.17606558967686098,0.7250010098264842,702,seg_0a2s,CD
-1.352428849179926,1.211742198312687,0.03984889387230534,-0.26449557249952216,0.3422297327909063,-0.22792449763626266,702,seg_2a4s,CD
6.532515176539593,-1.6446761188355437,-0.8841337745182744,-0.3932604485355538,-0.11427338006802537,-0.6387629730240298,702,seg_4a6s,CD
2.146596210271501,-1.9706926487922922,-0.3745870842832746,-0.05452402278927007,0.2549837524169861,0.338425433688396,702,seg_6a8s,CD
-4.444721519441429,-0.5397781753422362,1.3187749282957104,-0.13152011017505846,0.2143668774883678,-0.2155064371842433,702,seg_8a10s,CD
-1.9064621139685423,1.8164044790679168,-1.307815526380877,1.4987269804235976,-0.19542820592727214,0.28367895666510556,703,seg_0a2s,MI
-0.13151821270764422,-0.34870979446792344,0.6819867933539616,-0.5781748463927072,0.11424002760322668,-0.5753499386354309,703,seg_2a4s,MI
-0.1581098658241354,-1.2822658573656933,2.7348288563964473,0.2209590989413106,-0.5497867407821021,0.4912670573003146,703,seg_4a6s,MI
2.7302205227471195,-1.190553877994944,1.0140317451504461,0.30215770313259244,-0.5769820391424435,1.0110019686177105,703,seg_6a8s,MI
-0.08238028605631874,0.2558756335836671,-2.397438988160217,-1.5386223983567398,0.9897950379954523,-1.5457575471907041,703,seg_8a10s,MI
0.743309247143701,1.5425819264145704,-1.3222774009474259,-0.7421261916842714,-3.636032325949806,1.5710802908155377,704,seg_0a2s,MI
0.16534625907074793,0.1985532493923402,-0.061245719808842934,-0.02346807586744905,1.0415820509707896,-0.487232520778205,704,seg_2a4s,MI
-1.4386056046658118,0.6568784163978393,0.47536166228163723,0.2544365540713283,1.8177097975514507,-0.5178369190849184,704,seg_4a6s,MI
-0.8093899315956257,-0.10472374018658163,0.3773172968014315,-0.03162939557410792,1.070136309824092,-0.18510430567455863,704,seg_6a8s,MI
0.9303976560167574,-2.038667996444144,0.5336016384387018,0.5426695399591199,-0.1305929647980325,-0.5801641706059113,704,seg_8a10s,MI
1.3742565445664796,-0.8411260569416695,-0.3425820467497299,-1.1095819365704829,-0.1593277680829475,-0.4348491964701387,705,seg_0a2s,CD
-3.0074247767369644,1.4852562879954458,-0.9689262688645451,0.3276131362272636,0.4743622704942092,0.49725601772468225,705,seg_2a4s,CD
-0.24070616298402883,0.11298937322487924,-1.0950648401437604,-0.28530701490656996,0.31243491065094925,0.3962095448367387,705,seg_4a6s,CD
1.891840769127073,-1.025944624260175,0.3419115582876356,-0.03452649932754481,-0.11809172834607472,-0.12438690808594662,705,seg_6a8s,CD
0.41290551912550644,-0.2377118118798286,2.18752069195518,0.9695273840945654,-0.4122991014803686,-0.4100799263812271,705,seg_8a10s,CD
-0.07795280958066271,-0.17943840559601384,0.4095411371397928,-0.14885562957100812,0.4518229581845498,-0.019085665687641494,706,seg_0a2s,MI
-0.240273766711698,0.5143772178284135,0.5624817566756871,0.0833137020773011,0.44459134088768154,-0.10063297153751286,706,seg_2a4s,MI
0.7005225410247377,0.7361683678849065,-0.20276604141108062,0.11057791832200768,0.08982806336007709,-0.27573393769845195,706,seg_4a6s,MI
0.1363084039579024,0.41011937149572525,0.08982156698232756,0.9245706224016714,0.27930130661430586,-0.19226057470726865,706,seg_6a8s,MI
-0.19802165401695496,-0.36221473988440134,-1.1349578979480561,-0.9301806914289771,-1.1002509257598712,0.7956018790732253,706,seg_8a10s,MI
-0.5006645745006322,-0.7271372923486407,-0.3865488929138466,0.8608705896772321,0.48929775816783866,-0.4062086927077806,707,seg_0a2s,STTC
-0.2506263055640436,-0.09147799445638748,0.5488481933365607,-0.8086375619133837,0.1933322755768907,-0.9965023613464349,707,seg_2a4s,STTC
1.817383536554024,0.3762599915944504,0.7970888955837067,-0.7453657196949217,-0.7936499263799818,-0.13467668511702593,707,seg_4a6s,STTC
0.17228376340744941,-0.2976362820998075,0.008565876638765854,-0.11592575183914888,0.10448892017549578,0.47337581476002394,707,seg_6a8s,STTC
-1.0615566354649264,-0.07774603814249949,-0.7084203229470617,0.8060848870163456,-0.01167893135942825,1.0038281751314724,707,seg_8a10s,STTC
1.4530732690690915,2.766262146678462,5.629678192536976,1.3595942945394124,-1.3159636665493204,-1.401003073313554,708,seg_0a2s,MI
-0.8322318517263675,-5.507531393144112,-5.096422373231019,-1.7943664360699392,1.1415505466644014,1.8810458339037102,708,seg_2a4s,MI
1.9399060274237006,1.587238962776666,-1.837029234160439,1.8887342049787619,-0.38772660120890934,1.8571200629544984,708,seg_4a6s,MI
-0.320070035900763,-1.2987229401029792,2.432242284591127,-0.3379131678281647,0.0686410850039598,-0.8626319734343737,708,seg_6a8s,MI
-2.118735901186092,1.2589357414721658,-0.9967056199708255,-1.2163540435139035,0.38618618214967465,-1.4129819042465712,708,seg_8a10s,MI
2.1251743638160017,-1.900292430152221,-1.8796018712306708,1.2140277706564242,2.5874534028342238,-0.03026845474337509,709,seg_0a2s,NORM
-1.345389629728663,-0.8249652857177275,0.2983263973079199,-1.2208014407153593,-0.8590819758736775,0.13054626813922637,709,seg_2a4s,NORM
-1.5536102680179646,0.5639832115072212,0.7299904866057743,0.03192386609750034,-1.086953053338227,-0.023601116292906496,709,seg_4a6s,NORM
-0.2104934754635272,0.9618346935969153,1.0019729244495332,0.25051677079526324,-0.8327102913262333,-0.4109021803634122,709,seg_6a8s,NORM
0.36305715034897323,0.4425451575503033,0.43656389522251543,-0.06718998206475414,0.006242758059490198,0.23090525726398609,709,seg_8a10s,NORM
-0.16604597921963846,2.0032823292662023,-1.1275613123576476,0.9551725527476123,-1.3292163903927854,-0.4462158933140128,713,seg_0a2s,MI
0.07819197628036502,-0.9477649408388721,0.28665346079107806,-0.3151476637537447,1.0239312643323708,0.06664946459359272,713,seg_2a4s,MI
-0.9708283142287367,-1.4989063991643534,1.6689236620789418,-1.2913802770904734,2.5312368329898804,0.8093525094556049,713,seg_4a6s,MI
-0.6988453096257984,0.36852808193644615,0.2972318495869218,-0.2694210975789929,0.30926945020499,-0.10228992266420697,713,seg_6a8s,MI
0.39603471174277644,-1.0375812849183879,-1.1431224522598027,0.9979819030293013,-2.2734168497458493,-0.6380777062152441,713,seg_8a10s,MI
-2.5493603121584987,0.01938240864759557,0.8754920645186733,0.5907462097254158,0.6557828168485637,0.4366711816574516,714,seg_0a2s,HYP
0.9136088130969572,-0.4647696785814431,0.06985100594720957,-0.14640314731121853,-0.37590759963730486,-0.3747925387924881,714,seg_2a4s,HYP
1.886720310567656,0.10963039717850663,-0.23978461236223708,0.03133606699520424,0.19250268719016464,0.08123843649149406,714,seg_4a6s,HYP
0.2346422243381382,0.4114071434660735,-0.8570022795397256,-0.38352304943326043,-0.2564354856267879,-0.5450143950019001,714,seg_6a8s,HYP
-0.6449939606275343,0.5401882208861039,-0.3520864672032803,-0.06477975809612087,-0.1650874519041845,0.30248308984329564,714,seg_8a10s,HYP
4.967804301830837,-0.14985758785050662,-1.7913823281233332,-0.8008754464899739,0.10445997428864222,0.19331068780372834,716,seg_0a2s,MI
-2.4976333917637423,1.2228525805482306,0.8640737329312304,0.2643472546542289,-0.1009855992949844,-0.11507879824287776,716,seg_2a4s,MI
-3.606974910741359,1.3433245948380044,0.6697762363827753,0.32399125068553863,0.2534977792553248,-0.0010336656757637143,716,seg_4a6s,MI
-3.9976547796343715,0.16188973489843048,0.777022018308159,0.3588582144872117,0.19716396851881982,-0.032602359370615244,716,seg_6a8s,MI
5.978462651368636,-2.143507823220993,-0.36928423314200304,-0.35156146455460846,-0.08374713977091983,0.012129754890262353,716,seg_8a10s,MI
-0.1358828826995128,2.2086015690930054,3.2134493220238194,-2.312490836002336,3.2559714859058526,2.237142160731154,717,seg_0a2s,MI
0.43206326270375817,-0.8932684507657828,-0.6412924933880384,0.0925729792459065,-2.193666070729872,-1.427412747748868,717,seg_2a4s,MI
-1.480051066584232,-0.17940126660517966,-3.0942567195607698,2.7795940913111243,-0.4289996376313412,-1.5393332220251361,717,seg_4a6s,MI
-1.0066929678185348,2.0089271513474474,1.2418436321755906,-1.16942871002668,-0.6829715441991678,-0.8839577620633514,717,seg_6a8s,MI
1.6124435285118948,-2.7287062215022533,-0.7414501080376814,0.6357453736717091,0.1382609293212614,1.5225843554987482,717,seg_8a10s,MI
-0.5142551215472406,1.347588381914725,0.06872740682451159,1.4777815582938123,-0.3288080478801433,1.5464181532126533,718,seg_0a2s,STTC
0.15783835823007383,-0.8019023530297924,0.7910158468536445,0.030139838178505705,-0.21917304307190652,-0.3122501107878308,718,seg_2a4s,STTC
0.5241785141096881,-0.08433080331022345,-0.07738734303729058,-1.564765717220688,0.5500892937758406,-2.097248988862014,718,seg_4a6s,STTC
0.5219222668661225,1.5561405824674954,-0.23572455804262046,0.05291762979169274,0.2472256807885661,0.16085456686799898,718,seg_6a8s,STTC
-0.7945032346305372,-0.9517395147837932,-0.6144328950499729,0.08533184474778624,-0.12321479511479524,0.6248676409292456,718,seg_8a10s,STTC
-0.5364105894420288,0.011043571137159492,0.43218542538347504,-1.0609613899040946,-0.6259705874712758,0.03155176027534392,719,seg_0a2s,NORM
-1.4374753598963121,-0.8869321946969401,-0.4411584196392787,1.2129168018170815,-0.8358989228907285,0.17176570017421866,719,seg_2a4s,NORM
3.517602144132937,0.19455138754496085,0.8670843028868209,-0.7616616523971595,1.1382751907082262,-0.14508462573636027,719,seg_4a6s,NORM
0.8204549442558944,-0.4030661250286673,-1.1827265982089086,0.4861275375911654,0.03182656388746472,-0.16823076029199535,719,seg_6a8s,NORM
-2.4907776414701774,0.6449892919561484,0.6027221029912407,-0.01174970667151362,0.1571235576043273,0.15808927169671477,719,seg_8a10s,NORM
-0.140475260356104,0.07994071309901658,0.324223387042308,1.5849022960553358,-0.39306668939878153,-0.04043237922328922,720,seg_0a2s,MI
0.05363590903974397,1.1697395498683103,0.6374009462307203,-0.36083785015584885,-0.25726925437941106,-0.8805342370281993,720,seg_2a4s,MI
-0.30904737637855634,0.5256379575596521,-0.4615590536610191,-0.03758666595575365,0.17532426158047532,-0.1417393175500211,720,seg_4a6s,MI
0.6129860392339621,-0.17117848407271594,-0.3126536167808808,0.09927819039493681,-0.19701891110928785,0.7453641663736412,720,seg_6a8s,MI
-0.17903558239669923,-0.19812352570751868,-0.46732319999161265,-1.273061882023949,0.5261583983962089,0.28011770459522484,720,seg_8a10s,MI
0.25538223452635644,-0.35130536486683245,-0.6496528944460163,-0.1244693665052867,0.06941461455174935,0.07483113166542474,722,seg_0a2s,MI
0.17972860300434598,-0.08019785892801187,-0.04266634519528164,0.5862554761801934,-0.03212689743692758,0.3919581303147632,722,seg_2a4s,MI
-0.6660229007480579,-1.0296425782161536,-0.07833925493629154,-0.6103011970099987,-0.14129785143178494,0.2506239626559064,722,seg_4a6s,MI
0.2028978847053353,0.26450365072752074,0.16882105137944484,0.10998297547396044,0.05699594040655013,-0.13728268924600717,722,seg_6a8s,MI
0.27298345462622053,-0.2338361295024064,0.8385183107292838,0.1685295413357842,-0.12134268943110378,-0.5301563278061899,722,seg_8a10s,MI
0.49132855477558957,-0.6245462452871599,-0.19780295526846867,0.7053253006437392,1.1517833390812433,-0.18504022488678595,723,seg_0a2s,MI
-1.1205678649875885,-0.4645145800409119,0.07273624974408652,-0.917900993415937,-0.6168916682337334,0.49835481921887015,723,seg_2a4s,MI
0.7447327068390617,0.2249373199066249,0.2661320372249041,-0.4078526229825225,-0.9637281099643309,-0.04253495574521302,723,seg_4a6s,MI
0.19053866053694216,-0.07333782870645797,-0.5430042682859515,0.43325179176310846,-0.0815273132978625,0.16375601842850823,723,seg_6a8s,MI
-0.3758347254247217,0.3230324689435991,0.39000260499150435,-0.059459870128455494,0.4720795237734115,-0.2536684797571961,723,seg_8a10s,MI
-0.26750432265969615,0.4932432814383019,0.21964818960130242,-0.6430709845701156,-0.09382154636072736,-0.05469437465935085,724,seg_0a2s,CD
-0.49982745531692474,0.5126235735561259,0.06996245213650452,0.13342456124905588,-0.03752202548976304,-0.12219317573120951,724,seg_2a4s,CD
0.12310945692458936,-0.5678147151922055,-0.5121549494068225,0.2815752625439731,0.28102869841081124,0.19003611039412285,724,seg_4a6s,CD
0.9083168572874372,-0.15391763232480016,0.16583087339047908,0.31546575586634334,-0.06001275526585527,-0.02771176059748941,724,seg_6a8s,CD
-0.46723955709653114,-0.460565119290859,-0.08091436777437609,-0.0376388223439383,0.01781164489937627,0.04116854088095803,724,seg_8a10s,CD
2.1570901851870588,-3.05667258278046,1.4815730385331838,1.3098343453635115,0.06774905467017908,-0.10741439150272807,725,seg_0a2s,NORM
0.017267849552318425,-2.061149931239912,1.2914084259705605,0.8850434229713964,-0.08702908399895617,-0.33059873361082265,725,seg_2a4s,NORM
-2.2791868535278526,-1.6982866596343014,0.22192220970391538,0.1751628159094213,-0.19768130863862488,-0.18931679314595692,725,seg_4a6s,NORM
-2.832414663634409,0.48999387477793,-0.6413936025332937,-0.49975395939522843,0.13342398568548164,0.12734816937883287,725,seg_6a8s,NORM
3.4162059700973013,6.611420704255821,-2.4104752433479315,-1.8609100287953815,0.19644042902837505,0.3892033109574741,725,seg_8a10s,NORM
0.8783962689171583,-0.1283762380871726,-0.7741084345419069,-0.04639466533874319,-0.059434787692165425,0.05080111666687925,726,seg_0a2s,NORM
-0.3151730969596126,0.4167277478857115,0.7059902385222552,0.13031462754981607,-0.3451661332255344,-0.22321429892218392,726,seg_2a4s,NORM
-1.2811053206121417,-0.27786357671976325,0.012541069774634102,-0.2796615858883883,0.6126941823954511,0.2865327572189716,726,seg_4a6s,NORM
-0.0237604244471378,-0.41975302059684305,-0.6703173588331568,0.047701341979361205,-0.4788836390589071,-0.2765527658291047,726,seg_6a8s,NORM
0.542097581073093,0.8631932195494654,0.5218773800526211,0.05728479638923279,0.2174318800508082,0.08151502646432048,726,seg_8a10s,NORM
-16.3546221663224,5.152278161142456,-5.420751765483312,2.8092656257569946,0.7535720481399598,1.2366622365756779,727,seg_0a2s,MI
-9.0724982034379,3.7868889235263423,-2.873907803806433,1.1092631577918617,0.33580824700845485,0.26938237187804814,727,seg_2a4s,MI
0.4420202709160086,0.6191778179530538,-0.022803455105114265,-0.6615755478630124,-0.27075709233751166,0.08959954537059378,727,seg_4a6s,MI
8.30439100327424,-2.650358701749041,2.7474972624001173,-1.1733090347999333,-0.2267677450596127,-0.498031683727386,727,seg_6a8s,MI
17.734987630627742,-5.950245022899361,6.321179272668198,-1.8560004895951154,-0.9244958004826602,-1.365687405565882,727,seg_8a10s,MI
-0.4650825784002577,-2.729430422690426,0.6201039775081593,0.559620365470915,-0.02673446498072506,-1.0784305651591592,728,seg_0a2s,MI
1.1078195188201136,0.4153869068446567,0.26308907016103183,-0.38202969155352606,-0.15634697613985793,0.12148419739119826,728,seg_2a4s,MI
0.3549983810900238,2.246549445895267,-0.3460623056140978,-0.32245829029056944,0.15022316823654924,-0.11062557716129566,728,seg_4a6s,MI
-0.8826946574679174,1.2912259182523185,0.3486757407158591,-0.14911805010126963,0.02023227837965923,0.48703282473911663,728,seg_6a8s,MI
0.034493074712012094,-2.499719105074478,-0.2961844828801097,0.21336660125617715,0.1657668223252075,0.7529872993133133,728,seg_8a10s,MI
0.8354313107624128,-1.385818454536783,-0.16995052802737998,-0.00028267440093290174,-0.27080738968122425,-0.13631720462842262,729,seg_0a2s,NORM
-0.4515481036803509,-0.2799883831650619,0.4387878698774273,-0.18870327938148007,0.0329480207086379,0.19808617809217835,729,seg_2a4s,NORM
0.7022902371915745,0.5013143408218406,-0.9746693052789929,-0.04377550671504779,0.7236716928933887,0.4257640279898098,729,seg_4a6s,NORM
-0.7706322722859609,0.47098734231682954,0.4183093200194108,0.34665861109863,0.13263911303772769,-0.02476593596232814,729,seg_6a8s,NORM
-0.5282923003879152,0.4584312489123667,0.4067793100852059,-0.21249032712211532,-0.4107435995435132,-0.27096841083815604,729,seg_8a10s,NORM
0.6872083693421369,0.5305167324957305,-0.4136305144232612,0.7779451401052476,-0.5119723005357054,1.7518975190462476,731,seg_0a2s,MI
-0.3620010786273774,-0.6320804756630963,-0.7998887658962451,-0.20913533451077407,0.1824530345636678,-0.5022060994962773,731,seg_2a4s,MI
-0.10926037077882021,0.21746060787663996,0.6430866527833712,-0.31309989091303525,-0.162902299776632,0.8708423072800391,731,seg_4a6s,MI
-1.3620398063089671,-0.9966614632228673,-0.2132540399079006,-0.7901533788754609,0.2839740164094927,-0.8610496390959653,731,seg_6a8s,MI
0.2563389656286431,1.164928427255733,0.004664323461386584,0.5093913935618032,0.22926995092506786,-0.9005962180190819,731,seg_8a10s,MI
-0.7102516811381002,0.5960275828889121,-0.39583067575322695,0.04243933090870974,0.1648677592671641,-0.07294311799202201,732,seg_0a2s,NORM
0.491027318587326,-0.5678979821600546,0.4677612683699628,-0.2574019326430343,0.0021135486832212077,0.14999655360350994,732,seg_2a4s,NORM
0.47798139632193065,-0.7997551920204625,0.3181877712460995,-0.055590586399093526,-0.16104610747561282,-0.12881338907577006,732,seg_4a6s,NORM
-0.9454690109752201,0.4928161442265706,-0.04301490182995596,0.06863234706479379,0.09111318119718981,-0.14305135854370699,732,seg_6a8s,NORM
-0.5291775964888867,0.7838780780612307,-0.14487428678182585,0.1568326839440508,-0.006197410882823366,0.01196040870412563,732,seg_8a10s,NORM
0.4285129059894961,2.327716742480534,1.0125459288885104,-1.3667218943880377,-0.7245834037294837,0.23166735680927913,733,seg_0a2s,CD
1.1832012516509478,-0.21770447489662278,-0.6078383843895926,0.7516129363799815,0.3975329261634392,-0.09080202011308483,733,seg_2a4s,CD
-0.48819505565811644,-0.02443850308176301,-0.5120482513121958,-0.05643985651756243,0.22434630602756375,-0.12447214174039511,733,seg_4a6s,CD
0.08495546288783812,0.8608454131864209,-0.19542947126525445,0.20429386910216762,-0.36766219938555705,0.21685437128614501,733,seg_6a8s,CD
-1.6008926709924125,-2.5223540432674105,0.2785017896928788,0.41283708256230617,0.4359587867626704,-0.39149346791688266,733,seg_8a10s,CD
0.8481451272384513,-0.3610942538447302,0.5789654283097123,0.19986799102443392,0.5049602088155921,-0.36344334401467593,734,seg_0a2s,MI
-0.14771864659636513,-0.44618160271524615,-0.6046071984206892,-0.17228917180779424,0.013834749889806566,0.0297979094063006,734,seg_2a4s,MI
-1.6750639342442257,1.6745978941974013,-1.196224654090208,-0.15396195118656097,-0.2529386954144962,0.14634929313400805,734,seg_4a6s,MI
-0.09507532800183936,-0.003697829813498117,0.2528556245183161,0.04524446870991312,0.12424363520503372,-0.20180573789348397,734,seg_6a8s,MI
1.3814599443659252,-0.9870833255848054,1.3382777483600918,-0.01741136899881207,-0.31209554064533707,0.21616087211340593,734,seg_8a10s,MI
2.346571748857653,0.07628582274923923,-1.3306142924499096,-0.33200552920371923,1.2577660230341,0.2764571463284942,735,seg_0a2s,NORM
-0.9362476685652608,-0.44120869692922554,0.6047706119559654,0.18938265430100193,-0.36899715776437064,-0.06939435225862421,735,seg_2a4s,NORM
-0.34008143678393526,-0.40914503430781674,1.0085482253509914,0.7304571912592528,-0.8043725696975623,-0.5029939061741366,735,seg_4a6s,NORM
-0.49838360839004886,-1.8765282675939001,-0.014837247068274587,-0.5586488810728927,-0.6490322142177842,0.09323767677882196,735,seg_6a8s,NORM
-0.8359830663921146,2.550584589146235,-0.24274879917983358,-0.096785602454363,0.4516249275453231,0.040401144724443123,735,seg_8a10s,NORM
-0.066114262252609,-1.3180699249435697,-0.015212573716293143,-0.3872296504495202,-0.3832481687583405,0.2614078739302352,736,seg_0a2s,NORM
-0.11588969310934241,-0.9172657917718702,0.4163056425841846,-0.001929350312240353,0.0154560216913846,0.07686468822417242,736,seg_2a4s,NORM
0.35260519788487976,-0.3506928575075779,0.09045387801415973,0.37058773046039434,0.22212238976900472,-0.09134486521734705,736,seg_4a6s,NORM
-0.4220341002370869,-0.031961195736017925,-0.2581804643572492,0.3838964852367286,0.2918827545793464,-0.06288236763086026,736,seg_6a8s,NORM
0.21400186782468364,0.43757265365003317,0.26562642686252946,-0.30108937125318463,-0.2937446788173821,-0.1891300831206056,736,seg_8a10s,NORM
-0.1961158381078923,0.7761652419380793,-1.268351005829184,-0.7435802342002384,0.3533701611114449,-1.104253382357512,737,seg_0a2s,NORM
0.2763149509835666,0.9063628919723459,0.4753543004462673,0.7228411920329569,-0.13913755497757674,0.9346833423394334,737,seg_2a4s,NORM
-1.002004977349805,0.9087138328137544,0.9107464102308183,-0.04338222911408121,0.08762363697707425,0.030885004039740115,737,seg_4a6s,NORM
0.007264956074310989,-0.08187030131675854,0.17126494369444875,-0.1595513295201113,0.03321655917489493,0.13787072042975468,737,seg_6a8s,NORM
1.0902292833899563,-1.4789302333995373,-0.4973093861983062,-0.10357455274509732,-0.07972685060771442,-0.0027233776051585,737,seg_8a10s,NORM
-0.653453136497465,4.127683439694797,9.351194291495036,4.221003013623497,-5.244701111538806,4.203935248833592,739,seg_0a2s,STTC
-0.3405715505935315,-2.0146867600838814,-7.6791809643011675,-3.6821268516514087,5.54803517293986,2.400885387671925,739,seg_2a4s,STTC
0.12538375033894825,-1.3170972207411489,-3.3327813042435737,-0.5277863786747993,3.7643069451185673,-3.6120678907375874,739,seg_4a6s,STTC
1.061944199392839,0.969168843500175,2.685025670852252,4.0882443012788565,-2.551090804044687,-0.09492810476229159,739,seg_6a8s,STTC
0.4635610099093648,-1.2494332524564353,-0.8118391689202771,-4.3072465486313645,-1.3793129020340524,-3.0597898940768125,739,seg_8a10s,STTC
-3.6580390029971412,-0.5525822840220245,3.7386755140113737,-0.44685341331640444,1.8527696437320318,1.9534471677603251,740,seg_0a2s,NORM
3.0663579849405846,-0.21283447429044933,-0.9473759060163539,0.25460562557591576,-0.07624437179076268,0.033109951861048724,740,seg_2a4s,NORM
3.5879971025215163,-0.9906533690150849,-2.27131093843838,1.158956392514821,-0.9205471457281904,-0.7182759065504805,740,seg_4a6s,NORM
1.9407985996031212,0.354446605182388,-1.4636693608661902,-0.039706270349394314,-0.6514337060042168,-1.0347697018294488,740,seg_6a8s,NORM
-4.9766001583147474,2.1479941161923097,0.8732261700596391,-1.005114333892366,-0.25956039398554687,-0.418524428177239,740,seg_8a10s,NORM
-1.1072681144116863,-0.008999184032571012,0.9243722517956686,0.04680734571809504,0.4139125601936596,0.18801744616351082,741,seg_0a2s,HYP
0.5273719168818977,-1.0224979846239153,-0.774726900294153,-0.6673667943528756,-0.3926461686812529,0.41962473354151514,741,seg_2a4s,HYP
0.8244599173352535,-0.17586996482866396,-0.88446943174284,0.5032919344966853,-0.21488371727983016,-0.3064789306221047,741,seg_4a6s,HYP
1.6102864344837136,-0.2878888899933551,-0.986882942247396,-0.02377510945285688,0.2413067715269774,0.16488366984768923,741,seg_6a8s,HYP
-2.4159065201909664,0.8269620648887637,1.811242106942211,0.06783801245477485,0.030809386219202376,-0.6872909094478452,741,seg_8a10s,HYP
-2.0451561374627842,-0.3323301757088102,1.6085332087986388,-0.13093205858074494,-0.1566691734494366,0.34641728839779584,742,seg_0a2s,MI
0.5295310634106194,0.07692331690126265,-0.46174776540205253,0.1993461091780307,-0.22468911071918593,-0.10182334458385629,742,seg_2a4s,MI
0.6770313301761742,0.17927450584564705,-0.3779021146263113,0.028651622679613516,0.36940142326428654,-0.3094272629911052,742,seg_4a6s,MI
-2.263737578754863,0.3444510036277204,0.277449373344717,0.18054779386654066,0.09753220450957527,0.30167560896859147,742,seg_6a8s,MI
2.833575612698975,0.4928774216395682,-1.0293678279712009,-0.7829351716245715,-0.16342491089341232,-0.26686295197041715,742,seg_8a10s,MI
0.016511608719734446,-0.7788010681744708,0.690195286621096,0.9646554514483703,-0.2624882358864464,1.0744178408089762,743,seg_0a2s,STTC
-0.2130424759752342,0.3102366811485463,-0.40206052752769117,-0.34383412323756474,0.1847842709022338,-0.859794282930152,743,seg_2a4s,STTC
0.5412111325311718,0.3627991576968905,-0.4539972065645339,-0.7136768098499656,0.06202524631236695,-0.41104748154241916,743,seg_4a6s,STTC
0.9004572587383891,-0.021345996442325984,-0.12981974797292187,-0.38954673169654186,-0.05885671474756087,0.04402823151795282,743,seg_6a8s,STTC
-0.8688671612454694,0.22510957356713412,0.33429148127548886,0.48769274719775996,-0.08723329699897181,0.08695497149384324,743,seg_8a10s,STTC
-0.8922202010951217,0.4411912453127282,0.06817554393712855,-0.17692179279099168,0.13079763481319653,-0.15059531980487784,744,seg_0a2s,STTC
-0.9587005683797718,0.046225003143772675,0.7353661427572034,0.8619566310185436,-0.6057957357183668,2.3382162706273952,744,seg_2a4s,STTC
0.8559987117564754,-0.34457758490692636,-0.9505781683297365,-0.5478167375549416,0.0014873067231765352,-1.0151409050896911,744,seg_4a6s,STTC
0.4455014413357898,-0.5983524779107133,-0.3494040339123616,0.17436885683672468,0.037986832018400606,0.44082438629723103,744,seg_6a8s,STTC
0.6802664674802535,0.30783637939010394,0.5440557922566267,-0.7134350667352409,0.21432031153419628,-1.5533475288199161,744,seg_8a10s,STTC
2.0679514861300015,-0.30235580772720855,-1.567036684699283,0.6612756701606088,0.8307102454380287,0.3561282407454541,745,seg_0a2s,MI
0.5642009632597454,0.25559299415062947,0.9173748624913258,-1.425153348766662,-0.9123172367895626,0.014613108513230309,745,seg_2a4s,MI
-3.778557865139643,-0.22953758453475362,1.3208329536257593,-0.3012970030156581,-0.40414287430114465,-0.030842511332788897,745,seg_4a6s,MI
0.4088121002369049,0.7698964980866545,0.3612316459601593,-0.7354992584422768,-0.4535451894112869,-0.5575592958378524,745,seg_6a8s,MI
0.9375095522726711,-0.07602218657632263,-1.4169093541284499,1.3792956056524792,0.9612909817569023,0.14095525781977727,745,seg_8a10s,MI
1.8912830795620064,0.8774929884343244,1.1477360992040713,0.6309326538916319,0.055273488776960575,0.7231180130683327,746,seg_0a2s,STTC
-1.6878973168624252,0.15659345792629106,-0.8182429017555266,-0.27268097725606244,0.11995945074727572,-0.001452640334491164,746,seg_2a4s,STTC
-0.6647351343112725,0.16879776133144492,0.12241629722172362,0.12235771471705065,0.27959306699800424,-0.2777191608972382,746,seg_4a6s,STTC
-0.7752835215886352,-0.9994612955567855,0.06194033697116838,-0.46845822897876876,-0.8961590877352132,-0.18080015521847098,746,seg_6a8s,STTC
0.7667319595492705,-0.6240623205558052,-0.7716441441775541,0.32741125022557693,0.4153382258049054,-0.23739826451280716,746,seg_8a10s,STTC
1.2943920477727657,1.1997860382985026,1.3538736626148813,1.8120475144729384,0.2306008701875696,2.6178187435334923,747,seg_0a2s,MI
-0.7178093669862473,0.5841413565225024,-0.12854080922784203,0.1619512647255124,-0.2095391192085617,-0.10423435412848416,747,seg_2a4s,MI
0.4791236514375692,0.20574160636527025,-1.6768195860034514,-2.2427537625938796,0.7717630096119712,-2.8230602901182733,747,seg_4a6s,MI
-1.325362097413922,0.9961425259581904,0.7538311014851964,0.6826865842652966,-0.5097906391626676,1.6620213401864607,747,seg_6a8s,MI
-0.45394341415385053,-0.20373818430100737,-1.0639756829033427,-0.6617226098755218,-0.2725726749237598,-1.1675974017134139,747,seg_8a10s,MI
0.5859155845189906,-0.5897432350949734,0.1764343766187252,0.21038478491601967,-0.24119524253492602,-0.5169593118933699,748,seg_0a2s,NORM
-0.3446719822277561,-0.2104899454604204,0.5635808498522008,0.16077578402485918,-0.09516168571884705,-0.19147861949401515,748,seg_2a4s,NORM
-0.6955700582461947,-0.03119974279039064,-0.17332842952636332,0.1625939832091081,0.08701434336981789,0.35375874970956067,748,seg_4a6s,NORM
0.25511760879243195,-0.16913977416947323,-0.37592540877005187,0.17315026413536236,0.03609367820023153,0.23114315644890343,748,seg_6a8s,NORM
-0.059481296107267795,-0.15171542020265463,0.0674617404099483,-0.210373866859949,-0.036944367187573234,-0.17738015399917378,748,seg_8a10s,NORM
-0.008795285023122353,0.4981653531223372,0.348642770435632,-0.05790318760585661,-0.34027346155881055,0.9376866476108178,749,seg_0a2s,NORM
0.3516205754663956,-0.4944788870199814,-0.077536832196786,-0.04664115417382383,0.2768273370306358,-0.5230438505183966,749,seg_2a4s,NORM
-0.5326738420818172,-0.6064116807518493,0.3921245341332853,0.19354540553804733,0.2998311841250707,-0.24445358330611808,749,seg_4a6s,NORM
-0.8142646137785041,-0.16287961033100506,0.10274703887773584,0.04590794107745154,0.17691329537442946,-0.18723876751887336,749,seg_6a8s,NORM
0.7226486457482744,0.6687249570429787,-0.7146592465077102,-0.05834233319127584,-0.4266422543192882,0.024963192448838736,749,seg_8a10s,NORM
0.6589560425157464,-0.680198343281912,0.403904618586047,0.23265940582828515,-0.3224779799448684,0.4597656079457882,750,seg_0a2s,HYP
0.8243298012865817,0.007441760058213033,0.2310568710720659,0.6520096831435391,-0.16888039847953776,0.021648312047299587,750,seg_2a4s,HYP
-3.052248537173371,-0.5863637686737061,-0.5270322822885983,-1.1272900540547044,0.5481502325593126,-0.22183265098006408,750,seg_4a6s,HYP
-0.21679358369141458,0.264876650953535,0.0040930941336883376,-0.8712862560690887,-0.5699227239442964,1.394436894951441,750,seg_6a8s,HYP
1.7629324486407116,0.2493768579397101,0.4567750601106469,1.2325367535384255,0.5210386631407509,-1.8048708745901638,750,seg_8a10s,HYP
-0.32847914519025584,-0.6410058488612479,-2.021665508383629,2.5571560426732804,0.05754875957104133,1.5487897923229756,751,seg_0a2s,NORM
-0.030876664446782155,1.051654185275194,1.5840883267522372,-2.3191239093495506,-0.9811085540655943,-0.45054537760467783,751,seg_2a4s,NORM
0.6582072536811971,0.49076146958077893,0.5323952610088201,-0.37027872010734436,0.44285900845427995,-0.9896211477866387,751,seg_4a6s,NORM
0.4466961304014831,-0.4559056736696604,0.6307888213230586,-0.24855327472263636,0.2467581652964504,-0.464962435070797,751,seg_6a8s,NORM
-0.7838386736399348,-0.4168167218631767,-0.9104110481543896,0.206916405928941,0.1624768377233867,0.4580263414681533,751,seg_8a10s,NORM
2.376222825355155,-0.8097788020148183,1.0700528035846208,0.5306019236762969,-0.11266742961313483,0.020571750234462716,752,seg_0a2s,NORM
0.49576567005909594,-0.9169106643439449,1.2056224769457897,0.1664212743077008,-0.2907520814763138,-0.5166134604621176,752,seg_2a4s,NORM
1.362575571967129,-0.5956099264176183,-0.14513945414930096,0.2083298595891981,0.11673148244164483,0.10381855117081229,752,seg_4a6s,NORM
-1.5899607307777641,-1.4238268359355828,-0.851938481472466,-1.1049290040699935,0.6367472889360896,0.17458829905812265,752,seg_6a8s,NORM
-2.433937722195913,2.7163932432433735,-0.9480613225435118,0.3327411084053929,-0.3344718470812516,0.18184980380052648,752,seg_8a10s,NORM
-0.5105063262899527,-1.268303058837133,0.34164233356299256,0.09484178276216665,-0.35190518282658295,0.5124444442869203,753,seg_0a2s,NORM
0.4944918975315481,0.6174236932476738,-0.40211573796534716,-0.01883253513267763,0.369104080699724,-0.1733408388017704,753,seg_2a4s,NORM
-0.5006978948865739,-0.10995267255936512,0.3965520160948624,0.10354701006806478,0.10306007120765881,-0.5086934956842912,753,seg_4a6s,NORM
0.17817367254121158,-0.24544201219332182,-0.3662354012032064,0.09241020999530217,-0.09716377359451031,-0.07067045051543994,753,seg_6a8s,NORM
0.18354261774107478,0.24515505662792872,0.28629468738050173,-0.27346448834015064,0.08289007880956277,0.32722736590567636,753,seg_8a10s,NORM
0.7540829511064467,-0.4852924751119617,-0.18668376268675888,0.1689734802179454,-0.03850209747802505,-0.07424832553970048,754,seg_0a2s,NORM
-0.9188244863982356,0.2333558517328718,-0.09817734010605456,0.1022062477914684,-0.21382055033944575,-0.21979310497989635,754,seg_2a4s,NORM
-0.5693582818020989,1.4632681917137935,0.5074226603874535,-0.04613112069340802,0.277382816292229,0.13685649075670528,754,seg_4a6s,NORM
0.6225143126352197,-0.9944733747756899,-0.18129103236943517,-0.14335060518368944,-0.1908488396445725,0.04709818332400019,754,seg_6a8s,NORM
0.9009826622371425,-0.18150965982929088,-0.1377977786291252,-0.10478577149386438,0.11921843425154208,0.20371067858388303,754,seg_8a10s,NORM
0.31456167433324234,0.4822530672319258,-0.6825731060890546,1.5868604640920865,0.2751012259431501,1.323819263405471,755,seg_0a2s,CD
0.4525242284373439,0.39080999470042177,1.0126553276516879,-0.7204684043451867,-0.5394469727226345,-0.7125320307656955,755,seg_2a4s,CD
-0.2891544783822247,-0.29357604360220013,-0.10360488100383103,-0.5466086086362324,0.005452009676312448,-0.6425059242909863,755,seg_4a6s,CD
-0.47959530632378805,-0.11573314890072783,-0.02032385441559943,0.04783928055858896,-0.12096081846818527,-0.11072922955897278,755,seg_6a8s,CD
0.21613602797757855,-0.6033383309753687,-0.39785736962474405,-0.26364589982565007,0.2951004815005053,0.12025756439176329,755,seg_8a10s,CD
0.8096030857594058,0.338820824643688,3.124615069742061,5.713011341753672,-2.3108998287022255,-3.7288551950880935,756,seg_0a2s,STTC
0.20312000340026648,0.9976765086987286,1.2659858821346321,2.906826850352372,-1.0309187593587705,-1.6497857937991933,756,seg_2a4s,STTC
-0.3218834903497106,0.2555403050301215,-1.5689398217898163,0.7296956327817613,0.8830437785186515,0.09820499295883617,756,seg_4a6s,STTC
0.5301655870650216,-1.1949585141527754,-1.6299755602990549,-3.1559574444628224,1.3144984327017777,2.0264396090503665,756,seg_6a8s,STTC
-0.34541683434452364,-0.769665213219023,-0.9073490832284675,-6.03865869189055,0.9880573205367652,3.2572269739450723,756,seg_8a10s,STTC
-0.9255411902533177,3.389181822221621,9.39349393340865,7.834863808290338,12.662490988448742,-4.862132868098224,757,seg_0a2s,STTC
-0.019243210589277214,-1.2498896233611838,-4.149328360083365,-3.1282427972188285,-5.245114520206597,1.8323798705533776,757,seg_2a4s,STTC
0.16314764223037403,-0.26143596733596197,-4.123421592601605,-1.3694770974360497,-5.402135890741021,0.6238575420189706,757,seg_4a6s,STTC
-0.28601409062390354,-2.3270984692593197,-1.2245510599151133,-0.6054881268955223,-1.3842225055176383,0.7701800142166979,757,seg_6a8s,STTC
1.0441188522817353,-1.1381049031718053,0.5755295690057085,-2.815776626267992,-0.5988651555654039,1.4605857468637757,757,seg_8a10s,STTC
-0.015858435822399413,-0.19314269250136185,1.4043127907250086,0.8995660926761296,0.668016205577777,-0.41164427981500873,758,seg_0a2s,NORM
-0.06627529958570055,0.22010994011819898,-1.1152285419726133,-0.29448919969585935,0.010090018573188047,0.13604993358170886,758,seg_2a4s,NORM
0.04914638119160325,-1.2611638448631617,2.0446071814932543,0.16777258830209898,-0.5536371829799701,-0.8776085620167038,758,seg_4a6s,NORM
0.14925078657148244,-0.867264832147635,1.240017485511592,-0.47858623972823366,-0.7738761857533449,-0.1538920150720839,758,seg_6a8s,NORM
-0.6642836214405228,1.3404202130015246,-3.3385256110210513,0.04350050253625068,0.5668227386502582,1.0942659311042249,758,seg_8a10s,NORM
1.7455714341030477,-4.8332730031555835,1.1841989653547285,0.9388640637758395,4.358863919853549,-3.9481130066406895,760,seg_0a2s,MI
-2.011654882089732,3.726507835758984,0.3936112235485026,-0.8981128157280592,-1.8725122409346606,2.584154522788277,760,seg_2a4s,MI
-6.023601682302402,9.003710978484248,-0.19082887808784216,-1.851586422145205,-4.3927349365292025,1.9076672621481805,760,seg_4a6s,MI
-0.5902670216202052,-1.1583245960808553,2.5296754518581483,-1.4406979562582376,-0.4319535750262614,0.633216191088015,760,seg_6a8s,MI
6.551906776587894,-6.507556559248855,-3.534906278062229,3.1750841593821817,1.987348808723586,-1.0902804596133002,760,seg_8a10s,MI
-1.0783171229354918,0.37131054646170325,-2.834346176934799,-1.2067008305107245,-0.001455142129259151,0.16426312780058622,761,seg_0a2s,MI
-2.2123480619776883,0.7010364269130976,0.26557633893003674,0.16492535264165742,-0.3341713905864302,0.35125427946227056,761,seg_2a4s,MI
0.41432055976871046,1.8907964828738304,-0.1460596085663814,0.34728105134106657,-0.14122518231918982,0.44898048465768137,761,seg_4a6s,MI
2.6515627816701435,-0.47033597484281275,0.9289762878914495,-0.09020731625733,-0.05923931865348433,-0.005996013560720859,761,seg_6a8s,MI
0.7995002334342157,-2.1830861595595903,1.7268644316172417,0.5908751068285374,0.3467902757803342,-0.9533119975690565,761,seg_8a10s,MI
0.48753190056493195,-2.562322258735482,0.16099382860434341,-0.5183603166029901,0.5652136452260138,-0.5251135006138349,762,seg_0a2s,NORM
0.07591989574633948,-0.3269185765310141,0.974167799985312,0.218701570191568,-0.3689451048886756,-0.7248144877378074,762,seg_2a4s,NORM
0.6690160339362594,0.5605570166563092,-0.2113329492205766,0.7866544131046792,-0.2735693728061172,-0.19667839713990168,762,seg_4a6s,NORM
0.5224801801712992,0.6659565485972383,-0.6403438515145726,-1.4185841711336018,0.12244452232401348,0.3077661670756215,762,seg_6a8s,NORM
-0.838999172898613,1.785186346148993,-0.1124260642559728,0.7840922294154793,-0.045282740387068664,0.9774633798305407,762,seg_8a10s,NORM
0.052101710827280816,-1.8822062357191305,0.590597622354044,-0.07719364169415785,-0.04788721064054824,-0.14816271090323319,763,seg_0a2s,NORM
-0.6229122473928451,-0.9897145548297431,-0.0999926070347443,0.04717317037402127,0.026465783352424464,0.250766138271489,763,seg_2a4s,NORM
0.6588546939170604,-0.044408853881057635,0.18516687495393913,0.04506968658027788,-0.09077480804333833,-0.16431215254666176,763,seg_4a6s,NORM
1.0717826486404713,1.1304105451889943,0.07566437768606551,0.1651996202388873,-0.13587136078719914,0.015592045250514133,763,seg_6a8s,NORM
-1.4850436487388015,1.4795615269833013,-0.8718811625866746,-0.15380371858180736,0.23888082328831206,-0.024026690432691313,763,seg_8a10s,NORM
-0.07356256571405526,1.7746446334760437,-0.6469762242856149,-0.07614167916246137,0.2613299194726334,-0.19568841542824394,764,seg_0a2s,NORM
0.9368894814901592,0.001160934487640866,0.4157158731507742,-0.16500025594540704,-0.09112627290650191,-0.25179426432790575,764,seg_2a4s,NORM
0.9254905037754341,-1.516422313196398,0.637992649086753,-0.07035251612746993,-0.35161242619913075,0.1134752611215913,764,seg_4a6s,NORM
0.7052651049545391,-0.8239229039155127,0.3358351057948159,-0.05976486471810166,0.07293479327929644,0.2814997979809403,764,seg_6a8s,NORM
-1.9606064579294724,0.8253678177757067,-0.549478325874855,0.2142980939778532,0.19249893143870253,0.047737794956135386,764,seg_8a10s,NORM
0.20681777052898154,0.18717789477469993,0.880844281406224,0.7673481374817349,-0.3146364640996138,-0.12046838968759466,765,seg_0a2s,MI
-1.0042184781978478,-0.5468933790498255,-0.2906622301648753,-1.182313756137883,-0.20725354897613624,0.4430776361704566,765,seg_2a4s,MI
0.5067203837740383,1.031498428082842,0.3498379394364473,0.9405825587030391,0.5181602806491312,-0.5211544681317198,765,seg_4a6s,MI
-1.047928405450145,-0.09717959154524224,-0.5834413360329452,-0.9601751444110594,-0.1454376120842188,0.4101637877585656,765,seg_6a8s,MI
1.7784474002008224,-0.01940944789515213,-0.5703083337723335,0.13643791515666576,0.056475643764241724,-0.22588973124239534,765,seg_8a10s,MI
0.12888147046655912,-0.07172981608154433,-0.22778759673430962,0.35502172629720835,0.01723281018611969,0.1449548217722693,766,seg_0a2s,STTC
0.55850758333124,0.9310216018013722,-0.3213924183906865,-0.045046377327176874,0.26812469160662006,0.014650576313655525,766,seg_2a4s,STTC
0.1824244230693796,1.101457633831318,-0.4682578198728128,-0.44942656431857436,0.15407766596687095,0.05004318002304979,766,seg_4a6s,STTC
-0.06926853009799329,-0.5005605552835073,-0.08060812295954738,0.12365949572712609,-0.03377758965739718,-0.1006606586989642,766,seg_6a8s,STTC
-0.5207227325124275,-1.7921961118929135,1.0630218995109766,-0.07596701080585497,-0.3310418617094192,-0.05614817257820153,766,seg_8a10s,STTC
-2.09497569544256,0.6907870578645473,0.5169542017945514,2.5006692595621898,1.5618705552880077,-0.7553730790269307,767,seg_0a2s,HYP
1.0214918457705624,0.15542973703273752,-0.43468748041150856,-1.4058661854472019,-1.0013352340408794,0.2774645549645699,767,seg_2a4s,HYP
-0.2919196086520558,0.08628194278420478,-0.8680452668037123,-2.704992005366227,-0.8621984325241407,1.2894830424714443,767,seg_4a6s,HYP
-0.21507678329084906,-0.8371875749131673,1.164303037877744,0.7842572675758895,1.2225008778799278,-0.43747520124971145,767,seg_6a8s,HYP
1.2618843528457728,-0.7968866961500978,-0.35241089975644124,0.7474378835411236,-0.8427082723652293,-0.29186140998271204,767,seg_8a10s,HYP
-6.621961507239437,-11.85193294515822,-0.9602248411426931,1.9152972275311027,-2.56215727949879,-0.5015911615240143,768,seg_0a2s,STTC
3.0754228164964106,6.748568793544506,-1.0408790392578189,-0.8557194387323612,0.9166501834379007,-0.03653068125471031,768,seg_2a4s,STTC
6.72795950209692,9.706067492503008,0.5933908491857998,-1.9454434617018554,2.270355765866133,0.401322177308846,768,seg_4a6s,STTC
-0.22613629244800315,-0.510533984978938,0.7668139315052263,-0.13751447209554726,-0.4869482646992398,-0.11645451803929416,768,seg_6a8s,STTC
-2.9032536948353207,-2.9443524112753168,0.6134174486554959,0.8836413798497225,-0.15269275993162704,0.022378115997568313,768,seg_8a10s,STTC
0.025837458220776342,-0.4209746009340335,0.06008522522887282,-2.057414592599871,-0.020487785801514953,-0.9328081492775531,769,seg_0a2s,NORM
-0.0375368340252821,0.23635994788435474,0.23863923369888823,0.957627345568918,0.12084217920087333,-0.08728388034697208,769,seg_2a4s,NORM
1.735549439536447,-0.21901241186517764,0.08901474806611115,1.2772785213321085,-0.1710902614090165,0.6880407675562729,769,seg_4a6s,NORM
-1.0935211804653426,0.09250307470532268,-0.1866521895637625,-0.12409998855626996,0.25167872682509224,1.2396596234296446,769,seg_6a8s,NORM
0.13927860570046413,0.013432683608241455,0.015382112919958656,-0.1371557080127101,-0.11124977832618176,-1.016548338920785,769,seg_8a10s,NORM
-2.54532879679056,-0.4291248238595818,1.5698058912150252,0.10454778458542192,-0.28936867659621063,0.30074546164518384,770,seg_0a2s,NORM
0.429456504168592,-0.2470541155721421,-0.9814656370945147,-0.4139890356049472,0.04144725627484335,0.29301675907169916,770,seg_2a4s,NORM
-0.9330098375652672,0.5558638023191241,-0.6123704928706742,-0.3295968618240732,0.0687368537065079,0.0249257720116928,770,seg_4a6s,NORM
-0.5218003621477544,-0.16629020895398752,-0.3379400101154014,0.07139723935972629,0.14450754795757334,-0.09715764629724796,770,seg_6a8s,NORM
3.211754773360463,-0.03362366713645002,-0.060035717214743496,0.48886710983473497,0.20043425886622163,-0.39251309334342566,770,seg_8a10s,NORM
0.3076285582425691,-0.14179389372297307,-0.5013596263210961,-0.2355899665764181,0.0761565570832349,0.43934596625754513,771,seg_0a2s,NORM
-0.8616009147050678,0.3920157797928359,0.46684014453631506,-0.07492774011324801,-0.0655464772743069,-0.23067132191146256,771,seg_2a4s,NORM
0.2742600995695305,0.5043715076003488,0.18690933079226027,-0.10165118407870173,-0.04629348224254523,-0.07519427348229489,771,seg_4a6s,NORM
-0.8052393339075125,-0.7925257728081317,0.458086155392501,-0.1062461843753006,-0.07874549082013216,-0.05400518608886817,771,seg_6a8s,NORM
1.1117661332216051,-0.7515511682321626,0.10658659522675827,0.05629725118897015,-0.09064897290773165,-0.18728188555880937,771,seg_8a10s,NORM
2.183659726904117,-1.0805731005749268,-0.5919544933759773,-0.36909204706222387,0.030810742243824275,-0.3601121451308871,772,seg_0a2s,NORM
-1.8562305723675365,0.4837257103225483,0.7102468099903981,0.13275036185890185,0.26602724247272963,-0.014697159209244559,772,seg_2a4s,NORM
1.6442934972980983,-0.04820510761089764,0.0668245234340163,0.28056025821505365,-0.3348782730051124,0.23376996283612875,772,seg_4a6s,NORM
-3.5256198297249477,-1.3294148925181564,-1.3407554229533996,0.8746795522822903,0.512151328411103,-0.4423756441148114,772,seg_6a8s,NORM
1.5504650577738266,1.896247375210663,1.0195487689389595,-0.9300929899447303,-0.353161939955404,0.31639837473501664,772,seg_8a10s,NORM
-1.170460911156716,-0.9703911396684576,1.5862811536076802,0.09179965595602863,-0.31010257912849737,-0.10377516730179798,773,seg_0a2s,NORM
0.3701479390174255,-0.36506798144983427,0.1338652806235788,0.3152874725255843,0.06471286336432469,0.061206849525857476,773,seg_2a4s,NORM
0.7737601337515951,-0.7877033282456667,-0.6908100468079218,-0.5139871829892296,-0.2570517336952123,-0.1490827559767507,773,seg_4a6s,NORM
0.4250831047093748,0.18172040238190876,-0.6487535331406163,-0.12068694772914298,0.21252959602028568,0.19566308472243724,773,seg_6a8s,NORM
0.2714190696491076,1.3157698659329735,-0.2045200812349949,0.318947899625876,0.32376720149702937,-0.16191055278260857,773,seg_8a10s,NORM
-2.329784598367234,1.6837108667764658,2.7250230953860206,0.5519803529325878,0.09405280818024474,0.10017059649809354,774,seg_0a2s,NORM
2.756514138262672,-5.146521173812026,-0.6757131618036347,0.486929628502533,-0.23722706330338472,-0.031334625389063404,774,seg_2a4s,NORM
1.1864693772374133,-5.414532131487194,-0.22235371280491376,-0.20606656892156566,-0.38686748239023444,0.160036277725187,774,seg_4a6s,NORM
-1.1585296477229157,-0.5074133429265207,-0.9283642237600941,0.15660339747121027,-0.15986857981864833,-0.08016746114933614,774,seg_6a8s,NORM
-0.18452760203177304,9.639374238766154,-0.492894653504703,-0.9494405684268351,0.5021784088822802,-0.22762547981328718,774,seg_8a10s,NORM
-0.19908886366573184,0.3644922196366253,0.3791989329760966,0.3242975853083949,-0.3122978639307624,-0.22724620643076404,775,seg_0a2s,NORM
1.0391104963511413,-0.2407524531504189,-0.24274707635226425,-0.048450706993838806,0.04002937915525997,0.12275439205347409,775,seg_2a4s,NORM
0.13684724473335622,-0.6957913440232215,0.024455307205377752,-0.1021554806667207,-0.03913566794444463,0.09453088599531981,775,seg_4a6s,NORM
-0.006010110780155595,-0.12373872273407423,-0.3375408454815371,-0.07157861400930778,0.22853730484813822,0.13241049510970498,775,seg_6a8s,NORM
-0.8382253531719995,0.6312857199221601,-0.011583661135759867,-0.0607331691584874,0.1806077673690631,0.026246833753430898,775,seg_8a10s,NORM
-0.7632350327901326,-3.3845971344993377,-1.1083678239517962,0.2893910153629106,-0.46347222196458515,0.22780922362814557,776,seg_0a2s,NORM
1.5080509537588733,2.6435986885186447,-0.16048473036035588,-0.5353005225320064,-0.09605890598172348,-0.04651795828672574,776,seg_2a4s,NORM
-0.3438513975683096,-1.5084480669312959,0.48283580968341755,0.15603049702584554,-0.28234399321506204,-0.19957208384351158,776,seg_4a6s,NORM
-0.2444196913725269,-0.5378691700334632,0.21227622957829703,0.04506293720457998,0.10542384684839357,-0.11163160102027841,776,seg_6a8s,NORM
-0.2216556694882594,2.7371185261689077,0.3250677135238483,-0.020461214053770438,0.8262895519719358,0.04563119396939475,776,seg_8a10s,NORM
5.014531339550464,-0.44383149863856225,-1.6150775576795449,-0.4090843041703245,0.14626594752134447,0.15060177582995368,777,seg_0a2s,NORM
-1.6213886591981301,0.02518832030503967,1.3577967415635952,-0.37847291142441586,-0.5789182661320206,0.0828542379963532,777,seg_2a4s,NORM
-4.069555203278838,0.332431987960366,1.9105424925787007,-0.2933286678391236,-0.5599540631956894,-0.32282639903301485,777,seg_4a6s,NORM
-1.016920230253444,0.39567596715188474,-0.4211645188499512,0.3105751018601913,0.4236197747900084,0.04279255341639223,777,seg_6a8s,NORM
3.0938703032873107,0.8415961027709272,-1.0447574101406,1.5523065918398455,0.6522749040748681,-0.10447148146568373,777,seg_8a10s,NORM
-1.6965325494293548,-0.0003493585875051587,1.4555499272494172,0.43518423633155545,0.002346035399506976,-0.17784108140812127,778,seg_0a2s,NORM
1.4134165292299876,1.2049483909231054,-0.5150198473420671,-0.6966204144874217,0.3876094155249236,-0.005767871548640887,778,seg_2a4s,NORM
0.6223769295741352,0.45403128900331724,-0.9559105285610906,-0.5050065768437955,0.1735470567815497,0.5241493967961238,778,seg_4a6s,NORM
-1.5814845247866693,0.754404913507537,0.016728688268654004,0.4729908212548814,-0.3123910449065645,-0.06012435108645083,778,seg_6a8s,NORM
1.1240893217252088,-2.2397429971893503,-0.15775081446696299,0.2080293559636759,-0.15660942061146826,-0.273228956215676,778,seg_8a10s,NORM
-3.0357264245587525,-1.8070963367971011,0.6982758046211962,0.008059848373269072,0.3617504966297302,0.5047964866694278,779,seg_0a2s,NORM
0.1557892320998264,0.7903243345906096,0.6048411314717888,0.28314793748194433,-0.044037256082924005,-0.2281260799949968,779,seg_2a4s,NORM
1.8414578901976528,0.4601488682128653,-1.0173741856550724,-0.8966076502699556,-0.06653075314206307,-0.1811364112190997,779,seg_4a6s,NORM
-3.839729651546272,1.1830105238084374,-1.0408649919746669,-0.6989311389714146,-0.20521316174644566,0.5595682557925158,779,seg_6a8s,NORM
4.512647719843063,-0.6527205053588483,0.7379003148546962,1.1929500359658418,0.07434057158748371,-0.6199963312476767,779,seg_8a10s,NORM
-0.8116496427819979,-0.17739168940510244,-0.3459540536889362,-0.404173218942815,0.4439725498598,0.07011030411599656,780,seg_0a2s,NORM
0.6479129869047398,0.028116818396193597,-0.16595459047282332,-0.23542210562114022,0.033369429044903844,0.09898582683043736,780,seg_2a4s,NORM
-2.8547844979147663,-0.10504900391488967,0.3839541808441328,-0.12923876297542264,0.1211921833124512,0.4117841349513278,780,seg_4a6s,NORM
-0.7402769027040788,-0.1873893913790457,0.5365563195534957,0.21769709627753175,-0.23442752011910914,0.06070893690922983,780,seg_6a8s,NORM
3.8897232494408467,0.15268529509938653,-0.2313128264500287,0.5247519774266269,-0.32183572436926056,-0.3180382631639541,780,seg_8a10s,NORM
-0.3167168696266422,1.2457080920636767,1.4638769018962199,2.7762348907644605,0.7015760952481374,-0.000455427819918898,781,seg_0a2s,NORM
1.061454904340728,0.16546365636548888,0.6872888830506407,1.1476391287325818,0.470585862140799,0.2865058637555693,781,seg_2a4s,NORM
0.5740549806877654,-0.44862189576496286,-0.07950578272801093,-0.02129082504811697,-0.1923473601627345,0.00036228216701960584,781,seg_4a6s,NORM
-0.5897982495026174,-0.15733307614703995,-0.4808894184612343,-0.668607360772864,-0.05838118302969301,0.47521197071134047,781,seg_6a8s,NORM
-0.465088533727525,-1.0229434766065515,-1.548467238447543,-3.2161655700629117,-0.9709218477290505,-0.7022856871767148,781,seg_8a10s,NORM
-2.2766612282938525,0.5322571054337384,-0.5995895952491338,-0.05733707139002174,0.23538870669403741,0.22424945173491564,782,seg_0a2s,NORM
0.5713180998662797,0.40774530947515963,1.3433255233854413,-0.02753046385489946,-0.16169517878743517,-0.36470711243673787,782,seg_2a4s,NORM
2.2328030633707887,0.1443514546984043,-0.5011968043443383,0.09064987925669227,0.025938075246304353,0.16897957496270374,782,seg_4a6s,NORM
0.2018423813544913,-0.3315980532917239,-0.8560562227947893,-0.08144746824044048,0.03427120199290054,0.18103986538370223,782,seg_6a8s,NORM
-0.6314367315911402,-0.8484718740444872,0.9875658786732149,0.04221840402175935,-0.20527724217626533,-0.18526977746694145,782,seg_8a10s,NORM
-0.3054718916453869,-0.15075892363554777,-0.5595095208211803,0.19919945283297272,-0.08731921204820761,-0.10645290710986892,783,seg_0a2s,NORM
0.08251576351835534,-0.33764389864475924,-0.12679629064869535,0.008570407084412347,-0.059049103398235915,0.037416221757725576,783,seg_2a4s,NORM
0.13447590540327967,0.13193866037183422,0.07245318680576521,0.015228721615689566,0.09269056341233638,0.046057836686107766,783,seg_4a6s,NORM
0.07148496121297938,0.6461473422942529,0.2713127106558687,0.021879911510180233,0.12181681119908187,0.01947254483209166,783,seg_6a8s,NORM
0.20938767261921515,-0.3241297578724437,0.3552096362742997,-0.3860951089081783,0.2317952402977145,0.16816795786951108,783,seg_8a10s,NORM
4.691570834045099,0.09483557100519152,-1.3837648223641728,-0.5827284247908925,0.07372918280401722,0.1896893637323394,785,seg_0a2s,CD
-1.5031949048160078,-0.5312552718602663,0.3649697255255724,0.05589292347797738,0.09984131633880307,-0.011847554597107677,785,seg_2a4s,CD
-1.174424831146518,0.2917502457345654,0.7345996506269604,0.5274073070390808,0.3081950494476811,-0.10222820933657718,785,seg_4a6s,CD
-1.0534341368898508,-0.22966823495744967,0.10020921253525712,-0.14463329351277582,0.12305602669144546,-0.27065696440949827,785,seg_6a8s,CD
-0.8483570646609908,1.0644262121035375,0.32804096439232283,0.17095417723159287,-0.47768607738687896,0.13274694784202593,785,seg_8a10s,CD
-3.391954611042534,6.1853186601793215,-5.689201523348898,-1.0192097192951661,0.6397582039350819,-0.23607688482339031,786,seg_0a2s,CD
3.8641621486866007,-2.8932750623345087,1.9034430397136917,-0.36599657490421905,0.03371257257943718,-0.3685741990260269,786,seg_2a4s,CD
-0.7600761374520715,-2.565484469537184,2.9164153132678106,0.5446349440976906,-0.19432904834224615,0.22005609909028645,786,seg_4a6s,CD
-1.4347990523780376,-0.6750710998095864,1.610255598663644,0.25167987826734967,-0.0958019600278005,-0.06814936354711651,786,seg_6a8s,CD
2.5801425080469373,0.3294326833231017,-0.33921065851677934,0.47194661993861153,-0.35367404520822704,0.2314172705304037,786,seg_8a10s,CD
-2.4464583385163774,1.739131189752935,-0.8418466287588842,-0.3335544306884677,0.06121945311188369,0.31433398401250573,787,seg_0a2s,NORM
0.3355062785072349,1.1567457096205178,-0.43984678204409217,0.0060328995611809615,0.0707657494933562,-0.24852103415706817,787,seg_2a4s,NORM
0.6108489274978585,0.5303701022929054,-0.031787948036832436,0.11805713772038383,0.02917355962074163,0.0786315902253595,787,seg_4a6s,NORM
-1.661618745616046,-0.7416971834265595,0.39060192020564527,-0.06020142962909343,0.05928706069864298,0.07787371419010232,787,seg_6a8s,NORM
2.7871096868014904,-2.7781920943774376,0.9650660159241827,0.5008933773957158,-0.12621623917453068,0.0105986409078581,787,seg_8a10s,NORM
0.2582465598469634,-1.4978530457387027,0.1541104457435516,-0.17763708182159962,0.577791837689719,0.054803940142682084,789,seg_0a2s,CD
-0.5993494941771956,1.357180630515311,-1.5175202100667076,-0.34695771737423453,-0.13441865093415226,0.34008607635434934,789,seg_2a4s,CD
-1.4067194146807072,1.6091873054015262,-0.5647156838756671,0.20642416461316487,0.07781965516554921,0.2948696349758649,789,seg_4a6s,CD
-1.4874751219757678,0.8516668155307283,0.6238122347203786,0.5008566039381063,-0.10131162824369135,0.2164059952688156,789,seg_6a8s,CD
2.364715670708123,-1.7050047694310713,1.3385225628342239,-0.20039447558364745,-0.1480639386685883,-0.8804753567762803,789,seg_8a10s,CD
0.5855212046352068,1.0604010434865885,-0.14806713532266422,-0.3282380020666143,-0.005381809814437654,0.12468669396466264,790,seg_0a2s,NORM
-0.1362963184358775,-0.5625081077828822,0.2851735037147551,0.0329728972447712,-0.005559055866771065,-0.021494167450967633,790,seg_2a4s,NORM
-0.5148387186590867,-1.2441240821518205,-0.11426927005091768,0.08990968314972206,-0.10392741871439994,0.1072922589858154,790,seg_4a6s,NORM
-0.2180997385004453,-0.8102884548245404,0.0759854519508104,0.2601365895411008,0.022802411995119377,0.0011710146521211042,790,seg_6a8s,NORM
0.3714237888608197,1.0739339885789196,-0.07387644930744776,0.020210699618122763,0.20900992924095382,-0.1660184381062997,790,seg_8a10s,NORM
-1.964017603563219,0.39477401506438414,0.036399635358408865,-0.028350263022612746,-0.027109432587132186,0.002582001926381484,791,seg_0a2s,NORM
0.3444762497986302,0.6140475351628679,8.50252350891817e-05,-0.03934436658466821,0.08524848389838684,-0.027491671589690153,791,seg_2a4s,NORM
1.165220727285492,-0.23027098516408248,-0.044122808929099665,0.4893462353946257,0.10522694469870945,-0.12929403797478362,791,seg_4a6s,NORM
0.8388892284334613,0.12020266555841848,-0.5125397413130779,0.18388000904136573,-0.05411776647109096,0.33465271756532694,791,seg_6a8s,NORM
-0.20441419547078954,0.3424205978786295,0.36071028052473053,-0.2668306532922984,-0.030015347484115,-0.1615369561657887,791,seg_8a10s,NORM
-1.1866927933024185,2.8579709969410536,0.31149944811596975,-0.4277072939686548,-1.2863034216848666,-1.0887569347222588,792,seg_0a2s,NORM
-0.7276387330303822,0.5712964342819175,-1.8727831895268006,0.1402340778330296,0.5488279032931184,0.5376031350926418,792,seg_2a4s,NORM
2.0847609959324975,-4.9380290942503615,1.3044202568317982,0.1559924449266576,0.0467282467663955,0.5076894676707746,792,seg_4a6s,NORM
1.0017640935514613,-1.5115877888558051,-0.002391734615102115,0.04328107440242453,0.2274189674005097,0.18008859299852784,792,seg_6a8s,NORM
-0.9711710350958549,2.06341727994201,0.3038551364795889,0.0019992979386412933,0.5687403586564513,-0.18039277962178152,792,seg_8a10s,NORM
-0.4359566199573609,1.480374792210526,0.2988674507422564,0.131238693758838,0.07713717131971393,0.04130557322904988,793,seg_0a2s,NORM
0.7729139101295968,0.3682340212938371,0.08663665504791172,-0.1982003921629506,-0.006712972939660553,-0.13402693843870087,793,seg_2a4s,NORM
1.3549935840283325,-0.3156099053136725,-1.3967418729182632,0.21820361553060927,0.14400608562919148,0.04260932730691994,793,seg_4a6s,NORM
-0.48344812636642553,0.027140907164259657,0.32506802536020074,-0.33207031534019504,-0.1362353717249268,-0.08561554375587123,793,seg_6a8s,NORM
-0.9030128810416146,-1.0069753111118758,0.3118045559762717,0.10528659824669599,-0.07600237541067899,0.10936351866185307,793,seg_8a10s,NORM
-0.17163481406456807,-1.4244432685862154,-0.06205145173254897,-1.4942188752205046,-0.2959829322864803,1.0558230371959045,794,seg_0a2s,CD
-0.6451725381905701,-0.12310052776850587,-0.2914090780491722,1.1402455193953736,0.4903381000356885,-0.291414640857058,794,seg_2a4s,CD
-0.07335819714018663,1.105877113803677,1.2494970479413683,0.9220583708691928,-0.1436073704037264,-0.791732071539014,794,seg_4a6s,CD
-0.022969004416992723,0.6485278011592182,0.5271468266428377,0.07299314899461208,-0.34926357405857855,-0.12390654057132851,794,seg_6a8s,CD
0.5812716893252782,-0.30096329347337925,-1.011588107235671,-0.48838888567051714,0.15324714809589074,-0.14866718827542869,794,seg_8a10s,CD
1.8024385919721946,-1.013528557877355,0.9391751595687302,0.12289816965285882,-0.001810785516115953,-0.08759291826384678,795,seg_0a2s,NORM
0.26457105209436216,-0.509283074561423,0.4066841570757569,0.2292382748800051,-0.17264715037398912,-0.0990640789198495,795,seg_2a4s,NORM
0.5287906040493533,-0.4734742265303025,-0.14690286621566076,-0.2803899547652781,0.03337470390241558,0.025103621492789857,795,seg_4a6s,NORM
-0.8635868829146536,1.8359980064350738,-1.3948536496649395,-0.13037530409193004,0.06434732650933575,0.19747466291621288,795,seg_6a8s,NORM
-1.5491733899792353,-0.07242862448437186,0.279427799433081,-0.13013846674828972,0.07305179245126911,-0.07236773857390563,795,seg_8a10s,NORM
-3.7009957715504798,-0.2193021453993873,3.514032934701714,-6.024158146778468,-1.4943031088812495,-1.485188728385515,796,seg_0a2s,CD
-1.9092475703418061,0.6365059244960822,2.0461451286136203,-2.141524150041606,-0.9101212141844733,0.11406692513747933,796,seg_2a4s,CD
-0.679803323110275,0.4261777973849105,0.30777074711628755,0.02340290099257471,-0.12237171309769465,0.288782061826358,796,seg_4a6s,CD
1.6025532479417994,-0.5043058631539846,-1.8925316466249928,2.5784495977534583,0.7316254296625501,0.4372796947563913,796,seg_6a8s,CD
3.7129000403434937,-0.5438373704387008,-3.704848688719263,6.122839887825722,2.0092408538787256,0.843941194342598,796,seg_8a10s,CD
-0.06619155230034565,-0.02934006623075663,-1.1884648807072207,-0.2891292002756228,0.3107041521865541,-0.09322355977413144,797,seg_0a2s,NORM
0.12416587504073154,0.23862186770257554,-0.006153912601657769,0.1191079021916933,-0.020894905327041826,0.04169686327309357,797,seg_2a4s,NORM
0.8116034745402618,-0.8942469782787972,1.1849093829850923,0.45308237027923554,0.03469598461520634,0.197782020137086,797,seg_4a6s,NORM
0.23129335027532044,0.2792953091037583,0.9760421933029964,0.580299027144882,-0.09898981342802365,-0.04981124545735693,797,seg_6a8s,NORM
-0.39434984532500117,0.023302457931153677,-0.9800816211159876,-0.5683683022779575,-0.031230529946330438,-0.14447045102876643,797,seg_8a10s,NORM
-2.2614467964562213,-0.0003313554043597256,1.604885672952173,-0.2638165702690681,0.08894439230751883,-0.0756829648319043,799,seg_0a2s,MI
0.6418077249053284,-0.37303566064201427,-0.24140461344792546,0.08572473839088227,-0.13554000862423243,-0.17020765776168173,799,seg_2a4s,MI
-0.9173186613120748,0.825457400208099,0.5794391658535052,0.36328401368069385,-0.2022999033438507,-0.09155439117842046,799,seg_4a6s,MI
1.1917805126721455,-1.0236176835770157,-0.26684791309170586,-0.17305536537337363,0.3051915736711083,0.17332501509721512,799,seg_6a8s,MI
1.5016971171088156,-0.9542709941311923,-1.1508129384176349,-0.09517714646107128,0.11226053471108605,0.3524848124649448,799,seg_8a10s,MI
-0.21001600221936553,0.41425372893961576,-0.49326077731163215,-0.09242682525741816,-0.21484834932051555,-0.22975942273281333,801,seg_0a2s,STTC
-1.1601016291421196,0.6599886833256414,-0.2626495743336693,-0.2834033631349273,-0.22559636902486066,-0.03164957136290115,801,seg_2a4s,STTC
0.6948481975751275,0.20448737794744015,-0.27279660467459155,-0.10637640466566803,0.10470046576461434,-0.12313780347729383,801,seg_4a6s,STTC
0.12092032441910894,-0.14095550215723274,-0.11135825057182638,0.3212587154925767,0.18784325213685377,0.1343895255645784,801,seg_6a8s,STTC
0.1551082297788541,-0.051206785025146626,0.6364494811453719,0.1337842279361167,0.11123745231167206,0.04175326758518334,801,seg_8a10s,STTC
0.5340298876991552,0.5918093158768933,-0.6165781907605702,0.6610727208401004,-1.6871711391386695,-0.5608937251177872,802,seg_0a2s,NORM
1.6261428346670994,0.04562501450095479,-0.2577891728408082,-0.13459447053196844,0.2834681427706838,0.09329678524170758,802,seg_2a4s,NORM
-0.4865364476772073,1.556962986739508,1.261580757050691,-0.7094980135533822,1.861539169306574,0.30143730649772066,802,seg_4a6s,NORM
-1.5109956447824864,-0.9424502476088495,0.4473070241275208,0.18104407524336938,0.35005689709378124,0.149354528056046,802,seg_6a8s,NORM
-0.08541002420886246,-1.696398693176547,-1.0272659714166248,0.07255527090666318,-0.7760324565491301,0.19230901750936727,802,seg_8a10s,NORM
-2.3407224351095,1.257583451983886,0.43488932786387824,0.9325608124219261,0.2243671242571231,0.37972876988268905,803,seg_0a2s,NORM
-1.2503345383746132,1.7412945556788955,-0.33873828832540304,0.38452228819120476,0.13208696389799562,-0.11594298094062591,803,seg_2a4s,NORM
-0.022236337598723184,-1.8360817591619318,0.6715593879416063,0.03967587999957102,0.09254025202083697,-0.44999438263934477,803,seg_4a6s,NORM
0.05252248751832686,0.19594638081281554,-0.7269455439030819,-0.5079864798550674,-0.1676765673945688,0.12962859606935564,803,seg_6a8s,NORM
2.9401542465819634,-1.717711840618229,0.2908838810130531,-0.7717562589382607,-0.03194511858022487,-0.19868757387953262,803,seg_8a10s,NORM
-3.9139856196377085,1.7630344470956463,-0.6799060413839697,-0.08490088786538717,0.36218719611052713,0.10346254510264416,804,seg_0a2s,NORM
0.9193929904732991,0.12297460432070392,-1.2994518572378058,-0.2714576847303591,0.36118724827499055,0.173561958009088,804,seg_2a4s,NORM
1.9527169480047624,-0.23167423901341555,-0.754291053839026,0.05187853478167585,0.09923721832593933,0.029803295435201188,804,seg_4a6s,NORM
1.0860827105567654,-0.8570572561622671,0.9488995569586726,0.08477918672145376,-0.14559837848117224,-0.20557349639978437,804,seg_6a8s,NORM
0.14710879140363609,-1.018217644267581,1.4634531302274416,0.38627526399485346,-0.3817445929662366,-0.11828932899432794,804,seg_8a10s,NORM
-0.8883711362285673,0.17488547914394556,0.15144387781946736,-0.35943035382147503,0.34774820745543855,-0.03602242113653421,805,seg_0a2s,NORM
-0.5154532552291708,0.25997819327471716,-0.34815486771481946,-0.28918582774486223,-0.03511378676019634,0.09989073206322661,805,seg_2a4s,NORM
-1.096761500700251,-0.16901602768114857,0.03661486782065777,0.4055402876492921,0.011224009871646443,0.07014053353042018,805,seg_4a6s,NORM
0.2694273854138449,-0.5714200280378362,0.40237447202281357,0.3663110235843992,-0.09846175722053549,-0.017295967999181275,805,seg_6a8s,NORM
1.42945544743583,-0.3022879037319258,-0.17436444170957732,0.0016636280274380322,-0.22927665806102349,0.02731983384230019,805,seg_8a10s,NORM
0.07737512779570656,-0.14980617841741686,0.40957370175571123,-0.1762770339683486,-0.20310954465296646,0.04573973117910297,806,seg_0a2s,CD
-0.06412639548460525,0.38070386909530773,-0.07737704428912637,-0.08541107231942573,0.012806295917011592,-0.14843827500357815,806,seg_2a4s,CD
0.3605413210822336,0.2858639639544658,-0.046274067499783716,0.06342041344238182,0.03298819419517358,-0.07602348118504952,806,seg_4a6s,CD
0.09905130363784483,-0.07158804173270218,-0.2612016344650325,0.012771619284767192,0.022263983956123105,0.008871301729692152,806,seg_6a8s,CD
-0.56358538644957,-0.3683999219872963,-0.06048181297117056,-0.022505168345414685,0.08838090023083893,0.03467237848855712,806,seg_8a10s,CD
-1.8912222008107722,-4.319670097971017,6.883571667361443,-5.555600904472383,-0.09980844551312294,-0.07447425391168154,807,seg_0a2s,STTC
-1.4504643860614117,-1.8832686150530156,4.00291602109768,-2.5736223412818093,-0.4450977957353074,-0.27922027530908056,807,seg_2a4s,STTC
-1.0682840549367476,-0.022654814736237934,0.5215897387960919,-0.0436957666406484,-0.12059433300900367,0.06922915617478285,807,seg_4a6s,STTC
0.6881289326290158,2.4117230859988283,-3.3134598000405147,2.8843856334245856,0.10169705868524315,0.0953525112307746,807,seg_6a8s,STTC
4.562808812911172,3.0965693687801568,-7.65994191165309,5.001306929605574,0.5287987835973128,0.27362388223281225,807,seg_8a10s,STTC
1.0372498170108517,2.591777792585474,0.05115697960825703,-0.6449540359285373,0.38153224950185943,0.36179151445457763,808,seg_0a2s,NORM
0.1890967653356653,-0.20320451307506443,-0.2108804836231975,0.42523261992923667,-0.19714355102482148,-0.09331274657062871,808,seg_2a4s,NORM
-0.7290900570358134,-0.9984515182344366,0.33553253795575333,0.3238524121993988,0.09213384004464631,-0.12511469835045003,808,seg_4a6s,NORM
0.8004541341376712,-3.3342437238570546,0.49054911969181225,-0.25533409129628437,0.2244296766683418,0.20974060847336376,808,seg_6a8s,NORM
-1.3488158273353086,2.4817823029638038,-0.6372094971224516,0.027153720733515213,-0.19343192251340732,-0.26083885774116866,808,seg_8a10s,NORM
1.3165481589709045,-1.4256920160503797,0.188064831214885,0.6538069134733143,-0.043585885591847354,0.17796938623419184,809,seg_0a2s,NORM
-0.714116744175749,-0.48534953604654396,-0.24010806589325565,0.23411761547771467,0.11487372612929053,-0.02668495794403584,809,seg_2a4s,NORM
2.238133501517735,-0.7053384158799278,-0.3212883309940516,0.07205707272521641,0.040056591192169526,0.15993510869175448,809,seg_4a6s,NORM
-2.51180833991498,1.7329203574675394,0.3891459002348581,-0.3041240751632745,-0.0729903667162268,-0.34012209443190144,809,seg_6a8s,NORM
-0.28344140876936336,1.7401786475487375,-0.11383638024380906,-0.5073905500684227,0.007845874730829856,-0.0007584399836436353,809,seg_8a10s,NORM
-4.284116562720553,0.7689711903080327,0.6076188585848981,-0.5435529232851325,-0.6635525584628919,-0.10485510652713431,810,seg_0a2s,MI
1.6103660306440706,0.19189634720670778,-1.2461501017332874,-0.17806241441439713,0.20587414461980885,0.07025976911327415,810,seg_2a4s,MI
4.058494611213095,-0.07828695550805873,-1.2616302954565535,-0.5290523444484146,0.540279872072495,0.24840353957892913,810,seg_4a6s,MI
-0.6902479722680912,0.49090901696225603,0.7678642355509326,0.2392132196260443,0.060915903481162555,0.0354429045591144,810,seg_6a8s,MI
-0.2974611829695703,-1.228987729862918,0.9295544445047625,0.8179844671546792,0.0742204471595289,-0.16428924105559795,810,seg_8a10s,MI
-0.02855765136373934,1.4240872304818541,-0.3877173414183824,-0.17844194106150277,0.012328399589330305,0.0025534160238757115,811,seg_0a2s,STTC
-0.5158213387148423,1.6458336407389311,-0.3367312856870033,0.10461567074573459,0.03925578546565356,0.11467205643533268,811,seg_2a4s,STTC
0.4797668391705214,-0.2903402505941813,-0.29870571592626805,0.030958845901897885,0.0885228361958609,0.12004135551064289,811,seg_4a6s,STTC
0.555242609076099,-0.5314222938154629,0.291176553809216,-0.45432862156157416,-0.054127277144447164,-0.15576916023191748,811,seg_6a8s,STTC
0.08524489434441777,-0.9139608692194621,0.28298275500578934,0.3090344455634533,0.15611388611579208,-0.1606305646227786,811,seg_8a10s,STTC
-3.268050470581595,3.2363585380651525,2.2398624798926674,0.4135219731061673,-0.4528001090661605,-0.5157273002412255,812,seg_0a2s,NORM
1.0656539363470687,-0.529676934958662,-3.1215784118128966,-0.7931706497045627,0.6002834693411728,0.532606522584928,812,seg_2a4s,NORM
1.8888658863944827,-0.27443901490274,-0.8128100561365587,0.38783318433229175,0.7454259609954985,0.26871789897303916,812,seg_4a6s,NORM
5.611387502758179,-1.0294836325720367,0.3464893400609777,-0.15220235512012675,-0.053673590322603264,-0.525262122184442,812,seg_6a8s,NORM
-5.319009521211766,-0.6907517736779698,1.0537466567748979,0.02187872636107264,-0.8561123259815507,0.1714080603333315,812,seg_8a10s,NORM
-0.48424572008515016,0.5086916631096389,-0.146722971834035,-0.21766902816377318,-0.16347241118930741,-0.12053914987641474,813,seg_0a2s,NORM
0.2492885147041529,-0.3680595624819999,-0.17112370474698171,-0.0013986032737695266,0.06531274794014072,-0.03412040359911939,813,seg_2a4s,NORM
0.8100234723029522,-0.14793048074420534,-0.5806023969269315,0.07343944050146188,0.029598190795755968,0.039093981896630305,813,seg_4a6s,NORM
-0.5703902036868751,-0.09746499951686452,-0.07675105617606284,-0.16742413932580735,0.009475595997174152,0.23360827626961123,813,seg_6a8s,NORM
-0.6091554661671252,0.03281100747175057,0.8179372326386927,0.2596928554745422,-0.07266065352395985,-0.11096957594029741,813,seg_8a10s,NORM
-2.9791232072700726,0.5103399980169873,0.27537132770469025,0.07556719064086298,0.004214775877801679,-0.008644011737926316,815,seg_0a2s,NORM
-1.7864891696987386,0.015718105779543058,0.7125871794586337,-0.09292860714080074,-0.11354757167331352,-0.05814895543483847,815,seg_2a4s,NORM
4.970424368775977,-1.3281564105769887,-2.8217209677947346,-1.9185486359093133,0.21650812165823366,0.3155637391745485,815,seg_4a6s,NORM
0.8241325478555747,-0.7520459147975956,-0.10451825786886433,-0.10686699876103473,-0.01530098263785924,0.1099317069774115,815,seg_6a8s,NORM
-0.9948104377556434,1.408327201698674,1.8878151116139212,1.9668689825787293,-0.02413386203502565,-0.3291332872348152,815,seg_8a10s,NORM
4.052383691272893,4.81104361208683,-0.21109153389684857,-0.6938204289294684,0.040994866437039805,-0.6287953764968157,816,seg_0a2s,CD
-4.238013150210988,-6.462732802552735,1.1323797354826723,0.42643140903412224,-0.7112689703216809,-0.4641622209963883,816,seg_2a4s,CD
-1.3152201925719904,-0.5146068398553786,-0.1466205484020568,-0.01217370771218951,0.5212624112860876,-0.07328365438944799,816,seg_4a6s,CD
0.6371895068048941,1.729965125390554,-0.021092238883984985,0.04542725506635573,-0.06982059555901349,0.2955402416475637,816,seg_6a8s,CD
0.7114288992553891,-0.5326769662564911,-0.6022545569272489,0.25523053549014085,0.3053391984972147,0.7510720281399277,816,seg_8a10s,CD
1.5049702298274041,-0.5841508327302467,-0.631318528701368,0.08180745400136365,0.2620341291841766,-0.1214788858528734,817,seg_0a2s,NORM
0.5752989242117933,0.37709861811215856,0.11768046721233597,-0.3279394551509713,-0.3008297577818885,0.10056184315067007,817,seg_2a4s,NORM
-1.6655451175327798,0.8362547788606751,0.6601389048307292,-0.22003794641045096,-0.3558198034269234,0.3724079661366384,817,seg_4a6s,NORM
-0.8258990758372123,-0.6803690745588125,0.08264784644943549,-0.1609758404944668,0.06792849595381907,0.013113145779820718,817,seg_6a8s,NORM
0.550586341606591,-0.8804556886267263,-0.13426562422688149,0.3510019057776958,0.4243136035628163,0.02138043063739227,817,seg_8a10s,NORM
5.207395818131419,0.15162507634181147,-0.44242446987196193,2.0295267277851785,0.11993261508157599,0.7887425849239614,818,seg_0a2s,NORM
3.418438579223101,-1.0386762239195266,-0.21657736439958392,0.4854791059838616,0.05079381025487045,-0.2524971925319673,818,seg_2a4s,NORM
-1.0976241355717888,-0.6484195734035548,0.06490704623653486,-0.15655455233581841,0.26620501230883387,-0.07020777565347316,818,seg_4a6s,NORM
0.15621965414756844,-0.05638396044888685,-0.46849330750229806,-0.28728985798073947,0.0769733572516725,-0.16245071260980845,818,seg_6a8s,NORM
-7.4547256349354445,1.7803772368942925,1.0583625540778054,-2.041085807641362,-0.49168916329198614,-0.1590940941033254,818,seg_8a10s,NORM
-0.8604533743526658,2.4594035724399594,-0.6052453442651177,-0.40343754463429654,0.07368694424046447,-0.40293640382361395,819,seg_0a2s,NORM
1.1682201719359553,0.23921540349324127,0.39224638638078047,0.6944210402176929,-0.2501976775143748,0.7540719226414139,819,seg_2a4s,NORM
0.8293004738246579,-0.09927829376023951,1.9475870342660664,1.5816312741279168,-0.6189345436567252,3.060763297091101,819,seg_4a6s,NORM
-1.1756836365600498,-0.6367141157746835,-2.203862192675528,-1.9562874750711168,0.9916558482831141,-2.843774032975991,819,seg_6a8s,NORM
0.3426487776765059,-1.3554384335792862,0.36502985966427837,0.1261155238299343,-0.0508773753768515,-0.4112593982046032,819,seg_8a10s,NORM
1.726243538485067,-1.4385983576416017,0.14147803056481778,-0.34261520822721564,0.24368149227909575,0.24428638419552806,820,seg_0a2s,HYP
-0.6976257360728388,0.15767979147026268,-0.906848872222552,-0.5261934522398019,0.18140925083509718,0.247855730565299,820,seg_2a4s,HYP
0.11873780104229346,-0.4278556847339224,1.0081633050723184,0.18753656681618228,-0.30169018199978803,0.04915958936216741,820,seg_4a6s,HYP
-0.25686608688225115,2.1193129579507106,-0.22610890251807042,0.4884144880814167,-0.19838159295424407,-0.4557814608690915,820,seg_6a8s,HYP
-0.37837317020901245,-0.9618129403800025,0.21365443292616473,-0.32707513754418244,0.2252856058814578,0.1226104704552904,820,seg_8a10s,HYP
-1.0798590967691153,0.17823456027446283,-0.12057133917799596,0.42793906198995485,0.3889969429774768,0.012953011521049529,821,seg_0a2s,MI
-0.25436325681958993,0.5648338829137806,-0.00037623067792699776,0.1504690810479992,-0.23636459475827956,-0.18843971100145127,821,seg_2a4s,MI
0.37122578241329196,-0.12159306812057033,-0.0019594297419101452,-0.08763633884732426,-0.24063914381336235,-0.10826375880590466,821,seg_4a6s,MI
0.8259005505719694,0.14704050953834988,-0.3849904822124023,-0.2205504710086269,0.07495471412781161,0.05467437779589191,821,seg_6a8s,MI
0.43316665166147655,-1.1291361276691705,0.3252716388876722,-0.1705523157506619,0.1269967766668662,0.19616787119506737,821,seg_8a10s,MI
3.142588439578017,3.496360133758813,0.5093835672870968,0.5187528114012439,-0.37426179708511975,0.24487420168389734,823,seg_0a2s,STTC
0.5046256442129954,1.3032585191980388,-1.0344611256740845,0.5514172135470686,-0.27336908176811753,0.050795452347855714,823,seg_2a4s,STTC
-0.27706297407844255,0.9158426166090147,0.38179832525893265,-0.007687227731911116,0.25854855174695235,0.08703903283924802,823,seg_4a6s,STTC
-1.3622572189537883,-1.3771022877411931,-0.30168058822315175,0.09703047141820241,-0.17495546218804867,-0.3563510802226299,823,seg_6a8s,STTC
-2.0408499426890456,-4.086600145306911,0.9276797212526178,-0.9264229484299367,0.5124191300972037,-0.0946907566180692,823,seg_8a10s,STTC
-0.5402900182181775,-1.7390894729693946,0.4683158057182528,0.025400688030413114,-0.020412563298035168,-0.03895590956021464,824,seg_0a2s,NORM
0.1197417611464669,0.16381315278877415,-0.044397653231247204,0.05672073474632456,-0.22733104758124043,0.023186894798625273,824,seg_2a4s,NORM
0.300756383978471,0.5719906394932082,-0.05346132719357597,-0.11693869079529497,0.28722359209718473,-0.043888441602897,824,seg_4a6s,NORM
0.8025288091849813,0.5676764724861482,-0.12073390415347626,-0.023588831904635905,-0.06727947148331194,-0.020383921114509873,824,seg_6a8s,NORM
-0.7031346840410209,0.1514199149334928,0.060148541572528344,0.008744561578024022,-0.01984558720000044,0.04251919377425821,824,seg_8a10s,NORM
-0.6610441467324657,-3.7745007367471626,1.2624728984187061,1.3242849642546286,-0.3462895530390462,1.2344931719022494,825,seg_0a2s,HYP
-0.482990919677511,1.436928659767273,-0.07064556805605275,0.44322318323197357,0.8250640568331563,-0.5636030921690182,825,seg_2a4s,HYP
0.2560080505709704,1.76729501988448,-0.30328704480975244,-0.7656510474557641,1.0608776343484592,-1.2620871888896341,825,seg_4a6s,HYP
-0.10831132216491252,1.5610342833174486,-0.7469141628746279,-0.8009363470524534,-0.563950684895163,-0.35493156279290383,825,seg_6a8s,HYP
0.9208275414450637,-1.3506027503988818,0.07484079845036373,-0.3276410636433189,-1.0516676925859347,0.8400929569280188,825,seg_8a10s,HYP
1.010874212284132,-0.3961950097976682,0.4331889196294067,-0.2869966967830267,0.2067373601562326,-0.25503402453766383,826,seg_0a2s,MI
0.6237080735899534,0.7367197497381441,0.4083752754592189,-0.3096418110782697,-0.11779120909662064,0.12483041453082222,826,seg_2a4s,MI
-0.6975486173919677,-0.6152091677261294,-0.35949528283088544,0.5055825022256384,0.3055219491094695,-0.22027746939457454,826,seg_4a6s,MI
-1.0045413768803404,0.4769384215057347,0.4608687807440054,-0.061964470694833164,-0.16709300449033263,0.2567905427922422,826,seg_6a8s,MI
0.9232139630319858,-0.4101084058017801,-0.6388206743081206,0.2638176664724442,-0.2198266378867686,0.041259501607361325,826,seg_8a10s,MI
-0.021506822785605575,-0.27182611763317927,0.24343270219627786,0.04593926105543041,0.15439441252826255,1.642933699544065,827,seg_0a2s,MI
0.3239757611825429,0.33564375197360574,0.16020747053089426,-0.5712405382573803,0.06448187715301432,-1.1249138302677657,827,seg_2a4s,MI
0.17311488113039977,-0.3828700942850407,-0.055807421779436636,0.3760802866978277,-0.368145957833799,-0.358902906680627,827,seg_4a6s,MI
-0.29455668338431457,-0.4278153907658854,0.2708088201662621,1.2794947643689782,-0.9006456479519048,0.5610269169628846,827,seg_6a8s,MI
0.020101367516804847,0.9016703451535403,-0.44297894372952723,-1.2637843918439096,1.233767868258459,-0.4836870568799505,827,seg_8a10s,MI
-0.8720540374027371,-2.4943906362715778,-0.08294517437553207,-1.8551893036041769,0.2715834819908641,0.26562614252543265,828,seg_0a2s,STTC
-0.5222633879007169,0.7414996692920283,-0.15605394688931984,0.16209348458265765,-0.10812750823848459,-0.15713782439286034,828,seg_2a4s,STTC
1.2513791558334655,0.7039222129275896,-0.5412123220317169,0.9116461600015789,0.04099493249146612,-0.12346285697773167,828,seg_4a6s,STTC
-0.24711611721163984,0.02970265881253343,0.3772116087523095,0.6613359084309631,-0.16116723627723067,0.01790096330837825,828,seg_6a8s,STTC
0.2429624695420945,0.8553496474690717,0.5747771860163192,0.13686593381744222,-0.2524909151187109,-0.05189049113047197,828,seg_8a10s,STTC
-0.7638282346179811,8.051143755847496,6.707452646251974,3.325502132644647,2.2712611746218077,-2.278761797161257,829,seg_0a2s,MI
0.5981311062722122,-3.1116506017653993,-3.318987497729118,-1.821054596053041,-1.2838036875752337,1.3254995346079455,829,seg_2a4s,MI
0.2268674672194987,-4.585894387227589,-4.149482608748279,-1.451750065058184,-1.4651948428001103,0.9060328615971869,829,seg_4a6s,MI
0.46305067001152556,-2.0477063572613834,-0.6045119757790415,1.3630557259601683,-2.071694949853052,1.5628046677198422,829,seg_6a8s,MI
0.35458052720221234,0.7469588215841129,1.4229343309746758,-1.6764302927407793,2.217399987871207,-1.7924804740072697,829,seg_8a10s,MI
-0.7250490845226878,-2.0364079260408743,1.0019211469663263,0.039244384694209045,-0.1016134825915327,-0.05408589771052066,830,seg_0a2s,NORM
0.3459834389236659,0.8307832658636303,0.02817532303175111,0.16600901905213367,0.03566475934622695,-0.10460159074253485,830,seg_2a4s,NORM
1.4285476020286805,1.5660916759451522,-0.47359993053703686,0.3675354507315884,-0.35322062724740627,0.1071044744166334,830,seg_4a6s,NORM
0.4051557487728059,-0.5864506570459673,-0.06796273323641203,0.1982146394160766,0.08878319927384491,0.07571202680966549,830,seg_6a8s,NORM
-1.2436988077744724,-0.5389508957192947,-0.6330848989453226,-0.6738176033600638,0.2598605007273048,0.05091394445890234,830,seg_8a10s,NORM
-0.8270518427092866,-0.21113878522708332,0.6430670620402008,0.26993573462339393,-0.01701113829512392,0.09582352975177642,831,seg_0a2s,MI
0.9197101179036818,-0.6572227280348671,0.028216916267945213,0.03657283193614295,-0.06520660737419896,-0.018727449590751014,831,seg_2a4s,MI
0.3770466662979487,-0.6663232902138949,0.24072790476983802,0.005178983877819056,-0.043722607388735124,0.024052397673765998,831,seg_4a6s,MI
0.02850595060747206,-0.1255540084248793,0.20405922425127496,-0.030785560277072466,0.011717927277435897,0.00872889502304963,831,seg_6a8s,MI
-0.7395122908421415,1.096319843401793,-0.6815557027045637,-0.038090928321701016,-0.03580168262603621,-0.10002626866670639,831,seg_8a10s,MI
-1.3449701249379131,-1.9792603134612807,-1.6290345673064106,-0.6305402104805486,0.4713276845515694,1.3277026520567692,834,seg_0a2s,NORM
-0.5152030256525804,0.06675974777848484,-0.48210247879989776,-0.24729781025247013,-0.020990020332409494,0.0382959109942998,834,seg_2a4s,NORM
0.8775580556317395,1.0027988367963228,0.6719884863821185,-0.10770779564517419,0.06926038422124511,-0.6448738148920461,834,seg_4a6s,NORM
1.0713588939743852,-1.2156986245440193,0.7513653982995411,0.0991295835648114,0.07782697788991204,-0.17310513900787605,834,seg_6a8s,NORM
-0.17149251361621792,1.6185366729824693,0.7459216466000548,0.8446214337424429,-0.532621212982121,-0.502590647891358,834,seg_8a10s,NORM
0.1176732880155272,0.44491384807774964,0.4916359219313996,-0.5868959726726859,-0.22777478790356795,0.15370660689674243,835,seg_0a2s,NORM
-1.1611240656115125,0.3048203696288077,0.09068053926230217,0.3927088740643114,-0.08450610586628164,-0.335142154176051,835,seg_2a4s,NORM
1.2438150861031754,0.6694637240730219,-0.8240798210190182,0.9270205781511418,0.3011283624131601,-0.1087575727197019,835,seg_4a6s,NORM
0.204694524048001,0.21535887343781604,0.09811284133730651,0.021232059480552134,0.127117263271204,0.11614451330678123,835,seg_6a8s,NORM
-0.577741546748149,-1.3129131738596802,0.31869471681177125,-0.7411472177604825,-0.09735911492502204,0.2542799833058246,835,seg_8a10s,NORM
5.951888955042142,0.529160653636758,-1.3040556134774834,-0.5696405845110818,-1.244901624685369,-0.5304971211920649,837,seg_0a2s,NORM
-3.9822489142395616,0.045626657274355414,0.8383902033204301,0.3394914666155571,-0.17434011254295198,0.0696904289471273,837,seg_2a4s,NORM
-2.494071004927516,-0.3337147690353409,1.0882676546243513,-0.1379129327039057,1.3775330818933578,0.43008299265674377,837,seg_4a6s,NORM
-0.3374742363588958,0.16480071469630211,-0.02517945517126051,-0.06113475101727662,0.9107302548544335,0.1717835729709782,837,seg_6a8s,NORM
1.1259324800408086,0.33689357598170916,-0.9921717171378533,0.32475221182519254,-0.6652864210202137,-0.044246170529974045,837,seg_8a10s,NORM
-0.7040440418132051,-0.5236114703313955,0.2688451833847554,-0.5791988777536777,0.09367137870693004,0.11220024486742321,838,seg_0a2s,NORM
0.1679934425049932,-0.5506214906139991,0.3762797556217698,0.11033064070359118,0.022090747448666365,-0.01155861267504332,838,seg_2a4s,NORM
0.8656224804720646,0.13085597475107916,-0.3336944714449042,0.1136900572891414,-0.3394795696931632,0.07607944676682557,838,seg_4a6s,NORM
0.7354280798661187,-0.1576482908428348,0.2731567642728586,0.23586166261556504,0.133177974331881,-0.13353776897894826,838,seg_6a8s,NORM
-0.6256829055013469,-0.3182268780288975,-0.16339436794884218,-0.008166526622544483,0.08749401240722453,0.09815119616720357,838,seg_8a10s,NORM
2.05157984438347,2.174200279511258,1.6259180651050247,-1.1178405738528137,0.1413904829153,-0.3376072952158154,839,seg_0a2s,NORM
-1.095086660118229,-1.1422038424331273,-0.5207624651711773,0.9455783817531501,0.1431896140778636,0.6352511573870889,839,seg_2a4s,NORM
-0.26843712784722296,-1.46870000001678,-0.03361036950757204,-0.02297929898709117,-0.2291857941188066,0.05969161152573346,839,seg_4a6s,NORM
-0.36150269890790176,-0.2859132171340466,0.3564821932519781,-0.2751359150073366,0.2453125189453319,0.030456660010069702,839,seg_6a8s,NORM
-0.5189737695785556,-0.33380506526805936,-0.9030336314002239,0.6973875892959298,-0.4898967636651739,-0.21019625672987569,839,seg_8a10s,NORM
0.024021330582143546,-0.620868456546566,-0.18845653545443244,-0.7743782435901232,-0.010088216336007275,-0.6592125860260288,840,seg_0a2s,STTC
-0.013547396643266988,-0.16434244218360064,0.21647986319918333,0.1003019040599119,-0.04627575825463772,0.5982527673542217,840,seg_2a4s,STTC
0.4218116771534969,-0.3239991706917977,0.5211552955116292,0.42547229352580496,-0.09639502332302204,0.3804736153662373,840,seg_4a6s,STTC
-0.3069116225015361,0.1116564424482803,0.05963354044165655,0.17551444791743226,0.08425713974050698,-0.008787487766847282,840,seg_6a8s,STTC
0.5231344654706466,0.5833011446933647,-0.22432748076397754,0.03673900279188928,0.11028060007788075,-0.28075788878284463,840,seg_8a10s,STTC
-0.9143208151295166,-0.7868797072269859,0.17184136656238275,0.13699923649089102,0.07998337956118119,-0.032551226879017896,841,seg_0a2s,STTC
0.8724490573356536,-0.33829901973882237,-0.13462850777489138,-0.12322259129868712,-0.3871742785815819,-0.22205115459788335,841,seg_2a4s,STTC
-0.7328165381648675,1.1928766315284947,-1.5499852327283579,-1.0455156766340268,-0.45803970203850847,1.0851676746035,841,seg_4a6s,STTC
0.0030857073740323555,0.8116839378113657,-0.2010970995523401,-0.04070037588314978,0.23981886073635117,0.18427618549295294,841,seg_6a8s,STTC
0.40489243176314804,-0.07156822369311124,1.3822164128576597,1.0027132989308425,0.6385617528744882,-0.8448164286837082,841,seg_8a10s,STTC
-1.6968640567147495,2.69121127007192,5.008222084696399,0.23409014273245976,-3.6020003642113143,3.9975918321690234,842,seg_0a2s,STTC
1.0853101925703008,-1.8759970339255994,-2.253897749702055,-1.2971017004339243,1.6673227715116428,-3.052459538237949,842,seg_2a4s,STTC
-1.1872695338101433,-1.868766984843105,-2.9482317426381086,0.16082533001942279,1.6466320731330053,-0.99575258525919,842,seg_4a6s,STTC
0.667316375107888,-0.34834674208239713,-1.8443913039662154,-0.2873155861890246,1.0369537338377859,-2.466998185095287,842,seg_6a8s,STTC
1.07578337826797,1.7550435876556556,1.881568599466061,1.1025024795928966,-0.6979345112817538,2.3853027754907337,842,seg_8a10s,STTC
-1.3910084299540657,0.5340338072762817,-0.4522429656527512,0.42576696550869864,-0.23467833991381928,0.07161105246065579,843,seg_0a2s,NORM
0.2722716654630637,0.6600042456458829,0.2155648356564159,-0.8723514494680463,-0.03870570245138762,0.09543880149299959,843,seg_2a4s,NORM
-0.1833957554250563,0.2664483118017703,-0.01139911037878722,-0.023474391550259006,0.13424894435162385,-0.3932936935383302,843,seg_4a6s,NORM
-0.22600612557328875,-0.9882856206837005,0.0647204203759587,0.02210194800461931,0.20343068396311156,-0.024529043261214023,843,seg_6a8s,NORM
0.8654540293379113,-0.7009309007710353,0.01876932436848436,0.4130268952602353,0.07520596341853505,0.18445315717690863,843,seg_8a10s,NORM
-0.2442595507951894,-1.0355619399141636,0.18073438998037658,0.3142261431007258,-0.6069331969308522,0.45923545892695405,844,seg_0a2s,MI
0.11778974862035586,-0.047569082935077,0.5981431074684115,-0.2814846625843486,0.4151203956347101,-0.13014457630320345,844,seg_2a4s,MI
0.543348897506262,-0.33412743640886305,-0.6069158622560197,0.30913616119692566,-0.4359948417362939,0.23706280280912184,844,seg_4a6s,MI
0.6867317660194401,0.5952567315395357,0.21758256648259158,-0.2687793510420604,0.0763864548304727,-0.02038289682275932,844,seg_6a8s,MI
-0.841393783910211,0.9093428165107308,-0.38199960233430774,-0.012922999310267712,0.530012763007811,-0.5134101541504522,844,seg_8a10s,MI
2.274055027737073,-0.03465954582300848,5.8936397804218394,1.566808402751509,-0.5543745529720121,2.3479445200273847,845,seg_0a2s,NORM
-0.8393718291539751,-0.4733415180109623,-1.2819609607009346,0.45489802661246326,0.20035849840244574,-0.16942076142714294,845,seg_2a4s,NORM
-0.8307201904397502,0.23076531080332918,-3.1675317659439144,-1.3710614871953168,0.4597843035305143,-1.1350257708291536,845,seg_4a6s,NORM
-1.2830435487829002,1.1385999179773636,-1.9422650905424552,0.14678609008478494,0.20320246569471756,-0.17881904110718216,845,seg_6a8s,NORM
0.3238036840545199,-0.9887815797672053,0.4702956554785253,-0.6157228535132095,-0.2575749992756801,-0.7776211907860948,845,seg_8a10s,NORM
1.4919611430524895,1.8418691606110142,2.9121730669309733,1.315850290279508,1.264891098888992,-0.41678537637865454,846,seg_0a2s,STTC
0.45197073087856854,-0.9608714355496967,-2.0732521295302266,-0.437419287286203,-0.6557549382544441,0.7489971116776779,846,seg_2a4s,STTC
0.0835885309064923,-0.6160116749904399,-2.117440686412081,-0.3282780290617131,-1.3084335308713853,2.000955424929184,846,seg_4a6s,STTC
-0.5914102326210308,-0.7989103536039012,-0.519933064688254,-0.4035116080748045,-0.6843447029882436,0.5805271550200929,846,seg_6a8s,STTC
-1.148673132221503,-0.30997355669559995,1.8157347995904305,-0.08272989688861727,1.263156076380434,-2.7703552841218104,846,seg_8a10s,STTC
-0.4087749493601155,5.5718923301970245,-0.5987777054976074,-0.14647892885778496,-0.34338696162441273,-0.09445985247486337,847,seg_0a2s,MI
0.4585845041311231,-0.5228776071327972,-0.07148508253092355,-0.20428123792440708,0.1385836649644704,-0.005637887551436738,847,seg_2a4s,MI
-0.6984377031014048,-2.1955606510599055,0.8104164944046061,-0.4787404064808689,-0.034151248400270194,0.2021775069308695,847,seg_4a6s,MI
0.25106953076063915,-1.965488276822223,0.2127082292315379,-0.22374181025076523,-0.021794032296515484,0.037824154435889094,847,seg_6a8s,MI
0.62384679951891,-1.630706727655742,-0.20453306948545988,0.9351595142217607,0.011156522165301724,-0.16290162692820823,847,seg_8a10s,MI
-2.5093021219043927,1.9089063129170152,0.19275088394961373,0.1675456037450998,0.09220473604277975,0.05602399280597222,848,seg_0a2s,NORM
0.5115145618270315,0.25463859575080316,-0.2041902766023039,0.20881540574525245,0.20685310316068653,-0.39961676344109576,848,seg_2a4s,NORM
2.0575087875139273,-2.4209298360931117,0.6784905979086293,-0.7460249064752481,-0.20003138742428148,0.08370347506510878,848,seg_4a6s,NORM
1.6216012535672475,-1.5582546202110175,0.08684780716652848,0.5682161451727874,0.057445599365214234,-0.3461028738044069,848,seg_6a8s,NORM
-1.668454179031502,1.225423270997683,-0.43980188911736906,-0.3214369964593137,-0.162811085842906,0.39884840939463373,848,seg_8a10s,NORM
0.8305883603119896,3.0798430537910138,5.213236805514956,1.8239693031813355,1.3893355592462107,-3.6401109909519365,849,seg_0a2s,STTC
-0.4547250178233464,0.25529306383945033,-1.5898356406230778,-0.32232155721736094,-0.7938282461666522,1.1964644441184338,849,seg_2a4s,STTC
-0.18398409634536841,1.5217568286813496,2.4784198088577654,4.383377269852742,-4.917545710732595,-4.018031061427669,849,seg_4a6s,STTC
0.5124973992575784,-1.144627251611184,-1.7947278395628736,-0.4241100309759487,-0.14715797834062275,0.7407272868701382,849,seg_6a8s,STTC
-0.0608152340863137,-3.4919663350043306,-4.291207645832086,-5.639629517022972,4.312356134018435,5.884737581711699,849,seg_8a10s,STTC
1.7093384972857744,0.13722533875526058,1.8504644940521708,1.1121083559055729,-0.5818627978371442,-0.16947402723378246,850,seg_0a2s,NORM
0.3070556355632734,0.6159921154972487,0.08801466848553545,0.49186412334417934,0.12404988727000246,-0.29545405471497316,850,seg_2a4s,NORM
-1.2273150008561822,-0.20826734294241983,0.04701708795080304,0.23741251630557889,0.48599792463699026,0.17025542404953367,850,seg_4a6s,NORM
-0.08519735536275783,-0.2503927876276163,-0.15958856607529673,-0.16392552007968164,0.21930362649584925,0.33145254589169143,850,seg_6a8s,NORM
-0.17432632424236516,-0.9031878406781704,-1.3770256480631045,-1.5548743619119205,-0.2151564355913722,-0.18953464435365633,850,seg_8a10s,NORM
-1.035981015711646,5.704421958364929,8.544876037846134,-5.373127161078385,-4.881277587187779,4.169097876723876,851,seg_0a2s,NORM
0.9973347915834652,-1.774597562595946,-4.004105921489153,3.372520775481182,2.7547528308985165,-2.5351743980019408,851,seg_2a4s,NORM
1.9860687970596291,-0.03793335443007164,-4.200389353819316,3.0553223816204946,2.544776003630277,-3.177461736639316,851,seg_4a6s,NORM
0.5431993962441242,0.388492618229105,-0.40303718736981486,0.9190064595029976,0.5588899536836823,-0.18826076960058777,851,seg_6a8s,NORM
-1.7078947178203931,-3.7117450997565635,1.6832101553706358,-2.556560066060255,0.11680890236345577,1.843165296515591,851,seg_8a10s,NORM
-8.658651275452765,-16.779956796600658,0.6287546413400104,2.4601893324165536,0.0015586085506832338,-1.334219121951952,852,seg_0a2s,STTC
5.277700746029913,13.235499439960961,0.237698310633697,-2.7492821514981407,-0.6183265942659193,-0.023123966169501124,852,seg_2a4s,STTC
9.358069991230035,17.061177859803465,0.2379867530487054,-3.3337260625059413,0.5027772447369696,1.2047755171441898,852,seg_4a6s,STTC
1.4818211712956377,4.6585438934890755,-0.3467944267235648,-1.2173993723893872,0.11952867498363338,0.006469212637300306,852,seg_6a8s,STTC
-8.532556949115223,-17.94067266422116,-0.4551167809023201,4.668328076121016,-0.09282027356064564,0.08880001242231786,852,seg_8a10s,STTC
0.6216283233423484,-1.326480036681726,0.26048658875145375,-2.3790742739257937,2.1325625920512703,0.817660800935571,853,seg_0a2s,MI
-0.04864331113841511,-0.11466157940643898,-0.7154437617211229,1.725685795045067,-2.1740229064980148,-0.7553441041477559,853,seg_2a4s,MI
-3.3757401516894503,1.466312036753687,0.9673807116151064,2.0898588695716995,-0.717465751092684,-1.161653833449248,853,seg_4a6s,MI
-0.30559305890016847,-0.5071303969184452,-0.5845327766095822,-0.4959122460373641,0.6227109357455382,0.3772024418290651,853,seg_6a8s,MI
2.681525279864963,0.32755785374685187,-0.08456027251964153,-0.3732947496025056,0.313343576058349,0.7332426096759079,853,seg_8a10s,MI
-1.081237221347769,0.5021597275714456,-0.3479850056621335,-0.1591484211659253,-0.012616569605942545,0.2099663992078684,855,seg_0a2s,HYP
0.0881559511251128,-1.2616871064971764,-0.25669448095577657,-0.043562130005083605,0.10242805299241008,0.11995381101298153,855,seg_2a4s,HYP
0.02888856902324046,-0.47359614159800034,0.22890436046642482,-0.30680408319676955,-0.010539510204487703,-0.33379580145758436,855,seg_4a6s,HYP
-0.20854914669839372,0.6499671314535425,0.005006417116129283,-0.1872233839477571,-0.10476192503630265,-0.18493859723827652,855,seg_6a8s,HYP
0.7664894624225387,-0.29990195015115234,0.08427437945529595,0.3333559855996541,-0.0005036125397997736,0.31955548147178914,855,seg_8a10s,HYP
0.39801741898327814,-0.5686613269878863,0.27367766240371916,0.5372753569061419,-0.10884032841158883,-0.24109370142999986,856,seg_0a2s,HYP
-0.1879881934963136,-0.08657319377851694,0.10982083215314077,0.21418860026230058,-0.07544206878285194,-0.07627701015224202,856,seg_2a4s,HYP
0.010859276575409601,0.21911262607972962,0.5459382021731127,-0.4389777606659378,-0.20387782586847217,0.035726611644062996,856,seg_4a6s,HYP
-0.05684973480889857,-0.8772348665046248,-0.3578017967914406,-0.1862895106913032,0.16176214305605838,0.3607668867564428,856,seg_6a8s,HYP
0.1895712870452841,-0.07212666329592811,-0.34594230332185244,-0.0506662172062608,0.295214793115761,0.07699400678458025,856,seg_8a10s,HYP
0.3480132897135413,0.012786030544599784,0.001651314694621931,-0.27999482592361685,-0.394245523253913,0.025665872235197812,857,seg_0a2s,STTC
-0.261874736273003,-0.07263941253941542,-0.45356197646027024,-0.24180296957156563,0.2628504481994246,-0.0236160908889442,857,seg_2a4s,STTC
-0.7068934993634822,0.40373258084616404,0.18538009764407182,0.7660855988106474,0.10067849406155294,0.628012509573356,857,seg_4a6s,STTC
0.458039748675862,0.59148524514786,-0.042324434032620276,0.12213096233287625,0.10846975576793345,0.19716846568434018,857,seg_6a8s,STTC
0.5584123760460502,0.06221567446803454,-0.3317665182551176,-0.3825809328964623,0.13538686278285425,-0.6592892458975685,857,seg_8a10s,STTC
1.0195821942041547,0.665063624286333,0.6838492600718833,-0.5632323481591412,0.0021388779617105176,-0.6851516600738142,859,seg_0a2s,STTC
-1.491482619035269,-0.22408684869265744,0.2569550245654607,-0.3443162607253009,-0.3223458289968973,-0.0904159870313726,859,seg_2a4s,STTC
-0.63927729479263,1.3582520273546719,0.3020895770388624,0.2281581796015325,-0.21524399576822983,-0.09366255706636022,859,seg_4a6s,STTC
-0.4792518947883961,0.41959725051595936,0.5389639180185055,0.5955636043662093,-0.10986218113179479,-0.06526106208422669,859,seg_6a8s,STTC
1.3495567737308736,-1.7545886128575157,-1.9261098739876377,-0.03580852001773772,0.7298958801521654,1.0680895258069032,859,seg_8a10s,STTC
0.11747286949174038,0.42131806308893,-0.05479227908542473,0.13943482427024825,0.1660570153474357,-0.040781412585526415,860,seg_0a2s,NORM
0.386601601958334,-0.056640889573371836,-0.3240412341646198,-0.40329065177325246,0.09953751638921818,-0.5749127262958436,860,seg_2a4s,NORM
0.012021026559682329,0.01667471669670374,0.3335684320621072,0.02857912795249906,0.059201203468881546,0.23736903855292957,860,seg_4a6s,NORM
-0.7897243937557049,0.7357191956150644,0.6094398263672858,0.39383792680561275,-0.23322199382519407,0.6122576184346686,860,seg_6a8s,NORM
-0.3119571685851606,-0.9057920446926132,-0.3635835257172301,-0.2040083994736901,-0.058475475398876195,-0.24391109923609863,860,seg_8a10s,NORM
0.015830525964340682,-0.35578474027448853,0.8569503799350698,-0.08974918921239344,0.5001332245784132,-0.9456716507709306,861,seg_0a2s,STTC
1.517879423310252,-0.5933406262760583,-0.5306706014543017,-0.7317688946273606,0.03599369746002081,0.4336567970900286,861,seg_2a4s,STTC
0.857617451117709,0.050601483863022045,-0.3039640211904007,0.05642039320953498,-0.03619835644588907,0.15543995938037583,861,seg_4a6s,STTC
-0.2801381076146931,0.7069382826656208,-0.5499917538934438,0.0852032465203597,0.08451637409307293,0.11010539809912999,861,seg_6a8s,STTC
-2.2346759879173077,0.9901152323415704,0.2108480199112251,0.6177520156804681,-0.5329841479962354,0.27124247590388184,861,seg_8a10s,STTC
-1.9415848235811375,-2.3474178727642605,0.32920237337289726,0.4340726969544914,-0.33115196590351886,0.05765306064212571,862,seg_0a2s,NORM
1.1766403217470383,1.3965903925216363,-0.6722761391674548,-0.06746405733069649,0.199809115343009,0.1564363314323444,862,seg_2a4s,NORM
1.2949505532168433,2.036696245935144,-0.2826453637569904,-0.03131722679329112,0.16680335863716864,-0.12339067909984407,862,seg_4a6s,NORM
0.4910655609104874,0.07770476681215659,0.11624106064594614,-0.3692578700131399,0.08539616809465997,0.03821417848046875,862,seg_6a8s,NORM
-0.7738592665417758,-1.4434725218640019,0.7475426540397592,0.12752891530233496,-0.2818626186690155,-0.14274946337086625,862,seg_8a10s,NORM
0.0996251726135242,-0.3629102279934625,0.439933589604758,-0.03825404004715295,0.13744082695716905,0.37424783552955626,863,seg_0a2s,NORM
0.2465099874565101,-0.7706309016345353,0.3765484455984588,0.07168495840484877,-0.0012289230536402605,0.0009208102652099419,863,seg_2a4s,NORM
1.0226913389122247,0.15610065351289637,-0.12014682564502371,-0.2015999499636625,0.08662093452754377,-0.07591580128054752,863,seg_4a6s,NORM
-0.6533450192897536,0.4282422468340606,-0.5983475531390774,0.024386094127269435,0.08196121512359798,-0.0121033469432351,863,seg_6a8s,NORM
-0.18233452612686768,0.6105395203594813,-0.08156222985454684,-0.015114020945000497,-0.12789450944921177,-0.2207487605990568,863,seg_8a10s,NORM
0.034716801139119055,0.2608087297833863,-2.7173579573684195,-1.7039351590545229,-0.37376537379454405,-0.22315370976248655,865,seg_0a2s,NORM
-0.1207296538573189,0.4895027986811766,0.9162686668732768,1.1759165165849228,0.020328366369686976,0.24032471923128068,865,seg_2a4s,NORM
0.05864058114967453,0.36894499580816226,1.252022405152872,0.8524684517398593,0.7984212828532563,-0.0464499351560824,865,seg_4a6s,NORM
0.25228117467777694,0.3168871313906644,0.45920363371612,-0.08656725525835647,0.18257605161801577,0.17746427880881463,865,seg_6a8s,NORM
-0.4717474071321438,-0.4551424052717408,0.07252961048403991,-0.09347079324494344,-0.41639506368099055,-0.13772930322556204,865,seg_8a10s,NORM
0.4402205781699675,0.4928592748033696,0.1816656622018226,0.5529439336184887,0.12178746587361128,0.3567690392414239,866,seg_0a2s,NORM
-0.29761223647680324,0.16059855301618098,0.23305780905685458,-0.00939082385302952,-0.06700660743888888,0.07961265520917578,866,seg_2a4s,NORM
0.2510729264307454,0.04212881621585152,-0.06845606279409193,-0.10640491014426412,-0.07028011027885785,-0.2668561968506009,866,seg_4a6s,NORM
-0.3486894216623703,-0.14743836103849745,-0.21904633015400604,-0.6828289243041059,0.1907576859785124,-0.093929246581555,866,seg_6a8s,NORM
-0.12992021221274958,-0.6419122401722294,-0.2652544526642609,0.17745279127931815,-0.14300229531067232,-0.15105662429769215,866,seg_8a10s,NORM
1.3944169307989949,-0.5924526654877265,1.0459945192927191,1.0505642392852896,0.3984310902018409,-0.1816674034191606,867,seg_0a2s,NORM
1.906399639515332,1.0517189762701034,0.767807414541361,0.4907084219393562,0.313412308924325,-0.12210293005675486,867,seg_2a4s,NORM
2.4014177630266533,4.349003699876841,-0.10248607294488216,-0.288388218863068,0.3223306077281004,0.0804684850637039,867,seg_4a6s,NORM
-1.0151622959309297,1.0921048407280327,-0.19061034270378163,-0.7577437492360243,-0.11282163332490991,0.10247338075586435,867,seg_6a8s,NORM
-4.606869680385693,-5.906724916172753,-1.249260042617212,-0.4984543579866634,-0.9221809239215144,0.0916100953923882,867,seg_8a10s,NORM
-1.7057740787852063,1.995168212534917,8.614898370102141,-4.192528056642076,2.6089466971094306,3.9508228872624,869,seg_0a2s,CD
-0.1416681980708386,-0.49188981932920367,-4.955643144409839,3.059491889993402,-9.195294397019662,-3.9914361811974843,869,seg_2a4s,CD
1.5511216559828076,-0.3966448570594297,-5.634964235652102,2.3944862210776745,-8.242163462027492,-2.4158138535287326,869,seg_4a6s,CD
0.013404905919497377,-0.6487633922448638,-1.703405278492763,-0.3553579186308577,2.900791524215077,-0.8773222976920554,869,seg_6a8s,CD
0.2678799739970479,-0.23481582944288826,3.671550869049059,-0.8707213280457179,11.95214155153841,3.0944808319727763,869,seg_8a10s,CD
1.4593437880531197,1.4988866993925198,3.1484390733434626,3.4864897061324345,-1.8651359796574674,6.089618558541669,870,seg_0a2s,NORM
-0.3680567087833413,-0.5740791907796798,0.3372509122435752,0.7614760503134452,-0.33651635972580063,0.5888551740149889,870,seg_2a4s,NORM
-1.7228194141378814,-1.4935142238564887,-2.338478015733934,-2.3368215886308517,1.6659485340127231,-5.150681254934909,870,seg_4a6s,NORM
-0.44290258200037425,-1.3863676851615239,-1.242051643795062,-1.4578836706927527,-0.11104904095620798,-0.9341928063333405,870,seg_6a8s,NORM
1.0227711387212923,1.1571697251870574,0.13747618593829966,-0.13329930251145186,0.6660819418153416,-0.4119965816363576,870,seg_8a10s,NORM
0.11527922309234681,0.2438483630926949,-0.21697906886848778,0.09731307508824466,0.0031671041631017227,0.6659346387273858,871,seg_0a2s,CD
-0.8215857884715096,-0.12033547353386088,-0.1403336047443195,-0.09621782938676018,0.15583056716251026,-0.308055668282093,871,seg_2a4s,CD
0.2625362597890736,0.44494573905185714,-0.23082645209354136,-0.4790850975577842,0.2762259193461058,-0.9203224225936192,871,seg_4a6s,CD
0.3931258403664978,-0.4308225690904525,0.6396897351013426,-0.14988514639053258,-0.5254377480662564,-0.2619473412307284,871,seg_6a8s,CD
0.805029937610159,0.6282753049353975,0.10486819456638281,0.25710743396694863,0.051832936874199126,0.6064243221591492,871,seg_8a10s,CD
-1.8563118331296287,-0.8382676290734629,0.7444141646839052,0.3502896592637818,-0.34590441081041085,0.028226601206936545,872,seg_0a2s,STTC
1.0380243023001208,0.2380853715642267,0.0885821743885024,0.32137342593284945,0.3707877880183254,-0.2101375101249813,872,seg_2a4s,STTC
0.6218834107241406,-0.08555089538111849,-0.13482750284220985,-0.13409201012622013,0.1576458147166971,-0.4147762662816976,872,seg_4a6s,STTC
-0.45980572548162607,0.5260274129789212,0.08780903531341447,-0.13349705097952158,-0.005722858025155949,-0.27448057202417464,872,seg_6a8s,STTC
0.6557746637000881,0.6954843365116279,-0.6496103082830836,-0.3954218813008655,-0.03524239049533253,0.6512434761927001,872,seg_8a10s,STTC
0.11791003320089989,0.5806207281635896,-1.7579792618482326,-1.183259334032029,1.284345405918387,1.2444019251139558,873,seg_0a2s,MI
1.9646645932395947,-1.2128844581471603,0.8080968285060376,0.1757262024917187,-0.44929838997625166,-0.3620614658774672,873,seg_2a4s,MI
-1.8076032898416419,0.7303532256495615,1.4499906805045708,1.4745544745738564,-0.5038198572778162,-0.5215627076221093,873,seg_4a6s,MI
-1.0478433599859271,0.10047651534803966,0.4876694793572041,-0.06610983216671427,-0.6987459687602141,-0.7222267969210068,873,seg_6a8s,MI
1.1287370927506322,-0.5112692430017363,-0.7157804997451168,-0.6044820415514753,0.0027627685609699732,0.48490658931748853,873,seg_8a10s,MI
0.19206276582947457,-0.010736315862834174,2.2850656687846924,2.02378954683537,-0.43520868356716486,0.22841979887029001,874,seg_0a2s,NORM
-0.22645375789724626,-0.30744907770578134,0.08588763657517333,-0.12125957143821238,-0.12445713921147807,-1.0838318512912404,874,seg_2a4s,NORM
0.5486746444807112,-0.8707413774323203,-1.5099943422003994,-1.4921055076970693,0.23423439435417306,-0.5829854388061706,874,seg_4a6s,NORM
-0.27844057943334904,0.08797391665767519,-0.6188790925333225,-0.719611115585407,0.09698279222017774,-0.734123217682224,874,seg_6a8s,NORM
-0.10849356008446362,1.7108132130919225,0.03392889933691164,0.5226914722541324,0.21252933100047927,1.905813234586878,874,seg_8a10s,NORM
-1.4845759332798576,0.7822153935827075,0.02825186120238898,0.3468156439794147,-0.20610635118766468,0.5366343731825346,875,seg_0a2s,NORM
1.5628479457236928,-0.7217068088692323,0.21252572240047735,-0.27372796438537583,0.08023737480930852,-0.43652870491426904,875,seg_2a4s,NORM
0.7259469937658486,-0.49409427582902044,0.005095374570403368,-0.16166390287270954,0.03527556228161333,-0.08404106480249471,875,seg_4a6s,NORM
0.6856920436952962,-0.12297460194856868,0.3738232612320789,-0.26633507259075534,0.16746665158380242,-0.23662228774885405,875,seg_6a8s,NORM
-1.1219145698844943,0.44448974863905455,-0.39155837394138304,0.28946410136100487,-0.12025772772856239,0.10724489998622622,875,seg_8a10s,NORM
-1.0682869589650545,-2.27904494951756,-5.784567866933952,4.11288042367712,-0.37052540507805604,-1.3521077537999096,876,seg_0a2s,NORM
0.7856716416915135,-0.7327281334117255,0.9025972128676855,-1.1892553991823318,0.5866850120655892,0.5100714310211933,876,seg_2a4s,NORM
1.5300563422982534,-0.7813752319953553,-0.4870990440192126,-1.6633615769494747,1.7142136659025826,2.5597948426783295,876,seg_4a6s,NORM
-0.15799771075612526,0.14929327052467845,1.0701985983384261,-1.7808099731721212,0.8665891843820873,0.9873168422398755,876,seg_6a8s,NORM
-1.2896911679451377,2.9477777242283016,3.960703362640273,0.5769922149114696,-2.8486073120350843,-2.5938744204331625,876,seg_8a10s,NORM
-2.31165395742666,3.6631085651597486,-2.461326032190405,-0.20265632226382851,-0.32802765463084144,0.09818156965597812,877,seg_0a2s,CD
1.7393749813922335,-2.7245420961882254,1.6549319972551757,-0.0299127134499456,-0.05746176743262761,-0.16997245854676057,877,seg_2a4s,CD
1.1651714376681888,-2.00155416822488,0.5575971260661069,0.03400824558044259,0.011646759003320333,-0.04123788728282944,877,seg_4a6s,CD
1.3316673083139758,-0.42797703154548816,-0.2635489628672201,-0.04883157566040176,-0.019292005394034372,0.29181838998906184,877,seg_6a8s,CD
-1.836571260890163,1.5665948944134376,0.4560062515627112,0.11060990203148309,0.6513386200757907,0.1872725248787274,877,seg_8a10s,CD
0.9364278432797208,0.5341778783461616,2.2855674751509616,0.7209926027615039,0.0281512490663331,-0.6466621516247557,878,seg_0a2s,NORM
-1.076002474036528,0.5721953769274162,-2.2796930135638105,-0.6004103274243399,0.025092387730404234,-0.019495311360562373,878,seg_2a4s,NORM
-3.553860109327325,2.441824099170282,-2.3305619174567562,-0.587984301136472,-0.11610254406609433,0.3718367486345768,878,seg_4a6s,NORM
0.9067303107579113,-0.3900639645866237,-0.9328632718386484,0.1921811833066163,0.029401758738811127,0.36309166290818395,878,seg_6a8s,NORM
2.4022503581100136,-2.028957978351173,2.150528839013017,0.19143013234882592,0.29397617344637283,-0.1076463714738928,878,seg_8a10s,NORM
0.04072858473672639,0.4449187037367016,0.8555844342548047,-0.027084266881597284,-0.4715352681663486,-1.2513711151565825,879,seg_0a2s,NORM
2.369831112484779,-0.4845687088024599,-1.0352473970529745,-0.4753575357477629,-0.1321670786003232,0.4063905205461435,879,seg_2a4s,NORM
-7.153665558700133,0.08257356317126273,-0.07631872621998673,0.10001322108587139,0.7541298488169732,1.1983327013947298,879,seg_4a6s,NORM
-3.1797654240792577,0.32080002550531184,1.086805703128117,-0.14390959620597693,0.47231799405859065,0.022415991369916184,879,seg_6a8s,NORM
7.317291886477654,-0.1319898251163617,-0.8283986411697816,0.70750622952804,-0.5790560645081808,-0.2828065083105056,879,seg_8a10s,NORM
2.0413782920767014,1.1304030858031375,0.40867028329260674,0.9009142713258895,0.25756252451918954,-2.2036007782715603,881,seg_0a2s,NORM
-0.420953906921496,0.07282396210447149,-0.7062701247741462,0.17333390849112823,-0.6233479101606798,0.8344950370420071,881,seg_2a4s,NORM
-0.7793213909723837,-1.035696607143658,-0.4738151052128877,0.40105692121268716,-0.350620572087154,0.6684072596804679,881,seg_4a6s,NORM
1.197084532967802,0.4108582704839809,1.3294185371631104,-0.4899349636373181,0.10926967592533439,0.42920225134373263,881,seg_6a8s,NORM
-2.0956070027213793,1.732779114059553,-1.1479420591947431,-1.055947753225433,0.5700972821798521,0.4957547895715388,881,seg_8a10s,NORM
3.3118286809269377,-0.4419331913366885,-1.693488952604278,1.0012103889920636,0.5097238867736242,0.5540684114965129,882,seg_0a2s,NORM
-1.4035294857617517,0.4638344259002851,0.08832578231405426,-0.5324301926842369,-0.14881695215457513,-0.24762468252451544,882,seg_2a4s,NORM
2.1121229788345603,-0.20632980501490855,-0.17419780795991976,0.4422901588378704,-0.21964951507861336,-0.6553049350456163,882,seg_4a6s,NORM
-0.9840700168263602,0.09028324449790716,0.313751326101983,0.553721194938682,0.39216645768933367,0.2686105479337692,882,seg_6a8s,NORM
-3.3532413461281605,0.453965863071675,1.4852533386376932,-1.4267729632239023,-0.4447968985224907,0.03171505844656525,882,seg_8a10s,NORM
-2.1765120358206143,1.4947213563896864,-0.9532393381894123,-1.102753422228163,0.2828362172017807,-2.737996301356289,883,seg_0a2s,CD
1.1371173566273318,-1.464933998093498,0.9592818169937576,0.36728958313467885,-0.22851215855499646,0.8185616435195767,883,seg_2a4s,CD
5.352664028606746,-1.8101202444890798,0.7762327946558889,0.359018855408448,-1.0100780065877777,2.965696298668481,883,seg_4a6s,CD
1.5529247661855956,-1.4781519574853685,-0.7836222845403075,-0.6659080322938826,0.08065564068320175,-0.019088550467386816,883,seg_6a8s,CD
-5.610621470954838,3.1426452547213324,0.03956733713578522,0.9563659615433301,0.7772134607565977,-0.8298065077313113,883,seg_8a10s,CD
-1.9076995405287667,-0.9166980105134719,-0.9427353991343032,-1.5072517867454973,-1.1635442363187474,0.014751100079002556,884,seg_0a2s,NORM
0.5579058109960959,0.3683539755101256,0.6436638095604063,1.1276365252106475,0.6126362628535545,0.30861792388534154,884,seg_2a4s,NORM
2.1142680878074835,0.3068513917577878,0.9181735759292922,1.340536319056259,1.5758044853870765,-1.4261620920039801,884,seg_4a6s,NORM
0.9041992566566902,0.25421110024688365,0.14142484177840825,0.17183884105576985,-0.14015194231219455,0.53666861921652,884,seg_6a8s,NORM
-1.8381059912770634,-0.055360612203526526,-0.6833721759531675,-0.9631480317771649,-0.8159605309060585,0.441024609294137,884,seg_8a10s,NORM
1.7311048134526446,1.032188626187387,-0.19518842037621142,0.018362225175807826,0.15543993552076116,0.07159944042116272,885,seg_0a2s,HYP
0.42522257613215997,-0.15331025992401462,0.5008542067575062,0.059257221372328354,0.05859996462324586,-0.06260565073078772,885,seg_2a4s,HYP
-0.04600243376838148,-0.46177771981103927,0.18041374111467914,0.054020311176921604,-0.1328481258618539,0.006466532056845786,885,seg_4a6s,HYP
-0.726710417979564,0.34968796234826166,-0.1289352185367338,-0.09153763271520597,-0.11594792104581586,0.09640815023955816,885,seg_6a8s,HYP
-0.9441828643042904,-1.3858598584791784,-0.23010755849601763,-0.057716999882056017,-0.04562230890508052,-0.011377069224434351,885,seg_8a10s,HYP
0.31580952987663846,-0.20219566304636255,0.38399832483717294,1.0373132645759418,-0.3449136574154253,0.9876255357261075,886,seg_0a2s,NORM
-0.914785050202292,2.2868839557282845,-1.3634352275382182,-0.675585377419876,0.44354073805302197,0.1419023902652672,886,seg_2a4s,NORM
-0.49482024618498865,0.4802325176989313,0.16214089084106123,0.16467338902541656,-0.08255307895880414,-0.333483322692172,886,seg_4a6s,NORM
-1.2084552097215524,4.194794079236605,-0.6627199769949015,-0.8662159687987027,0.2906890460178062,-0.5180366072168296,886,seg_6a8s,NORM
2.3462471584376097,-6.817706269940273,2.1232517385536473,0.4042588972189542,-0.32576879857495633,-0.35617833284012707,886,seg_8a10s,NORM
3.4114824711778633,-0.5055024962714766,1.8143422259401585,1.9808827372496618,1.1793004541931014,-1.2463835286660119,887,seg_0a2s,NORM
-0.3908067751787261,2.5220787212423676,-0.1973603003966443,-0.2646957625992701,-0.8909484722357149,1.108753936429133,887,seg_2a4s,NORM
-1.3265729627491973,0.11143350720484697,0.16835487043666042,-1.06184717962888,0.10275563628936928,0.44020252460111775,887,seg_4a6s,NORM
0.8468613298162997,-2.0348914611460307,1.2817068747582954,-1.8315587477000337,-0.6890177562498785,-0.029468062338470415,887,seg_6a8s,NORM
-1.2281490303967262,-0.7733292605990341,-2.4702285394359276,0.9289993460115435,0.49119073757874876,-0.23477115349819117,887,seg_8a10s,NORM
0.32845007993106157,-0.6499963847539263,-0.42530208393071045,0.050741227142837436,0.20523925186357184,0.21041682201699607,888,seg_0a2s,NORM
-1.3709325110973802,-0.5027947026071063,0.4696657530948284,0.19274428879658898,0.019968471169428084,0.1266101906305745,888,seg_2a4s,NORM
3.2109007525885844,5.386906881856791,-0.36272497250579344,-0.5689675307098233,0.4569421286881252,-0.3062718474619331,888,seg_4a6s,NORM
1.2868567138592908,1.805900756005838,-0.06077988327356117,-0.03175182272626112,-0.0058590242750652995,0.4864506658787671,888,seg_6a8s,NORM
-2.418795718734494,-5.617724319299551,0.7534726480480627,0.3483019842816704,-0.5735749228361122,-0.42985292782050005,888,seg_8a10s,NORM
-0.3295020862508594,0.5567446460152553,-0.46639842141624405,-0.286230565522589,0.2557408725565449,0.25302732574431636,889,seg_0a2s,NORM
0.4104615920960502,0.555851052899383,-0.5402664811601118,0.30421230112179665,-0.0017433529983040814,0.04370568308241238,889,seg_2a4s,NORM
-1.0082195947191819,0.05748074568335448,0.05114080940500755,-0.08567895689979983,-0.03291948852173716,0.01625814489093832,889,seg_4a6s,NORM
-1.020606917057241,0.2988207312386226,0.5805512325800554,-0.002200452095676464,-0.07643482474990554,-0.13161367242698407,889,seg_6a8s,NORM
1.9100977253185065,-0.2475051787502987,0.18956600601747106,-0.25575991660664726,-0.027802959055301123,-0.18776732316390612,889,seg_8a10s,NORM
-0.8802620308196796,0.5183380657043598,1.0968865598483013,0.19932554761641705,-0.06240656941610806,0.9287477108023975,890,seg_0a2s,MI
-0.19902869631115314,-0.1719128427831362,-1.4640277182110693,-0.9908175094657393,0.5332877113080022,0.06599096728137765,890,seg_2a4s,MI
-1.4941550250535922,0.636919848908718,-0.07207710547497119,0.9905954241846812,-0.4556790719350689,-1.5713738829328872,890,seg_4a6s,MI
-0.9980541901258161,0.4901499454144877,0.9767746408731734,1.1048977842286862,-0.5240144554593223,0.7319722470718962,890,seg_6a8s,MI
1.9470386742262715,-1.9344650305279656,-0.42405986474800145,-1.2755424024552875,0.5090127695915632,-0.030964919660337042,890,seg_8a10s,MI
0.13553692969390424,0.7754026361598721,0.35174163438466627,-0.08645659582040965,-0.10199802341234769,0.48260468677620355,891,seg_0a2s,NORM
0.7171781504972841,0.7068454996797648,-0.3686606067303494,-0.30806906286263996,-0.001024106346538923,-0.15743629950366528,891,seg_2a4s,NORM
0.10286143229652028,-0.16293707098786558,-0.990762241447389,-0.6489065403257707,0.08001819553032129,0.3985087127466377,891,seg_4a6s,NORM
-1.2583238258079803,0.011510013178924656,0.12122671393039085,0.23364435617572293,0.16990665345805772,0.04333299064724122,891,seg_6a8s,NORM
0.3167208523331068,-1.3006735320327938,0.11798622907490601,0.7496271944016536,0.22796758494188368,-0.634386996041854,891,seg_8a10s,NORM
-0.48791860067638254,0.17857031917517083,0.2802633587896623,0.29932745833814633,0.2921664887705895,-0.28327925607172194,892,seg_0a2s,NORM
0.4841129813311044,0.752500072293667,0.10255746099565838,-0.341783231496926,-0.32389536452073714,0.7222735490902583,892,seg_2a4s,NORM
2.015856206991567,-0.011692791545776585,-0.43120532131915273,-0.27646855056727315,-0.18816194286244908,-0.13909646385409147,892,seg_4a6s,NORM
-0.4454858794522273,-0.5144653493112982,0.2519593885174615,-0.12039650886836724,-0.17544191379031354,0.3009996539142318,892,seg_6a8s,NORM
-2.1646537157917667,-1.4876134836794765,0.08744519148741822,0.2222830265955506,0.33718627625287095,-0.4782260363677296,892,seg_8a10s,NORM
-1.1250297807576022,-1.632929031118406,0.44966842857484557,0.9735845818711523,-0.27797449271539004,-1.2408893350537369,893,seg_0a2s,NORM
0.8224794350604454,3.426167568487183,-2.161188219794095,-0.915644440881319,0.9436289898516744,0.44563272495146544,893,seg_2a4s,NORM
6.077928813678277,-9.747695941717016,6.226897380781728,-0.45729558114295227,-0.9043841311742501,0.6748153894229746,893,seg_4a6s,NORM
1.1835887200373305,1.2661246040556833,-0.16788059659970234,0.24954142227130446,0.21597505174050508,0.4132070457390439,893,seg_6a8s,NORM
-6.921292070487895,6.788608953084089,-4.260504494813778,0.31445997754755195,0.09854614883095324,-0.3446184054252851,893,seg_8a10s,NORM
-2.342791479667143,-2.176035767868542,-3.687548235189668,-5.987219613207429,2.2829303393169433,-8.634438566002187,894,seg_0a2s,STTC
0.6997348901240894,0.8790799942367903,3.0654436044730224,3.9760384073596233,-2.2245473715451505,7.472387787453968,894,seg_2a4s,STTC
1.9476397207453107,1.113625846620839,-0.22114245955027914,-0.049395984889752845,-0.05312256312973686,0.11494765836205677,894,seg_4a6s,STTC
1.1885557102239255,-0.547562159435921,-0.3218065904855878,0.02918742026767108,0.23124932037193402,-0.8152685786684353,894,seg_6a8s,STTC
-1.1392004129401108,0.07129384760053636,1.4578767260064587,2.2804887171044514,-0.36756847625120026,1.9325519785014134,894,seg_8a10s,STTC
-1.912513325231278,1.5991826696685945,-1.5426591553232962,-0.36935525795379825,0.4461864344154026,0.1373734899885568,896,seg_0a2s,NORM
1.4320078523159459,0.36453975921680687,1.0464593412408365,0.23663769192156323,-0.3515595895656249,-0.2067084407939763,896,seg_2a4s,NORM
0.09225876039374081,-2.65888145597019,0.8838253797561508,0.2398077233962738,0.2102690072925412,-0.09495980441757783,896,seg_4a6s,NORM
-0.012967639083290862,-1.0635157192973037,-0.05636676267143293,0.2103675618360952,-0.5787148009728551,-0.06581029650426438,896,seg_6a8s,NORM
-0.47670186082771926,0.9888891928814978,-0.3696281130708287,-0.31945893170376993,0.039605678199827875,0.21092865706765754,896,seg_8a10s,NORM
0.5365951865284896,2.142659435552683,1.1039275778537043,1.3042750194929074,0.5994222367951646,0.6105798242400328,897,seg_0a2s,NORM
-0.40536325962451203,0.6387641119756272,-0.9857170889360898,-0.44038322068823893,-0.12476458985086247,-0.25546047186219045,897,seg_2a4s,NORM
-0.2613184227900232,0.4379456831707687,-0.3635604488964696,-0.2168551584126334,-0.38196448310807096,-0.018692941859645824,897,seg_4a6s,NORM
-0.11485238351149123,-0.5810018531934623,0.19260960547177813,0.06815699987568889,-0.1897881899767976,0.147970722864315,897,seg_6a8s,NORM
-0.07959370557832937,-1.486242652866854,-0.6703299706013501,-0.8498404763306958,-0.018240469568437122,-0.5275086702658266,897,seg_8a10s,NORM
0.29379576974220517,0.7108297076356098,-1.2460992133132478,-0.8861308970601315,-1.8654057364413503,1.300288508230873,898,seg_0a2s,STTC
0.5152301336910966,-0.7768531782094276,0.5165184248702634,0.46344107654596806,0.7692827228562815,-0.12382140702842526,898,seg_2a4s,STTC
-0.36087856236038746,-0.6880513024697061,0.22342573594527856,0.0811248053649324,0.5785728345867026,-1.170366249212446,898,seg_4a6s,STTC
0.2831153355779842,-0.1039353991963704,0.2881435924578437,-0.6609576042080589,0.1978985671767547,0.03367401096286679,898,seg_6a8s,STTC
-0.16636649988757207,0.6990502965784652,0.5955162220498698,0.7825795340848071,0.05155916474808085,-0.23176757910063323,898,seg_8a10s,STTC
-0.2678868971014756,-0.3643568322614435,1.803926316161469,-1.7360067522878178,0.6373011378484513,-0.5001530490670694,899,seg_0a2s,NORM
-0.6918876271734853,0.32168094611161,-1.4652953824048565,0.5182389860612019,-0.3688859164847272,0.05041622731162934,899,seg_2a4s,NORM
-0.19253789066511343,-0.19495872082834867,-1.6503557583167592,1.5520972734145606,-0.666752549379272,0.2949663852433418,899,seg_4a6s,NORM
1.0608301914313318,-0.9160320649406036,0.3849439314409537,0.8037377691806096,-0.014441387640146837,0.3159293006232979,899,seg_6a8s,NORM
0.19825394421693074,0.5153125679110251,1.1609880319143981,-0.8337228719830015,0.22633173764531941,-0.15807052589616424,899,seg_8a10s,NORM
2.0767826795219957,-1.3421010141829102,0.2911170887061149,-0.5986258701848068,-0.5296986254212044,-0.05185762651446469,900,seg_0a2s,NORM
0.44335406208629824,0.5193269569312039,-1.139201081520495,0.3358782882253372,0.41521940116276485,-0.047351410472076694,900,seg_2a4s,NORM
-0.9121042765230607,0.9160078794169696,-0.8970832435756222,-0.22357763325206048,0.09560571918689423,-0.0803716116157159,900,seg_4a6s,NORM
-0.2830661723016862,3.746493711947269,-2.9080972068554694,-0.26871521757164635,0.0485663571057735,-0.02690990564157174,900,seg_6a8s,NORM
-1.1396581214807244,-4.253808160875244,4.765817062026457,0.8567016333652582,-0.02033150577153959,0.12324101018040047,900,seg_8a10s,NORM
-0.5828909311159323,-0.6166450106139233,0.8892163211903727,-0.1502838257316886,0.09213530276325085,-0.03396860803755167,902,seg_0a2s,NORM
1.3684227412464376,-0.6793410133994955,0.3515621459584626,-0.008566340347223271,-0.11422289980397782,-0.2369532712996341,902,seg_2a4s,NORM
-0.5486587539321521,0.15531981698431505,0.23622939148714586,0.4775618693417203,-0.0735016488505103,-0.008239268818972943,902,seg_4a6s,NORM
0.7016510308305655,-0.7261329179489199,0.11833479102555788,-0.6121093588666227,-0.44452667138095375,-0.17109825029048228,902,seg_6a8s,NORM
-0.22705696017375498,0.47966345775732344,-1.2829490551515697,0.3716909421369072,0.4738542859255483,0.4034086747912681,902,seg_8a10s,NORM
1.4943388515105733,0.9120168206456387,0.1489010470526907,-0.5088094259200859,-0.34072874185273333,0.17757744228339944,904,seg_0a2s,NORM
-0.6752018719615769,-0.09381572294442773,0.45184995787615395,-0.3845208226971292,0.0587215401049396,0.13050119813620722,904,seg_2a4s,NORM
-0.9573879512560706,-0.690897015134113,-0.6582466083763223,0.7842032413911751,0.7663010880834393,-0.32232447995236363,904,seg_4a6s,NORM
-0.4535577778081496,-0.8498477030338889,-0.20940478522155673,0.49159078381646265,0.17225597076296711,-0.08778574769423104,904,seg_6a8s,NORM
1.727807725670538,-0.1573641837602024,0.0473317994321114,-0.6619169297980135,-0.6836751852775182,0.19903929336267207,904,seg_8a10s,NORM
3.4225784623747333,4.146450979092546,-0.5187882890808553,-0.503314292520318,0.38429953979983517,-0.07971764806344667,905,seg_0a2s,NORM
-0.6566620422272333,2.431605701943202,-0.27999753448645376,-0.15796606722469508,0.5632947536654217,0.03793947172100359,905,seg_2a4s,NORM
-8.0453437654557,-11.93844098453503,0.7631413056744344,1.2791238654979695,-1.2551421184086051,-0.15685385521603837,905,seg_4a6s,NORM
-1.6226736461355522,-3.069339224264816,0.397404629325424,0.2927880850732621,-0.43435997256900705,0.09250227779001875,905,seg_6a8s,NORM
5.8686454196743485,9.33662341634871,-0.926958529855366,-0.8182872150647511,0.902214890738087,0.11274903662008495,905,seg_8a10s,NORM
0.4132486144706081,-0.8495155883203402,0.25923025884597184,0.8825754478193953,0.7372361132810178,-0.05565901621834548,906,seg_0a2s,NORM
0.5160730293410739,0.14584944017295365,-0.14568760471378572,-0.07645067764786959,-0.30705575227233245,0.31942672183523524,906,seg_2a4s,NORM
-0.27545853820745203,1.289101349649829,0.0030058040041488314,-0.1836589579492573,0.01784637490333334,-0.052339791258778426,906,seg_4a6s,NORM
-0.6007476199370922,0.0007793957543426165,0.3140867778402178,-0.38100118974214964,-0.4296802194471997,-0.12092836451004209,906,seg_6a8s,NORM
0.11609159532245805,0.3943949611301041,0.1350707340710178,-0.08917613638841373,-0.25060759175601166,-0.3198399777617715,906,seg_8a10s,NORM
-1.3180108734665352,0.13512575299168866,-1.1172218790785984,-0.30383135060538535,-0.14924754777587684,0.09055264172429486,907,seg_0a2s,STTC
0.15333301631764298,-0.2998694483284313,-0.6895412288409373,-0.7211185003066365,0.4455465042278536,0.25060225066730535,907,seg_2a4s,STTC
1.8044407124627226,-0.28406853118342407,0.031833991954067296,-0.1089184631000056,-0.31485028303460333,-0.20857008984864595,907,seg_4a6s,STTC
-0.278396511806377,-1.1742118057943476,1.2641031154023503,0.3296068983977418,-0.21621581316678695,0.12573727103922536,907,seg_6a8s,STTC
-0.10029722018518696,1.0882961635783068,0.688707922034079,0.68665112159284,0.07029906718346651,-0.2819347840655291,907,seg_8a10s,STTC
1.6774810108759841,-0.6766669468172961,0.6559811992415513,-0.11121835850226043,0.041957267577746496,-0.8506939634829157,908,seg_0a2s,STTC
-0.20925682437449633,-0.30353145718655833,0.9823823266873578,0.5023024666793693,0.5961103895624335,-1.4024024006647182,908,seg_2a4s,STTC
-0.15230880479265166,0.6384393474895257,0.13513157205552662,0.2609227983660189,-0.6288833476704636,1.1296916593993547,908,seg_4a6s,STTC
0.2017210571362938,0.982995402726357,-0.018760116538053696,-1.0945718064260408,-0.8421608908285886,-0.40765788398333047,908,seg_6a8s,STTC
-1.566506340017584,-0.08777080824953919,-1.8430313352604204,0.07984148669441783,0.5562839259054102,1.410050770898334,908,seg_8a10s,STTC
-0.015997406662625842,-0.0470295411619247,0.14484701557192747,0.09183518509014367,-0.5232956304527859,-0.12294267493518032,909,seg_0a2s,STTC
0.45413334851511333,0.6644472973323245,-0.09067212751446925,0.15866463692554736,0.39038528163257497,0.3192436685421329,909,seg_2a4s,STTC
-0.6568692983034,2.0162306055463137,0.19162053944454965,0.3458362912292366,-0.6977496011949974,-0.45283160064066147,909,seg_4a6s,STTC
0.459089455658437,-1.0578256211355381,-0.9238261542171556,0.24785233847726204,-1.7362127643656002,-0.6231456881720713,909,seg_6a8s,STTC
0.06025568249229741,-1.735454947702018,0.42061414030847655,-0.7941253171125568,2.5807948262010747,0.9077511715740259,909,seg_8a10s,STTC
2.5544696533556634,-0.043454700678996185,-0.1605323698796924,0.3043842421585743,-0.48616977344699946,-0.5057580801941672,910,seg_0a2s,STTC
0.9249192105159337,-0.21176367910666577,0.25176409998186705,0.18760982112125732,-0.3119513702726257,0.3761435449972162,910,seg_2a4s,STTC
0.5823180476109618,0.2819221028799891,-0.19361848742418464,-0.5047199241031455,0.0007717050467119536,-0.6823705329047459,910,seg_4a6s,STTC
-0.9513420437197805,0.803924455244007,-0.5538327742265293,-0.19497249760175883,0.2587531512245582,0.517767479244247,910,seg_6a8s,STTC
-3.2508236859238564,-0.5239970968272097,0.29275097802422884,0.07152212392039153,0.4947272924636291,0.40637136026798315,910,seg_8a10s,STTC
0.1478198075117873,0.7075667998667187,0.6090654192593676,-0.23312501096927024,0.6486370381264267,0.05739570641400936,911,seg_0a2s,NORM
0.6400188825165168,-1.2484914171052817,-0.2518681235360966,0.2132519256933554,-1.075991164800865,-0.42773171765082757,911,seg_2a4s,NORM
1.3283216809676006,-0.7443533864467531,-0.596299834266097,-0.26610711527901704,-0.07556994410917692,0.039078644134971266,911,seg_4a6s,NORM
-0.4613178078957424,0.13066166237972543,-0.3579712503053359,0.3013493799157948,-0.48526951821791564,-0.0035376286611000915,911,seg_6a8s,NORM
-1.063250089897011,1.4416126635404038,0.3924392973121004,-0.20659110563428446,0.9353171140760823,0.3037717757241269,911,seg_8a10s,NORM
0.6576059615620743,-3.419515125415137,-0.334549559001,-0.7726556163200562,-0.9409734675732223,-0.3283298066833846,912,seg_0a2s,MI
-1.9089129752884486,1.8680221175717473,-1.1933699340811863,-0.37507223082411917,0.18147571396843165,-0.5845232295083143,912,seg_2a4s,MI
-1.8834301943074543,-0.19521954843012565,0.27298411027828984,-0.026612972862744572,0.17316982029334002,0.3946524768470461,912,seg_4a6s,MI
-0.15487105728084702,-0.8330737700317795,0.6661429396983809,0.5531416767683324,0.5851477052278004,-0.25335437482722484,912,seg_6a8s,MI
3.3773529846884185,0.6514086748165955,1.0372362467686131,0.4222260813457348,-0.059920143193570224,0.6657831335776323,912,seg_8a10s,MI
0.4602779685588937,-0.7083874364961164,-0.30827157831043256,-0.09279489649039581,0.031793480826716077,0.3518683684042109,913,seg_0a2s,NORM
-1.5290881861095211,-0.9434721304092102,-0.07665876734597232,0.30328674510834874,0.02804525351726468,-0.2995131702581601,913,seg_2a4s,NORM
-0.2599042723766891,0.302308015480301,0.652393347971621,-0.16079980046957426,-0.5430678211061183,-0.2334083838636419,913,seg_4a6s,NORM
-0.369183428551007,0.4462505329715337,-0.34826981541756635,-0.10843613866004806,0.31854109309940654,0.16919102389684423,913,seg_6a8s,NORM
0.6164641082732579,0.35507778960282055,0.04638351724917199,0.1763514371629172,0.26283325031120386,0.02513725228845637,913,seg_8a10s,NORM
-0.8028046927932335,-0.2230064744117597,0.33247330543056125,0.18083241584626347,-0.9641928781071694,-0.5580480363779317,915,seg_0a2s,MI
0.7789451741877845,-1.4480365936550808,-1.2054951328225376,-1.6606044038481704,-0.3029159390177259,0.5458005079076388,915,seg_2a4s,MI
0.09639584025514368,0.2772762731064854,-0.6447521142440124,0.5447979927825916,1.3259376842471804,-0.1829117402947221,915,seg_4a6s,MI
0.2467547814257265,1.535580080198734,1.5908595725685908,2.3640561266389266,0.09655121869074547,2.149306854894528,915,seg_6a8s,MI
0.07208055608456017,-0.1292293806463012,-0.14169843700067583,-1.6963972122009932,-0.17735154769497002,-2.0182596602094858,915,seg_8a10s,MI
-0.014491643190114221,0.53376977267249,-0.33507895238820273,0.5242393334369145,-0.15333372273747103,0.5375875842642683,916,seg_0a2s,NORM
-0.46000866918537453,-0.24537000742668547,0.07665040254566435,-0.3384462729869093,0.01582447008673871,-0.20670392821181055,916,seg_2a4s,NORM
-0.192470844241267,0.21014403253619726,0.22072980591709115,-0.5108681764027986,0.2254716779815659,-0.24731183367734008,916,seg_4a6s,NORM
0.15611775966456432,-0.12412641419843772,0.16342505941960656,0.12653359675181883,-0.1295507514914923,0.3600130604701095,916,seg_6a8s,NORM
0.7984593935790762,-0.029853466032735268,-0.026727044711519127,0.21894087806397391,0.08489521818216941,-0.21324774285484518,916,seg_8a10s,NORM
-2.7569167463812456,-0.12720682732532387,0.976894896171673,-0.48064213367589625,0.842964821821248,-1.277370132969078,917,seg_0a2s,NORM
3.8492976877174114,-0.49758835405472657,0.29023272805775124,-0.24815524672058933,-0.7826978209585681,-0.08761244619184144,917,seg_2a4s,NORM
0.4474025637649468,0.6285211740971277,-0.07050839632172112,0.9509838784782049,-0.5249895916626393,2.960329651429289,917,seg_4a6s,NORM
-1.0188002323986338,0.481340406717076,-0.4321677288612526,1.788806731554578,0.9937557968564036,1.7142361059664155,917,seg_6a8s,NORM
-0.13622594571589985,-0.9946712511839518,-0.7103021734950915,-2.07802765704423,-0.6300016404972189,-3.252567373219455,917,seg_8a10s,NORM
3.714713352898066,2.1940759988352068,-0.2049008664914344,-0.22996151810497745,0.0690562850922062,1.3112232719191759,918,seg_0a2s,NORM
-1.296615035848012,-2.228064630711905,-0.7562120289003602,0.576549221908826,0.8407213665340445,0.295579715182304,918,seg_2a4s,NORM
-2.050022313799285,-0.6555688207883295,-1.7174950103385636,2.456479493581392,0.6628925002448193,-1.1452465983522964,918,seg_4a6s,NORM
-1.2451417816525492,-0.2362207407315633,0.8498676889798202,1.2634776460358121,0.23394987124484862,-0.5861483899491519,918,seg_6a8s,NORM
0.5400557681665286,1.0144369104267643,1.8210143981382063,-3.7061899998345784,-1.8286067884906014,-0.15409635433454444,918,seg_8a10s,NORM
-0.24873628761999225,2.126796454713217,0.07712840787701936,-0.05335647681236136,0.10460683865731395,-0.09167398341447966,920,seg_0a2s,NORM
0.5097098968998159,0.5441004534107863,0.05244696395441458,0.34768057606671887,-0.0739652069421625,0.07741559832284306,920,seg_2a4s,NORM
-1.00838942000533,-0.9472308298301207,-0.28272514047030517,0.2286679868864448,-0.02092991425845048,0.6378518197746883,920,seg_4a6s,NORM
1.9294639227070367,-2.7781591576926363,0.645999535221849,-0.6700279418830695,0.14794366393542274,-1.59686766460473,920,seg_6a8s,NORM
-1.5252781464710994,0.9835616375456787,-0.2814762115271196,0.09855440437910491,-0.015602984491938286,0.8470480327574236,920,seg_8a10s,NORM
0.1647377406938845,-0.01778583044828331,0.34268249840195153,-0.12904580290246911,0.15346689865628985,0.29056265880246396,921,seg_0a2s,NORM
0.12493066574330228,0.4446164084966835,-0.5924439342087928,-0.2551489524052371,0.14569168176770111,0.011497049211636889,921,seg_2a4s,NORM
1.2326576754576186,-1.9503802337399592,-0.29044781809333303,0.045226454299232506,-0.04461260382300098,0.10319247114248467,921,seg_4a6s,NORM
0.08214113290061434,-0.7895864572002868,0.00014575087701663961,0.017139221122104673,-0.05867305715239877,-0.04879945297802451,921,seg_6a8s,NORM
-1.555864170929577,1.9040151736529967,0.4350437055427647,0.24429584980689376,0.048405225125483765,-0.13376491808641044,921,seg_8a10s,NORM
-1.370984078068385,1.6852339834368935,1.1573455900514318,1.8139607710230399,-2.6139696897787172,-2.2581891250743866,922,seg_0a2s,NORM
1.1346129404721637,-0.6853597492392772,-0.18860314545333265,-0.35634487266563647,0.9311739842940024,0.4765179010580407,922,seg_2a4s,NORM
1.3941561849955781,-0.6422724469039741,-2.2257028451269707,-0.6360751349596907,1.9580680304222897,1.8732361096855759,922,seg_4a6s,NORM
1.1210715675570748,-0.6675525053186525,-1.1136915821431332,-0.2368529998482967,-0.9188672163465166,0.12441587602456128,922,seg_6a8s,NORM
-1.8655692060933013,-0.4179888349669491,2.345721383060728,-0.2603278889001849,0.5206751998876671,-0.5088036980360594,922,seg_8a10s,NORM
0.6732756065556063,0.6000135993584707,1.443954141679265,3.483652054337571,1.8057723127003058,-1.2296787271691736,923,seg_0a2s,MI
-0.7331304106629721,-0.8587322959824287,-0.6044694767164315,-1.5393847911638514,-1.3145004643845806,1.0285082239451524,923,seg_2a4s,MI
0.31123479965014006,0.037797240523415265,-1.5041166038566391,-1.1974303228132153,0.5248259027031243,-0.1615040141347892,923,seg_4a6s,MI
-0.7302610386081521,0.6579711150952918,-0.46587289064556386,-1.0692204883240723,-0.4650788932039281,0.21967510446695995,923,seg_6a8s,MI
-0.12486465980649779,0.9221247943551009,0.460579063640719,0.27770984055896,-0.33892128571350105,0.21864021180140006,923,seg_8a10s,MI
0.9690088496338802,-0.8475926303027157,-1.5922055503824737,-0.27981274876868495,1.355240033076857,-0.9467997386654348,925,seg_0a2s,NORM
0.07379441215084354,0.47837212443715554,1.2013785906053207,1.7062702658733395,-1.0536019721963463,2.246403280939779,925,seg_2a4s,NORM
-0.47583376535908,0.4386112519481207,-1.2551814771211964,-2.7863373613386813,1.8388177210455725,-4.007266883505551,925,seg_4a6s,NORM
0.08012553697894298,-0.5234123035032242,-1.1170701959195832,-1.635819343934121,1.0220053830506963,-2.8624695011388326,925,seg_6a8s,NORM
-0.7610525728940026,0.1343673460684381,2.8829915351582907,2.9234254614961395,-3.0672675502472466,5.4868114400905865,925,seg_8a10s,NORM
0.3583134168295276,1.8061248270281334,2.2305964480611244,3.2595339211639285,-2.0526477617240504,6.0692215473892475,926,seg_0a2s,NORM
-0.06798760414145821,-0.8339675189824226,0.06305004496964954,0.08444934797642648,0.11591018488669758,0.671728651897258,926,seg_2a4s,NORM
-1.5765049994421874,-1.2372190243452184,-2.725607161151871,-3.727186452284232,1.5591920650812998,-6.093829274919795,926,seg_4a6s,NORM
0.5268189927661384,0.9095325466726477,3.800258457860439,5.217079676021413,-2.3061008222168295,8.565995426367278,926,seg_6a8s,NORM
-0.1658274479668049,-1.633542871883169,-3.229365899231025,-5.091699599401154,2.5849157711279442,-8.839196065118564,926,seg_8a10s,NORM
-0.24415881346233212,1.0557501994955303,0.5139181503296729,0.3696467978371948,-0.778752866086145,-0.2649117465442207,927,seg_0a2s,NORM
0.2797636764636741,0.05621206234833675,0.5307354438554681,0.09360344274404112,0.4954517373337121,-0.00866604837724921,927,seg_2a4s,NORM
1.6835215983639176,0.6130244064996296,-1.3241355951814748,-0.17489106538055213,-1.449245960751735,-0.2053956334466742,927,seg_4a6s,NORM
-0.6172222294975593,0.9281284008233173,-0.46482479836573204,-0.06990582140368402,0.1539254100674418,-0.10616627194678428,927,seg_6a8s,NORM
-1.0381554319791408,-2.4314622104100962,0.6227700122823137,-0.2409144874502018,1.5425407327670566,0.5514471158950429,927,seg_8a10s,NORM
2.6095711460354476,-2.6673584775759664,-4.477779091871309,3.3189065624602256,2.7471969905812577,2.252925896077043,928,seg_0a2s,NORM
-1.6606088793334224,0.8274495913494151,2.7342967865223295,-1.3003138569891086,-1.3207999334187333,-0.6649504364912959,928,seg_2a4s,NORM
-1.499660081435474,0.4823885512684732,3.1593136798798134,-1.9341725880396103,-1.8105670815617296,-1.5602949777890658,928,seg_4a6s,NORM
0.2149272957024848,1.390316974098116,0.43163152743011185,-0.48741049517320234,-0.27551252988395886,0.08773882820286617,928,seg_6a8s,NORM
-0.15522667906171053,0.016822022735762037,-1.8642840161986174,0.5302137157784796,0.5334088327357982,0.02531314226445607,928,seg_8a10s,NORM
-1.2237722668654816,-1.8720890167155262,2.251943816477306,0.26980405844335076,-0.6039430910952329,-1.1369516437625529,929,seg_0a2s,NORM
2.1611521526162076,0.6359914695619199,-1.7408864549061165,-1.3380505639490905,0.4054916276936962,0.734582589882495,929,seg_2a4s,NORM
2.0236806614371794,0.350559358156162,-2.1167702382711604,-0.40789671021534685,0.7867961046443598,1.3098754899548217,929,seg_4a6s,NORM
-0.7143724675204242,-0.2369897940674729,-1.263603982335452,0.8608141902019288,0.8466903541367123,1.3978653214890997,929,seg_6a8s,NORM
-2.499821339991807,1.110208008621264,2.522175490354856,0.4842338589274843,-1.390119422919217,-2.1069736330939524,929,seg_8a10s,NORM
2.9198528011609164,-1.0121625231881304,0.1762877810132792,0.08250999538051036,-0.10250367343890569,0.45841095136759913,930,seg_0a2s,HYP
-1.0074874525677882,-0.7945466529230961,-0.22032813347043662,-0.5109834343931268,0.019200017495166435,-0.8016695593119604,930,seg_2a4s,HYP
0.01176130091744148,0.6830818571360446,-0.3908640364656575,-0.7465922421849945,0.35681420472769865,-0.2867568624422224,930,seg_4a6s,HYP
1.8031509451382721,2.0983121105055584,0.34499115727271046,0.4855946225812974,0.0029727155501583988,0.7350058810137645,930,seg_6a8s,HYP
-3.145872331853853,-1.1503166073620028,0.5410907978150583,0.2835249492150564,-0.23460224362275509,-0.27997852852993965,930,seg_8a10s,HYP
0.30106973926394104,-0.32042297556221927,-0.3244129089301785,0.2711500795541206,-1.603379854201887,-0.3260965926731479,931,seg_0a2s,NORM
0.6348279302607086,0.7806899665128249,0.4543056218276134,-0.4816038999148424,0.5857119339024963,0.2747190695123696,931,seg_2a4s,NORM
-0.8105450461975959,0.0342353746219131,-0.42305077862288226,0.733469223147229,1.085779605489145,0.014559439211239795,931,seg_4a6s,NORM
0.5211126233007268,-0.9155409492725751,0.0016788661461759444,0.04353294617125409,0.534418606276383,0.012760236779592444,931,seg_6a8s,NORM
-0.02764015662845702,0.07463250070593161,0.49238433012111144,-0.4411942490871724,-0.2844770595164503,0.08948870004127041,931,seg_8a10s,NORM
1.4799901035069396,1.3089770937410736,1.7053288704907572,1.0456885396184645,1.780930908369868,-2.040225732891443,933,seg_0a2s,NORM
-1.0781486826698317,0.3379710984169181,-0.7565749910627888,-0.09419750956265445,-1.41850234364656,2.2305069591707487,933,seg_2a4s,NORM
-1.1776151820323715,-1.3504495805317158,-1.3127642839983127,-1.9224909475098573,-1.096726809818514,-0.5058976379441912,933,seg_4a6s,NORM
-1.7050546192878273,0.24025392881631724,1.7190899322202084,-0.03187823037612372,0.43684055807016137,-2.4062451689585242,933,seg_6a8s,NORM
2.1249748523893857,-0.5162305567898424,-1.3638035807731133,0.8553790747510195,0.20504516402503958,2.731257504019868,933,seg_8a10s,NORM
-0.3894440674836633,-0.9488726883714841,-0.14460517930591302,0.4827632184141149,0.17343427503473394,-0.1185154818205792,934,seg_0a2s,STTC
0.4930268623636339,-0.39350547217278026,0.11687312625347406,-0.02822169533732863,-0.06684722353299047,0.09680100031135506,934,seg_2a4s,STTC
0.5199195224632354,-0.19106353208861096,0.531979894105621,-0.3284312889341604,-0.30731568816288457,-0.03239668388157497,934,seg_4a6s,STTC
-0.34021970027905957,0.41221921189355837,-0.16714671798338318,0.49937081338414524,-0.08865814883883381,0.059605577207987794,934,seg_6a8s,STTC
-0.21452375495107007,0.7123566185826337,-0.10817231217169494,-0.3963602086191356,0.2082403609610321,-0.19899540996471415,934,seg_8a10s,STTC
5.044778312997873,-0.5083117005497632,-1.2239582232637114,-0.1666348657771708,-0.11693836037941828,-0.2099777198025963,935,seg_0a2s,NORM
-3.0566290625604595,-0.29615157379894524,0.9662787920355894,0.2838093247251565,-0.012331968357975294,0.0738703179188902,935,seg_2a4s,NORM
-1.509613104308095,-0.15242300344545523,0.14988264592789852,0.19685074139928846,-0.1077321501598096,-0.014824683783089852,935,seg_4a6s,NORM
-1.0143189499111191,0.6316138070204506,-0.31478854799889566,0.008791410267897344,0.16115193667764852,0.07973477466378597,935,seg_6a8s,NORM
0.16751466847554813,1.0645565572814397,-0.3152239069299723,-0.27330546467902483,0.3665023602397041,0.218596130266473,935,seg_8a10s,NORM
-1.4945703450117978,2.687391315964193,0.7478848548639887,1.0246513436921343,0.10617493659188068,0.2694601022956081,936,seg_0a2s,NORM
1.1717685587605897,-1.9455107471156103,-0.02936271036098942,0.3597660231804434,-0.30516955343033,-0.4935433244750782,936,seg_2a4s,NORM
1.061957896555928,-2.80304549097709,-0.3586214760170736,-0.2766444085782758,-0.12290177390478732,-0.40614451091507375,936,seg_4a6s,NORM
-0.8532416480973021,-1.4880389116177875,0.14963128783174576,-0.5871799234431074,0.011625098042320295,-0.09943989120182567,936,seg_6a8s,NORM
0.13366930887534334,3.2281427957557374,-0.3428641311353351,-0.688932615266119,0.3628876828333412,0.737878074965013,936,seg_8a10s,NORM
0.22574824354017214,-0.5726345946959941,-0.8275337614907285,0.22266909550740685,0.2581685508967025,0.3596254028107886,939,seg_0a2s,STTC
1.1214772130485071,0.03271661145001084,-0.719814375642855,0.3127742101645173,0.16909725854979213,0.06976645561098126,939,seg_2a4s,STTC
-0.09767513062359072,0.9462173374824766,0.43115282854447123,0.7371177737037627,-0.20059222247421427,0.6940676564823567,939,seg_4a6s,STTC
-0.10373663934631586,-0.5562972515571374,0.40098084939425865,-0.018221410184200967,-0.2517771068321048,-0.10165433807516958,939,seg_6a8s,STTC
-0.7321431609639699,-0.0009227261325773461,0.8748917360779077,-1.1557182431267474,-0.01224911200397379,-1.0302494967837623,939,seg_8a10s,STTC
1.030491027120524,-1.2993816620071683,-2.8188859797324834,1.667997924676376,-3.472525342705372,-1.0577424188374827,940,seg_0a2s,CD
-0.09207576940971847,1.151951637149823,0.8922137120394085,-0.9948878177040873,1.8957767987988736,0.539295249140984,940,seg_2a4s,CD
-0.2439119439115003,0.3422876822649218,1.1423117006111283,-0.2544188408615208,0.5244969495656822,0.0001506843793705588,940,seg_4a6s,CD
-0.3208082230428666,0.7910545364351089,0.8494602071227884,-0.42432079437847825,0.5605281308882608,-0.15708274954638793,940,seg_6a8s,CD
-0.7891816343904169,-1.2117910880787799,0.08561694605492398,-0.03148698953882566,0.36190284757275537,0.40652880988674683,940,seg_8a10s,CD
1.20362643988555,-2.5157058697328076,2.407148609260533,1.6929447798362416,0.3362371300406476,-0.20622084129169613,941,seg_0a2s,STTC
0.23148771827254294,1.5511999931360816,-1.4334102238018733,-0.2645439413116348,0.05439523218961343,-0.032159439901675725,941,seg_2a4s,STTC
-1.0985239860569067,-0.34486080333583735,0.35082152385673165,-0.4064202957489068,-0.1734704785658147,-0.0703221520047867,941,seg_4a6s,STTC
-1.2060875605344616,-0.027555301512668433,0.24585942639729397,-0.6459876489011708,-0.17777813213673987,-0.058429750230573785,941,seg_6a8s,STTC
0.7104083217229782,2.11739141138665,-1.7530577823853528,-0.5914342121793772,-0.13519315302520704,0.35707103883553454,941,seg_8a10s,STTC
0.34201063920879093,1.705096225994938,-0.5212139834097073,-0.4056663583608314,-0.22160642874667347,0.10194200458217839,942,seg_0a2s,HYP
-0.84074989325514,0.6400151286780748,-0.4279271688603746,-0.5107141196399696,-0.18026650619610762,0.2384595565935101,942,seg_2a4s,HYP
-0.7981974680008928,-0.4562225249408729,0.49932938295766466,0.9629821138762491,0.738379901712692,-0.1898924580122071,942,seg_4a6s,HYP
-2.374549763016547,-0.5629590496331606,1.1332930279587463,0.20778880481639528,0.024441057937936814,-0.0878302887607049,942,seg_6a8s,HYP
2.9614608187290323,-1.38515860494283,-0.8919951066897442,-0.23985696110095706,-0.23906202865796983,-0.004063328924520349,942,seg_8a10s,HYP
0.3988410593102738,-0.3310668966549823,0.023387464833038045,-0.10051270372552416,0.0680935359408064,-0.1775495712151423,945,seg_0a2s,NORM
0.19327722513511905,-0.05601883232857425,-0.04436359741830102,0.15537261739790043,-0.02919981937890202,-0.06885750303914306,945,seg_2a4s,NORM
-0.22207653076399625,-0.6604177523918673,-0.0883711888043649,-0.043026993725163894,0.023361093334876754,-0.11017136835329615,945,seg_4a6s,NORM
0.4464398890455679,0.32390624917468863,-0.2964174046526725,-0.36862396681764076,0.10194195990490411,-0.3785538798392624,945,seg_6a8s,NORM
-1.0284355513805774,0.6421212826770148,0.3052832231573456,0.5005529540000387,-0.1067004886936356,0.9312938512357379,945,seg_8a10s,NORM
-0.37489721421098654,-0.3511359311783365,1.093040206407761,-0.12733489081236202,-0.20107711027482217,-0.18452209731142064,948,seg_0a2s,HYP
-0.09248614483751061,-0.38698275998292364,-0.21345463933895595,0.5780666107379123,0.18641150599508557,0.06154311704974283,948,seg_2a4s,HYP
1.3898688522051763,0.13099900355230296,-0.32806159556180886,0.18408887932489426,-0.0017038150482601446,0.24243018419525497,948,seg_4a6s,HYP
0.5493567197439386,0.43151812628219455,-0.3434478090175117,-0.3455661407718704,-0.2047611157082622,-0.25280788517677943,948,seg_6a8s,HYP
-1.7202745152538161,-0.03475885234153982,-0.06530635447218933,-0.1705664513733262,0.26283622916330596,0.08657343297372337,948,seg_8a10s,HYP
-2.289270401386206,-2.1467275237731545,-0.7302534943831195,-2.297929991138444,0.8371812882555477,-3.200642301800729,949,seg_0a2s,NORM
0.49454815356388415,0.6877365985358275,-0.4958803843717396,0.7637795422107612,0.08728623887743431,1.7019083730351097,949,seg_2a4s,NORM
2.660868835721685,1.8275087697311538,0.809236365704545,2.908368652708083,-0.7076949392879198,3.002607393140031,949,seg_4a6s,NORM
1.9819394189218675,1.2114689011850983,0.34782064304764326,1.0821950744573792,-0.5612331729567075,1.3055673920229518,949,seg_6a8s,NORM
-2.0174924118120896,-1.066575880824364,-0.2298253336678201,-2.415144866666477,0.3752102138014414,-2.8030318914241197,949,seg_8a10s,NORM
-0.7030586390597592,0.326314156218825,-0.6186250178276889,0.030152887360959946,-0.07555820331117008,-0.3459490785668261,952,seg_0a2s,NORM
1.0415190153903826,0.6248342719724007,0.9772724102455511,0.08987258861451711,-0.1352655256819582,-0.07563944506439292,952,seg_2a4s,NORM
0.6358315834366245,-0.556805467365233,-0.34157903086259767,-0.3577607431912068,0.007885931050386789,0.13072702957608348,952,seg_4a6s,NORM
0.40544763624566177,0.12758448339669545,0.07364002526705703,0.1903671468229439,-0.0014616981225541064,-0.004708233387417457,952,seg_6a8s,NORM
-1.4017971322139253,-0.6658992609499785,0.16681145866382163,0.38202554352953716,0.24366944039819313,0.20581788331507697,952,seg_8a10s,NORM
-0.9366102578003614,-3.6788178573185704,-0.021210046842650165,0.1356045848810906,0.09014478738747869,0.7085834601563031,953,seg_0a2s,STTC
0.06593595653571731,1.0365881440776665,-0.027974523820610293,-0.07450129987149097,0.19748487658114428,0.2897910152885215,953,seg_2a4s,STTC
0.7433698898058346,3.804855802360034,0.12130384880613396,-0.3595077515693573,0.35450165978169385,0.004996964493780801,953,seg_4a6s,STTC
0.5670795774874109,1.4074076612018669,0.2920180541300168,-0.08014227482692667,-0.15340874010317132,-0.07134050815501446,953,seg_6a8s,STTC
-0.3241965962390509,-1.9801119298559344,-0.12913000908574884,0.2279974700608675,-0.35303894935448127,-0.8762107077223554,953,seg_8a10s,STTC
-0.8355652795267919,0.8205432794842885,-0.583441648892187,-1.1008456327733422,0.22648278812039152,-0.6735129235864211,954,seg_0a2s,NORM
0.7425578628805203,0.4665629222743061,-0.6337552634176946,-0.5538573895019034,0.35815283595593517,-0.5534649783509229,954,seg_2a4s,NORM
-0.49229622795475897,-1.7876837362178561,3.3080048991327073,1.7233023050104899,-0.13964360707366982,3.0362924785421765,954,seg_4a6s,NORM
-0.287771256826472,-0.22466690628825875,-0.5037707362302769,0.3399726462623498,-0.39287557162698206,-0.5020007435520183,954,seg_6a8s,NORM
0.7234107081806787,0.8460685975798296,-1.5059090221269358,-0.35517053652903813,-0.21842279757163477,-1.4314905093852863,954,seg_8a10s,NORM
-0.5491916983354244,-1.6902124331323463,0.4854323699484135,0.8251517475734906,-0.4143493379152179,-0.16166441715219215,955,seg_0a2s,MI
0.06245247466518822,-0.7480021726970493,-0.5005859965761088,-1.217318634737063,-0.2750245302402921,-0.27724169357198425,955,seg_2a4s,MI
3.4399145718804505,7.096548458184572,-0.10120110844232769,-0.06063504138315603,0.5386183195306,0.4294895518468944,955,seg_4a6s,MI
-0.009405722619763003,-0.06907884012312995,0.5092259314712848,0.3895837867182117,0.173740043780833,-0.07595435296234851,955,seg_6a8s,MI
-2.323468692582415,-3.363102939686667,-0.2864326487475287,0.0568790733605922,0.10078204789707354,0.07916486314588474,955,seg_8a10s,MI
0.3500481671243424,1.0270935365372933,-0.015603333479110634,0.337687963663248,-0.061410971489922965,-0.33386450874333856,956,seg_0a2s,NORM
0.46798837620230704,0.00838838403237799,0.21678330875830013,0.230954696556328,-0.004454579951171543,-0.18680738573677635,956,seg_2a4s,NORM
-0.367569429968017,-0.7375640857842859,-0.4496151174398719,-0.5517690251683345,0.05961301676503761,0.48496368790915967,956,seg_4a6s,NORM
-0.5329507674051679,-0.13972911202142946,-0.25400370877673845,-0.03830070904555652,0.09611138824526796,0.13577450695475776,956,seg_6a8s,NORM
-0.0700816829143483,-0.33657708606335196,0.3819393153269468,0.07312304108822283,0.0037638280001955258,-0.0695034793054754,956,seg_8a10s,NORM
0.7010955816436927,1.131711892877023,0.9924738418136485,-0.60556974983896,-0.2944006846613557,-0.520593344777799,957,seg_0a2s,MI
-0.7490288095581138,-0.43637199289914197,1.6685250852608897,1.0692534282753412,0.16919400821870761,0.49171612374243506,957,seg_2a4s,MI
0.5637303740980074,1.4330639384309236,-4.35206968745512,-0.3204478032423694,0.21949689177924428,-0.5583373580974625,957,seg_4a6s,MI
1.1005529143831339,-0.5445853171433024,-0.3074170359196694,-0.9944380703343692,0.8570913740710161,0.2617216313370821,957,seg_6a8s,MI
-1.1956558266400517,-0.3555402008795923,2.475668539986253,0.8614666057898943,-0.7705571212260521,0.31175758127743936,957,seg_8a10s,MI
7.076341550065815,-0.06199388781858287,-1.2707440119458493,-0.8067230077614965,-0.24506359276270742,-0.11994154199881024,958,seg_0a2s,NORM
-4.368241901645618,1.0741319578955102,1.5857949346283642,0.9680335101389769,-0.02951787111376806,-0.1938708868163087,958,seg_2a4s,NORM
-5.614010437747242,1.3712828925322607,1.3071857572324919,0.5749584378811516,0.0019853500756699793,-0.021957501453278537,958,seg_4a6s,NORM
-2.223941647025189,-0.05299182917820354,0.1088863370826844,-0.039328326226018354,0.16093487695839379,0.16541107088774584,958,seg_6a8s,NORM
6.005149662424578,-2.3154025544323935,-1.9587585046768443,-0.8341339559659362,0.12678341881379532,0.2810273655408825,958,seg_8a10s,NORM
-0.9728854878084214,-0.6576620418351669,0.90389875765812,1.1304402955623998,1.8439053208148164,-0.8308610193284399,959,seg_0a2s,MI
0.13386124341550099,-0.6088106847310761,-0.008840511417638811,-0.5555493646549707,-0.34071107685398205,0.21223493967489415,959,seg_2a4s,MI
-0.027335958620339836,0.38268943945552164,0.7418036394796242,-1.4447703824981142,0.5710235862632899,0.40302795733090085,959,seg_4a6s,MI
0.44213801131515734,0.4862145743050783,-0.4615909024890274,0.11326507743294788,-0.38066009917269994,0.41338067549239516,959,seg_6a8s,MI
0.7414332757829569,0.875794324442415,-1.4097961454391397,0.7232185741863958,-1.564660579821957,-0.2884227463690694,959,seg_8a10s,MI
0.47948964595432436,-3.787243180601694,0.9176221826237747,1.266025655647352,-0.1729076590072028,-0.39715407344898823,960,seg_0a2s,NORM
0.05697173012268598,1.849676993540578,-0.12003021332784342,-0.7500666542815245,-0.44849635042157304,0.20279447156421748,960,seg_2a4s,NORM
0.08865610165502961,1.678219377445621,-1.5403669660767894,-0.8801251653318071,0.22457467460603314,0.08371375059913369,960,seg_4a6s,NORM
0.4135888500310302,1.3316488014262,-0.5769283715801155,-0.018350782413022633,0.5834595462453418,-0.40198264494977687,960,seg_6a8s,NORM
-0.6307052840686492,-0.5424630650683184,1.2332178077805303,0.10392256156337809,-0.059794185357533426,0.3610060693715488,960,seg_8a10s,NORM
1.602766580910892,0.3342808022010952,-0.37497568066058096,0.12582345506450676,0.3407187362604724,0.09653029832969232,961,seg_0a2s,NORM
-0.5052112871170585,0.26512862474178833,0.5958036446040691,0.06583916464073897,-0.00884839482627045,-0.1332541920725851,961,seg_2a4s,NORM
-0.3847578655755493,-0.20310006580059706,-0.296294740168905,-0.5869705634502196,-0.271739230394106,0.15922792021661997,961,seg_4a6s,NORM
0.047633888124076276,-0.6748006403699588,-0.4504580455146761,-0.5837576545927095,-0.28547628668422376,0.3704807485096996,961,seg_6a8s,NORM
-0.17930099037443858,0.6939898903245372,0.7013585246919407,0.7712015044563708,0.10904242957256724,-0.38721681463093893,961,seg_8a10s,NORM
-2.5393402496916706,0.35931246610945344,2.8149190228200784,-0.0836454803870097,-1.5250727202218077,-2.5244175784870775,962,seg_0a2s,MI
1.4058631619017927,-0.9247661869419002,-1.2193848101622424,0.8328819685070858,0.8870369811056682,0.37332795633682747,962,seg_2a4s,MI
1.311461156431976,0.06176314389994838,-2.1329447413296436,1.7188886476337735,1.7325146568625704,0.5665020496136918,962,seg_4a6s,MI
0.3984336218054151,0.10021263458140672,-0.9738843051556899,0.23511039908018647,0.53624332422264,0.9481221397401773,962,seg_6a8s,MI
-0.14074474808014317,0.6498370762247216,1.6500202346331083,-2.6801229916511984,-1.577742096774328,0.35162996445616285,962,seg_8a10s,MI
0.09274081360340472,0.10124108547764946,0.44501376163260953,-0.11000085274373103,-0.47639445029103533,-0.7902334773213924,963,seg_0a2s,STTC
-0.5863324484390535,0.12509758569619164,0.055371720123125454,0.48809642374353346,0.3436562959790465,-0.26880482814678164,963,seg_2a4s,STTC
-0.09966108092250561,-0.8784643223416733,-0.33912804861286133,-0.20549244603408437,-0.18482641430405433,0.7236295633132882,963,seg_4a6s,STTC
0.6789387234172441,0.4518474859419433,-0.5874446184876853,-0.18338324708762263,-0.13660152678459386,0.28323843501790097,963,seg_6a8s,STTC
0.3769338900589443,-0.07953774368878624,0.8825397317298376,-0.062783162436556,0.29130532556365774,-0.008008206376012036,963,seg_8a10s,STTC
7.781380799125415,16.08492876842982,1.5704863391036534,1.7802783143330871,0.43271568052228987,0.43726456526951973,964,seg_0a2s,MI
-0.7783293826541043,-0.46146660940668394,1.016236973596845,-0.820916128670638,0.2371032298415607,0.15836975014703042,964,seg_2a4s,MI
-9.158006832887684,-19.173714649367408,-2.1666722071797473,1.2593471058036074,-1.8374812317209903,-2.091692081556375,964,seg_4a6s,MI
9.30127288238065,6.775078716361696,1.2066753979051024,-0.4267492342870849,0.7444096738521151,-0.000407463512957009,964,seg_6a8s,MI
-7.248733550396602,-1.6801267777076523,-1.5143960917761312,-1.9502849895000338,0.6068538384686336,1.5628186905466135,964,seg_8a10s,MI
-0.36364749455483003,-0.24709453329466935,0.38765091197686674,-0.0844693969321349,-0.1579036869759776,0.0973997795740154,965,seg_0a2s,STTC
-0.49849138837523793,1.5233817315628069,-0.49829494060082963,0.30240706282227175,0.23033970767496376,-0.10122666052466622,965,seg_2a4s,STTC
0.4654851792452999,0.9721948107873645,-0.5883481891575046,0.1118887451412187,0.38754317587627374,-0.19180161872615817,965,seg_4a6s,STTC
0.24106384564086275,-0.9752857746783187,0.44933548221971653,-0.37777862261401707,-0.051086775173883346,-0.055011729014807734,965,seg_6a8s,STTC
-0.04200931104552757,-1.8993153326890484,0.5519780439239088,0.11596966361981116,-0.1366993830809432,0.21656863946819407,965,seg_8a10s,STTC
-0.7947301289034185,1.4080339003641886,-1.3757540266521922,-0.08447170854698252,0.11335496848545817,0.0319902444703472,966,seg_0a2s,NORM
0.8209959842010982,-2.1363503722447006,0.42010328232250854,0.07707992100822772,0.17495133906434596,0.3335081612928402,966,seg_2a4s,NORM
-0.44322427333141134,-1.8169761221627445,0.975396119955113,0.0834427973407251,-0.07395552721244325,-0.07203442891888656,966,seg_4a6s,NORM
-0.07170477006555702,0.985621127558731,0.1371831829893177,0.04318214661310304,-0.07961833483798829,-0.13846825612332958,966,seg_6a8s,NORM
-0.09999830086696868,1.4767887242979645,-0.20771113929152077,0.13348810171562123,-0.2457192084817577,-0.25067662444989514,966,seg_8a10s,NORM
3.4808866958145472,0.8078187330222466,0.36004864277668586,0.17164933838654664,-0.0942993324242618,0.010662408235366502,967,seg_0a2s,NORM
0.06598416050781905,-0.5917014536113715,1.378529745598288,0.521416630876587,-1.1336276443368676,0.852462274335711,967,seg_2a4s,NORM
0.13836162570056995,-1.832999156898333,-0.4324648706545624,-1.2950237685025001,0.7751490228315493,-0.8910078185156872,967,seg_4a6s,NORM
0.5491298708635146,-0.8691334969438341,0.9569768105061378,0.6495313994232127,-0.7762700996912154,0.9780591114049189,967,seg_6a8s,NORM
-4.047713920980803,0.7938596079430762,-1.6878940464195764,-0.13457674801093678,0.9918879951321579,-0.8028530884480172,967,seg_8a10s,NORM
0.6141763733727377,1.0010664873109918,1.857410997370052,4.883919849567696,-2.1892937257034104,-3.5043572132817804,968,seg_0a2s,MI
0.8247565785473787,0.9421668680057683,1.397622606871409,-0.422898328038691,3.739552094870073,1.8240968325743419,968,seg_2a4s,MI
-1.972218110970818,-1.9992989509873347,-3.5211045893201263,-6.896816683794814,2.0625262124837587,2.021013646197368,968,seg_4a6s,MI
0.5671551925054767,-0.11522418545483941,-0.6383069179056153,0.48563686224713937,-0.6371019488635457,0.061843988850110394,968,seg_6a8s,MI
-0.0801177237616322,0.8171335427061873,0.7747445575841561,1.8203057033527157,-3.10523253124482,-0.180421314037246,968,seg_8a10s,MI
-1.3809976298991058,-3.3708859319324858,-0.34864650209692494,0.8584912115398016,0.04251057962124963,-0.13489645558961283,969,seg_0a2s,NORM
0.15038349803707743,1.482038647644195,0.05307193226653441,-0.7831469952025981,-0.3371424382161393,0.20637397078626374,969,seg_2a4s,NORM
0.7741825471779652,2.9090761861573786,0.28341091638353794,-0.6475110458713065,-0.0003002677718356601,-0.07729031233435552,969,seg_4a6s,NORM
0.7307328239125367,1.0958180981772725,-0.7587100339242128,0.7339467729659606,-0.1171353939013969,-0.18385850392780748,969,seg_6a8s,NORM
-0.48514302719479235,-1.4317696743254125,0.40609273156500675,-0.2452197014187842,0.4128856116694379,0.3126783389085314,969,seg_8a10s,NORM
-2.9658338354727043,-5.332564076102191,1.09505189645254,-1.049622947743371,1.3059191612523957,1.0537860244254842,970,seg_0a2s,MI
2.1590386894916365,1.864352043039563,0.5156020973142917,2.1485597791600717,-1.347048894765213,1.7940332308846298,970,seg_2a4s,MI
1.6905974988694108,2.5404212697080326,-4.7180618224682584,-0.4465469619447305,-0.185291459025479,-1.9212954343326858,970,seg_4a6s,MI
0.13982557922129174,0.7590616717694008,-0.0048667807533644405,0.4099760836483193,-0.16863946747691663,-0.7770970947783054,970,seg_6a8s,MI
-0.6792819144900788,-0.2828424482634436,2.3874612494956167,-0.5500596272137812,-1.1779943217728814,-0.5147973245969792,970,seg_8a10s,MI
0.44923924591001974,0.17064904059379432,-0.7119832068397219,-0.22256863857543932,0.41745270582065847,-0.10502706337017276,971,seg_0a2s,NORM
-0.005529846702333232,0.144708183690015,-0.20473578495305522,-0.11208630929379476,-0.0665737850961328,0.017451720608907893,971,seg_2a4s,NORM
-0.5954676161962931,0.6559655314719205,1.2367999806292647,0.8091548702111825,-0.5263171304759545,-0.07565137175663174,971,seg_4a6s,NORM
0.005909018156893894,0.04530223690781287,-0.05112956425419548,-0.28587115288748555,0.2143538208228474,-0.6843523468271364,971,seg_6a8s,NORM
-0.18990221289619666,-0.6069684744876771,-0.3179881780410731,-0.2430712968338321,0.03335853823608829,0.7489868920352388,971,seg_8a10s,NORM
0.2669041319708688,-0.7456416410695709,0.3390547094386123,-0.17558693245000184,-0.0037180064568463934,-0.07807463231958968,972,seg_0a2s,NORM
0.39836388048220955,-0.36082078827679026,0.65916449675652,0.07736247143087968,-0.10615128479159638,-0.3187178229334671,972,seg_2a4s,NORM
-1.3551438051989946,-0.3125581615477404,-0.050810913756261976,-0.43308417050992587,0.3111973291578412,0.36992557307153545,972,seg_4a6s,NORM
0.7995430392284484,0.33390062921053004,-0.1941431202054266,0.17097249234348685,-0.02359401316937479,-0.11634739821710778,972,seg_6a8s,NORM
0.10405130794828177,1.4746529283759975,0.3155261773511709,0.37084601891129565,-0.3830121669628316,-0.2114479508719428,972,seg_8a10s,NORM
0.7773999377657537,-0.6477595930078964,1.7409214469093144,1.3126071029730806,-1.6321751726029698,-1.429978812048003,973,seg_0a2s,STTC
0.028802091228253276,-0.9370313717302913,-0.9133752549749501,-0.8980079066230416,0.9918813000351866,0.8317369449888312,973,seg_2a4s,STTC
0.3740936780171279,0.1967648411589269,-0.8735835662274312,-0.5790826169431467,1.1727445339540827,0.8621519729277811,973,seg_4a6s,STTC
-0.7967536554218441,0.182402553100293,-0.8293721699967168,-0.6990906606139493,0.7167585423358817,0.2483620694333966,973,seg_6a8s,STTC
0.03219365423891629,1.912518876925464,0.7194550247030418,0.704112299945124,-1.1596846942172372,-0.5240141786901,973,seg_8a10s,STTC
-0.406015545489697,0.48910381416258786,-0.7685197557535554,-0.39306916771404055,0.21226100208139764,0.39235872216972556,975,seg_0a2s,MI
-0.4492081733051899,0.6452519935380483,-0.47845732493688614,-0.3838118429037666,-0.08695999367780691,-0.12751320556446005,975,seg_2a4s,MI
-1.081365380487665,0.8048689544123186,-0.4053928201457099,-0.25764538953423405,-0.002563065637034795,-0.1648118177194624,975,seg_4a6s,MI
0.22326363293391197,-0.044855778671290966,0.588088268321435,0.3168040311011552,-0.22855060294915822,0.10448932086447628,975,seg_6a8s,MI
0.9906447776766393,-1.737080374572949,0.8677622918971485,0.30316054162649103,0.21525203210356816,-0.06782257307937922,975,seg_8a10s,MI
-0.47546025418233157,-0.4615183775256797,-0.1866439714496783,-0.28541155745710867,0.25583962704652247,-0.14269101349536356,976,seg_0a2s,NORM
-0.19047608945039518,0.15523801765743253,0.09218081515803847,0.0634738606567201,0.10513905727203943,0.2976534421472992,976,seg_2a4s,NORM
0.31378982493952035,0.5733905385461133,0.0697277818135754,0.44072966716046236,-0.012323031010031169,0.2107199253831956,976,seg_4a6s,NORM
-0.4340417349968563,-0.33607556542196554,0.1619841903553041,-0.2691845012013565,-0.02982669072606102,-0.3636560175426268,976,seg_6a8s,NORM
0.4568856400556579,-0.21375252110067003,0.10284163165826818,0.14928140954962396,-0.10626450253898813,0.025258260113326814,976,seg_8a10s,NORM
0.45938686474587537,-0.22527686562649873,-0.21700576600319302,0.6859186018783093,0.8932267365565282,-0.830520088989896,977,seg_0a2s,STTC
-0.6672254991432006,-0.32789845240969195,0.08112475712393011,-0.30215819518698667,-0.31005968142357965,0.08551999669498542,977,seg_2a4s,STTC
-2.9851145926366165,3.026973328513037,-0.1886039406105193,0.36967174442855927,0.7279796641993911,0.44514949224707356,977,seg_4a6s,STTC
-0.43261330520932295,0.800341360876312,-0.7351612230760799,0.7972990203563414,1.0263162502265575,0.053940186605832594,977,seg_6a8s,STTC
3.8114205447590113,-2.0286274138704137,0.6718708926248447,-1.5616155049935132,-2.3412671106589302,0.02253335695345201,977,seg_8a10s,STTC
2.213919238341364,-4.425315642504676,0.6846183802907937,-0.39547234578230733,0.5890562854015096,-1.4667853088873593,978,seg_0a2s,MI
-1.7911557192012546,4.038266868190273,-2.59941100185629,0.4260974911085138,-0.2551970126244489,1.3040847679843939,978,seg_2a4s,MI
-3.8330977019063543,7.441364725318374,-3.973110681811586,-0.06441850688253492,0.36112414559833184,0.2511241760155696,978,seg_4a6s,MI
-1.6628975228831389,-0.9456086953348989,0.10841277536233646,0.6257182620128546,-1.503190495503355,-1.2700048026653625,978,seg_6a8s,MI
4.096543815654913,-6.693503205423864,5.954114239719534,-0.5650737316142482,0.7841430935575762,1.1127125168194294,978,seg_8a10s,MI
0.337726851354421,0.4279012262798061,2.6817350884380393,4.075165006449523,-0.8362030829095478,0.15294948195415609,979,seg_0a2s,NORM
0.546510990476501,-0.5320788724422928,-2.790701064079068,-1.4285563546511457,0.8168589535762341,0.09436339490124494,979,seg_2a4s,NORM
0.28016860240639796,-0.8263590419082508,-2.6468802483527973,-1.6674160338978303,1.257613248095218,0.27584692768062924,979,seg_4a6s,NORM
0.2413881981543157,0.5732629934742071,-0.4259105182993834,0.4137852421415494,0.34927885136205356,1.0446719173043046,979,seg_6a8s,NORM
-1.3808356899070424,0.8356629229636067,2.9066115020441656,-1.6015491402065074,-1.5051822635993035,-1.5861970720611964,979,seg_8a10s,NORM
-4.295783836302367,0.4964972625948104,4.455188341020195,-2.3987421040330466,-1.4280230559069171,0.3608233390446626,982,seg_0a2s,MI
3.5654108161265405,-4.879498457281636,-2.248545779574898,0.8173145604487839,0.49690672991867524,0.6698907015791669,982,seg_2a4s,MI
-0.2922613183605269,0.16041409399057124,-1.3956881110821775,1.5865777238861059,1.2252732055026037,-0.6563231859435104,982,seg_4a6s,MI
-1.609255234752406,1.3086258163008972,-0.009331955632350477,0.42881028109569214,-0.3968090833359989,-0.691271221124406,982,seg_6a8s,MI
1.8966124285782318,2.8408444541892597,-1.0362878342007464,-0.39433002662616445,0.21471309558860216,0.3898452689004083,982,seg_8a10s,MI
-0.6887526544043783,0.5967702029768399,-1.0141937556600495,-0.16039679085679762,0.4844241878426982,0.6016055194543606,983,seg_0a2s,NORM
0.40524462248098647,0.3842345456823175,-0.07140747223118414,0.30696536832635213,-0.5698324247267833,-0.6889963214747125,983,seg_2a4s,NORM
-0.18602538037299224,0.08153425631525299,-0.09369470107724147,-0.3089381847869443,0.20732580081209184,-0.31195829212479037,983,seg_4a6s,NORM
0.2673494997934301,-0.5197960680230057,0.45644485313422983,0.22337615559136212,0.9394957659178561,0.5090429594848763,983,seg_6a8s,NORM
0.042510925411427244,-0.3482968934463264,0.16574827512407161,-0.3263501456101719,-0.8974856102509017,-0.200510409726353,983,seg_8a10s,NORM
-1.907263717171516,2.8548018654731084,-1.8301195722261412,-0.5488364769888342,0.8898633808840529,-0.7674975384671894,984,seg_0a2s,HYP
1.07606894654049,-1.5515542905330124,0.5819376873308842,0.0257906070631297,-0.44182258590234086,0.3603820101680579,984,seg_2a4s,HYP
1.9465935504726484,-3.8200724279930522,1.999287431668652,0.09758659535429282,-0.5692084365549184,0.22923381503493975,984,seg_4a6s,HYP
-0.7339323667704131,-0.5486079869519391,-0.16549516208318893,-0.1021676996044437,0.032191098827648826,-0.43350519458812187,984,seg_6a8s,HYP
-0.4045846515782262,2.1357127966572187,-0.47218515853355936,0.6354347947871571,-0.08994512724420459,0.6278942305382513,984,seg_8a10s,HYP
-2.9333341570407643,0.5000794772203482,1.2932776054845103,0.9265604534752109,-0.32624559478318016,-0.3302246984903782,985,seg_0a2s,NORM
1.5588080974516563,-0.2497815879430217,-0.2360979711815174,-0.1816769245798525,0.07292660192237178,-0.02766123098035255,985,seg_2a4s,NORM
4.1800320824047486,-0.48595680129322294,-0.932361519454104,-0.45756312515680536,0.29453549104663435,-0.6398341740780122,985,seg_4a6s,NORM
-0.36145570566903157,-0.4034846256950357,0.3744115449021521,-0.5123732075222768,0.19756195228513349,-0.6843637671068376,985,seg_6a8s,NORM
-1.6292405528742764,0.1682531288877827,-0.5798530619543228,0.2028242424187453,-0.24167847985749846,1.569783199531676,985,seg_8a10s,NORM
-1.4890284366895852,0.5219774997659369,-5.007385345554448,-0.5759146796682962,-0.63118823439626,-2.2549569033283725,987,seg_0a2s,STTC
-0.24200430895068126,-3.0024297324133755,0.5137265344714744,1.2103861115728367,0.720521167947798,0.7036874148024089,987,seg_2a4s,STTC
0.5631594257230579,-0.5611358556703587,0.20792975220252616,2.02825380921631,-2.684525166186486,0.7874943903750736,987,seg_4a6s,STTC
-0.5117968869277117,0.9269535213543989,0.6085911970793209,0.23217095548589606,-1.0388106812970217,0.2870440750695613,987,seg_6a8s,STTC
1.58371556360343,2.3841103603269564,3.2545201534184733,-2.6857604079661592,3.4901278290150946,0.472888005585042,987,seg_8a10s,STTC
0.10794623307591825,0.9131149485481128,-0.40652292101462384,-0.3290491901444696,-1.5297911351694649,1.8538421962994474,988,seg_0a2s,NORM
-0.15180932348076218,0.038122209259185504,0.17245872547526764,0.370874164323832,0.8261112314171748,-0.6322868065404234,988,seg_2a4s,NORM
-0.4097363303384583,-0.5165915407647776,0.5115326036530381,0.2492960487046939,0.34767289276267727,-1.4383067135246548,988,seg_4a6s,NORM
-0.24014483842728263,-0.8178464838286692,1.1915715708479817,0.41855008320391357,0.48129198057875267,0.8540856156962265,988,seg_6a8s,NORM
0.14651634460155277,-0.9644425821380661,-0.8038267672737398,-0.33823122936866634,-0.1911878900329364,-0.6533138837392025,988,seg_8a10s,NORM
0.6999861496260975,0.7478066637231543,4.18990967742914,-3.954319627262004,4.970372657843959,2.691980781082353,989,seg_0a2s,NORM
-0.5764888045154559,0.40399493651924284,-1.233014020255681,0.699475281944902,-2.35024687983367,-1.1673172238408567,989,seg_2a4s,NORM
-1.3333710375835617,-0.6330406176587492,-4.455508263096813,3.5230007868726902,-3.2945716817513815,-1.9922221068201278,989,seg_4a6s,NORM
-0.21435454284264416,-0.24964611907502748,-1.1816430784931078,2.115112867408103,-0.5549632847371411,-1.0291685975620493,989,seg_6a8s,NORM
0.661695753504248,0.20208299749832187,2.409278013281126,-2.3710242410104283,1.0429496416670407,1.5282501627571936,989,seg_8a10s,NORM
-2.632543476983023,-0.8001432899408933,1.585532883227008,-0.4206981241251163,0.09180162239847567,-0.33161980146381276,990,seg_0a2s,MI
0.85563827758765,0.9829469088872754,-1.268695852580335,0.10159516249298677,-0.0416033150690083,0.3370985575670938,990,seg_2a4s,MI
1.7968432500701388,3.094926048452742,-1.7072272545118357,1.5748944159412148,2.2308604422331735,-1.5331720800503676,990,seg_4a6s,MI
-1.074041396887077,-0.1798949427688411,0.5721600412294122,0.8970347880371177,0.037374229412341954,-0.2561499779013999,990,seg_6a8s,MI
1.047474097308574,-2.039197999981705,0.6659486799623429,-1.9214976317043702,-2.510256481714604,1.9664927083688795,990,seg_8a10s,MI
1.9405432421802804,-1.994844025241599,1.2851264675440894,0.2756391890913903,0.23566933617435537,0.30211298285202143,992,seg_0a2s,NORM
-0.6675852792115606,-0.5461839240668924,-0.9239652276400929,-0.9166540639009291,0.39167502242258634,0.5055871386960511,992,seg_2a4s,NORM
-3.1644973433401224,2.521749537523929,-0.12104371084824662,-0.108703151449627,-0.2604891686571461,-0.0730615422187159,992,seg_4a6s,NORM
-1.9254119818475526,1.4711810967328303,0.05202767541057201,0.31162490346880845,-0.21079170659135446,-0.05042003046169463,992,seg_6a8s,NORM
3.229329340771262,-1.1239662118753826,-0.4709879093299185,0.39669679344811853,0.0631750257794448,-0.6589350136002473,992,seg_8a10s,NORM
-3.681329470035572,0.5966710904296297,0.9713138824592458,0.5481570187414171,-0.261021863295125,0.43009110778197907,993,seg_0a2s,STTC
1.5982916794313309,-0.21879806377024374,-0.29692562754767166,-0.39918551528862445,0.1416067726142074,-0.3691974319200819,993,seg_2a4s,STTC
5.407896496836467,-1.162748033384528,-1.2874503273887898,0.08589600151387325,0.4027347970832625,-0.053470196472100405,993,seg_4a6s,STTC
3.0879305713716385,-1.2420586689623092,-0.5239150021551863,0.10085152017743505,0.09019840709851011,0.020262671512026886,993,seg_6a8s,STTC
-4.607177315733728,1.415677365055244,1.7147986764721899,-0.5956759632716787,-0.3218384480195565,-0.14239571404869733,993,seg_8a10s,STTC
1.6289060979418923,3.8965676082075387,0.03722398670475676,-1.0622503547881563,-0.42575665486007225,0.2170405827552516,995,seg_0a2s,NORM
-1.0748727815092463,-2.0138412250094375,0.015916877663409223,0.15671065602188325,0.11032816516555626,-0.4124041198901804,995,seg_2a4s,NORM
-2.113404052732902,-4.679906523308685,-0.8929579700144423,0.2765396989855399,0.08226235649757138,-0.769252869963693,995,seg_4a6s,NORM
-0.21243247591371348,0.45590362988309563,-0.8456012126612072,0.5598981945231647,0.5629977007613383,0.5790753297794811,995,seg_6a8s,NORM
1.9631666138678678,2.8380731975714597,1.7699434026369878,-0.05051668924793402,-0.49534282147902003,0.3585233834426323,995,seg_8a10s,NORM
-1.324290151210828,-2.3432730212629123,1.2503990821908122,-0.7824902209039172,1.9618821980455028,-1.6244895485718405,996,seg_0a2s,MI
0.4929635901296735,-1.6629013206970744,0.2949245107322167,-0.1375150603040757,0.6214450974242758,0.771891105003627,996,seg_2a4s,MI
-0.6946400591558143,0.8664584917483509,-0.3123348093927609,-0.4201267119288815,0.08929203289494964,-0.8162797011186693,996,seg_4a6s,MI
1.0604296474618664,-0.9969384491834329,-0.4545203248680068,1.5920572458566076,-1.383912179084783,2.644326934364124,996,seg_6a8s,MI
0.4627265248208734,4.23235157417323,-0.49516928062702203,-0.4243880914105652,-1.1732927478121276,-0.8628238757969663,996,seg_8a10s,MI
0.3735210170966527,1.1747472581563905,0.5887257325580639,-0.13100250192012752,-0.012225941321804696,0.17852655345112967,997,seg_0a2s,MI
1.1416582745531965,0.5541422329599531,-0.15352262863139673,-0.28337914810180403,-0.11847769016143457,-0.3165878703271274,997,seg_2a4s,MI
0.8033205612684331,-0.09773326993234474,-0.3002720576432697,-0.3034989831977005,0.12750189443037907,-0.1123556445708018,997,seg_4a6s,MI
-0.3425727295188708,-1.577479649048216,0.11784127341176062,0.3463476580561925,-0.15531221585284757,-0.08203568139385407,997,seg_6a8s,MI
-1.1156869959561602,-0.48320661150509253,-0.030207359110918184,0.33007363744838053,0.21220185436180128,0.18640597040454587,997,seg_8a10s,MI
-1.9358290636660294,-0.7885519043158181,4.426172776587115,-7.223552972388536,-0.2832601204573262,0.9050978417146611,998,seg_0a2s,CD
-0.2885442897689992,3.682195226574163,5.67813799308523,-0.6832065248677359,0.5783420470473409,-2.3240685182570022,998,seg_2a4s,CD
0.5814623287194678,-0.023049479132001817,1.4486215423010766,1.4615238777119672,1.9673396549445308,-2.964663357865009,998,seg_4a6s,CD
-0.2465719856591684,-3.2895034302412074,-5.212863357643067,-3.2473652786302756,1.1643673996983026,1.2573846600908665,998,seg_6a8s,CD
1.8540846672146991,-0.07058650525758553,-5.827878753777073,9.188042078507682,-3.3871299061185667,3.128078717196276,998,seg_8a10s,CD
0.5716811708631141,-1.1903265189953625,-1.1084114431490038,-0.39827625679568845,0.23469825828290863,-0.6701537466981762,999,seg_0a2s,NORM
-1.2415199390359517,0.5900989229146479,1.4342450939534563,0.21981123482079995,-0.42677156954311735,0.7060870519892541,999,seg_2a4s,NORM
0.20264036988632145,0.5833214313321974,0.6102866769811157,0.2301999490140948,0.07983728734739766,-0.03510362507264335,999,seg_4a6s,NORM
0.9184146215349048,-0.3087297598771489,-1.2739198394045,0.2908716809598083,0.3979134881185031,0.018809187255353875,999,seg_6a8s,NORM
0.061579535496233545,0.5419962082567417,0.34596536356013097,-0.721281677541393,-0.43306311289962296,-0.021595473084755554,999,seg_8a10s,NORM
