Z1,Z2,Z3,Z4,Z5,Z6,Z7,Z8,Z9,Z10,Z11,Z12,Z13,Z14,Z15,ecg_id,segment_id,label
-0.8027408,-2.345991,-2.3958106,0.1414431,3.4748702,1.1111319,-0.007848255,-0.15513058,-0.014728218,-4.0757046,0.05061505,-1.5488452,0.61153835,0.23991208,-0.07117738,1,seg_0a2s,NORM
-0.11094632,-1.9424719,-2.4537468,0.25357038,3.3382053,0.6142718,-0.05739203,-0.5395373,-0.029230282,-4.208497,0.39587438,-1.6733824,0.68056107,0.23113593,-0.273374,1,seg_2a4s,NORM
-1.2157493,-2.7605934,-2.124394,0.41858497,3.676925,1.063418,-0.0047409013,0.19631281,0.19454777,-3.707015,-0.07283771,-1.7159295,0.7713246,0.32127556,0.37033445,1,seg_4a6s,NORM
-1.0539702,-2.6140285,-2.1772532,0.430258,3.646639,1.121452,0.05578191,0.122386664,0.109745525,-3.6987493,-0.044524938,-1.6867073,0.80621713,0.25860548,0.39468044,1,seg_6a8s,NORM
-1.1914401,-2.8131866,-2.1109457,-0.038192898,3.9763567,1.2605995,0.057337485,0.37332582,-0.005310476,-3.7939222,-0.3840223,-1.7933779,0.63727385,0.35718954,0.44143522,1,seg_8a10s,NORM
-2.7081783,-3.3500912,-3.708344,-1.979111,2.3338256,-0.4123138,1.3189998,1.6901858,-0.94367,-1.1852716,0.4603257,-5.600408,-2.543531,-1.4314249,-0.58099234,2,seg_0a2s,NORM
0.28689373,-4.386811,-2.2029548,-3.0486178,5.603243,-1.871253,-1.6039866,-0.2984102,0.58708525,-3.3402822,0.9341298,-6.516055,-1.6461235,-0.65085596,-0.8764428,2,seg_2a4s,NORM
-0.7899265,-2.4671957,-2.8032203,-1.3513119,4.3591595,-0.85409486,-0.4682342,1.3282539,0.031236276,-1.8924767,1.0113593,-5.0377192,-1.3181165,-0.7358606,-0.35923758,2,seg_4a6s,NORM
-2.0299478,-5.1149435,-2.4581861,-2.7714474,7.2210574,-0.5637716,-0.48701307,2.35475,-0.27915204,-2.6687455,-0.71736616,-7.086942,-1.4007633,0.38622117,0.5002886,2,seg_6a8s,NORM
-3.017619,-4.927821,-2.0882564,-1.9035146,6.432377,-0.39758536,-0.80459774,2.2867944,0.31067866,-1.1030902,-0.3359792,-6.1279926,-1.5325305,-0.3470919,0.41835564,2,seg_8a10s,NORM
-0.7626261,-1.7562174,-2.3822355,-0.19972128,3.2275832,0.6912762,-0.76527077,0.34198368,0.60960686,-3.073408,0.32551503,-1.665554,0.14264837,0.23329133,-0.18939528,3,seg_0a2s,NORM
-1.417289,-2.05087,-2.6763625,-0.26674488,4.9087205,0.99593866,-0.6571254,1.5198061,-0.11823821,-2.8260624,-0.88640356,-1.9794571,-0.013534993,1.1218517,0.059911333,3,seg_2a4s,NORM
-0.40505663,-1.3763964,-3.5306125,-0.9566577,3.6587071,0.8778188,-1.0663447,-0.115606725,0.09911799,-2.6708999,-0.032783043,-1.653933,-0.43528765,0.15703818,0.13088647,3,seg_4a6s,NORM
-1.5602635,-1.5195175,-3.8823729,-0.6030787,1.786254,0.72663784,1.0793159,1.0564125,-0.82136744,-2.8602314,-0.14256775,-1.8087448,-0.71189576,0.041962825,-0.6603848,3,seg_6a8s,NORM
-1.9610845,-1.7827901,-3.404954,-0.22839314,1.8164544,0.6438559,0.7209023,1.1969507,-0.5329585,-2.3427312,-0.14308378,-1.8523312,-0.857497,0.052217215,-0.68308616,3,seg_8a10s,NORM
0.20430522,-3.300588,-4.5299664,-2.868072,4.8267107,-2.053048,-1.6686685,3.257374,-1.625653,-3.0365448,0.75608766,-7.5462646,-3.7587578,0.14438671,0.041760817,4,seg_0a2s,NORM
-0.4986285,-2.9369462,-4.2323766,-2.9839435,5.110961,-1.3531512,-1.8070763,2.670484,-1.6163538,-1.693623,0.023019254,-7.0044875,-3.8875122,0.096165925,0.17551573,4,seg_2a4s,NORM
0.24568479,-2.5206475,-7.6453457,-5.8756084,5.298984,-1.3902686,-1.4519778,0.40464723,-2.840377,-2.4854944,-0.81579393,-7.123261,-5.615396,-0.6263122,0.3490407,4,seg_4a6s,NORM
0.3349502,-3.3302364,-5.2088428,-3.4045398,5.181392,-2.1923425,-1.954231,2.8421903,-2.1082678,-3.0252194,0.55439115,-7.7971873,-4.163938,0.23645175,-0.28989145,4,seg_6a8s,NORM
1.2895362,-4.573362,-8.915712,-6.3895483,8.589196,-3.1413617,-2.2637815,2.6480243,-4.5425653,-5.346293,-1.2892736,-9.866006,-7.000592,0.36957037,0.859517,4,seg_8a10s,NORM
-0.31690627,-4.49905,-3.894024,-2.2304428,3.6436965,-1.5610983,-1.1550957,-0.78796566,-0.7893037,-2.1214359,0.16970694,-4.202059,-2.564351,-1.2241449,-0.41801557,5,seg_0a2s,NORM
0.079926,-3.8130162,-2.7538838,-0.8501515,4.187006,-1.236141,-1.1275162,0.25771815,-0.57017857,-2.6163857,0.20654261,-3.677837,-1.2552314,-0.2201644,-0.02463016,5,seg_2a4s,NORM
-1.2105883,-4.4114566,-2.5720701,-0.955046,4.4478345,-0.7639271,-0.5578954,0.96115243,-0.54606616,-2.1168008,-0.5042048,-4.0193505,-1.3934593,-0.10431875,0.25824738,5,seg_4a6s,NORM
-0.04840827,-4.2071037,-3.051053,-1.3846166,3.0602107,-0.9295441,-0.6445279,-0.47553235,-0.41237175,-3.375936,0.73956645,-3.5278654,-1.0530668,-0.83753204,-0.06292197,5,seg_6a8s,NORM
-1.8373277,-4.7469926,-2.6001968,-0.79422075,4.146596,-0.87086284,-0.90643525,1.4069263,-0.54495037,-1.478342,-0.60911226,-4.034239,-1.8805842,-0.09790887,0.2252151,5,seg_8a10s,NORM
-1.4582433,-5.0159664,-3.2892013,-1.6313148,4.904533,-1.5041441,0.42008278,2.1358054,-1.1692228,-3.0067089,0.75957793,-4.6919203,-0.58311737,-0.9824606,-1.1985062,6,seg_0a2s,NORM
-1.6584659,-5.337534,-3.4502954,-2.3766096,3.9872699,-1.4962969,1.6995586,1.541356,-0.58972126,-4.136681,1.6945045,-4.4159636,0.5884774,-1.7831112,-1.4957554,6,seg_2a4s,NORM
-0.78824794,-4.297983,-2.3390136,-0.9563182,4.4186196,-1.2040169,0.12356264,1.2583652,-1.4962275,-3.0765707,0.6087447,-4.323084,-0.6390427,-0.5863206,-1.1618303,6,seg_4a6s,NORM
-1.316064,-4.696344,-2.8282428,-1.3836739,4.5066156,-1.5639724,0.6318872,2.0759084,-1.2245286,-3.0639582,0.9301897,-4.5524244,-0.12386596,-0.7082181,-1.1935587,6,seg_6a8s,NORM
-2.4628046,-5.4682355,-2.1984787,-1.16012,5.066312,-0.88061094,0.87151,2.7207284,-0.61216146,-3.015808,0.67596376,-4.425004,0.30140728,-0.93390894,-1.064192,6,seg_8a10s,NORM
-1.2872025,-3.8935773,-2.953195,-1.5383251,4.305327,-0.30403098,-2.0569594,2.4900432,-2.4023287,-5.8497453,2.652297,-3.2184093,-1.4445065,-1.7366788,-1.6013902,7,seg_0a2s,NORM
-1.2828234,-3.9670842,-2.8236246,-1.3736408,4.2894044,-0.4771723,-2.0962062,2.5532987,-2.4133985,-5.8524213,2.8125083,-3.2667272,-1.479142,-1.8560634,-1.6833266,7,seg_2a4s,NORM
-1.1499839,-4.106618,-2.8054442,-1.4744985,4.471655,-0.40551975,-2.3546476,2.4073856,-2.3259633,-5.7005563,2.7331975,-3.270348,-1.4077882,-1.8184239,-1.5472367,7,seg_4a6s,NORM
-1.156794,-3.9010894,-2.6481175,-1.4083965,4.1372695,-0.41494605,-2.0401504,2.4172835,-2.1160421,-5.4712873,2.6323426,-3.1511278,-1.3101494,-1.7739494,-1.3896368,7,seg_6a8s,NORM
-1.3579086,-3.703834,-2.8524122,-1.464776,4.20943,-0.2465224,-2.0599666,2.5666676,-2.3991256,-5.581505,2.773248,-3.3058767,-1.3448886,-1.733332,-1.5988023,7,seg_8a10s,NORM
-1.2112684,-1.604789,-4.4822974,-2.5368032,6.0594344,0.8424914,-0.48893553,0.4611224,-2.3971143,-3.1142585,-0.72801846,-4.9409103,-2.2631493,0.26102746,-0.12906891,8,seg_0a2s,MI
-0.80356187,-2.8747036,-5.2207813,-3.5555308,5.041637,-0.48607275,-0.54666424,0.0709078,-3.13837,-4.0671334,0.40351036,-5.978469,-3.1248531,-0.6851547,-1.2251143,8,seg_2a4s,MI
-1.35552,-1.856505,-6.7356677,-4.313206,7.6180286,0.87278414,-0.73365605,-0.24221689,-2.854931,-3.5049415,-1.9050986,-5.8610272,-3.7331324,0.41557682,0.17355421,8,seg_4a6s,MI
-1.8096846,-2.5925558,-3.2957163,-0.590504,6.521476,0.39622876,-0.2861342,2.9912317,-2.753835,-4.1596303,0.09092099,-5.466397,-1.1137143,0.8220139,-0.5825496,8,seg_6a8s,MI
-1.4346249,-1.6666573,-5.2312226,-2.760295,6.4638176,1.3285619,-0.4873508,0.39690763,-2.732409,-3.5678701,-0.94337505,-5.251214,-2.440686,0.4102503,0.06812767,8,seg_8a10s,MI
-1.881353,-2.711027,-3.021605,-0.5195526,4.693995,0.6262629,0.89966226,1.0403137,-0.20724532,-3.394381,0.6110669,-5.013322,0.5231488,0.20194714,0.31806502,9,seg_0a2s,NORM
-1.5908724,-2.8066387,-2.88101,-0.6182466,4.8382926,0.54229856,0.67902803,0.75858665,-0.056729525,-3.5151556,0.47443923,-4.959503,0.50107014,0.30371264,0.37591365,9,seg_2a4s,NORM
-1.7936995,-2.8483474,-2.9370313,-0.7253548,5.0911856,0.6885316,0.6796861,0.95824754,0.021488287,-3.4932587,0.45968106,-5.065139,0.59541965,0.28965575,0.5159062,9,seg_4a6s,NORM
-0.96993965,-2.5434687,-3.0576978,-0.91860706,3.6569853,0.557531,0.4445031,-0.57104635,0.29847568,-3.674907,1.3742009,-4.7691836,0.44725746,-0.53107667,0.20599173,9,seg_6a8s,NORM
-1.8385878,-2.160494,-3.0893788,0.08769707,4.8891773,0.10467225,1.2136843,1.918921,-0.7353949,-2.7819011,0.39072722,-4.947344,0.34247983,0.56422395,-0.36110935,9,seg_8a10s,NORM
-0.120385356,-2.9620743,-3.02003,-0.8660899,3.0918896,-0.24735382,-0.3214655,0.47966832,-0.042860433,-3.0624387,0.11946193,-2.5331523,-0.0874119,0.31617197,0.12530972,10,seg_0a2s,NORM
-0.017224148,-3.5097015,-2.304223,-1.125699,2.351637,-0.1960454,-0.43816763,-0.5173631,0.71027106,-3.1253524,0.58539045,-2.2320108,0.016154267,-0.6236597,0.29251042,10,seg_2a4s,NORM
0.064316526,-3.3955219,-2.3384638,-1.2907526,2.7391653,-0.044265717,-0.3372442,-1.1160887,0.4899769,-3.033829,0.10984992,-2.1593745,-0.11165319,-0.50392944,0.3422563,10,seg_4a6s,NORM
-0.14648712,-3.275526,-2.0019975,-0.90517575,2.118676,-0.13332477,-0.071328595,-0.9575778,0.64547485,-3.1049562,0.3830216,-2.0202827,0.018667579,-0.53311026,0.09649532,10,seg_6a8s,NORM
-0.13690066,-3.0271873,-2.7690096,-1.3411994,2.5226374,0.240408,0.07473067,-1.1544739,-0.15384477,-2.8954804,-0.07903682,-2.1178637,-0.4416291,-0.5776042,0.22314036,10,seg_8a10s,NORM
-0.7626527,-4.441751,-2.8133278,-1.2443409,4.310035,-0.06739533,0.3444651,0.84041107,-0.3000381,-3.6909587,-1.0348196,-2.7687135,-0.6416435,-0.05915159,0.4194743,11,seg_0a2s,NORM
-0.10293258,-4.561071,-3.0167327,-1.8292694,3.0829785,-0.56463754,0.17334992,-0.3186155,0.23543164,-3.9560864,-0.119571164,-2.7132413,-0.7383121,-0.80776536,0.2363112,11,seg_2a4s,NORM
-0.77580786,-4.508692,-3.7455726,-1.2530568,5.690598,-0.6897633,-0.22162092,1.3963279,-1.5667102,-2.9109244,-1.6699181,-3.2151537,-1.4043136,0.36261082,-0.0009700507,11,seg_4a6s,NORM
-1.1691669,-5.035462,-3.754004,-2.3005128,5.849688,-0.10418165,-0.6904506,0.32614177,-0.47765505,-3.0596025,-1.8379391,-3.3869498,-1.7322251,-0.056655392,0.8596214,11,seg_6a8s,NORM
-0.7988214,-4.648681,-3.3548422,-1.7861693,4.95404,-0.1314193,-0.24776345,0.41408408,-0.45430106,-3.16732,-1.5622507,-3.049919,-1.3598624,-0.021933496,0.71721256,11,seg_8a10s,NORM
0.45983905,-3.4683745,-2.2833667,-1.5919585,3.3717542,0.041414678,-0.60604435,-0.75914586,1.001993,-4.255621,0.45125213,-2.3609726,0.67385924,-0.23259224,0.5702629,12,seg_0a2s,NORM
0.7102465,-3.4472253,-1.7272933,-1.1560664,3.6306884,-0.17527914,-1.0184208,-1.1792065,1.5667627,-4.2014155,0.8728835,-2.297805,0.9395535,-0.5624717,0.47836208,12,seg_2a4s,NORM
-0.40486073,-3.2570574,-2.4514256,-1.1692114,2.1073816,0.31170592,0.27134955,-0.025408328,0.7121337,-3.530261,0.47943065,-1.9645228,0.5715607,-0.40029645,0.48618802,12,seg_4a6s,NORM
0.8378705,-3.5763586,-1.9631447,-1.4264548,3.8045547,-0.21591645,-1.1688095,-1.1595279,1.5837917,-4.4194403,0.8086902,-2.4540746,0.8946782,-0.41764444,0.5598346,12,seg_6a8s,NORM
-3.0542283,-4.4697433,-4.7672596,-0.9004883,-0.9029741,-0.047172427,4.8918805,2.4757056,-1.8038647,-5.146326,0.22028854,-3.5218914,-0.96366304,-1.1590359,-0.104174316,12,seg_8a10s,NORM
-0.07318266,-2.6416438,-4.282466,-1.0077078,3.404604,0.2121673,-0.36547384,0.14959988,-0.9070484,-3.27405,0.041726753,-2.4687018,-0.39951736,0.14099653,0.4164835,13,seg_0a2s,NORM
-0.041321352,-2.799303,-3.9486566,-0.723518,3.01642,-0.15204114,-0.3733727,0.3249228,-0.62710434,-3.0868948,0.40320742,-2.458888,-0.23434529,0.015949264,0.2674893,13,seg_2a4s,NORM
-0.6523991,-2.586628,-3.6991324,-0.03544219,4.087318,0.10298285,-0.68978614,1.4396616,-0.5201427,-2.1238182,-0.23347178,-2.2989647,-0.04846531,0.6285775,0.51661885,13,seg_4a6s,NORM
0.023127839,-2.8140376,-3.845859,-0.6601126,3.0569572,0.0037845671,-0.37017095,0.16640711,-0.52773994,-3.263596,0.28153992,-2.3085709,-0.113325685,0.12620053,0.24461946,13,seg_6a8s,NORM
-0.55980325,-3.1168842,-3.866292,-1.0687978,1.6077253,0.08845627,0.0520074,-0.14040573,-0.080297306,-3.227297,0.89991885,-2.1064634,-0.19498292,-0.70311093,0.39637977,13,seg_8a10s,NORM
-0.64291596,-3.433629,-1.945939,-0.04827699,3.2240043,0.016023666,0.43777534,0.4530111,0.3882851,-3.245054,-0.30318803,-1.8108205,0.24402373,-0.09552573,0.47215852,14,seg_0a2s,NORM
-1.1676097,-3.4517968,-2.4506125,-0.17936727,2.6874976,0.0743043,0.6353394,0.691335,0.15131265,-2.5646448,-0.5898179,-1.936872,-0.29255706,-0.08422196,0.516658,14,seg_2a4s,NORM
0.051348284,-3.1623733,-2.4683785,-0.7217124,3.4331193,-0.2327132,0.09447425,-0.2775228,0.28930643,-3.2367554,-0.37780154,-1.9596272,0.04546736,0.04511694,0.18467271,14,seg_4a6s,NORM
-0.90387315,-3.1324131,-2.2043214,-0.02205059,2.592025,0.18429056,0.76332235,0.63243616,0.2519119,-2.945849,-0.44797716,-1.7519218,0.07601029,0.04877486,0.45575318,14,seg_6a8s,NORM
-0.3268858,-3.2534363,-2.5542326,-0.7523427,3.7539823,0.037756816,0.2420294,0.060505748,-0.026147768,-3.7537017,-0.4824064,-2.0265832,-0.1527928,-0.011933103,0.4095867,14,seg_8a10s,NORM
-0.9147132,-3.309802,-3.4980707,-1.5242355,2.2880628,0.21204242,-0.27305728,-0.52457875,0.09379828,-2.0806422,-0.09366537,-2.7614298,-1.1880621,-0.6312039,0.20376456,15,seg_0a2s,NORM
-1.4519303,-4.2126317,-4.126766,-1.6239748,6.472686,-0.44141367,-2.0187829,0.9948431,-0.48402894,-1.060393,-1.6424847,-3.5533047,-1.6780196,0.68898237,0.24998522,15,seg_2a4s,NORM
-0.49634784,-3.5222118,-3.1347036,-1.4182267,2.4581223,-0.13555244,-0.6017065,-0.644889,0.4216887,-2.4344676,0.26082247,-2.6830983,-0.77543414,-0.56764513,0.16164501,15,seg_4a6s,NORM
-0.25104254,-3.7555807,-2.5598001,-1.225384,2.6921284,-0.49654523,-1.2550093,-0.7938589,0.96995467,-2.2932096,0.603912,-2.6716204,-0.6553809,-0.7110645,-0.08939868,15,seg_6a8s,NORM
-0.6164027,-3.6068048,-4.0365415,-2.0137196,3.4804363,0.3235911,-1.4480269,-0.9981541,-0.3976887,-2.4560654,0.0020857602,-2.8991575,-1.6250091,-0.8494595,0.1087576,15,seg_8a10s,NORM
-1.0742009,-4.7226734,-6.8450193,-3.723885,5.1031504,-1.7889094,1.264769,3.1149654,-0.1905066,-4.984336,1.4740285,-4.486575,0.87071276,-0.62999636,-0.26491442,16,seg_0a2s,NORM
-0.7262003,-4.4502764,-5.351389,-2.316857,4.294636,-1.3127958,-0.05579865,2.3545442,-0.36941606,-4.122537,0.81821316,-4.059039,-0.44088966,-0.27263254,0.39798993,16,seg_2a4s,NORM
-0.9550618,-4.0525293,-4.4901466,-0.79457307,5.197474,-1.1712326,-0.69952714,3.2501345,-0.57762855,-3.271187,0.56372255,-3.817621,-0.28944692,0.24357073,0.48322082,16,seg_4a6s,NORM
0.14676426,-3.6694243,-5.116236,-1.8131592,3.619587,-1.2932118,-0.83690757,1.4554112,-0.95144874,-3.869116,0.7000299,-3.6852713,-1.1941279,-0.05460553,0.64291507,16,seg_6a8s,NORM
0.4218259,-3.8258932,-5.577268,-2.0560305,3.9465399,-1.8142529,0.08018757,1.2533969,-1.4099905,-4.5504932,0.95184994,-4.051224,-0.81191975,-0.3344705,0.30538803,16,seg_8a10s,NORM
-0.018806085,-4.795751,-3.0860724,-1.9703231,3.337855,-1.7267928,-0.7565497,0.35274154,-0.9443777,-3.5040948,0.88582057,-4.7533364,-1.8376557,-0.8880633,-0.4020522,19,seg_0a2s,NORM
0.6199796,-4.739057,-2.5065184,-1.8920417,3.90303,-1.7429326,-1.5642035,-0.33843994,-0.18948594,-3.8218708,0.8002816,-4.4027696,-1.6214706,-0.7038402,-0.07615551,19,seg_2a4s,NORM
0.28521943,-4.7790623,-2.999311,-1.899132,3.3373656,-1.7973416,-0.81046075,0.02276054,-0.699897,-3.8398921,0.7363739,-4.5648537,-1.7900296,-0.7002362,-0.1943264,19,seg_4a6s,NORM
0.61513335,-4.7818303,-2.3837976,-1.7659461,3.9906971,-1.7843904,-1.3651265,-0.5052636,-0.42083693,-3.7408795,0.81289077,-4.6424017,-1.5445687,-0.72337186,-0.07882947,19,seg_6a8s,NORM
0.19428082,-4.669304,-3.1003432,-1.845542,3.1470244,-1.6353697,-0.8224376,0.13106298,-0.8102128,-3.6863024,0.7516393,-4.3351464,-1.8346219,-0.812858,-0.1436105,19,seg_8a10s,NORM
-0.70319647,-3.830561,-3.8470774,-1.7380505,4.475373,-0.38553777,-0.1478074,0.48096424,0.34617528,-3.2066371,-0.03524116,-3.407341,0.05438511,0.17499298,-0.16557539,21,seg_0a2s,NORM
-1.3210478,-4.185112,-3.2041364,-1.0425065,3.797439,-0.30162212,0.29214436,1.1398153,0.38604403,-3.1883354,-0.051809177,-3.2028198,0.08028568,0.1378381,-0.09391773,21,seg_2a4s,NORM
-0.89500797,-3.6386883,-3.9005394,-1.6405215,3.751097,-0.2560614,0.30782863,0.81429243,0.22210869,-3.1076741,-0.0766237,-3.33631,0.09112242,0.31419864,-0.3237894,21,seg_4a6s,NORM
-1.3708037,-4.298346,-2.8445191,-1.3126721,4.0171084,-0.15020391,0.23740876,1.1259302,0.6771117,-3.0267572,-0.3691553,-3.110773,0.2312444,0.28440207,0.24353501,21,seg_6a8s,NORM
-2.1542442,-5.203217,-4.1856103,-1.7932243,4.8163753,-0.06309244,-0.22296572,1.7558234,-0.21996546,-3.103871,-0.730884,-3.8927097,-0.84601665,0.16171156,0.5622951,21,seg_8a10s,NORM
-1.4677644,-3.6231077,-2.9068704,-0.0024890453,4.485895,-0.021702081,0.452428,0.75023127,-0.6918097,-4.525826,0.701512,-3.4972656,-0.13621597,-0.38715422,-1.0536523,22,seg_0a2s,STTC
-1.491594,-3.7108717,-3.0551982,0.17550191,4.385558,-0.25924638,0.36311823,0.940909,-0.72083515,-4.335912,1.0707747,-3.6145418,0.03299836,-0.49754024,-0.92248666,22,seg_2a4s,STTC
-2.3978412,-3.8823185,-2.703291,0.50975317,4.0180025,0.17855504,0.80911654,1.552803,-0.74301255,-3.7935634,0.7229577,-3.5468025,-0.032109253,-0.48767495,-0.460443,22,seg_4a6s,STTC
-1.7276801,-3.6683507,-3.0606046,0.41763452,4.419445,-0.056698054,0.4696357,1.164086,-0.7798889,-4.405236,1.2225661,-3.6833532,0.12858915,-0.60459197,-0.96044886,22,seg_6a8s,STTC
-1.9606324,-4.0469384,-3.148326,-0.33894283,3.0431128,0.19950806,0.875872,0.25480765,-0.22863555,-4.4466114,1.195973,-3.3547697,-0.06632603,-1.050614,-0.56647456,22,seg_8a10s,STTC
-1.1942232,-2.1924815,-1.9645096,-0.26574054,4.1863294,0.3074932,0.053284027,2.2359219,-1.5316169,-3.2992768,-0.4092765,-2.4135334,-0.039226368,0.939586,-1.0769922,25,seg_0a2s,NORM
-1.0652739,-2.124217,-1.781051,0.008331388,3.8416476,-0.06946492,0.50988656,2.2103016,-1.1405241,-3.564524,-0.33795235,-2.3537018,-0.16455682,0.7438952,-0.78057504,25,seg_2a4s,NORM
-1.1921569,-2.1477408,-1.7385736,0.26139396,3.6104155,0.0028563142,0.1863507,2.344962,-1.1080098,-3.2046897,-0.04726054,-2.391523,0.080339834,0.8434672,-1.2009083,25,seg_4a6s,NORM
-1.0557196,-2.1153064,-1.5408546,0.31805906,3.6766794,-0.26796004,0.65254694,2.0297606,-0.98108107,-3.488979,-0.32087386,-2.1419504,-0.22941309,0.5664354,-0.9084691,25,seg_6a8s,NORM
-0.96127224,-2.2662344,-1.6717856,0.31146407,3.6920228,-0.35895875,0.7030728,2.4024582,-1.1032765,-3.8218951,-0.12521544,-2.2657642,-0.22019173,0.45180696,-0.7871418,25,seg_8a10s,NORM
-0.5612626,-2.2973254,-2.3477554,-1.2613308,3.8904798,-0.11404279,1.2965413,1.4428002,-2.065134,-5.1522894,-0.036514208,-3.5258782,-0.77773684,0.14805463,-0.83265877,26,seg_0a2s,STTC
-1.6627171,-3.0190117,-1.8512899,-0.39961505,3.7468028,0.03814234,1.0355854,2.4926069,-1.5790298,-4.3465714,0.28256023,-3.8222075,-0.58412737,0.031403534,-0.42877093,26,seg_2a4s,STTC
-0.6432246,-2.19277,-2.383603,-1.8201249,5.3099027,-0.043540895,1.1675259,2.2252991,-2.2807295,-5.2354126,-1.6942947,-3.5230122,-1.3682495,1.3389225,-0.783728,26,seg_4a6s,STTC
-0.46856877,-2.6178837,-2.0647101,-0.88704467,3.4143991,-0.72365725,1.1321006,2.0013783,-1.860997,-4.8326435,0.63003784,-3.5376656,-0.50989485,-0.13223867,-0.88316214,26,seg_6a8s,STTC
-1.0609545,-2.6377842,-2.066089,-0.44983566,5.2578154,-0.032461554,1.0026978,2.8705227,-2.2645936,-4.8549805,-0.41146398,-3.9181323,-0.3715062,0.8353845,-0.49359187,26,seg_8a10s,STTC
-0.76765835,-2.8411198,-2.6584997,-0.1896728,2.6136923,0.87862,-0.40126872,-0.20418759,0.16694565,-4.8635745,1.3617116,-1.7702986,0.5369059,-0.7202353,-0.016198635,27,seg_0a2s,NORM
-0.8633854,-2.7616398,-2.826383,-0.37499657,2.3060942,0.9798626,-0.0054580644,-0.07301372,0.05807566,-4.6940413,1.0989648,-1.696635,0.4574129,-0.64129335,0.19252774,27,seg_2a4s,NORM
-0.8810824,-2.9080977,-2.944531,-0.44135606,2.5173044,1.0448285,-0.16496171,-0.09688787,-0.08633189,-4.8528037,1.0621023,-1.7714034,0.34488636,-0.6259817,0.08231846,27,seg_4a6s,NORM
-0.54398936,-2.8182232,-2.7560968,-0.44245148,2.901921,0.85028565,-0.6419382,-0.37989753,0.23676766,-4.888306,1.2358395,-1.77486,0.43642873,-0.68947417,0.08911214,27,seg_6a8s,NORM
-0.495831,-2.9488344,-2.6456013,-0.32056957,3.3343704,0.8702078,-0.13663054,-0.8491972,-0.5757779,-5.065212,0.9009098,-2.4833105,0.034545578,-0.71496195,0.043083802,27,seg_8a10s,NORM
-0.47842497,-2.1124673,-2.3942585,-0.8272309,3.7093244,0.08975187,0.27940738,2.1293602,-2.7541535,-4.1963296,1.172021,-3.4879038,-0.25305557,-0.34674853,-0.7785486,28,seg_0a2s,STTC
-0.31537208,-3.127212,-2.8348532,-0.61979026,4.1333876,-0.31944063,0.5665774,2.1876636,-2.7999272,-5.6123543,1.0847719,-3.9319339,-0.66389775,-0.4920931,-0.80131817,28,seg_2a4s,STTC
-0.41769817,-2.8925154,-2.3807502,-0.90567285,4.1216674,0.1520104,0.42902663,2.2403448,-2.6665778,-4.889928,0.78754073,-3.2516623,-0.32664847,-0.52297306,-0.3916848,28,seg_4a6s,STTC
-1.1014076,-3.1010144,-1.8638744,0.27412683,5.3223767,-0.0372819,0.12766749,3.3702438,-2.8360288,-4.5361423,0.45574299,-3.8369625,-0.34719765,0.16807237,-0.5323088,28,seg_6a8s,STTC
-0.7968555,-3.6163185,-2.5234032,-0.2938459,5.713802,-0.12820911,0.31098482,4.071355,-2.60016,-5.3593946,0.27973217,-4.247679,-0.6266322,0.08000972,-0.42472842,28,seg_8a10s,STTC
-1.1209921,-1.5250839,-3.1863751,0.25458705,1.8769276,0.5406209,0.57616836,0.2987944,-0.29525796,-2.030024,0.3404067,-3.0258358,-0.30487794,0.40056765,-0.23539716,29,seg_0a2s,NORM
-0.75779986,-1.0421073,-2.5748606,0.96703285,2.639283,0.36464205,0.48769048,0.89594483,-0.39557856,-1.8559346,-0.05345436,-2.5093129,0.19451623,0.9829126,-0.31320646,29,seg_2a4s,NORM
-0.39575255,-0.6870251,-3.319222,0.47380742,2.817427,0.38893265,0.62187874,0.54210985,-0.8121113,-2.1751325,-0.17020847,-2.8784611,-0.04841088,1.1371468,-0.44124243,29,seg_4a6s,NORM
-1.0140892,-1.5246092,-2.6098547,0.34350985,1.860233,0.5019585,0.57717407,0.24968237,-0.09655231,-1.9677337,0.24604458,-2.7702973,-0.091005325,0.45741534,-0.10444531,29,seg_6a8s,NORM
-0.9866609,-1.43675,-3.309567,0.062691174,2.371357,0.86002994,0.15803191,0.030079097,-0.57494897,-2.2828736,0.20515904,-2.6447918,-0.41163516,0.31606227,-0.111904055,29,seg_8a10s,NORM
-0.24021322,-3.9287632,-1.0182679,-2.1154432,4.17703,-1.1444803,0.7012783,0.1526266,-2.238241,-3.797987,0.52809834,-5.5765862,-0.9429157,-0.490292,-0.48733953,30,seg_0a2s,HYP
0.5660443,-3.663171,-1.5111864,-2.2591784,5.4644713,-1.6672958,0.5529214,0.9557638,-2.6535327,-4.749378,0.10429535,-5.9233165,-0.5879253,0.65423954,-0.31374937,30,seg_2a4s,HYP
-0.7730175,-4.4715776,-0.95913535,-1.8748016,5.666199,-1.2884037,0.028245814,1.7095872,-2.3772483,-3.0162897,0.10608875,-6.102172,-0.72803974,0.23494798,-0.51072574,30,seg_4a6s,HYP
-0.45781106,-4.1029077,-3.8288212,-4.076823,7.278455,-1.2299042,-0.698028,0.1722883,-3.306633,-2.8056076,-1.6899627,-6.7822895,-3.4736667,0.2079811,0.2065369,30,seg_6a8s,HYP
-1.2056766,-4.6844597,-3.2158837,-3.6908638,7.452168,-1.2555163,-0.37572166,0.7118576,-3.494418,-2.9854329,-1.6905004,-6.8024926,-3.1623805,0.25911695,0.39619583,30,seg_8a10s,HYP
-0.09231287,-4.3748584,-2.3334122,-1.2218633,2.0069976,-0.8111607,-0.40111208,-0.4044117,0.36264127,-3.0370018,0.29704303,-2.1444173,-0.57912606,-0.7144934,-0.09217724,31,seg_0a2s,NORM
0.33572567,-3.9038904,-2.4367795,-0.9432766,3.1589735,-0.96576035,-0.59119904,0.14524448,-0.08040984,-2.851884,-0.32464826,-2.2376673,-0.56178695,0.03654039,-0.19222796,31,seg_2a4s,NORM
-0.71527785,-4.4258695,-1.9531289,-0.6407762,3.3237545,-0.62357056,-0.66151994,0.714215,0.17518267,-2.3745816,-0.52146184,-2.2777023,-0.57672215,0.017359093,0.019089192,31,seg_4a6s,NORM
-0.22645274,-4.370788,-2.4905138,-1.3492458,2.1098251,-0.7211733,-0.4586764,-0.46102905,0.18778062,-2.925023,0.10013633,-2.1553407,-0.87113243,-0.7567327,-0.17205432,31,seg_6a8s,NORM
-1.7410257,-5.1403284,-2.267497,-0.8965072,3.9467347,-0.17301473,-0.7243784,1.3526932,-0.14829558,-2.088846,-1.0677826,-2.5659068,-0.9168089,0.035388626,0.47206938,31,seg_8a10s,NORM
-2.0350518,-3.6242108,-5.167179,-1.940069,5.068101,-1.3860152,0.28179657,1.2754215,-1.510077,-1.9946144,1.0905713,-7.527523,-1.5887758,-0.07094118,-1.9241251,32,seg_0a2s,CD
-2.2923672,-4.299601,-5.4212055,-1.9562364,4.970826,-2.0617864,-0.48481518,1.79528,-1.4511828,-1.7117186,1.3373826,-7.542785,-2.1623914,-0.22859566,-2.2623272,32,seg_2a4s,CD
-1.5646971,-3.9135265,-5.5828257,-1.4594109,5.5432816,-2.353401,-0.2726783,2.7302878,-1.9729779,-2.5981197,1.5596563,-7.4999595,-1.0825623,0.6382334,-2.6293004,32,seg_4a6s,CD
-2.191119,-3.8033018,-4.8918977,-1.3638737,3.9591959,-1.7099212,0.4582859,2.103631,-0.93782943,-2.2689261,1.7646418,-6.948905,-1.0042577,-0.09796046,-2.061529,32,seg_6a8s,CD
-1.9140632,-3.9998941,-4.8460603,-1.2935779,4.263474,-1.9179156,0.5147495,1.8754635,-1.258415,-2.7475805,1.8851262,-7.0687175,-0.9452585,-0.20971708,-2.3076031,32,seg_8a10s,CD
-0.23586203,-3.872863,-3.3791757,-1.7014029,3.3698292,-1.3790185,-0.586684,1.1257882,-0.5733033,-2.8886106,0.08702112,-3.6810615,-1.2057334,0.1893627,-0.7510209,33,seg_0a2s,NORM
-0.3031067,-4.0274243,-2.9751081,-1.4686797,3.3925216,-1.4288054,-0.62270874,1.1315981,-0.17356259,-2.5746276,-0.0109165795,-3.4784887,-1.2354357,-0.0076500922,-0.4970918,33,seg_2a4s,NORM
-1.2983435,-4.5686216,-3.3376036,-1.8085487,4.152736,-0.46907386,-0.62843287,1.514354,-0.6919526,-2.5809524,-0.71159273,-3.7001162,-1.4423741,0.09845117,-0.027609527,33,seg_4a6s,NORM
-0.3393862,-3.9812949,-3.1576576,-1.5865982,3.580747,-1.2339052,-0.9036968,1.0430399,-0.38711935,-2.5120487,0.016454801,-3.461887,-1.2796015,-0.026214138,-0.57111084,33,seg_6a8s,NORM
-1.3649079,-4.4366765,-2.9861584,-1.4404829,3.9235651,-0.48386118,-0.6584909,1.6306517,-0.5748552,-2.5879574,-0.45980582,-3.4448106,-1.364857,-0.035665184,-0.21227658,33,seg_8a10s,NORM
-0.084752694,-3.1452837,-2.6757984,-1.3535924,4.242098,-1.9099212,0.7652849,1.7573476,-0.07244076,-3.667069,0.4172376,-6.0813327,-1.9855791,-0.19453837,-0.14339611,35,seg_0a2s,NORM
-1.3856889,-3.155165,-2.6630154,-0.97378975,3.7064734,-1.3539468,1.1389673,2.6672924,0.23105335,-2.7595809,0.4171251,-6.2174754,-1.9087715,-0.20683812,0.2399818,35,seg_2a4s,NORM
-0.44470733,-3.0257564,-2.785615,-1.2758832,4.1272273,-2.0033565,0.99927974,2.0004141,-0.01774925,-3.4550307,0.5435686,-6.4430184,-2.0430024,-0.1552671,-0.11988324,35,seg_4a6s,NORM
-1.2681504,-2.8831885,-2.4154325,-0.8420092,3.6874416,-1.2312466,1.0099057,2.332222,0.20394196,-2.7120368,0.2996038,-5.8557224,-1.8585199,-0.113103375,0.26933023,35,seg_6a8s,NORM
-1.2151449,-3.4351268,-2.9390588,-1.789995,3.034512,-1.2359266,0.93560576,1.5905066,0.22130466,-3.2424476,0.8770046,-6.2424655,-2.3311923,-0.9247166,0.1699741,35,seg_8a10s,NORM
-1.0539844,-2.269351,-3.288703,-0.961016,2.911497,0.09060073,1.0892649,1.6504959,-1.385395,-4.950944,0.36062476,-2.2789135,-0.3639304,0.0038627088,-0.8602551,36,seg_0a2s,NORM
-0.6749273,-2.0421484,-3.2054086,-0.6426061,4.5631084,0.031714216,0.4359307,2.2930334,-1.5283043,-4.934357,0.02823469,-2.5696516,-0.035251983,0.7835203,-0.73755646,36,seg_2a4s,NORM
-1.5152887,-2.2625828,-2.443493,0.25125104,4.2573175,0.13759568,0.46698943,2.9311032,-1.2394564,-4.189836,0.19677487,-2.4678113,0.019415036,0.51853806,-0.62853575,36,seg_4a6s,NORM
-2.2915657,-3.1612613,-2.6476312,-0.71227664,3.709244,0.6718447,0.83539605,2.4799516,-0.93443507,-4.348719,-0.14838368,-2.7328167,-0.30546618,0.24607822,-0.044940203,36,seg_6a8s,NORM
-0.8795029,-2.4162142,-3.1094866,-0.88547444,3.2627544,-0.041600496,0.78943425,1.8062279,-1.1602654,-5.2379975,0.60936403,-2.5239255,-0.27782282,0.006891638,-0.7558677,36,seg_8a10s,NORM
-0.51001155,-3.5633988,-1.2663312,-0.47889185,4.340734,0.17276105,-0.39365467,0.365673,-0.10641943,-4.341945,-0.48242575,-1.7916577,-0.04628981,0.11414963,-0.065920666,37,seg_0a2s,NORM
-1.0265816,-3.4051764,-1.825171,-0.5450352,1.5547364,0.373068,0.9310185,0.04754916,-0.01528582,-3.776189,0.14669016,-1.535605,-0.25556865,-0.78529227,-0.117607236,37,seg_2a4s,NORM
0.017360315,-3.3899574,-1.5269687,-1.1002367,2.9580908,0.25449768,-0.08142754,-0.8605092,0.21032833,-4.8113103,-0.022666527,-1.5835038,-0.109026164,-0.45104492,-0.12288472,37,seg_4a6s,NORM
-0.5786002,-3.4867473,-1.9024438,-1.2214282,2.3202372,0.10822724,0.71847826,-0.356924,-0.3726427,-4.5545053,-0.24007356,-1.7373847,-0.6718633,-0.5673568,-0.4000248,37,seg_6a8s,NORM
0.06387721,-3.547573,-1.3635112,-1.0799088,3.1710005,0.14998507,-0.2547907,-0.9406712,0.38537055,-4.6927204,0.023352586,-1.680234,-0.047982097,-0.5134444,-0.10975826,37,seg_8a10s,NORM
-0.6929925,-3.217529,-3.9909449,-0.9848675,3.6561985,-0.28047696,0.14185473,0.3894707,0.27290255,-3.1270468,0.5223437,-3.4842072,0.4389069,0.283154,-0.09749439,38,seg_0a2s,NORM
-1.3627366,-3.318694,-3.3929458,-0.50138056,3.423282,0.001232624,0.31325784,0.6485569,0.7059816,-2.4958057,0.36175442,-3.0478652,0.5684702,0.10604371,0.11977902,38,seg_2a4s,NORM
-0.5311965,-3.3509243,-4.1295447,-1.0634949,3.6107032,-0.43368444,0.06021183,0.31378347,0.2666384,-3.0296597,0.35893887,-3.4502788,0.22507139,0.30486,-0.09660658,38,seg_4a6s,NORM
-2.0859149,-4.1470566,-3.2876563,-0.6726879,3.9365702,0.109766334,0.3227849,1.1840055,0.8072704,-2.4170485,-0.13233913,-3.376143,0.439811,0.32883382,0.48013422,38,seg_6a8s,NORM
-0.4358073,-3.2407134,-3.8984518,-1.0360618,3.45355,-0.20009798,0.094390176,0.39720613,0.33394298,-3.4445424,0.2349743,-3.361202,0.47506553,0.68748796,0.06329115,38,seg_8a10s,NORM
-1.4777284,-3.0131764,-3.1308184,-0.91918975,4.595523,-0.29162243,0.50855976,2.5659904,-2.7920783,-5.9876647,1.2791343,-4.308967,-0.83175004,-0.21500544,-1.0450356,39,seg_0a2s,MI
-1.3553455,-2.6898918,-2.600697,-0.6587048,4.1525583,0.052981406,0.41685662,2.321151,-2.569273,-5.583389,0.9862925,-3.6881595,-0.9173161,-0.2448558,-1.2247455,39,seg_2a4s,MI
-2.1888616,-3.4329581,-2.5046268,-0.2870953,4.539652,0.30121782,0.08063651,3.0532627,-2.558974,-5.2361493,0.98187613,-4.111336,-1.0424674,-0.28557372,-0.9309083,39,seg_4a6s,MI
-1.3981308,-2.5477931,-2.9743528,-0.107148275,5.667949,0.056844234,-0.3117284,3.0168517,-3.061328,-5.3349524,0.68423796,-4.1999598,-1.0311441,0.42580807,-1.225916,39,seg_6a8s,MI
-0.6634323,-2.210158,-2.7473102,-1.0763743,4.182769,-0.08825493,0.5713072,1.8746331,-2.5815964,-5.3238754,0.6372931,-3.5258453,-0.98581153,-0.19607218,-0.9648588,39,seg_8a10s,MI
-1.8033744,-5.1410747,-4.765086,-1.0612457,5.2463946,-1.4089433,-1.958275,2.330072,-0.86693853,-2.0371697,0.8954802,-6.6096306,-2.744177,-0.44797075,-0.32467481,41,seg_0a2s,CD
-1.4979416,-4.6632524,-4.835934,-1.0101144,5.097483,-1.4879421,-2.199709,1.8247702,-0.91526705,-1.7882444,1.2541715,-6.3881197,-2.7348754,-0.694687,-0.5671166,41,seg_2a4s,CD
-0.36045045,-4.678549,-5.950998,-1.7784519,5.455636,-2.0408657,-1.9598877,1.3440325,-1.6253052,-3.1545262,1.3249968,-6.9861226,-2.9243426,-0.54348916,-0.9536905,41,seg_4a6s,CD
-1.1999793,-4.936073,-5.4150567,-1.7328537,3.5811718,-1.8945982,-1.4072502,1.0403452,-0.82737637,-2.8280234,1.9871949,-6.398889,-2.852532,-1.4584203,-0.87330484,41,seg_6a8s,CD
-0.60700035,-4.8526397,-6.1280456,-1.8949225,5.571927,-2.1543953,-2.34526,1.5233935,-1.5158355,-2.7407644,1.3770078,-6.9653597,-3.1629922,-0.6918348,-0.9982953,41,seg_8a10s,CD
-0.21382703,-3.5950248,-2.4226174,-2.0678122,2.532909,-0.6135584,-0.75988245,-0.17360917,1.9595041,-3.0992792,0.42425552,-1.8250302,0.18567313,-0.35050458,-0.07395178,42,seg_0a2s,NORM
-0.60119045,-3.675321,-2.7169914,-1.9500086,2.096148,-0.43507972,-0.14087857,0.09892571,1.4919946,-3.0413418,0.29178473,-1.8375014,0.025339924,-0.40816313,-0.11910576,42,seg_2a4s,NORM
-0.2865623,-3.6735752,-2.435904,-1.9685948,2.3098223,-0.5086639,-0.4109192,-0.17161702,1.7999628,-3.2108474,0.23339027,-1.6464623,0.15366946,-0.35918498,-0.010548621,42,seg_4a6s,NORM
-0.6664059,-3.6706827,-2.7396421,-1.8568926,1.8743525,-0.45331976,0.020321123,0.16735211,1.4962351,-2.971827,0.29333198,-1.7791375,0.04494933,-0.40599298,-0.12229782,42,seg_6a8s,NORM
-0.15030414,-3.6811893,-2.4417772,-2.005619,2.3878458,-0.50365794,-0.5790943,-0.21603537,1.7546318,-3.1910253,0.27572617,-1.5890388,0.16239598,-0.40930754,0.007836938,42,seg_8a10s,NORM
-0.99150354,-4.820745,-3.4851055,-1.7091653,2.1976562,-1.6391599,-0.74328643,0.74265826,-0.19680846,-2.4854193,1.0087225,-3.9340892,-1.672863,-0.96597195,-0.7615882,43,seg_0a2s,NORM
-0.45945406,-4.5102053,-3.6302457,-1.3891735,3.6207018,-1.8560951,-1.183189,1.2286235,-0.5817498,-2.1857727,0.4007451,-4.316888,-1.7926494,-0.24523644,-0.86168253,43,seg_2a4s,NORM
-0.7211635,-4.294613,-3.7599869,-1.3229437,3.3679545,-1.7081354,-0.94577473,1.3032761,-0.54827213,-2.025881,0.41966984,-4.219163,-1.7367811,-0.26546884,-0.84771097,43,seg_4a6s,NORM
-1.847659,-4.663472,-3.0887256,-1.0201299,3.387863,-1.2172568,-0.67696524,2.0520782,-0.1818476,-1.4021308,0.056832902,-4.211966,-1.5282651,-0.13505583,-0.44962928,43,seg_6a8s,NORM
-0.6622932,-4.62389,-3.535262,-1.4568543,3.7915225,-1.8801448,-1.3139181,1.2294654,-0.27456832,-1.9104722,0.21989644,-4.398835,-1.8348464,-0.104417965,-0.82237875,43,seg_8a10s,NORM
-0.88777757,-2.4076705,-2.4413133,-0.4308557,3.0295851,0.98996985,-0.0061849803,1.0530214,0.10672474,-3.393629,-0.23335752,-1.8701864,0.3823762,0.55238485,1.0807356,44,seg_0a2s,NORM
-0.8734255,-2.7472384,-1.7124438,-0.23158872,3.6991818,0.9150114,-0.46831274,0.70099974,0.7037965,-3.2016299,-0.2917872,-1.9190257,0.6904162,0.5206592,1.1996454,44,seg_2a4s,NORM
-0.42893082,-2.163648,-2.2004719,-0.20821694,3.1749294,0.79999435,-0.30101836,0.5388458,0.30102885,-3.4750671,0.057375893,-1.8244243,0.55077016,0.43379277,0.8710475,44,seg_4a6s,NORM
-0.94497,-2.6806486,-2.1719813,-0.38568005,3.3695242,0.96951485,-0.09572722,1.0296034,0.34397942,-3.3690097,-0.28516406,-2.0088718,0.53598934,0.52826035,1.2334002,44,seg_6a8s,NORM
-0.23517996,-2.7306771,-2.2676005,-0.5942395,3.779535,0.74089587,-0.46175218,0.50103337,0.27823275,-4.154379,-0.2916777,-2.442734,0.49947286,0.89432085,0.9380969,44,seg_8a10s,NORM
-0.52914304,-2.3310096,-3.7800117,-1.8435779,4.115148,-0.060269356,0.03037364,2.6574788,-1.1002371,-4.080187,-1.5246309,-1.736547,-1.4303341,1.0140905,0.62433887,45,seg_0a2s,CD
-0.6284225,-2.6765919,-3.3690548,-1.2892652,3.9388127,-0.18366113,0.18967792,3.2760117,-1.110692,-4.6086802,-0.9642451,-1.7482969,-0.9088108,0.9144947,0.7829279,45,seg_2a4s,CD
0.05926709,-2.4897666,-4.0121765,-2.2842684,2.6523495,-0.370932,0.5976356,1.7425687,-0.9300719,-5.044261,-0.68381417,-1.4911557,-1.2466788,0.26276162,0.6262339,45,seg_4a6s,CD
-0.02941297,-2.3669715,-3.5444803,-2.1550055,2.3656855,-0.5904951,0.66223174,1.9992847,-0.8258451,-5.3279576,-0.52034986,-1.602438,-1.372192,0.37563705,0.0919716,45,seg_6a8s,CD
-0.13950995,-2.6223998,-3.7625308,-1.9357889,2.6731398,-0.5118784,0.47621843,1.9259624,-1.0820937,-5.348149,-0.27958924,-1.6428107,-1.2361945,0.17098594,0.264455,45,seg_8a10s,CD
-0.17889285,-1.5190859,-3.023274,-1.2867551,1.910719,-0.81267655,0.10872046,1.3510525,0.012915984,-2.5357268,0.28885427,-3.2284958,-1.2176892,0.48923218,-0.644941,46,seg_0a2s,NORM
-0.11916565,-1.6527121,-3.242087,-1.6734138,2.2882078,-0.71268296,0.16369769,1.6476285,-0.21694621,-3.2023375,0.120840676,-3.559447,-1.3210164,0.7203935,-0.471064,46,seg_2a4s,NORM
-0.055601105,-1.537526,-3.0832796,-1.5227342,2.1778033,-0.6517062,0.2589885,1.441273,-0.1984865,-3.291966,0.072812445,-3.3374836,-1.2365736,0.72855717,-0.49080005,46,seg_4a6s,NORM
-0.65826267,-1.2549776,-2.2604637,-0.295945,3.325661,-0.29779884,0.11104681,2.302003,-0.34150076,-2.4068885,-0.3832572,-3.2835174,-0.9467361,1.1086146,-0.3758091,46,seg_6a8s,NORM
0.025109023,-1.7329019,-3.3658514,-1.625577,2.0649493,-0.90907764,0.2209295,1.4925393,-0.32152498,-3.1641698,0.17196971,-3.4757016,-1.341971,0.6441449,-0.5669446,46,seg_8a10s,NORM
-0.6210175,-3.6613784,-3.0064373,-1.0867047,4.544065,-0.75644803,0.72006345,1.830617,-0.96663624,-4.868323,0.6464214,-4.800036,-0.6465807,-0.18192278,-0.23125264,47,seg_0a2s,NORM
-1.6948998,-3.930253,-2.719541,-0.82910854,4.3671093,-0.3222225,0.84890425,2.1975772,-0.5767857,-3.5650425,0.20520285,-4.6635733,-0.6555424,-0.20786135,0.29013404,47,seg_2a4s,NORM
-0.6815068,-3.8792882,-3.1245909,-0.9523936,4.5875883,-0.95421505,0.46392706,1.8451631,-1.0709982,-4.7162023,0.80494463,-4.9020896,-0.7139438,-0.20404597,-0.30103028,47,seg_4a6s,NORM
-1.6400595,-3.7690744,-2.9017572,-0.9804506,4.359287,-0.33897856,0.7219318,2.0230353,-0.6872933,-3.4050612,0.10061725,-4.6191287,-0.9773201,-0.2631442,0.19219185,47,seg_6a8s,NORM
-0.5841701,-3.7849147,-2.8608184,-0.9428062,4.454251,-0.9783102,0.72473156,1.740097,-1.0392809,-4.6630554,0.5582137,-4.8613386,-0.63653696,-0.015647069,-0.22763062,47,seg_8a10s,NORM
0.10853355,-1.8663136,-2.7625828,-1.2605202,2.0216687,-0.34597775,0.21728417,0.52113,-0.9077677,-2.545345,-0.6904128,-1.8634111,-1.0216748,0.52380574,-0.7437614,48,seg_0a2s,STTC
0.47158313,-1.810982,-2.3753843,-1.2525258,2.0449548,-0.45536283,-0.12968878,0.3712781,-0.62803584,-2.1891568,-0.5181723,-1.7120045,-0.9267995,0.3155262,-0.78989685,48,seg_2a4s,STTC
0.17381231,-1.8907877,-2.5421066,-1.2795632,2.1661577,-0.5414281,-0.1628972,0.35492885,-0.40861946,-2.3629901,-0.570322,-1.9647636,-1.142005,0.46457726,-0.6908606,48,seg_4a6s,STTC
-0.47175515,-1.9262068,-2.6544013,-1.082555,1.9601054,-0.50424397,0.05003006,0.5597072,-0.17217648,-2.3482955,-0.53918344,-2.2103822,-1.2833792,0.567559,-0.6161399,48,seg_6a8s,STTC
-1.3267405,-2.2916985,-2.0674448,-0.68929785,2.270703,-0.05894816,-0.16995227,1.0736305,0.13211694,-1.5440648,-0.66116035,-2.1332607,-1.1782361,0.38784516,-0.22322625,48,seg_8a10s,STTC
-0.96047705,-2.635938,-4.814016,-0.7421745,4.258124,-1.1121325,-1.9850928,1.7972913,-1.411577,-1.4335883,0.11736754,-5.657416,-2.428857,1.4563195,-1.4434116,49,seg_0a2s,CD
-0.6634317,-2.310534,-4.7605863,-1.0546129,2.8962238,-0.90094864,-0.9173424,1.0281153,-1.241497,-2.5615685,0.9957365,-5.704521,-1.8975867,0.8725687,-1.2939405,49,seg_2a4s,CD
-0.72677195,-2.7197297,-5.2161937,-1.1837475,2.806982,-1.0189952,-1.1965629,1.1650492,-1.2783289,-2.7506135,0.9842254,-5.421032,-2.0338697,0.8345594,-1.2732306,49,seg_4a6s,CD
-0.4743812,-2.3770895,-5.0541873,-1.1852546,2.807874,-1.044629,-1.0420336,0.9699677,-1.1876113,-2.6304307,1.1038935,-5.4557223,-1.8311023,0.7815166,-1.2957625,49,seg_6a8s,CD
-0.5769878,-2.8760064,-5.322017,-1.3481863,2.9422889,-1.028375,-1.2472343,1.2846084,-1.3532631,-3.0987666,1.0434356,-5.664869,-1.9131751,1.0109181,-1.3779638,49,seg_8a10s,CD
-0.35982633,-3.7310953,-1.6915941,-1.6707392,2.5115435,-0.8374593,0.41460684,-0.3347037,0.30929047,-3.7817268,0.10453298,-2.1522563,-0.47850543,-0.6421277,-1.060669,51,seg_0a2s,NORM
-0.2702035,-3.7766752,-1.8685355,-2.0360267,2.6733706,-0.81210995,0.5819769,-0.2151685,0.18034166,-4.088019,-0.14686552,-2.2198105,-0.56008726,-0.5197237,-0.9107331,51,seg_2a4s,NORM
-0.9289148,-3.8528912,-1.3982869,-1.4358685,4.371912,-0.40418592,0.23480883,0.82451427,0.027402245,-3.313954,-1.0659035,-2.4375372,-0.38139218,0.2862346,-0.5552176,51,seg_4a6s,NORM
-0.9982858,-3.9719074,-1.2470814,-1.149101,4.2534337,-0.42053315,0.044236936,0.9530709,0.29167408,-3.2606483,-0.79413104,-2.3926225,-0.24761519,0.18410724,-0.54727626,51,seg_6a8s,NORM
-0.8803253,-3.848994,-1.3155377,-1.2362254,4.168013,-0.52547,-0.04990004,0.8667939,0.27306572,-3.0826075,-0.76651895,-2.3820162,-0.36162978,0.15211298,-0.6150166,51,seg_8a10s,NORM
-0.17599832,-3.1587777,-3.10434,-1.7982023,4.039056,-1.4693938,-0.4591949,4.1896095,-1.4596639,-4.863102,1.1085583,-5.8258615,-2.232571,0.108931094,0.38725466,52,seg_0a2s,CD
-0.16658059,-3.1845846,-2.861518,-1.7823324,2.189721,-1.4518356,0.018731497,2.6576436,-0.619414,-4.7523465,1.725885,-4.8117404,-1.8948681,-0.859668,0.20795219,52,seg_2a4s,CD
0.17237039,-3.1281714,-3.112514,-1.9139211,4.0788274,-1.388151,-0.49542436,3.5005107,-1.3594611,-5.216483,0.8101541,-5.4595075,-2.1613436,0.2813524,0.23303205,52,seg_4a6s,CD
-1.0294647,-3.2970676,-2.3248944,-0.9533164,3.68209,-1.1138891,-0.25517985,4.279504,-1.0984313,-4.1739597,1.0050817,-5.4272346,-2.0569754,-0.03965114,0.2222046,52,seg_6a8s,CD
0.25152427,-3.0160816,-3.5422125,-2.088234,3.6323683,-1.6343385,0.027082182,3.8117933,-1.677506,-5.5180645,0.9572294,-5.7053924,-2.3161433,0.24182582,0.058742166,52,seg_8a10s,CD
-0.48838586,-3.7928026,-3.7162437,-1.078701,2.0333526,-0.845317,-1.3680133,0.044159383,-0.6770238,-2.3531668,1.5503033,-2.821,-1.0410897,-1.172319,-0.073360145,53,seg_0a2s,NORM
-0.1768663,-3.4290442,-3.7186499,-0.81917864,3.7456224,-0.8243797,-2.1722407,0.662527,-1.1273317,-1.9146543,0.9018514,-3.1137729,-1.1552117,-0.36480957,0.0920844,53,seg_2a4s,NORM
-1.1159661,-3.6581647,-3.33321,-0.3271042,3.2122042,-0.5834291,-1.7292733,1.4083089,-0.76809597,-1.4230894,0.8200131,-2.991515,-1.0839697,-0.44544226,0.29458165,53,seg_4a6s,NORM
-0.0639402,-3.4305015,-3.946086,-0.776607,3.450185,-1.0445688,-1.905491,0.56783396,-1.2659173,-2.1637301,1.0448196,-3.0581248,-1.0968385,-0.40877897,-0.1524638,53,seg_6a8s,NORM
-1.5307573,-3.9580286,-3.3664446,-0.4263466,3.274707,-0.51759255,-1.6500968,1.7648735,-0.79506797,-1.4993595,0.6789197,-3.1721478,-1.0827856,-0.24251543,0.25753903,53,seg_8a10s,NORM
-1.266778,-2.9179094,-3.0039616,-1.193469,3.3763945,0.004857868,1.1151942,1.7779555,-0.8645821,-4.8582325,0.08838419,-2.251696,-0.17742608,-0.055141285,-1.0494348,54,seg_0a2s,STTC
-1.3249689,-3.0484266,-3.0967999,-1.1892521,3.467287,0.00821346,0.9617001,1.8960001,-0.97757643,-5.089846,0.2116856,-2.2680702,-0.21318075,-0.08037686,-1.1385345,54,seg_2a4s,STTC
-1.3520758,-3.006179,-2.9804468,-1.129487,3.5564861,0.1163691,0.7986201,1.7984977,-0.880616,-5.074124,0.18144542,-2.1889818,-0.1996085,-0.022799104,-1.1912479,54,seg_4a6s,STTC
-1.2124274,-3.0806718,-3.0043416,-1.1620798,3.6001213,0.033564284,0.9237493,1.7979684,-0.8210263,-5.168286,0.2043103,-2.2514603,-0.119913764,-0.085345805,-1.0993725,54,seg_6a8s,STTC
-1.2218344,-3.0848348,-2.9418507,-1.1360617,3.54358,0.058102027,0.79948974,1.8845327,-0.9168808,-4.852466,0.25387454,-2.23164,-0.11166078,-0.15585934,-1.1077442,54,seg_8a10s,STTC
-1.1000493,-3.5100226,-2.8722582,0.49866346,2.6020958,0.10313186,-0.4367806,0.90682805,0.36107606,-2.6647449,0.18109298,-2.119435,-0.22713637,0.06034775,0.7232529,55,seg_0a2s,NORM
-0.14068644,-3.5238726,-3.3775554,-0.4256906,1.4447774,-0.06572136,-0.32217348,-0.6812488,0.3883885,-3.6056392,0.8868043,-1.5902995,-0.031297907,-0.678926,0.4362252,55,seg_2a4s,NORM
-0.30046242,-3.1411037,-3.2322989,0.25601113,2.7082293,-0.24182144,-0.8152827,0.24162132,0.014742315,-3.0107937,0.56639606,-2.0662758,-0.28748223,-0.045360833,0.2311272,55,seg_4a6s,NORM
-1.0656044,-3.982936,-2.7312617,0.29676223,2.9976807,0.1443441,-0.58485866,0.8941529,0.42536,-2.8501656,-0.15382627,-2.050156,-0.10099943,0.2518467,0.9031683,55,seg_6a8s,NORM
-0.69444853,-3.2836735,-3.047669,0.24659069,2.5958977,0.0065582395,-0.6500058,0.64724404,0.47209072,-2.8305998,0.23405114,-2.0388494,-0.11803858,0.24105978,0.6861334,55,seg_8a10s,NORM
-0.3699867,-3.1857877,-3.4405222,0.24790737,2.1524847,-0.50608087,-0.017388895,0.17437622,-0.6806965,-2.940164,0.48224828,-2.066849,-0.38485825,-0.22410624,-0.05741155,56,seg_0a2s,NORM
-0.5375445,-3.1339293,-3.4733653,0.14862813,2.215267,-0.22353151,-0.15187189,0.20195043,-0.5507995,-3.0246353,0.3245281,-2.0065818,-0.42022204,-0.038184464,-0.008486241,56,seg_2a4s,NORM
-0.5026798,-3.1775582,-3.6149626,0.18101642,2.3134346,-0.38776538,-0.31576863,-0.021202326,-0.6845511,-2.7828581,0.43413273,-2.0208936,-0.5024453,-0.19472124,-0.100874186,56,seg_4a6s,NORM
-0.533159,-3.0882018,-3.312069,0.36328584,2.235703,-0.29392383,-0.2716474,0.08553544,-0.53745764,-2.79704,0.48895463,-1.9080448,-0.3207984,-0.16368942,-0.05224842,56,seg_6a8s,NORM
-0.79811937,-3.3617594,-3.1802273,0.7116589,3.9096167,-0.19252473,-0.26390404,1.1006259,-0.99451977,-2.7159145,-0.483335,-2.5126848,-0.2304177,0.76477456,0.10051458,56,seg_8a10s,NORM
-0.7361671,-3.8700697,-2.2713542,-1.8972468,3.0425303,-0.27155462,-0.59357107,0.80657256,-0.32524207,-2.6518545,0.7891105,-3.1864054,-0.9873694,-1.3230833,-0.21035105,57,seg_0a2s,NORM
-0.024494886,-3.296913,-1.8688006,-1.1871514,4.2013526,-0.97402656,-0.6233669,1.2568709,-0.4441415,-2.833936,0.6847635,-3.428682,-0.53715986,-0.588855,-0.65333974,57,seg_2a4s,NORM
-1.1310834,-3.6238685,-1.2326422,-0.8823411,4.129091,-0.27134362,-0.023665614,1.9529417,0.14130974,-2.653969,0.12913701,-3.0269248,-0.0974073,-0.42238897,-0.047509044,57,seg_4a6s,NORM
-0.7780912,-3.887815,-1.916165,-1.0331035,3.6574829,-0.58753836,-0.4528946,1.8708982,-0.37903458,-2.2035344,0.22178242,-3.165756,-0.6253262,-0.5437164,0.096626766,57,seg_6a8s,NORM
-0.803418,-3.6588728,-1.5004652,-1.4421668,2.9160805,-0.2818813,0.14653534,1.1220939,0.09906407,-3.5315366,0.8778659,-3.0816169,-0.45134932,-1.1533393,-0.48190698,57,seg_8a10s,NORM
-0.5484903,-4.8930044,-3.407549,-1.5793133,4.462108,-1.6746293,-0.19746155,0.85252595,-1.1400352,-3.0729597,0.14433208,-4.2873535,-1.0784879,-0.38650542,-0.20525011,58,seg_0a2s,NORM
-0.84349066,-4.849714,-3.3541217,-1.0578771,4.0361004,-1.4732246,-0.11070317,0.8865937,-0.872016,-2.9229743,0.37036738,-4.114888,-0.8136783,-0.4064135,-0.30617204,58,seg_2a4s,NORM
-1.5995898,-5.664575,-2.6001468,-0.88729477,4.274898,-1.2782212,-0.053639315,1.7094523,-0.561537,-2.8496544,0.09564672,-4.200389,-0.6658046,-0.3502683,0.011375621,58,seg_4a6s,NORM
-0.61440974,-4.8705873,-3.4463263,-1.3636959,4.091294,-1.5077654,-0.08012048,0.9202913,-0.9843301,-3.077518,0.1319465,-4.190375,-0.93185765,-0.24182545,-0.17950249,58,seg_6a8s,NORM
-1.1382499,-5.482353,-2.8953037,-1.4179914,2.9842505,-1.4848742,-0.057578288,0.6026103,-0.28693518,-3.0933158,0.9561087,-4.0319695,-0.8270244,-1.1344125,-0.05377142,58,seg_8a10s,NORM
-1.2351005,-3.1342907,-3.4198704,-1.4328051,3.828421,-0.17990482,-0.011917949,1.7510278,0.003235355,-2.8005006,-0.020544125,-3.8558013,-0.6672874,0.3376398,0.6809163,59,seg_0a2s,NORM
-0.6627446,-2.9011822,-3.4863667,-1.4519107,2.0079565,-0.45168003,0.3065462,0.5982014,0.19507593,-3.2560377,1.12981,-3.6497765,-0.67372954,-0.6489525,0.4117346,59,seg_2a4s,NORM
-0.08384204,-2.7901828,-4.156755,-1.7136505,3.9078236,-0.8528091,0.16332898,1.1912785,-0.21011981,-3.7256231,0.7042953,-4.07491,-0.270657,0.116823226,0.18840143,59,seg_4a6s,NORM
-1.3360455,-3.3830442,-3.1906152,-1.0440841,3.8480883,-0.34694335,0.14118159,2.0565321,0.30343598,-2.9670575,0.46308663,-4.0109997,-0.18589202,0.09747185,0.6345349,59,seg_6a8s,NORM
-0.7289463,-3.2540154,-3.8301563,-1.7849257,2.5093875,-0.7003366,0.48703477,0.75241613,0.4408368,-3.6520572,1.344293,-3.7986512,-0.23449494,-0.77595645,0.34497696,59,seg_8a10s,NORM
0.0117037,-2.6949644,-2.2541318,-1.1914675,3.9098082,0.5361025,-1.3697194,0.08379805,-0.08732939,-4.9877577,1.6941856,-2.6480596,0.61091274,-0.6854053,-0.31604803,60,seg_0a2s,NORM
-0.6354352,-2.310693,-2.3663025,-0.0843001,3.9783893,0.52345943,-0.68693936,1.4543036,-0.60494095,-4.483514,1.202792,-2.9102712,0.35511976,0.01813665,-0.5929774,60,seg_2a4s,NORM
0.13147505,-3.013144,-2.6090155,-1.3832102,4.131131,0.4073916,-1.4617755,0.12834823,-0.34549162,-5.6236277,1.6050118,-3.1355314,0.2972198,-0.4355222,-0.5835695,60,seg_4a6s,NORM
0.16347958,-2.608135,-2.4008327,-1.2452185,4.2062926,0.5971364,-1.6503756,-0.21462435,-0.11805415,-5.048555,1.6267514,-2.8064091,0.4286782,-0.6252379,-0.32981268,60,seg_6a8s,NORM
-1.0148747,-2.5260444,-2.4807348,-0.5113121,4.064208,0.87609684,-0.52679235,1.7085302,-0.7406145,-4.025989,0.6507327,-2.8251038,0.17860322,0.09045258,-0.19648787,60,seg_8a10s,NORM
-0.854871,-4.3091874,-2.5594053,-1.2673879,3.920136,-0.85133326,0.6074249,1.9557045,-0.33255485,-3.3888795,-0.3454192,-4.612971,-0.94987154,0.22113799,0.6777529,61,seg_0a2s,NORM
-0.2384175,-4.2593784,-2.6521063,-1.5512936,2.9028401,-1.0191605,0.26160756,0.71272326,0.2342641,-3.7630084,0.7144747,-4.4195223,-0.9175673,-0.69026035,0.60744625,61,seg_2a4s,NORM
-0.6039938,-4.161093,-2.5458274,-0.9312343,3.9968834,-0.98042834,0.13437,1.816392,-0.2237696,-3.3179495,0.23276511,-4.483228,-0.7539814,-0.05285801,0.6725787,61,seg_4a6s,NORM
0.13736682,-4.0797715,-3.1543307,-1.4939208,4.0554304,-1.3295184,0.41171333,1.5664226,-0.71345514,-4.205288,0.10821637,-4.8366313,-0.9540636,0.23555632,0.37951428,61,seg_6a8s,NORM
-0.31415457,-4.141995,-2.7189293,-1.6226249,2.6587818,-1.0014162,0.49736658,0.81915796,0.050252356,-3.767524,0.64735717,-4.3355384,-0.9850965,-0.6479518,0.5590764,61,seg_8a10s,NORM
-0.49859273,-4.0941963,-1.7781438,-1.1194599,3.7047539,-0.41378394,0.96903396,-1.067219,-1.2096109,-4.494658,-0.10361281,-3.472498,-0.8183575,-0.7695094,-0.50863016,62,seg_0a2s,NORM
-0.31434292,-3.3748598,-2.0608025,-0.85291374,3.848785,-0.45319822,0.13167757,0.30099666,-0.5147718,-3.372056,-0.1155717,-2.4659698,-0.35300255,-0.32722127,-0.7605226,62,seg_2a4s,NORM
-0.9572256,-3.1778615,-2.4338942,-1.0990045,3.8607123,0.26612514,0.30229667,0.2763788,-0.74742734,-2.5085943,-0.9207318,-2.3307183,-0.7290993,-0.21857001,0.06350049,62,seg_4a6s,NORM
-0.88277715,-3.6276948,-1.7354393,-0.8670187,2.4061484,-0.1437116,0.6710758,-0.050628588,0.10248297,-3.7445242,0.43654618,-2.2041078,-0.2548638,-0.9591944,-0.59054446,62,seg_6a8s,NORM
-0.18160357,-3.1621556,-2.3274736,-1.0637362,3.9902995,0.030859664,0.19076985,0.1356264,-0.7125645,-3.6371794,-0.28903466,-2.3026857,-0.22288863,-0.25133568,-0.40455046,62,seg_8a10s,NORM
-0.4766065,-2.900795,-1.8019677,-1.0574765,4.155461,0.37398878,-0.21112743,2.0348406,-0.9595354,-3.6244092,0.2048501,-2.8362753,0.48860955,0.20663041,1.3905914,63,seg_0a2s,MI
-0.3584304,-2.9320223,-1.5733329,-0.9458284,4.39065,0.36672023,-0.53851354,1.7948945,-0.7267933,-3.4959912,0.24191174,-2.8593297,0.5119095,0.16145767,1.3148801,63,seg_2a4s,MI
0.12141369,-2.5956736,-1.9830401,-0.8207547,3.9198937,0.028688878,-0.66404563,1.5991825,-0.9026963,-3.6602368,0.83206606,-2.4689476,0.57686657,-0.1421869,1.1267663,63,seg_4a6s,MI
-0.117874674,-2.6917033,-1.7815387,-1.0450265,4.1101465,0.17940862,-0.49392438,1.6579624,-0.83298755,-3.4661431,0.36393562,-2.790981,0.4155255,0.12548445,1.2771407,63,seg_6a8s,MI
-0.11242052,-2.539021,-1.9377444,-0.7761484,3.8414123,0.19821969,-0.399156,1.7517905,-1.1619627,-3.6179774,0.6930864,-2.680634,0.49069458,-0.006317064,0.8350315,63,seg_8a10s,MI
-1.1805975,-5.0667977,-2.5551739,-1.6362271,5.6604204,-0.25406435,-0.57064956,1.819706,-2.067946,-7.2135324,1.8278295,-5.115184,-0.5062609,-0.9314097,-1.2442871,64,seg_0a2s,NORM
-1.290553,-4.8833575,-2.5608273,-1.5141666,5.1612563,-0.39657363,-0.2172986,2.133184,-2.225781,-6.9044156,1.9503845,-5.0138936,-0.62187266,-1.1272954,-1.0858883,64,seg_2a4s,NORM
-1.5287162,-4.920256,-2.6411395,-1.5190303,5.1498766,-0.16004974,-0.012592711,1.9480505,-2.3056786,-7.0463505,1.760766,-4.935351,-0.5142091,-0.94943213,-1.3954536,64,seg_4a6s,NORM
-0.90077764,-4.555467,-2.9826717,-1.5198686,6.66818,-0.32681003,-0.25306332,2.556982,-3.1376867,-7.3636675,1.2676222,-5.089769,-0.5460806,-0.3655973,-1.3700984,64,seg_6a8s,NORM
-1.9703162,-5.2680464,-2.4325385,-0.98877674,6.509383,-0.07254869,-0.31298032,3.3855815,-2.5032074,-6.6716895,1.1024083,-5.290913,-0.34048378,-0.16272707,-1.0463578,64,seg_8a10s,NORM
-0.25711393,-3.509039,-4.606803,-2.6566465,2.187194,-0.80620146,-1.4549135,0.45166934,-0.22683698,-2.3649204,0.3676819,-3.6043897,-2.1518686,-0.3280267,-0.0037487894,65,seg_0a2s,CD
0.389494,-2.6357253,-3.9610696,-1.9537652,2.836231,-0.9748038,-1.5895549,0.9502759,-0.13924843,-2.1745095,0.023175947,-3.4377,-1.6755226,0.6035441,-0.10178456,65,seg_2a4s,CD
-0.15921426,-2.8390145,-3.761846,-2.195888,1.6086922,-0.5684526,-0.8286895,0.36852926,0.25721622,-2.2916217,0.43428358,-3.105117,-1.5101888,-0.23626243,0.16464843,65,seg_4a6s,CD
0.40794414,-2.6287174,-3.9287333,-1.7695253,2.491366,-1.1252978,-1.23873,1.1167186,0.2048313,-2.4166067,0.26309618,-3.3806844,-1.2976016,0.6544933,-0.05796905,65,seg_6a8s,CD
-0.73361564,-3.1606119,-2.9435081,-1.345515,2.5906148,-0.6210966,-1.0165123,1.7917705,0.5623374,-1.5697317,-0.2964896,-3.332497,-1.2276471,0.6995919,0.41009223,65,seg_8a10s,CD
0.025073305,-3.1934326,-2.5244927,-1.956224,1.9526925,-0.4313791,0.30538955,-0.1141949,0.36107987,-3.742799,-0.08048206,-2.2806401,-0.6543481,-0.18108533,0.017604575,66,seg_0a2s,NORM
0.5902234,-2.8242543,-2.5912027,-1.7680726,3.5212524,-0.57008314,-0.24182737,0.24488676,0.09697473,-3.605429,-0.73523635,-2.516588,-0.68383557,0.6189364,0.024569944,66,seg_2a4s,NORM
-0.54603255,-3.3494906,-2.0036063,-1.3601205,3.378354,-0.15168703,0.089620195,1.006317,0.28516805,-2.9986954,-1.0069255,-2.4257588,-0.48764545,0.5877707,0.35763472,66,seg_4a6s,NORM
-0.6560752,-3.3239977,-2.3703232,-1.4940789,3.5392334,-0.038353384,-0.07079598,1.0739802,-0.021756932,-3.0527844,-1.0071119,-2.5131083,-0.6764679,0.58474267,0.3412509,66,seg_6a8s,NORM
-0.12355846,-3.2246222,-3.4871726,-2.4865081,2.4627218,-0.31148985,-0.0035176352,-0.32094654,-0.38895506,-3.267373,-0.5081187,-2.5969865,-1.4957706,-0.35756165,0.07573093,66,seg_8a10s,NORM
0.41492045,-5.5618243,-3.1357522,-1.9719894,3.4384277,-2.6782267,-1.1928542,0.9819107,-0.4021843,-3.8955686,0.6464395,-4.503008,-3.2197266,-1.6309106,0.90984726,67,seg_0a2s,NORM
0.46065146,-5.324389,-3.1125202,-1.9904695,3.4540534,-2.6519954,-1.301253,0.9122236,-0.33351904,-3.6777987,0.7042242,-4.381072,-3.2318819,-1.7226255,0.93382657,67,seg_2a4s,NORM
0.3492266,-5.343522,-3.3136501,-1.9644799,3.2311072,-2.5975902,-1.1396303,1.0977705,-0.25605378,-3.7374141,0.72094315,-4.413213,-3.2091525,-1.6826724,0.9617989,67,seg_4a6s,NORM
0.3013456,-5.452191,-3.2997775,-2.0078225,3.225798,-2.5718665,-0.9430762,0.99484146,-0.39305598,-3.852596,0.54126745,-4.4276166,-3.1525977,-1.5456495,0.9337894,67,seg_6a8s,NORM
0.04982783,-5.453744,-3.7282119,-2.0923936,2.977131,-2.7401614,-0.7809597,1.4151257,-0.42820686,-3.7584643,0.617102,-4.6065125,-3.5174365,-1.706371,0.9149159,67,seg_8a10s,NORM
-0.97316366,-2.5866523,-3.8099904,0.0174473,3.6071148,0.3967883,0.07754005,0.3403101,-0.6609246,-4.3287463,0.9381008,-2.9042141,0.25316697,0.0610016,-0.40887722,68,seg_0a2s,NORM
-1.9033914,-2.926033,-3.3804731,0.71020114,5.0402694,0.7267665,0.10833221,1.9327049,-1.0707078,-3.9725544,0.13934842,-3.0746894,0.45101768,0.7531625,-0.17992848,68,seg_2a4s,NORM
-1.1740842,-2.5559494,-3.45253,0.35874557,3.458099,0.3771752,-0.031467438,0.4064442,-0.6051834,-4.0543213,1.0463285,-2.6295886,0.21605448,-0.090389,-0.59886813,68,seg_4a6s,NORM
-1.8014871,-2.9422078,-3.6117105,0.26959914,5.3663907,0.9394729,-0.024375223,1.735338,-1.2622769,-4.152271,-0.05981736,-3.0172117,0.42380613,0.8192302,-0.09830195,68,seg_6a8s,NORM
-2.6672862,-3.6024163,-3.1146026,0.38500077,4.005091,0.9360869,0.42504695,1.6386131,-0.68425274,-3.8223975,0.31949824,-2.9289641,0.29763418,0.17164761,0.130357,68,seg_8a10s,NORM
0.60676056,-4.2349753,-2.162459,-2.06618,4.4409223,-1.3350779,-2.7442086,-1.3226932,1.4439816,-2.7184021,0.8060065,-3.1988664,-0.91968656,-0.87205195,-0.32143745,69,seg_0a2s,NORM
-2.3661978,-4.1068854,-3.340973,-1.1399307,0.39237133,-1.1306232,1.2697983,1.14219,-0.4043525,-1.3631558,0.32100695,-2.713536,-1.7586815,-1.380227,-0.8910165,69,seg_2a4s,NORM
0.7490973,-4.115272,-2.726624,-2.4703848,4.754218,-1.2073816,-2.7837794,-1.6747406,1.012612,-2.8337922,0.29625025,-3.2340317,-1.5924455,-0.8386743,-0.01685308,69,seg_4a6s,NORM
0.5741701,-3.982607,-1.4332825,-1.5406492,3.4685974,-1.3634195,-2.2355108,-0.9677059,1.8623874,-2.554328,0.8787073,-2.565136,-0.48440915,-0.8353569,-0.2074233,69,seg_6a8s,NORM
-0.5599283,-3.648813,-2.44725,-1.2918208,2.326502,-0.94505167,-0.9249567,-0.5513487,0.9193973,-1.8732616,0.7529246,-2.6646273,-0.95355123,-0.99453247,-0.38833216,69,seg_8a10s,NORM
-1.6044508,-4.0382195,-4.0460167,-1.4907768,4.478462,-1.4233137,-1.3972049,1.7084461,-0.07261351,-1.3325429,1.4262848,-6.0814643,-1.0201257,0.047776014,-1.2322857,70,seg_0a2s,NORM
-2.3364315,-4.1298437,-3.5762725,-0.66218334,4.14793,-1.1017556,-1.1489398,2.1871817,0.20832291,-0.91029525,1.6466122,-5.8577824,-0.6506013,-0.16835193,-0.9363333,70,seg_2a4s,NORM
-1.4616067,-3.895991,-4.6751223,-1.2680366,3.844688,-1.4866083,-1.2626556,1.6880883,-0.28272966,-1.5953628,1.7652862,-5.855396,-0.9450726,-0.025073126,-1.3620445,70,seg_4a6s,NORM
-2.7731218,-4.643042,-3.6268601,-0.6617764,4.3350554,-1.1371137,-1.2392759,2.5861514,0.107516795,-0.9621334,1.6391401,-6.0325394,-0.73398656,-0.18148635,-0.9245595,70,seg_6a8s,NORM
-1.9839954,-4.1870933,-4.0373154,-1.4543357,2.6000144,-1.4072003,-0.5811335,1.0531296,0.27086192,-1.5563841,2.1699197,-5.714313,-0.9997617,-0.88279533,-1.2853532,70,seg_8a10s,NORM
-0.7967815,-2.138888,-2.2177749,0.0812566,4.162551,0.27983457,0.06311748,1.6004373,-1.4320512,-4.735141,1.4723785,-3.5856433,0.17480762,-0.32392043,-0.5870719,71,seg_0a2s,NORM
-1.6870133,-2.8194366,-1.7577499,0.35368747,4.4091215,0.4928628,0.2163041,2.1943502,-1.2977543,-4.2704034,1.1955315,-4.014392,0.18386756,-0.26112014,-0.38824162,71,seg_2a4s,NORM
-1.1008182,-2.3588495,-2.2958026,-0.4343441,2.9582474,0.44959933,0.5082362,0.7054284,-0.9661723,-4.5733757,1.7522368,-3.5479326,-0.046215,-1.0341787,-0.45633134,71,seg_4a6s,NORM
-1.1386503,-2.3060896,-2.0355732,-0.36056206,2.726567,0.41265845,0.65088356,0.8732097,-0.9055149,-4.476413,1.7583439,-3.4356353,-0.01778112,-1.0786309,-0.46642712,71,seg_6a8s,NORM
-0.59663737,-2.184118,-2.155757,-0.16002932,4.3671846,0.26553068,0.18764979,1.3878322,-1.5081892,-4.873887,1.2213023,-3.851733,0.15338778,-0.14126803,-0.6845895,71,seg_8a10s,NORM
-0.17599039,-3.613571,-3.0339751,-2.1241634,4.5468216,-0.29061076,-1.443016,0.25458556,-0.66880953,-2.7491922,-0.7851018,-2.5091543,-0.97664976,0.3306045,1.3787497,72,seg_0a2s,NORM
-0.42193565,-3.709227,-3.1077495,-1.3185377,4.428554,-0.20950583,-1.6143498,0.5718639,-0.6900769,-2.235224,-0.02340387,-2.5023727,-0.35297137,-0.0072268248,1.5750529,72,seg_2a4s,NORM
-0.30109048,-3.5162065,-3.281918,-1.6670365,4.5132055,-0.23351511,-1.4807149,0.18668807,-0.75258166,-2.1886265,-0.4764748,-2.6208467,-0.89632237,0.015040442,1.533815,72,seg_4a6s,NORM
-0.24442609,-3.7982523,-2.959868,-1.4333704,4.2391453,-0.16023213,-1.5058225,0.6608479,-0.8625187,-2.834806,-0.08506453,-2.4707773,-0.3913902,0.1316011,1.4063735,72,seg_6a8s,NORM
-0.30626252,-3.0948122,-2.4470687,-0.27717885,3.1806786,-0.2104201,-1.0795766,0.863907,-0.66536194,-2.2559998,0.7608738,-1.8331555,0.03986206,-0.53608,1.0703048,72,seg_8a10s,NORM
-0.871773,-1.528838,-4.53428,-1.4850817,3.6781979,-0.1296264,-0.80332696,1.8022661,-1.3033864,-4.991229,3.0949693,-6.726845,-1.0401807,-0.38385403,-0.05354899,73,seg_0a2s,NORM
-0.8859918,-1.7006766,-4.571007,-1.6375716,3.889553,-0.07465628,-1.0929945,1.7037165,-1.3003116,-4.790294,2.9269164,-6.7729487,-1.2466165,-0.3708583,-0.083753854,73,seg_2a4s,NORM
-0.5856349,-1.1249309,-5.4353456,-2.4866824,3.4878008,0.24252996,-0.9612486,1.1759139,-1.1559112,-4.1937556,2.237391,-5.8991055,-1.3958045,-0.21571071,0.27709514,73,seg_4a6s,NORM
-2.6931806,-2.7301345,-3.709731,-0.89101315,5.7299824,0.5377935,-1.2614384,3.9740367,-1.1992257,-3.9319935,1.7322634,-7.252545,-0.98859346,0.6273028,0.7427932,73,seg_6a8s,NORM
-1.2151005,-1.162238,-5.0143423,-1.8595138,5.16965,0.7695879,-1.5879769,2.2367456,-1.3975725,-3.1816325,1.3546804,-6.212524,-1.4687068,0.50481284,0.7305378,73,seg_8a10s,NORM
0.00658533,-4.183172,-3.228445,-1.842669,4.4468846,-1.5074288,-1.1469566,0.1538203,-0.25836602,-2.504196,-0.5966064,-3.6531866,-1.6623731,0.12323633,-0.37093565,74,seg_0a2s,NORM
-0.9541694,-4.787751,-2.5365777,-1.182878,4.166634,-1.087366,-0.75237477,1.0986221,0.31577244,-2.3178842,-0.58304465,-3.6213422,-1.1246729,0.14806725,0.06538659,74,seg_2a4s,NORM
-1.1115834,-4.2939925,-2.978282,-1.4852493,4.044111,-0.80732155,-0.62207365,1.0674603,-0.050577283,-2.0567734,-0.6851956,-3.569492,-1.2799885,0.16182657,0.029220134,74,seg_4a6s,NORM
0.05582942,-4.271389,-2.5433364,-1.6403213,2.8241723,-1.2840644,-0.8411292,-0.60170746,0.70657486,-2.849516,0.5242347,-3.1217546,-0.8090514,-0.6123909,-0.25239173,74,seg_6a8s,NORM
-0.42945307,-4.143198,-3.1771789,-1.7024939,2.3514094,-1.1683193,-0.23852685,-0.05666727,0.32279724,-2.954102,0.4669291,-3.436607,-1.1893101,-0.6142725,-0.32049248,74,seg_8a10s,NORM
0.8725543,-2.3382783,-3.1206684,-1.9437366,2.4692807,-0.55289996,-1.6039891,-0.03159699,0.12525564,-2.692331,1.333283,-3.8582733,-0.69764894,-0.21689935,0.47791246,75,seg_0a2s,NORM
0.7336635,-2.1279778,-3.0860734,-1.8025105,2.5408142,-0.55380166,-1.854199,-0.10714713,0.5413537,-2.460696,1.4809431,-3.5629811,-0.74193794,-0.44875783,0.5766834,75,seg_2a4s,NORM
0.071835175,-2.1473815,-2.957559,-1.3134708,1.6079838,-0.55172837,-0.7554079,0.29090315,0.004334718,-2.2714226,1.500723,-3.5843246,-0.6659142,-0.4425844,0.21310155,75,seg_4a6s,NORM
1.0949141,-2.291588,-3.123373,-1.9917617,2.8237677,-0.59130836,-2.0951905,-0.30380613,0.42087454,-2.7136078,1.3965455,-3.8343189,-0.7226367,-0.24084221,0.4862689,75,seg_6a8s,NORM
0.95132864,-2.2083492,-2.8172612,-1.8470056,2.9289916,-0.691291,-2.3295856,-0.29292676,0.53917813,-2.5356479,1.5769134,-3.6844099,-0.7278223,-0.40844017,0.59700453,75,seg_8a10s,NORM
-0.7226931,-3.9672642,-2.1726227,-1.8129427,4.156797,0.11605027,-0.72337896,0.8597292,-0.52067333,-5.8476844,0.86449564,-2.8856273,-0.43896872,-0.6324656,-0.78307414,76,seg_0a2s,NORM
-0.41413105,-3.3893964,-2.1543705,-1.7592707,2.9310975,-0.21197632,0.371048,1.1411747,-0.4606163,-5.3910336,0.7583071,-2.2790768,-0.34691435,-0.8344993,-0.28184763,76,seg_2a4s,NORM
-0.27730203,-3.5772028,-2.534912,-2.3406608,2.912416,-0.18825716,0.56358665,1.2253741,-0.4480123,-5.286815,0.2692799,-2.4453833,-0.57889026,-0.61399674,0.15164687,76,seg_4a6s,NORM
-0.08723259,-3.8741584,-1.9852296,-1.5410833,4.2999554,-0.5279397,-1.1301024,0.6037911,-0.09408839,-5.6979766,1.4003681,-2.953298,-0.18710077,-0.9078182,-0.45158377,76,seg_6a8s,NORM
-0.8047798,-3.8715057,-2.3093586,-1.563427,3.645234,-0.18893167,-0.21205536,0.9950807,-0.51497096,-5.528523,1.1335626,-2.7918358,-0.2630666,-0.8758842,-0.78799117,76,seg_8a10s,NORM
-0.76641375,-2.9643393,-2.1035852,-0.2817762,2.2424917,0.28263497,0.5076635,-0.057858124,-0.27327445,-3.0029786,1.0336368,-3.0837388,-0.11736803,-1.0847771,0.67368966,78,seg_0a2s,NORM
0.9405036,-3.586032,-1.8821322,-0.7923387,4.1986504,-0.5539603,-1.6028701,-0.849494,0.18155509,-4.5725946,1.5993912,-3.9071789,0.2619512,-0.6448961,0.8422173,78,seg_2a4s,NORM
-3.1520274,-4.2169633,-4.720894,-0.7408603,-1.2921852,-0.56672645,4.8536296,2.550092,-2.0852838,-4.3494086,0.9672407,-4.026684,-1.0767503,-1.5464832,0.2559218,78,seg_4a6s,NORM
1.0450048,-3.6476564,-1.6196113,-0.78919846,4.2828794,-0.7138598,-1.2013704,-0.99508756,0.6152827,-4.6492066,1.4939995,-3.9664793,0.47403646,-0.706719,0.8394884,78,seg_6a8s,NORM
-3.0970383,-4.193932,-4.4022493,-0.72652924,-1.0610411,-0.47540674,5.0070105,2.4208794,-2.2964146,-4.412447,0.7593187,-4.192275,-1.0767597,-1.4710447,0.13649388,78,seg_8a10s,NORM
-0.19565116,-3.7471209,-3.4564848,-2.4653986,5.4931426,-1.177996,0.74184585,2.6760619,-2.1803207,-4.491964,-1.2119353,-2.7634375,0.1582461,1.2274529,0.8204677,80,seg_0a2s,NORM
-0.80740845,-2.9970345,-3.375651,-1.8899114,3.3326643,-0.48969564,0.6227057,1.1612184,-1.4723167,-3.6817105,-0.032110702,-2.4744482,-0.067514665,0.27488965,0.17854874,80,seg_2a4s,NORM
-0.33300784,-3.6066594,-4.3134494,-2.5005445,5.0822997,-1.0356324,0.3779901,0.6172963,-2.9958987,-4.603333,-0.60692126,-3.7605243,-1.1687825,0.3892952,0.88490367,80,seg_4a6s,NORM
-0.03820294,-4.5007105,-5.577457,-1.9886265,4.26295,-1.1354774,-0.34863085,0.5711281,-2.3086815,-3.7798867,-0.2902688,-4.460547,-1.7625306,0.09214643,-0.5999315,80,seg_6a8s,NORM
-0.35748142,-5.364437,-8.042194,-5.981097,8.512314,-2.0746214,-1.8799094,0.14546254,-5.1828547,-4.807043,-1.8467647,-5.6086597,-4.2358255,0.1683642,1.3108364,80,seg_8a10s,NORM
-0.17250434,-4.5285263,-2.4597578,-1.4453857,2.5519454,-0.60098207,-0.14433828,-0.6858599,0.64167696,-3.1464078,0.19626603,-2.5465093,-0.02432001,-0.48573703,-0.060043305,81,seg_0a2s,NORM
0.4186043,-4.135032,-2.5288916,-0.945437,3.9706128,-1.0156103,-0.29386666,-0.38636905,0.19283721,-3.2015479,-0.2669683,-2.5552301,-0.20249167,-0.16834344,-0.18395597,81,seg_2a4s,NORM
-0.686496,-4.337526,-2.8711162,-1.2891247,4.16793,-0.13599709,-0.5145578,0.40497094,0.037079208,-2.5276525,-0.6337107,-2.8205614,-0.07209996,0.2573768,0.14278309,81,seg_4a6s,NORM
-0.86008155,-4.61128,-2.421823,-1.1343713,4.087246,-0.3962824,-0.014532767,0.5398881,0.3765115,-2.8292646,-0.79882514,-2.8627162,-0.065440945,0.26613104,0.22401635,81,seg_6a8s,NORM
-1.3468587,-4.9700713,-2.2552786,-1.22735,3.7452888,-0.2556986,-0.15814671,1.3295561,0.45059386,-2.2973256,-0.85766727,-3.1151173,0.09541373,0.62158775,0.05370985,81,seg_8a10s,NORM
-0.7389849,-3.2087784,-2.0128498,-1.0057375,4.0602155,0.66688216,-0.42603505,1.052537,0.13369094,-3.1489458,-0.2651,-2.00101,0.70696795,0.27582765,0.8547641,82,seg_0a2s,NORM
-0.56586856,-3.290511,-2.0113358,-0.8196831,3.7838132,0.39111185,-0.5240891,1.2682451,0.032124512,-3.043721,0.04337491,-2.0444906,0.6683262,0.13148503,0.71111846,82,seg_2a4s,NORM
-0.78427935,-3.3024807,-2.0734735,-0.9358539,4.276293,0.52264345,-0.7718415,1.392562,-0.40736568,-3.531233,0.16257623,-2.1536143,0.437993,0.06194309,0.27977756,82,seg_4a6s,NORM
-0.6656789,-3.38512,-2.1790986,-1.0171909,4.1353817,0.39643914,-0.36971986,1.3871894,-0.022837535,-3.3356657,0.110305615,-2.1236246,0.832194,0.04225663,0.6181415,82,seg_6a8s,NORM
0.10484667,-3.0077367,-2.226881,-1.3336096,2.5624273,0.19569603,-0.2609087,-0.100849524,0.40906993,-3.768959,0.9556639,-1.7498914,0.8653813,-0.68943155,0.3841363,82,seg_8a10s,NORM
0.3531893,-2.7775934,-2.8322606,-0.30630708,2.7161105,-0.2618442,-0.3575573,0.009209722,0.18520236,-2.9842432,0.21528804,-1.9816089,0.086071104,0.11199446,0.26658183,83,seg_0a2s,NORM
-0.38840917,-3.1219413,-2.7456222,-0.6321323,1.4476279,0.090751484,0.04383167,-0.46511975,0.5611526,-3.071452,0.64250946,-1.8431082,-0.08012202,-0.629603,0.4462163,83,seg_2a4s,NORM
-0.34741187,-3.1374204,-2.7431307,-0.68476665,1.3153592,-0.14492255,0.05554793,-0.5695443,0.7764909,-2.7786314,0.58763134,-1.8506304,-0.14995623,-0.60952514,0.36696106,83,seg_4a6s,NORM
0.31190008,-2.6333525,-2.6103635,-0.14836207,2.588849,-0.43057403,-0.4482512,-0.13721654,0.40389767,-2.8272338,0.3334926,-1.9846256,0.06556587,0.12331047,0.15324655,83,seg_6a8s,NORM
-0.81045425,-3.1631122,-2.3188572,-0.11960678,2.7863948,0.16371077,-0.111294605,0.5197067,0.56499815,-2.319711,-0.33321294,-2.0032628,-0.024673477,0.2389386,0.75161815,83,seg_8a10s,NORM
-1.1796241,-3.137673,-3.2937713,-0.8274842,3.379168,-0.47112224,0.16267523,2.5062246,0.36419132,-2.061676,-0.5464504,-2.266587,0.24026279,0.9040224,-0.11293766,84,seg_0a2s,NORM
-0.97867817,-2.710879,-3.5782971,-0.7999299,3.1351395,-0.22790274,-0.13587385,2.346086,-0.045258224,-1.9139936,-0.59207857,-2.069706,-0.11793743,0.91467637,0.067686975,84,seg_2a4s,NORM
-0.9221783,-3.1950634,-3.487207,-1.6611855,2.6873739,-0.105115086,0.12853679,1.4571025,-0.09698607,-3.284309,-0.31896883,-2.2389657,-0.3326735,0.48308897,-0.064272255,84,seg_4a6s,NORM
-0.48625058,-2.7610457,-3.7169733,-1.3172882,1.8557106,-0.4601111,0.2632893,1.2609813,0.23444995,-2.7173758,0.07381447,-1.9919982,-0.12288909,0.34520525,-0.1395011,84,seg_6a8s,NORM
-0.7331438,-3.2235901,-3.581728,-1.7729576,3.0655,0.013875306,-0.19823867,1.5011421,-0.42322016,-3.7327647,-0.44549558,-2.3140583,-0.9162616,0.35199225,-0.6519134,84,seg_8a10s,NORM
-0.8858198,-5.3381963,-4.3204403,-5.144643,3.6960926,-4.3213234,-1.6115131,3.9668593,-0.014141619,-1.7094911,1.6547902,-8.821183,-3.9825501,-0.5267527,-1.4267895,85,seg_0a2s,NORM
-0.7392575,-5.3256593,-3.9211235,-5.0729957,4.2606044,-3.9770262,-1.4985651,3.5964465,0.04836051,-2.2293956,1.4578073,-8.672582,-3.6147637,-0.43383878,-1.2323761,85,seg_2a4s,NORM
-0.9258751,-5.1890125,-4.1550436,-4.986444,3.7509677,-4.106707,-1.3222764,3.8393207,-0.060794085,-1.9406257,1.601276,-8.804405,-3.7813964,-0.45816964,-1.3180714,85,seg_4a6s,NORM
-0.49928647,-5.126571,-3.6837378,-5.096052,4.372491,-3.9689443,-1.6145163,3.3335419,0.19140509,-2.155836,1.370826,-8.52973,-3.590225,-0.4106775,-1.1542503,85,seg_6a8s,NORM
-0.72106063,-5.2973704,-4.2591667,-5.090905,4.0226135,-4.132398,-1.5743276,3.7226896,0.072940834,-2.0990512,1.6198702,-8.8381815,-3.712732,-0.4037326,-1.2554096,85,seg_8a10s,NORM
-0.48553532,-3.692177,-3.4898438,-2.4415202,3.5108345,-1.2251107,-0.9117391,0.13839623,-0.27649385,-1.3039172,-1.9952779,-2.763947,-2.9832697,0.1953513,-0.0315627,86,seg_0a2s,NORM
0.27284545,-3.892559,-3.8316026,-1.5616591,2.9552321,-1.8606098,-1.0940969,0.5164478,-0.4121592,-2.3734262,-0.14443669,-2.9566212,-1.8552473,-0.11499195,-0.24869144,86,seg_2a4s,NORM
-0.24105807,-4.1275682,-3.7363563,-2.12464,1.8762295,-1.2982763,-0.4227842,-0.20415649,-0.091621935,-2.419641,-0.09211609,-2.4644165,-1.7741045,-0.81908303,0.09198273,86,seg_4a6s,NORM
0.24211012,-3.914049,-3.796855,-1.4885643,3.0303373,-1.6433846,-1.0751804,0.5385735,-0.44710135,-2.3856,-0.15256794,-2.9282992,-1.6852798,-0.108043596,-0.03776379,86,seg_6a8s,NORM
-0.3358441,-4.2524405,-3.4051657,-1.7932425,1.5175847,-1.3780566,-0.27213475,0.11565256,0.027239539,-2.6153214,0.19526482,-2.447514,-1.494365,-0.79075044,-0.045596883,86,seg_8a10s,NORM
-0.20429236,-3.867595,-3.9433842,-0.3019853,4.848328,-2.1240644,-1.1252528,2.7509882,-2.0351954,-2.6856952,0.9721478,-5.892176,-2.0864935,0.045235284,-1.0307063,87,seg_0a2s,STTC
-0.31863955,-3.3813896,-4.12129,-1.0828533,5.1620426,-1.6300286,-1.013021,1.6220742,-2.5582662,-1.796727,-0.18564722,-5.2701573,-2.7349136,-0.050232902,-1.017165,87,seg_2a4s,STTC
-1.1006438,-4.11511,-5.2693925,-2.0260997,4.5240517,-1.5592394,-1.3439468,1.2267295,-2.623162,-1.6347476,0.27972645,-5.6901402,-3.3757637,-0.717666,-0.9887999,87,seg_4a6s,STTC
-0.9528201,-3.9547684,-5.170116,-1.9117033,4.006429,-1.5156271,-1.2862467,1.1735331,-2.1554825,-1.7511508,0.44983408,-5.315652,-2.5826254,-0.24337243,-0.95466745,87,seg_6a8s,STTC
-0.8582694,-4.677176,-5.101902,-1.8166654,4.085078,-1.997958,-1.3938687,1.467114,-1.8874288,-1.9875,0.5802482,-5.753404,-2.9420085,-0.49397862,-1.2550659,87,seg_8a10s,STTC
-0.042681023,-3.5619006,-3.1980171,-1.7947457,5.331943,-1.0731635,-0.44133645,1.7146287,-2.195946,-3.8182561,0.6170108,-5.6037064,-1.4476787,-0.15870543,-0.14065734,88,seg_0a2s,NORM
-0.877478,-3.6734383,-2.3347998,-1.2849641,5.563312,-0.41504964,-0.2796043,2.0908515,-2.211427,-3.612287,0.5665917,-5.978565,-0.91635585,0.10830242,-0.2003597,88,seg_2a4s,NORM
-0.7371427,-3.6413085,-2.203905,-1.321742,5.5799294,-0.40463766,-0.61138743,1.7608178,-1.8695815,-3.4465208,0.5259373,-5.373089,-0.87653744,-0.051939934,-0.20630032,88,seg_4a6s,NORM
-0.37837902,-3.75521,-2.5358734,-1.7509112,4.13008,-0.832793,-0.27997574,0.8995719,-1.8150287,-3.8215308,1.4345566,-5.5679107,-1.2821099,-1.0097148,-0.3200793,88,seg_6a8s,NORM
-0.438232,-3.6592438,-3.038159,-2.0386033,3.533967,-0.76022136,0.23098314,1.304418,-1.5223982,-3.891432,1.2094873,-5.219881,-1.2644718,-0.9204253,-0.055903167,88,seg_8a10s,NORM
1.0414453,-3.2557044,-2.629229,-2.279117,2.7969477,-0.79315865,-1.3072662,-0.42176187,0.76179147,-3.445232,0.40670314,-2.471657,-0.5816198,-0.3368985,1.063733,89,seg_0a2s,NORM
0.6134607,-3.2538753,-2.8536587,-2.0684884,2.358078,-0.7748146,-0.76932544,0.0051731765,0.4206923,-3.4109504,0.58668107,-2.4929004,-0.55451727,-0.45900625,0.94598544,89,seg_2a4s,NORM
0.6967616,-3.056125,-2.6503224,-2.0454464,2.55163,-0.5491382,-0.9725021,-0.15053865,0.42533895,-3.2320933,0.5542754,-2.4352756,-0.5157024,-0.50422287,1.034501,89,seg_4a6s,NORM
0.88753486,-3.3605716,-2.8254638,-2.2041545,2.9468014,-0.8146728,-1.8564361,-0.42048958,0.7765925,-2.9299963,0.6892996,-2.4460845,-0.659196,-0.57040775,1.0025086,89,seg_6a8s,NORM
0.10279046,-2.9445806,-2.643104,-1.5075319,1.3912207,-0.41773596,-0.206307,0.27499807,0.34278274,-2.6605937,0.63722754,-2.126783,-0.58908767,-0.7274444,0.69817543,89,seg_8a10s,NORM
0.412521,-3.6064513,-3.3648667,-3.2562716,4.8952546,-1.9682531,-0.066783205,2.117302,-0.37447947,-3.8575997,-0.19789115,-5.827861,-1.8605742,0.50624406,-0.7616832,90,seg_0a2s,NORM
-1.1700729,-3.6839492,-3.1836977,-2.484008,4.503619,-1.2382742,0.37950602,2.8866546,-0.49714857,-2.7840865,-0.27372667,-5.884444,-1.9710124,0.2276114,-0.4144908,90,seg_2a4s,NORM
-0.18762936,-4.1353025,-3.0495129,-3.293045,3.740941,-1.8856366,-0.10886369,1.4018447,0.40324587,-3.397147,0.5803021,-5.612589,-1.8512064,-0.5167577,-0.67943263,90,seg_4a6s,NORM
-0.08805442,-3.749855,-3.6258364,-3.0416596,4.8939786,-1.7067654,0.05355557,2.5779026,-0.7368595,-3.7139554,-0.31154078,-6.319218,-2.2259498,0.53698725,-0.5945561,90,seg_6a8s,NORM
-1.3094794,-4.314735,-2.8923883,-2.7929573,5.060749,-1.2678709,0.191789,3.062643,-0.24247932,-2.9435914,-0.51859707,-5.9433994,-1.783825,0.35924327,-0.25929147,90,seg_8a10s,NORM
-1.756631,-2.7681487,-2.9390306,-0.7490637,3.6369529,0.78580177,0.19493255,1.2832398,-0.39141876,-2.5226889,-0.477392,-2.791567,-0.38138765,0.32617983,0.8097067,91,seg_0a2s,NORM
-0.550302,-2.3971257,-2.1615,-0.3017644,3.784919,0.15338379,-0.24614486,0.4632393,0.15029106,-3.4534087,0.2635774,-2.681476,0.22452004,0.2930994,0.26512304,91,seg_2a4s,NORM
-1.4047306,-2.7111714,-2.2386012,-0.39976716,3.6805692,0.63981533,0.07470099,0.81238556,0.07703156,-2.7517028,-0.2764331,-2.4940212,0.058615357,0.28117406,0.6166241,91,seg_4a6s,NORM
-0.4946527,-2.407946,-2.405346,-0.74016005,2.1596227,0.35557258,0.26646703,-0.56041217,0.23262008,-3.719081,0.78444725,-2.1955256,0.10636011,-0.55257934,0.14356683,91,seg_6a8s,NORM
-0.8094366,-2.3020048,-3.0263739,-1.05281,1.9745662,0.4822216,0.5005394,-0.29783824,0.045114025,-3.4266903,0.6650983,-2.4054434,-0.18287678,-0.5280371,0.29190123,91,seg_8a10s,NORM
0.5887859,-3.6782172,-2.3041472,-1.6224618,2.5558846,-0.6428026,-0.80473995,-0.31113255,0.37341565,-3.2574058,0.30443883,-2.4003117,-0.8629928,-0.74599725,0.73972285,92,seg_0a2s,NORM
0.63044393,-3.7722433,-2.3286414,-1.5289176,2.477713,-0.5916357,-0.76830596,-0.415456,0.45831215,-3.2056808,0.28699234,-2.3320913,-0.6686316,-0.7015482,0.79953957,92,seg_2a4s,NORM
0.48843718,-3.6839266,-2.7065473,-1.5916827,2.3825312,-0.5876292,-0.53246564,-0.24397083,0.17069483,-3.1886292,0.34206426,-2.3811646,-0.8439857,-0.8524103,0.86521614,92,seg_4a6s,NORM
0.6748411,-3.7815597,-2.4083285,-1.4238555,2.6700215,-0.6383494,-1.0029186,-0.37191865,0.40671688,-3.3037298,0.5445827,-2.401075,-0.6337842,-0.8333244,0.8275721,92,seg_6a8s,NORM
0.70914656,-3.8112938,-2.4054503,-1.5702353,2.6606426,-0.61098003,-0.96315336,-0.43797827,0.37811953,-3.1889675,0.38034394,-2.3545003,-0.6596895,-0.77891916,0.8341491,92,seg_8a10s,NORM
0.6246259,-2.0971932,-3.0630717,-1.6846464,3.158407,-0.6250293,0.027967043,1.1532699,-0.8363327,-3.8662908,0.17126769,-2.9465477,-0.649342,0.36466682,-0.20424336,93,seg_0a2s,NORM
-0.96672755,-2.7126422,-2.325677,-1.3916359,3.8315468,-0.07924238,0.053949602,1.681134,-0.3167302,-3.1852922,-0.5003853,-3.2259126,-0.7299279,0.6455804,0.39834818,93,seg_2a4s,NORM
0.17005329,-2.4784403,-2.6680808,-1.8406918,1.8022252,-0.3972284,0.42578068,0.6447728,-0.41508698,-3.6570916,0.7469185,-2.5940635,-0.61855847,-0.67741,-0.08621144,93,seg_4a6s,NORM
0.24732076,-2.0871322,-2.949926,-1.6376479,3.4144166,-0.7067162,-0.060206436,0.92957556,-0.47254068,-4.1578994,0.15767545,-3.109086,-0.76923656,0.4997605,-0.18746969,93,seg_6a8s,NORM
-0.78681684,-2.9089556,-2.3717537,-1.4216838,3.8751476,-0.12631747,-0.06932115,1.6590226,-0.39529163,-3.3345702,-0.5953401,-3.1396534,-0.7530362,0.7118578,0.43984985,93,seg_8a10s,NORM
-2.5553591,-3.7357345,-2.632739,-1.7604859,3.7949076,-1.1965617,1.1872592,3.5335784,0.37705594,-2.8182971,0.521875,-5.482304,-0.6972833,0.20731393,-1.3160981,94,seg_0a2s,NORM
-1.4650962,-3.748552,-3.1178088,-2.6536236,4.5065737,-1.6766979,1.1814984,2.8937268,-0.059276253,-4.115323,0.4021956,-5.5545926,-0.6790202,0.41875422,-1.7284404,94,seg_2a4s,NORM
-1.594396,-3.5300894,-2.9260535,-2.3487816,4.5463066,-1.4816504,0.7600764,3.0262585,-0.27254236,-3.8799984,0.6124039,-5.6162305,-0.88070565,0.33105624,-1.7340869,94,seg_4a6s,NORM
-1.4834492,-3.5986779,-3.592373,-2.853062,4.256442,-1.6248511,1.3056512,2.9976103,-0.30785984,-3.9068873,0.449825,-5.727946,-0.8231093,0.36277258,-1.787331,94,seg_6a8s,NORM
-2.6943274,-4.2878265,-2.249988,-1.7683992,4.585988,-1.0813998,0.87313044,3.376164,0.2457658,-3.1105223,0.25219363,-5.231222,-0.7489949,0.05053564,-1.2973583,94,seg_8a10s,NORM
-0.15815836,-5.314733,-3.3669462,-1.8951585,4.4382663,-2.3249953,-1.4315584,-0.1840274,-1.0806851,-2.7466547,1.1934732,-6.569631,-2.4806118,-0.9838686,-1.1046141,95,seg_0a2s,NORM
-0.14847252,-5.3245063,-2.7932043,-1.8625598,4.80523,-2.1075761,-1.0955647,-0.31996718,-0.80516803,-2.7666993,1.0923079,-6.594027,-1.9481902,-0.9744127,-0.90493655,95,seg_2a4s,NORM
-0.26240608,-5.0582914,-3.2655802,-1.9080865,4.2639203,-2.0059502,-1.0041827,-0.079131246,-1.0834479,-2.8896086,1.0618649,-6.4914675,-2.2712016,-0.86184216,-0.9484159,95,seg_4a6s,NORM
-0.1535423,-5.175151,-2.7983308,-1.8747549,4.8406796,-2.0063987,-0.9257214,-0.36568522,-0.76684856,-2.8920648,1.0404766,-6.6117992,-1.882056,-0.94168615,-0.75961614,95,seg_6a8s,NORM
0.107786044,-5.196782,-2.7598858,-2.0475307,4.458016,-1.954098,-0.98873544,-0.039663985,-1.4258032,-2.9219868,0.8463291,-6.187777,-2.138505,-0.96659565,-1.1141634,95,seg_8a10s,NORM
-0.83442163,-6.5226064,-3.3582654,-3.0044644,3.6901355,-3.5604527,-0.49291763,3.015952,0.01820328,-2.4530983,1.2401534,-6.071667,-3.0125227,-2.1929262,-0.25981092,96,seg_0a2s,HYP
0.052323297,-6.32427,-4.278082,-3.6520991,5.60131,-4.0462136,-0.82801056,3.0025253,-0.80547965,-2.763597,0.10298494,-6.4987955,-3.442257,-1.2043098,-0.31256273,96,seg_2a4s,HYP
-0.5317849,-6.6547437,-4.6201673,-4.3348475,4.574985,-3.6310446,-0.6201198,2.5889924,-0.7530735,-2.7239602,0.4045291,-6.439075,-3.8538594,-2.024708,-0.073967546,96,seg_4a6s,HYP
-1.0255164,-6.5747614,-3.8928862,-3.3779716,5.630208,-3.2589462,-0.5842559,3.8501334,-0.5074836,-2.288362,-0.18136638,-6.523658,-3.2348223,-1.1622205,0.22763474,96,seg_6a8s,HYP
-0.5155614,-7.10918,-7.689683,-7.1341233,7.4628396,-4.3860664,-2.9544244,0.93588066,-2.4554508,-0.49074897,-1.3487332,-8.169975,-7.5116887,-2.4242873,-0.8501986,96,seg_8a10s,HYP
-0.6873885,-3.1490219,-3.1003327,-1.2127423,4.1740417,0.19800854,-1.175367,1.6621752,-2.397234,-5.6894574,2.668887,-4.607414,-0.3383695,-0.9631765,-0.91780066,97,seg_0a2s,NORM
-0.78741777,-3.167661,-3.0481977,-1.1437533,4.40983,0.16177654,-1.3625859,1.4681997,-2.4652023,-5.772675,2.659,-4.8559318,-0.5647188,-0.894176,-1.1739295,97,seg_2a4s,NORM
-0.8942102,-2.7292857,-2.5274925,-0.35347563,5.3064237,0.32391512,-1.5993115,2.4595542,-2.408779,-4.833543,2.0965414,-4.628081,-0.26097214,-0.28626305,-0.86687183,97,seg_4a6s,NORM
-0.9173175,-2.775518,-2.5748758,-0.5397086,5.525463,0.37502167,-1.6811104,2.4517965,-2.4564538,-4.816146,2.0066416,-4.6861973,-0.3279003,-0.28986412,-0.7743939,97,seg_6a8s,NORM
-0.81342345,-3.0321572,-3.1294384,-1.2790077,4.3041344,0.20376942,-1.1119515,1.4351538,-2.3843076,-5.5751266,2.5014098,-4.7742844,-0.56637233,-0.909143,-1.0688782,97,seg_8a10s,NORM
0.4797002,-3.89502,-1.8723392,-2.898725,2.981434,-1.5441531,-1.3478132,1.0333127,-1.8881314,-2.1170788,1.5151455,-3.027633,0.23002382,-0.7385006,0.7006464,98,seg_0a2s,NORM
0.64814335,-3.6526327,-2.4022813,-2.7681897,3.861108,-1.8375604,-1.3582137,2.07686,-2.7689543,-2.1331565,0.94492775,-3.3295293,-0.12689056,-0.06498775,0.59243935,98,seg_2a4s,NORM
0.29711533,-3.89393,-2.2739167,-2.7811317,2.61501,-1.4998487,-1.3976219,1.0461968,-1.460165,-1.5365818,1.3801335,-2.9625826,-0.19203018,-0.9203255,0.501994,98,seg_4a6s,NORM
0.4302802,-3.98744,-1.9694911,-3.0129836,3.1572516,-1.4794037,-1.565692,0.80583143,-1.6296263,-1.9162261,1.4070599,-3.224533,0.2340094,-0.5741534,0.56067896,98,seg_6a8s,NORM
0.57701194,-3.8794944,-1.7578316,-2.9177039,3.1906605,-1.4951622,-1.5253975,0.9541993,-1.8107421,-2.3469799,1.5327978,-3.0365472,0.2346387,-0.72461426,0.6665851,98,seg_8a10s,NORM
-0.7917644,-4.162085,-2.5865507,-0.4859187,3.1530263,-1.6395465,-0.3294146,-0.6978546,-1.5832951,-2.2215347,1.3965659,-5.573754,-1.962815,-1.2477624,-0.87146485,99,seg_0a2s,NORM
-1.0475231,-4.011705,-2.0108552,0.28788686,4.6687303,-1.458787,-1.1457598,0.17668894,-1.5964699,-1.5409964,0.77837735,-5.5451956,-1.9052918,-0.5184069,-0.6580248,99,seg_2a4s,NORM
-0.12223093,-3.966751,-3.165215,-0.5128094,4.8999524,-1.8593435,-0.8719254,-0.26679048,-2.388383,-2.6434584,0.8349135,-6.0519753,-2.0505695,-0.36764222,-1.0775812,99,seg_4a6s,NORM
-0.75032216,-4.0135193,-2.7089753,-0.58311695,3.2505314,-1.5434997,-0.5716863,-0.80460376,-1.4639099,-2.1883173,1.4554476,-5.451018,-1.9295983,-1.2345134,-0.89587474,99,seg_6a8s,NORM
-0.78678244,-4.154005,-2.6717887,-0.5803604,3.4315073,-1.4913129,-0.58304,-0.7592934,-1.4975579,-2.4014192,1.4126885,-5.639069,-1.9745256,-1.1746794,-0.9183924,99,seg_8a10s,NORM
-0.25210387,-3.1630697,-2.684052,-0.41686845,4.005636,-0.09716618,-0.33877802,-0.1617018,-0.9351737,-3.757928,-0.014997788,-2.8997169,-0.36700052,0.26418602,-0.10241121,100,seg_0a2s,NORM
-0.6133103,-3.4212286,-2.1359143,-0.16771051,4.262417,0.24356616,-0.6917952,0.04209712,-0.11930242,-3.359475,-0.11764211,-2.5793464,0.051555634,0.20190203,0.51229787,100,seg_2a4s,NORM
-0.5763817,-3.269574,-2.169363,-0.22017506,4.087947,0.21496288,-0.60084206,-0.076686054,-0.10937065,-3.2319465,-0.16368335,-2.5217035,0.09072867,0.2980386,0.5219232,100,seg_4a6s,NORM
-1.1991466,-4.054438,-1.777611,-0.24328807,4.7857533,0.40515095,-0.67359865,0.45358676,-0.094955504,-3.267103,-0.5284143,-2.639501,0.14556558,0.3354506,0.9457834,100,seg_6a8s,NORM
-0.39792565,-2.8572993,-2.5473032,-0.15928093,3.5048504,0.14299785,-0.09832447,-0.029841945,-0.76054394,-3.4008229,0.0123249665,-2.357831,-0.08899752,0.15828511,0.15309815,100,seg_8a10s,NORM
-0.907293,-4.1952405,-3.2135224,-0.8736384,2.7619476,-1.7196444,0.457029,2.5253274,-0.20403501,-2.704011,0.892041,-4.1633387,-1.0526627,-0.71376,-0.72081065,101,seg_0a2s,NORM
-0.95254487,-4.0737696,-3.2619185,-0.89231265,2.9830694,-1.5983253,0.420292,2.533603,-0.32514626,-2.7437387,0.93798196,-4.376412,-1.0834562,-0.7009604,-0.62463367,101,seg_2a4s,NORM
-0.16728547,-3.4664729,-3.2523708,-0.6148459,4.226016,-1.6605263,0.2429764,2.7752488,-0.8542954,-2.8800914,0.48408654,-4.197993,-0.6387968,-0.012178928,-0.85663927,101,seg_4a6s,NORM
-0.92554843,-4.2008343,-3.367096,-1.0335817,3.0865903,-1.6771665,0.24120316,2.5548136,-0.40984738,-2.5467763,0.9193665,-4.414662,-1.2128282,-0.7891933,-0.6429088,101,seg_6a8s,NORM
-1.2034041,-3.961515,-2.9904795,-0.4016754,4.203888,-1.4656876,0.21005309,3.347928,-0.52309847,-2.1932092,0.19275606,-4.342424,-0.9172707,-0.033266485,-0.5401225,101,seg_8a10s,NORM
-1.0071572,-3.301042,-2.7729068,-1.3131592,6.0842247,-0.9059763,0.97660613,4.7002745,-1.4989266,-4.527133,0.44933185,-5.4166574,-0.670558,-0.108491465,-0.518085,102,seg_0a2s,STTC
-0.416606,-3.286761,-3.3363967,-2.8297315,5.234256,-0.90928733,1.2526139,3.6325266,-1.3521302,-5.5807323,0.41378728,-5.295089,-1.0837355,-0.28787684,-0.5875778,102,seg_2a4s,STTC
-0.3797035,-3.3398683,-3.2875152,-2.8505206,5.114121,-0.93779266,1.2583213,3.6409814,-1.2973571,-5.4223533,0.39253238,-5.143394,-1.013537,-0.33275265,-0.4901695,102,seg_4a6s,STTC
-0.72536105,-3.5776587,-2.9858603,-2.3203976,6.310238,-0.98989,0.9610765,4.6799564,-1.5932224,-4.8704405,-0.18221894,-5.0281963,-0.6515076,0.28088394,-0.05845402,102,seg_6a8s,STTC
-1.278698,-3.106693,-2.6303296,-1.3049183,5.5797677,-1.2067481,0.8476839,4.7357597,-1.3016517,-3.9626226,0.6580544,-4.82928,-0.6060112,-0.23654877,-0.29796457,102,seg_8a10s,STTC
-0.3274369,-1.5208853,-4.842552,-0.41939217,3.9553359,0.6128643,0.17554572,1.5814631,-1.7419956,-3.7342296,0.16387504,-3.2059648,-0.35756308,0.7115101,0.3209932,103,seg_0a2s,MI
-0.71638817,-2.2603583,-4.317906,-0.6300313,2.762569,0.49602294,1.0206461,1.609379,-1.1906941,-4.471963,0.47302285,-3.6001484,-0.266881,0.4220248,0.6062708,103,seg_2a4s,MI
-0.32054442,-1.3426698,-4.396756,0.13019115,3.619901,0.41646692,0.38829735,1.7569504,-1.4096572,-3.6561685,0.43244967,-3.218024,-0.13434449,0.69125974,0.31365597,103,seg_4a6s,MI
-0.6155704,-2.1418443,-4.9426403,-1.0043869,2.896877,0.56276286,1.0485892,1.3203468,-1.4948571,-4.5223103,0.32702264,-3.5750651,-0.4303527,0.41064167,0.53695905,103,seg_6a8s,MI
-0.22364311,-1.3976345,-4.348374,-0.14145356,3.6768386,0.2789285,0.3493515,1.506717,-1.2574575,-3.395352,0.01689192,-3.202914,-0.3971874,0.84576374,0.29353893,103,seg_8a10s,MI
-1.4529419,-5.1744094,-2.7365603,-1.2099566,4.142669,-1.0360199,-1.0088115,2.2025807,1.3164229,-3.225198,0.023570433,-3.3201504,-0.6371024,0.09846172,0.7526728,104,seg_0a2s,NORM
-0.8380849,-4.7543044,-3.2450762,-1.4206293,2.284066,-1.1776115,-0.6685481,1.1861111,1.1055694,-3.5732079,1.1699461,-3.087565,-0.8590886,-0.94378924,0.29863015,104,seg_2a4s,NORM
-0.9054086,-4.814239,-3.3789597,-1.552537,2.1486259,-1.4075273,-0.58749694,1.1339362,0.9648806,-3.5564883,1.1353257,-3.02531,-0.8927957,-0.8639579,0.24117023,104,seg_4a6s,NORM
-0.73903066,-4.729023,-3.0643678,-1.440937,2.4579835,-1.3140217,-0.8235666,0.9632597,1.3211606,-3.7092073,1.1696669,-3.0812986,-0.75711006,-0.82585573,0.338145,104,seg_6a8s,NORM
-1.2897452,-4.5146194,-3.517136,-1.4765489,2.6037195,-1.1886573,-0.84999484,1.4118025,0.22775586,-4.487393,1.4358596,-3.0647137,-1.3998454,-1.0286576,-0.6042775,104,seg_8a10s,NORM
-0.4240649,-4.6484456,-2.0434234,-1.3288474,4.625389,-1.7439787,0.81090564,1.289869,-1.9443572,-3.6434917,-0.047555953,-6.168785,-1.5043968,0.03886488,-1.3937658,105,seg_0a2s,NORM
-0.13537489,-4.4469757,-1.9030143,-1.2731807,4.896797,-1.6808697,0.8780588,0.9201443,-1.7452042,-3.770521,-0.06013225,-5.950024,-1.2880207,-0.07323171,-1.0588344,105,seg_2a4s,NORM
-1.3577987,-4.783345,-1.7419606,-0.91233474,4.4198155,-1.1285875,0.8467866,1.8213832,-1.481714,-3.307845,-0.10758945,-5.815534,-1.2336222,0.031895906,-0.9846196,105,seg_4a6s,NORM
-0.403275,-3.898735,-2.957498,-1.0413222,5.3878627,-1.4754773,0.5016733,2.2633495,-2.3176284,-3.3598027,-0.3028095,-5.9784136,-1.1571121,0.79140365,-0.89244664,105,seg_6a8s,NORM
-0.10067707,-4.3943095,-2.8331132,-1.6774607,4.367944,-1.7190671,0.69343877,1.3097546,-1.7643187,-3.761694,0.22025755,-6.0486298,-0.9909382,0.3607701,-0.87256396,105,seg_8a10s,NORM
0.5978746,-3.3667448,-1.7682816,-1.8280435,4.165493,-1.2769945,0.005625792,0.60065967,-0.5187754,-5.5537825,0.6539546,-5.6877437,-1.913666,-0.40160453,0.38714257,106,seg_0a2s,MI
0.7587161,-2.963045,-1.3583126,-1.4428358,4.056878,-1.2611847,-0.80203956,0.31133568,-0.032782152,-4.9088173,1.0648638,-4.9125104,-1.6731164,-0.71873844,0.3612488,106,seg_2a4s,MI
-0.24545954,-2.7021425,-1.799468,-1.334935,2.5105262,-0.87967527,0.5222864,1.1692419,-0.3904823,-4.34277,0.8829611,-4.5761814,-1.7656207,-0.6692497,0.15096784,106,seg_4a6s,MI
0.9178815,-3.153669,-1.6122624,-1.934438,4.3539805,-1.1202118,-0.56926566,0.35579038,-0.30710012,-5.5909534,0.660006,-5.2818437,-1.7403404,-0.31614172,0.484836,106,seg_6a8s,MI
-3.328429,-3.6728375,-3.850819,-1.5966682,-1.2912518,-0.938884,5.042971,3.4801834,-2.4560297,-4.6330004,0.7782406,-4.87972,-2.4643793,-1.6844487,-0.48483548,106,seg_8a10s,MI
-0.23494563,-2.5634732,-3.0913324,-0.73070186,2.493584,0.26573578,-0.039277323,0.8156767,0.21555829,-3.159505,0.07991826,-1.5583215,0.2205353,0.17733432,0.3908623,107,seg_0a2s,NORM
-1.2141446,-3.1590018,-2.920281,-0.7257704,2.6266763,0.7227284,0.15196544,1.5442933,0.27409515,-2.9735124,-0.42636573,-1.6814958,0.22668959,0.45076644,0.78537095,107,seg_2a4s,NORM
-0.26294145,-2.654535,-3.1621418,-0.84261096,2.4988902,0.32249495,0.08747276,1.0438732,0.094706014,-3.4399257,0.080309115,-1.6193231,0.2960133,0.2422623,0.36731327,107,seg_4a6s,NORM
-0.2458827,-2.645153,-3.29528,-0.7272106,2.50607,0.27792946,-0.18854627,0.99166715,0.089512005,-3.3030188,0.26569906,-1.6216354,0.2125736,0.13618149,0.3648421,107,seg_6a8s,NORM
-1.1838984,-3.0262914,-2.9959416,-0.83291805,2.727598,0.9186752,0.19776732,1.4598528,0.15542565,-3.2168863,-0.5032558,-1.6322227,0.20404522,0.48136342,0.75957894,107,seg_8a10s,NORM
-0.46376866,-3.471789,-3.0245275,-0.8850935,3.9736655,-1.3418673,0.9656681,2.4597936,-1.8061495,-3.5910428,-0.63866323,-3.18832,-0.9254069,0.3776673,-0.83661616,108,seg_0a2s,NORM
-0.4039712,-3.1835744,-2.7716112,-0.75564086,4.135983,-1.1141127,1.2893229,2.3320773,-1.8614371,-3.9695215,-0.646852,-3.1665127,-0.6901167,0.38958055,-0.7407694,108,seg_2a4s,NORM
-0.43315107,-3.268841,-2.9044232,-0.9354889,4.0276775,-1.101368,1.072047,2.536417,-1.8139787,-3.9157267,-0.558946,-3.1708293,-0.58929205,0.53129554,-0.87088513,108,seg_4a6s,NORM
-0.46759868,-3.217845,-2.921772,-0.8974566,4.020959,-1.0703439,1.1444839,2.4875538,-1.7939808,-3.8599184,-0.6434008,-3.0671506,-0.7118439,0.4235959,-0.776582,108,seg_6a8s,NORM
-0.41511074,-3.206229,-3.0249581,-1.0097675,4.0167,-1.0530485,1.1297998,2.4778,-1.9054515,-3.8863816,-0.7399059,-3.0533233,-0.83705497,0.43912548,-0.7347696,108,seg_8a10s,NORM
-1.3487688,-2.2031455,-1.9730859,0.041971885,3.3966844,0.17984672,-0.09453793,0.9014803,0.06791168,-2.263773,0.57002586,-2.9244883,-0.104385905,-0.15177636,-0.09400949,109,seg_0a2s,NORM
-0.44708404,-1.9734215,-2.3072853,-0.17877379,3.2848325,-0.27268133,-0.031877965,0.50387484,-0.34791258,-3.1637392,0.8022301,-3.0744107,-0.15588394,-0.020749494,-0.549983,109,seg_2a4s,NORM
-1.9075242,-2.436569,-1.9898764,-0.18110967,3.3858252,0.38654324,0.35205084,1.2041587,-0.031135932,-2.068293,-0.007467501,-3.0264502,-0.35130537,0.05081837,0.19515198,109,seg_4a6s,NORM
-0.649778,-2.0825145,-2.3097157,-0.1908479,3.3530107,-0.19105214,-0.12716267,0.6221984,-0.2579452,-2.8927214,0.6945124,-3.115628,-0.19958949,0.030290186,-0.34332183,109,seg_6a8s,NORM
-1.4929023,-2.2830954,-1.7657212,0.28487113,3.2108848,0.12593818,0.011177145,1.2013022,-0.00967221,-2.349089,0.6365249,-2.94586,-0.12786987,-0.13973121,-0.12149495,109,seg_8a10s,NORM
-1.2219456,-2.1840332,-2.1341388,-0.64767253,3.0210032,0.12559958,-0.9600698,1.3814285,0.33740887,-1.0793787,0.15418604,-2.690657,-0.97511077,-0.14646028,0.2875063,110,seg_0a2s,NORM
-0.12790987,-1.5150617,-2.7495317,-1.1119545,2.9713984,-0.05797133,-0.91781527,0.556042,-0.083118066,-1.7024189,0.16974735,-2.5523493,-1.1656728,-0.12797324,0.059139132,110,seg_2a4s,NORM
-1.0121329,-2.205797,-1.9244618,-0.5701054,3.180468,-0.05531439,-1.2396268,1.3770608,0.40313965,-1.3573574,0.39930135,-2.7082124,-0.8204094,-0.10860829,0.21837616,110,seg_4a6s,NORM
-1.1674753,-2.2537518,-2.5177565,-0.86793995,3.1271863,0.16938755,-1.1093602,1.2847388,0.06911867,-1.2811525,0.007127527,-2.7338405,-1.2298464,-0.059051245,0.2873003,110,seg_6a8s,NORM
-1.9009634,-2.9742503,-1.9115797,-0.8434571,3.5941796,0.3740685,-0.97912455,1.7356701,0.27125448,-0.9426923,-0.49294668,-2.7968965,-1.099953,0.010061547,0.7627014,110,seg_8a10s,NORM
-0.4443041,-2.8690624,-3.1015172,-1.0348234,3.2583973,0.48112014,0.18145454,1.3359236,0.028977297,-3.3595836,-0.36605138,-2.878829,0.109041154,0.6612365,1.6253762,111,seg_0a2s,NORM
0.0733688,-2.6755676,-3.434165,-1.419214,1.8396884,0.24916248,0.32225144,0.08889258,0.16967505,-3.8468232,0.64091957,-2.57677,0.022292592,-0.3088926,1.277787,111,seg_2a4s,NORM
0.15096639,-2.3140223,-2.8626099,-0.6873756,3.226339,0.25337344,-0.32184547,0.9181329,0.19266054,-3.3693922,0.3004024,-2.5766056,0.3028711,0.27881432,1.4631063,111,seg_4a6s,NORM
0.8623396,-2.2124958,-3.3159547,-1.0049143,3.3175223,-0.105642825,-0.38586676,0.36856478,0.051255807,-3.888833,0.33315656,-2.7290277,0.2204896,0.434628,1.2151755,111,seg_6a8s,NORM
-0.37206283,-2.524268,-3.1852956,-1.0638146,3.228445,0.5836624,-0.012028724,1.0456419,0.0577401,-3.0789976,-0.33901384,-2.5869324,0.06783004,0.5533319,1.6834012,111,seg_8a10s,NORM
-1.0442499,-2.9593844,-3.1754246,-0.59098333,2.799531,0.070264235,0.102393456,1.3849013,-1.3546989,-5.151632,2.1148736,-3.722447,-0.4180959,-1.0745255,-0.1907233,112,seg_0a2s,NORM
-0.52225024,-2.647812,-2.9859328,-0.1181104,4.5200315,0.18365847,-0.73128617,1.8024857,-1.6791017,-5.1094456,1.5534476,-3.8442245,-0.23326825,-0.2250431,-0.18565878,112,seg_2a4s,NORM
-1.5900137,-3.014375,-2.702517,0.042743016,4.607327,0.5873143,-0.39154792,2.2183092,-1.4169495,-4.302148,0.9731717,-3.9542394,-0.306565,-0.07843314,0.07887661,112,seg_4a6s,NORM
-0.5840298,-2.5238197,-3.1571054,-0.14287138,3.9957638,0.084443465,-0.50980467,1.8678932,-1.5809205,-4.88496,1.5826374,-3.5762694,-0.28805673,-0.30053794,-0.20058784,112,seg_6a8s,NORM
-1.6779357,-3.4115944,-2.9522972,-0.2050893,4.993072,0.4705189,-0.6106594,2.3237154,-1.5932117,-4.4391465,1.0029751,-4.2276645,-0.3348052,-0.029007599,0.10713852,112,seg_8a10s,NORM
-1.7796553,-4.123626,-2.9481025,-0.87936395,6.678242,-1.176408,0.21911103,4.7027884,-2.2329214,-5.9789667,1.340759,-4.7155957,-0.48569715,-0.43791538,-2.2693655,113,seg_0a2s,NORM
-2.5360496,-4.4850802,-2.7600746,-0.96009463,5.2400875,-0.84505,0.5796122,3.9788003,-1.7537851,-5.5017476,1.5535396,-4.4677286,-0.72241926,-1.0843494,-2.0850682,113,seg_2a4s,NORM
-2.4138522,-4.3275743,-2.853726,-0.6186082,5.9643326,-1.2453475,0.2055113,4.972702,-1.7760401,-4.699833,1.0390571,-4.5080676,-0.7908265,-0.46159202,-2.0142598,113,seg_4a6s,NORM
-2.388928,-4.6794667,-2.4621153,-0.8980929,5.3906026,-1.0026201,0.22061601,3.9157844,-1.3618226,-5.4333806,1.6004698,-4.398217,-0.6520737,-1.0545725,-2.0355568,113,seg_6a8s,NORM
-2.283776,-4.4133267,-3.2184687,-1.1752119,4.56652,-1.2111992,0.6060234,4.3113723,-1.4875603,-5.4617796,1.7860727,-4.3321543,-0.7681729,-1.0922627,-2.0934289,113,seg_8a10s,NORM
-1.0918329,-4.7970757,-2.9304128,-1.343061,3.5328066,-1.5170892,-0.7553087,0.3880477,-0.038018912,-2.6532655,1.4093161,-4.7248664,-1.2295226,-1.202444,-0.3429086,114,seg_0a2s,NORM
-1.3030057,-4.9147415,-2.8652077,-0.9598784,3.2507584,-1.7522814,-0.58128494,0.62708306,0.0041929483,-2.6102412,1.6424258,-4.872822,-1.4032853,-1.4193871,-0.68117785,114,seg_2a4s,NORM
-0.83215547,-4.837514,-2.4832091,-1.1600304,3.7045867,-1.4566891,-0.86212295,0.0007828474,0.42187655,-2.7537208,1.2587087,-4.518184,-0.99128616,-1.143974,-0.41890147,114,seg_4a6s,NORM
-0.8834553,-4.650912,-3.271812,-1.0923388,5.0283704,-1.6704112,-1.0476933,1.1456852,-0.76583844,-2.7706327,0.8655267,-5.1152163,-1.268951,-0.43790042,-0.42531487,114,seg_6a8s,NORM
-1.8424138,-5.1295133,-2.2525783,-0.6063956,4.927306,-1.237709,-0.6027424,1.601165,0.06519235,-2.2424862,0.4602795,-4.780549,-0.85294044,-0.47004795,-0.12917879,114,seg_8a10s,NORM
-0.37243053,-3.9454012,-3.2080235,-2.362411,3.7590404,-2.2664638,-0.7219686,1.8470688,-0.32909834,-1.8586532,0.2797936,-4.9015594,-1.8483754,-0.043386966,-1.132775,115,seg_0a2s,NORM
-1.5284986,-4.115208,-2.2350545,-1.7502658,3.748271,-1.5505354,-0.6936479,2.2695386,0.29111326,-0.960848,-0.08042205,-4.4265633,-1.6277661,-0.113169506,-0.63018703,115,seg_2a4s,NORM
-0.74270827,-4.0135927,-2.5616646,-2.3615258,2.3260038,-2.00022,-0.4154194,1.1354251,0.5113722,-1.7664499,0.9764823,-4.414522,-1.6711192,-0.94224787,-1.0005116,115,seg_4a6s,NORM
-0.44719064,-4.0005736,-2.8352332,-2.3700976,4.00943,-2.106619,-0.8611832,1.8790972,-0.1361498,-1.8257359,0.03147181,-4.83088,-1.8628981,0.0776525,-0.9498414,115,seg_6a8s,NORM
-1.489521,-4.229166,-2.0407805,-1.5896461,3.5489197,-1.7152139,-0.6801397,2.275455,0.3938506,-0.955425,-0.016124133,-4.389723,-1.5905752,-0.095175564,-0.67452705,115,seg_8a10s,NORM
-0.7883649,-2.1082928,-3.5435,-0.09803274,3.482427,0.49510503,0.13929048,0.13851497,-0.43351275,-3.4614356,0.72674584,-2.8776546,0.18497778,-0.022743031,-0.15792963,116,seg_0a2s,STTC
-1.7428688,-2.3938942,-2.9580998,1.0868602,4.19449,0.43630505,0.22751555,1.9117517,-0.42015684,-2.7213774,0.5089226,-2.933784,0.6411316,0.42470503,-0.0099916905,116,seg_2a4s,STTC
-0.7436764,-2.1418457,-3.6316304,-0.2860659,3.6179593,0.4286781,-0.16801845,0.07791284,-0.43294185,-3.2506297,0.67376554,-2.998166,-0.05554101,-0.005712837,-0.16167095,116,seg_4a6s,STTC
-1.7991451,-2.863243,-2.6668477,0.44779053,3.5200083,0.6454724,0.22142291,0.98877907,0.16534567,-3.059602,0.6465141,-2.8582783,0.54319847,-0.03886634,0.32428128,116,seg_6a8s,STTC
-1.2743925,-2.672215,-3.1255493,-0.22326365,2.080494,0.6328314,0.53931326,-0.1294474,0.27604955,-3.6185503,1.3496282,-2.7168615,0.4137481,-0.76646423,0.15658405,116,seg_8a10s,STTC
-1.3484504,-2.9778357,-2.77326,-0.20924959,4.5906672,-0.07738745,0.97190917,2.7764592,-1.1297457,-4.3052454,-0.12737407,-3.0693238,0.17556728,0.5572928,-0.9932442,117,seg_0a2s,NORM
-1.2048091,-3.0367284,-3.2111673,-1.0327435,3.4452763,-0.035309136,1.3094838,1.878238,-0.9505299,-4.677671,0.37424445,-2.968074,0.007172033,-0.122822925,-0.9804206,117,seg_2a4s,NORM
-1.0706201,-3.2100568,-2.7497306,-0.900204,4.165649,0.12518272,0.89859796,1.620184,-0.7897275,-4.7440844,0.30221477,-3.0994391,0.1468352,-0.06930934,-0.6904365,117,seg_4a6s,NORM
-1.3380673,-3.0091798,-2.6949792,-0.41909683,5.0647535,0.1855035,0.632784,2.5940866,-0.8077828,-4.313309,-0.25944957,-2.820836,0.3824206,0.6180404,-0.6071676,117,seg_6a8s,NORM
-1.3615892,-2.7368443,-2.4842205,0.21201618,4.500026,-0.05269733,0.70364565,2.5491,-0.7826713,-3.6523383,0.14227286,-2.8173857,0.31784064,0.27919316,-0.8576747,117,seg_8a10s,NORM
-0.08152196,-3.1917062,-1.6374404,-1.2191644,2.6355338,-0.07818061,-0.28330716,-0.4915411,-0.074904025,-4.0000834,0.18570516,-2.721902,-0.81595516,-0.32878184,-0.111290306,118,seg_0a2s,NORM
0.05693908,-2.9490402,-1.7188588,-0.80952257,2.1749277,-0.16243348,-0.15635502,-0.6582255,0.12978837,-3.664431,0.49654374,-2.3609018,-0.46543324,-0.53366196,0.03963606,118,seg_2a4s,NORM
-0.017293915,-2.8431497,-2.4232483,-1.1821988,3.4524488,-0.51281536,-0.07849321,-0.050209716,-0.8350046,-3.011086,-0.8414389,-2.9634993,-1.4063461,0.34060925,-0.2516032,118,seg_4a6s,NORM
-1.3591261,-2.5795696,-2.640541,-0.17273208,1.7664824,0.13120003,0.982957,0.9136859,-0.92242473,-1.9328711,-0.50709236,-2.4624314,-1.1246356,-0.1329209,-0.14331144,118,seg_6a8s,NORM
-0.30538726,-2.8476398,-1.9674896,-2.1529555,4.19376,-0.10344738,0.038302623,-0.20515282,-0.08033641,-3.5498888,-2.2695396,-2.816767,-2.1033657,0.87752527,0.08768678,118,seg_8a10s,NORM
-1.2640945,-3.186023,-2.928019,-1.7488205,3.692065,0.5912725,1.5568502,2.5746012,-1.9957681,-5.02746,-0.85884774,-2.846375,-0.27807897,0.62455565,-0.47985455,119,seg_0a2s,NORM
-0.51387274,-3.0891593,-3.0230184,-1.6603761,3.1948724,0.524897,0.000761874,0.6885292,-0.3240054,-5.186361,0.8910137,-2.3105774,0.09977697,-0.65594906,-0.20828143,119,seg_2a4s,NORM
-0.55042434,-2.9919293,-2.5993147,-0.91654533,4.4525366,0.552914,-0.5032705,1.4558274,-0.5240367,-4.9650493,0.36617056,-2.234819,0.34151566,0.16500248,-0.36458066,119,seg_4a6s,NORM
-0.29389924,-2.5961008,-2.811646,-1.1832333,4.222603,0.22203135,-0.39433926,1.3420824,-0.32929236,-5.2120686,0.54750013,-2.4189456,0.06308645,0.10957451,-0.48368558,119,seg_6a8s,NORM
-1.1865549,-2.8551326,-2.6575475,-0.98863906,4.361958,0.6916913,-0.29120237,1.563738,-0.08122584,-4.14651,0.023186795,-2.3258,0.014340147,0.11705522,0.09724463,119,seg_8a10s,NORM
-0.12094739,-3.8305209,-2.7154002,-1.0958622,2.5466287,-0.76286316,-0.5894491,-0.3622359,0.33272627,-3.4259322,0.7720866,-2.6562626,-0.7751592,-0.88910365,0.32329002,120,seg_0a2s,NORM
-0.37788025,-3.9743354,-3.0448284,-1.2727735,2.2424815,-0.756274,-0.38588136,-0.0053327978,0.38497734,-3.0924172,0.6450786,-2.85453,-0.9500969,-0.84232056,0.41826856,120,seg_2a4s,NORM
0.011331901,-4.0028725,-2.5224066,-1.1432643,2.8445084,-0.70131063,-0.6865664,-0.33431885,0.4625123,-3.230861,0.731911,-2.8453147,-0.65739805,-0.97602344,0.43672872,120,seg_4a6s,NORM
-0.028748006,-3.777588,-2.7958655,-1.2913728,2.5441663,-0.6143452,-0.8204513,-0.34666798,0.40963402,-3.2812037,0.5976246,-2.6298845,-0.9314142,-0.7791379,0.45725128,120,seg_6a8s,NORM
-0.012622431,-3.807579,-2.7487993,-1.3204663,2.5613108,-0.8256779,-0.70939916,-0.38451913,0.61689824,-3.0962315,0.6178758,-2.8122156,-0.92780066,-0.8164512,0.43278113,120,seg_8a10s,NORM
-0.82183135,-2.9345853,-2.9000187,-1.1373644,3.97246,0.1416081,0.56444585,1.8174195,-1.0583014,-5.200376,0.33310625,-2.9176545,-0.14201419,0.12700081,-0.7087617,121,seg_0a2s,NORM
-0.91938806,-2.723474,-2.867845,-1.0314784,3.7263374,0.18325572,0.65517163,1.6839391,-0.95688015,-5.2027035,0.3393807,-2.6169844,-0.12586336,0.120506674,-0.8661345,121,seg_2a4s,NORM
-1.2712253,-2.6776624,-2.418335,0.19094792,4.547775,0.046022236,0.2820891,2.7568257,-0.85426754,-4.262584,0.28102702,-2.6440582,0.26365417,0.47628033,-0.7966342,121,seg_4a6s,NORM
-0.77951723,-2.8014572,-2.934466,-1.1687653,3.7485328,0.080073744,0.63253105,1.6367106,-0.9431544,-5.3099685,0.34600464,-2.6698172,-0.08647431,0.17152429,-0.873935,121,seg_6a8s,NORM
-0.7741972,-2.7474813,-2.7670197,-0.9915604,3.902856,0.07844727,0.40949836,1.6573472,-0.9229314,-5.287877,0.49605516,-2.6328611,-0.09177182,0.055247985,-0.8901622,121,seg_8a10s,NORM
-1.7265245,-3.8948946,-3.339096,-0.99364907,3.3666458,-0.02063939,0.24062577,1.7868557,-0.61340785,-2.6941173,-0.2707763,-3.18604,-0.5810576,0.1508357,0.35624537,123,seg_0a2s,NORM
-0.4915542,-3.5134523,-3.400186,-1.2619169,3.594967,-0.63191867,-0.18914708,0.8808428,-0.18637598,-2.9206421,0.071674146,-3.106299,-0.4316457,0.077237375,-0.08440858,123,seg_2a4s,NORM
-0.4297746,-3.5860443,-3.3600335,-1.4014211,3.8238773,-0.44485912,-0.31669492,0.8030304,-0.42228884,-3.213131,-0.07715044,-3.0722175,-0.51798236,0.13337383,-0.096116364,123,seg_4a6s,NORM
-1.0079453,-2.9969633,-3.2905502,0.12747383,3.8555405,-0.6149,-0.24241062,1.9633777,-0.6101014,-2.2527478,0.08025145,-3.0269325,-0.37184078,0.44336104,-0.23634791,123,seg_6a8s,NORM
-0.6885608,-3.3672624,-3.4494157,-1.1783116,3.3242095,-0.51850486,0.05094699,1.0404022,-0.36239088,-2.8285182,0.0036560148,-3.164409,-0.57089835,0.09886281,-0.04684806,123,seg_8a10s,NORM
0.11733945,-4.1804934,-2.1933331,-1.6981642,3.3155181,-0.22442266,0.23769927,-0.25668487,0.1113829,-4.6973414,-0.06068626,-3.2781067,-0.41952008,-0.30503422,0.27501342,124,seg_0a2s,NORM
-0.084335476,-3.993048,-2.3450212,-1.3408868,3.028629,-0.27180955,0.32933405,-0.30590725,0.154766,-4.6319094,0.18542826,-3.2647762,-0.3751961,-0.3380118,0.33640936,124,seg_2a4s,NORM
-0.13598372,-3.8985498,-2.2265358,-1.3836179,2.8465464,-0.28351966,0.45567444,-0.25489774,0.31299055,-4.57368,0.103784986,-3.2096488,-0.379983,-0.26039064,0.30226958,124,seg_4a6s,NORM
0.43142533,-3.5352712,-2.5788217,-1.1401355,4.186269,-0.63010037,0.23597881,0.26883638,-0.31663328,-4.84178,-0.26966882,-3.5363138,-0.3581729,0.456491,0.20476429,124,seg_6a8s,NORM
-0.56647944,-4.141763,-2.5038486,-1.0202277,4.011526,-0.21312454,0.5152973,1.2902207,-0.003481716,-4.0490494,-0.52303064,-3.4568453,-0.24524997,0.30557704,0.7445028,124,seg_8a10s,NORM
-0.2674563,-4.125096,-2.9266744,-1.1191323,2.6878638,-0.85572815,-1.3360825,-0.76211286,0.7716411,-2.9931388,1.0610031,-2.4320824,-0.31000045,-0.75490874,-0.051855862,125,seg_0a2s,NORM
-0.17180316,-4.0103126,-2.8092065,-0.98159105,2.5829933,-0.7866273,-1.2566739,-0.66461813,0.8135812,-2.996654,1.1793005,-2.420647,-0.17698464,-0.8268074,-0.034908682,125,seg_2a4s,NORM
0.034499213,-3.9769876,-2.9948134,-1.1680789,2.6176124,-0.71931624,-1.2179377,-0.898071,0.8356393,-3.0669837,0.899725,-2.4185889,-0.2950838,-0.690335,0.010935888,125,seg_4a6s,NORM
-0.36756682,-4.0667543,-3.0114398,-0.91140443,2.3435502,-0.9152622,-1.0630077,-0.4848464,0.715016,-2.991045,1.2483912,-2.5335615,-0.32631183,-0.8347703,-0.2235693,125,seg_6a8s,NORM
-0.16027999,-4.009925,-3.0647902,-1.0824547,2.1698189,-0.94483805,-0.7316722,-0.51309377,0.64089984,-3.2363956,0.9696276,-2.4934957,-0.3975131,-0.6719327,-0.09124935,125,seg_8a10s,NORM
0.09700768,-3.1103709,-2.4278183,-1.079664,2.0612895,0.12105657,0.31852138,-0.5444808,-0.045200005,-3.68392,0.21069622,-1.722236,0.0056869686,-0.5324581,0.4313936,126,seg_0a2s,NORM
0.30502176,-2.443995,-2.2452207,-0.45800495,3.1001365,-0.11715406,0.16582206,-0.16880167,-0.018232971,-3.2762482,-0.23757687,-1.9740348,-0.10435903,0.09408656,0.3048462,126,seg_2a4s,NORM
-0.5050421,-3.8873014,-2.0347548,-0.8408497,3.9176538,0.08778006,0.0044965968,0.7961776,0.10918247,-3.6761038,-0.84181935,-2.437084,-0.090753004,0.46864748,0.7650449,126,seg_4a6s,NORM
-0.5961789,-3.0353906,-2.0378704,-0.24894336,3.2495446,0.19500719,0.08766007,0.41057402,0.26232708,-3.076707,-0.45813847,-1.9900899,-0.083801895,0.18048759,0.77084994,126,seg_6a8s,NORM
-0.055901125,-3.3201325,-2.1153636,-0.8247425,2.2426999,-0.2648464,0.57185173,-0.72804755,0.5449877,-3.869299,0.4019275,-1.9324229,0.027205683,-0.83038026,0.25206357,126,seg_8a10s,NORM
-1.6993235,-4.622592,-2.6048532,-0.91303784,4.135529,-0.6948112,0.02452477,0.9490539,0.03915976,-2.0327656,-0.5766158,-3.5963118,-0.76242036,-0.051480085,0.10741645,127,seg_0a2s,STTC
-0.4478626,-4.19322,-3.4166536,-1.4538405,4.240362,-1.3549453,-0.4689694,0.33270985,-0.42487937,-2.5789692,-0.17825708,-3.926496,-1.1180887,-0.025012285,-0.24344376,127,seg_2a4s,STTC
-2.1778448,-5.3476534,-2.8943515,-0.81041104,4.181953,-0.95572793,0.097851224,1.861614,-0.10986382,-2.3772397,-0.33765692,-4.320401,-0.8922353,0.017479971,0.29523084,127,seg_4a6s,STTC
-0.21891363,-4.276614,-2.8561587,-0.9560924,3.8571582,-1.4398295,-0.13361232,0.2416361,0.016076654,-2.8621943,0.019864976,-3.660418,-0.68738145,-0.10657944,-0.57701945,127,seg_6a8s,STTC
-1.2577258,-4.3646793,-2.5736876,-0.60782456,3.6160345,-0.8437886,0.16523421,1.0622554,-0.06586857,-2.4103804,-0.065163895,-3.391312,-0.3730908,-0.08643822,-0.03820634,127,seg_8a10s,STTC
-0.28736785,-2.0512066,-3.7224975,-3.0514636,3.8426769,0.5394763,1.3817865,0.79837465,-0.867166,-4.948887,-1.9673667,-3.3341992,-1.4324013,1.3295766,-0.7390342,128,seg_0a2s,STTC
-1.3579127,-2.8828344,-1.8444959,-3.63743,3.7388885,-0.5944352,0.890259,1.642628,-1.078531,-4.207501,-3.4755466,-3.064672,-3.672465,1.5479118,-2.094562,128,seg_2a4s,STTC
-0.5575532,-4.238519,-6.658875,-8.051471,7.8531575,-0.5222292,2.9720793,2.0543485,-2.764426,-11.754961,-7.8473506,-5.7062683,-6.684157,4.4596586,-1.2249087,128,seg_4a6s,STTC
-0.34773836,-1.513131,-2.6621814,-1.3972585,3.5862644,-0.7919123,0.660836,1.3703883,-1.2266867,-4.0266366,-1.7885872,-2.4786038,-2.207468,1.3754334,-2.2335262,128,seg_6a8s,STTC
-0.65240675,-2.3486106,-3.9931707,-2.8351085,4.4623246,-0.05202186,1.3280464,1.5777649,-1.0814526,-5.420694,-3.1188185,-3.2246678,-2.290783,2.306843,-0.69756377,128,seg_8a10s,STTC
-0.08001694,-3.4750648,-2.4313703,-1.9817483,2.7345028,-0.052013904,0.15330032,0.4905132,-0.26341143,-4.971097,0.32057822,-2.1231034,-0.23426597,-0.44354594,0.26296204,129,seg_0a2s,NORM
-0.018921018,-3.4070075,-2.226244,-1.9460914,2.8565404,0.041873947,0.115668274,0.31926715,-0.096763894,-5.061977,0.20054206,-2.063804,-0.18227723,-0.37066513,0.2727754,129,seg_2a4s,NORM
0.03852521,-3.4458635,-2.3557506,-1.9889543,2.9097126,0.08892816,0.056998678,0.23881352,-0.23435697,-5.2160954,0.17339492,-1.9464419,-0.18592823,-0.35975367,0.23817994,129,seg_4a6s,NORM
0.044231847,-3.3813446,-2.2987485,-1.9410684,2.668203,-0.13142473,0.16214904,0.3541096,-0.04281369,-4.9369516,0.286889,-2.0445652,-0.1803469,-0.4043594,0.24639085,129,seg_6a8s,NORM
0.0814925,-3.4910476,-2.4391732,-2.0450418,2.7975295,-0.13679883,-0.045836203,0.20707288,-0.15817475,-4.9093013,0.21309042,-2.0316105,-0.29602402,-0.36687267,0.18650179,129,seg_8a10s,NORM
-0.8611888,-3.4576936,-2.7736807,-0.4866855,5.3247066,-0.035131782,-0.98559594,2.7224545,-1.0723932,-3.0689063,-0.31889305,-2.867958,-0.45781797,0.40087205,0.4782644,130,seg_0a2s,NORM
-1.2050571,-3.7501671,-2.4947653,-0.28277126,4.1787405,0.1713237,-1.0791962,2.0538054,-0.4956305,-3.1862278,0.5462081,-2.6849592,-0.440907,-0.4281863,0.4890206,130,seg_2a4s,NORM
-1.0886137,-3.5211165,-2.7564478,-0.5590376,3.9741395,0.4850744,-0.7950545,1.4121599,-0.6503234,-3.3939342,-0.052662726,-2.4068449,-0.44799024,0.057374597,0.31698015,130,seg_4a6s,NORM
-0.009036928,-3.5769434,-3.602344,-1.6929088,2.3230553,-0.1370193,-0.26133546,0.6376198,-0.46269792,-4.411265,0.89515966,-2.578529,-0.39069527,-0.61071557,0.33493596,130,seg_6a8s,NORM
0.34686822,-2.658323,-3.1204987,-0.81338704,3.884612,-0.041527748,-1.0457305,0.79902005,-0.95184594,-3.9130254,0.7034932,-2.4250638,-0.4714666,-0.33618397,-0.06497653,130,seg_8a10s,NORM
-1.2271352,-3.8303604,-2.2438145,-0.81440836,3.4322965,0.29620627,0.58935434,0.768638,0.85390073,-2.938358,-0.78100413,-1.9659584,0.6457525,0.42123526,0.46980518,131,seg_0a2s,MI
-0.64549863,-3.6103044,-2.7620583,-1.0557647,1.8784343,0.06753804,0.8305789,-0.40977812,0.95386696,-3.619879,0.2902279,-1.8253024,0.56312734,-0.45136094,0.2112694,131,seg_2a4s,MI
-0.06901111,-3.099419,-2.881876,-0.8304325,3.5079432,-0.07066658,0.23140594,-0.06905891,0.40807176,-3.6550045,-0.09080771,-1.9080541,0.65392584,0.19011746,-0.0031153262,131,seg_4a6s,MI
-1.154572,-3.7857842,-2.404704,-0.66827923,3.5377,0.33186853,0.4044536,0.6714008,0.77455616,-3.0172906,-0.5242647,-1.9701004,0.7697365,0.31202012,0.5108999,131,seg_6a8s,MI
-1.0774709,-3.6869347,-2.7158866,-0.83025813,3.541086,0.36203918,0.1681093,0.64892906,0.5515666,-3.116218,-0.4190755,-2.1582808,0.6171255,0.41697156,0.36184925,131,seg_8a10s,MI
-1.5430822,-2.7075062,-3.10222,0.01387094,5.1613264,0.29337114,0.16931912,2.5201287,-1.0350852,-4.176987,0.2814137,-2.760633,0.25979787,0.3359829,-0.7588748,132,seg_0a2s,NORM
-1.1321247,-2.876261,-3.3457112,-1.09968,4.2339926,0.2358079,0.55856574,1.6110188,-0.9253734,-5.244004,0.5381676,-2.9457467,0.089699015,0.078036934,-0.81023085,132,seg_2a4s,NORM
-1.2678277,-2.948599,-3.45921,-1.2021928,4.2945,0.46253574,0.76337856,1.7050537,-1.0428638,-5.2165365,0.3242871,-2.9774854,0.04601965,0.080419965,-0.6844907,132,seg_4a6s,NORM
-1.4895133,-3.01486,-3.130856,-0.8396548,4.2891216,0.35821503,0.42161617,1.8645558,-0.8500242,-5.134805,0.6281121,-2.9259121,0.053700656,-0.019951746,-0.87110746,132,seg_6a8s,NORM
-2.0099573,-3.2939327,-2.9474673,-0.9807655,4.683636,0.799271,0.25873318,2.0400033,-0.6548892,-4.548396,0.20108178,-2.933993,0.06032592,0.022202909,-0.26288915,132,seg_8a10s,NORM
-0.5674302,-2.8732333,-2.4536662,-0.31546563,2.008863,0.56793934,-0.33342904,-1.1470262,1.421727,-3.1750953,0.79346734,-1.459121,0.70940024,-0.5582612,0.18255039,133,seg_0a2s,STTC
-0.57472897,-2.7180142,-2.5053124,-0.26798952,1.8125513,0.6853406,-0.2330423,-1.1269445,1.2650058,-3.2086084,0.7736882,-1.2875303,0.716465,-0.53512204,0.22117928,133,seg_2a4s,STTC
-0.5570928,-2.710032,-2.3802547,-0.37073556,2.0568328,0.74148536,-0.4288704,-1.2676938,1.2653267,-3.2313623,0.7172152,-1.293006,0.7222,-0.4835235,0.22602916,133,seg_4a6s,STTC
-0.61915183,-2.8095767,-2.5037775,-0.24553835,1.9479119,0.5702273,-0.46353716,-1.0750197,1.1451685,-3.0826309,0.9390609,-1.4813393,0.670535,-0.57242495,0.17888054,133,seg_6a8s,STTC
-0.64923096,-2.7991524,-2.7618937,-0.5208997,2.1259024,0.69054514,-0.55020267,-1.1421602,1.0128711,-3.0194373,0.7813896,-1.617333,0.52833265,-0.48477256,0.22788641,133,seg_8a10s,STTC
-1.6775503,-2.7834876,-3.9239202,-0.70024323,3.8776684,0.39182013,0.018693693,2.7798197,-0.56847876,-5.3963456,1.87018,-2.7979133,0.7217834,-0.3137095,-1.0316294,134,seg_0a2s,STTC
-1.6721262,-2.9198368,-3.7063031,-0.24273011,3.8596652,0.1458876,-0.01692845,2.5630457,-0.6532748,-5.4077206,1.9174227,-2.6133165,0.40255648,-0.6088432,-1.0252488,134,seg_2a4s,STTC
-2.0023038,-2.638694,-3.1732607,0.6778024,4.607503,0.2327386,-0.037126593,3.594159,-0.4561544,-4.234847,1.3695275,-2.592092,0.9155204,0.08443533,-0.5689943,134,seg_4a6s,STTC
-1.7261455,-2.8330498,-3.7739553,-0.5239578,4.0765443,0.33419794,0.12890095,2.4479303,-0.58360565,-5.453361,1.6905661,-2.5119464,0.56194323,-0.5069354,-0.9720601,134,seg_6a8s,STTC
-2.5899377,-3.1031396,-3.167735,0.15888388,4.0779986,0.5570934,0.117960535,2.887169,-0.24516398,-4.530321,1.4924484,-2.4518223,0.53014404,-0.56427383,-0.522828,134,seg_8a10s,STTC
2.7619953,-3.4463868,-4.082545,-2.2469463,6.7654576,-1.0232681,-0.36567634,3.5248394,-4.9323773,-5.2771206,0.20209682,-3.680221,0.6520288,0.40473938,1.4626273,135,seg_0a2s,STTC
-0.33980453,-2.411029,-3.2896266,-0.2519361,4.623618,-0.454097,0.017057307,3.059855,-2.8026388,-3.4375339,0.66832435,-3.379142,-0.037700582,0.22493206,0.58437145,135,seg_2a4s,STTC
0.2659921,-2.5306373,-3.828236,-0.76969665,4.876439,-0.7770134,-0.20553163,2.7214715,-3.3420262,-4.201039,0.67105764,-3.685126,-0.10808966,0.6141024,0.5014801,135,seg_4a6s,STTC
-0.65779835,-2.21258,-3.353979,0.004293047,4.130264,-0.34102336,-0.122275844,2.913183,-2.4148388,-2.9631166,0.7860488,-3.2870972,-0.21673118,0.15805809,0.42307955,135,seg_6a8s,STTC
0.2913391,-2.2015085,-3.6177912,-0.6708751,4.574242,-0.57517445,-0.30725765,2.6536603,-3.2893233,-3.5209887,0.7770284,-3.3097935,0.0030666366,0.34732032,0.5211979,135,seg_8a10s,STTC
-0.2821694,-4.5588036,-2.4468126,-1.5036159,4.810455,-1.5787941,0.7977212,1.4162233,0.25251368,-4.5071588,0.25114527,-3.9283595,-0.15684289,-0.4641217,-0.362586,136,seg_0a2s,NORM
-1.4645926,-4.8775964,-2.0759344,-0.8418081,4.5352144,-0.9313737,0.68754005,2.072237,0.3156268,-3.670494,0.24359977,-3.8304424,-0.070157215,-0.5382887,-0.011961967,136,seg_2a4s,NORM
-1.4886125,-5.1459155,-1.981922,-0.9806307,4.727145,-1.066754,0.94278,2.3322682,0.5262485,-3.9582617,0.12508515,-4.0313396,0.017399073,-0.46125567,-0.015609309,136,seg_4a6s,NORM
-1.1549397,-4.7587776,-2.1582046,-1.5151238,3.403488,-0.75266135,0.8709795,0.9628029,0.5007807,-4.381787,0.624769,-3.5432172,-0.28106543,-1.0603212,-0.29809543,136,seg_6a8s,NORM
-1.1817771,-4.8305507,-2.2455468,-0.91195685,4.3446813,-1.1199678,0.7856736,2.024561,0.45205244,-3.7646458,0.36189103,-3.8298078,-0.046984833,-0.612046,-0.09031665,136,seg_8a10s,NORM
-0.77834535,-4.30006,-2.2729006,-2.5238683,5.391269,-2.2645752,-0.24135822,4.085523,-3.720383,-1.5090699,1.5325131,-5.705249,1.5108471,0.7087399,-0.43675175,138,seg_0a2s,HYP
0.20434971,-4.495721,-2.8469357,-3.3292623,5.9851556,-2.5494146,-0.45724434,3.8324456,-4.3856387,-2.17945,1.375143,-6.145363,1.3631659,0.9062697,-0.55817103,138,seg_2a4s,HYP
-0.9056877,-4.4462957,-2.1130304,-2.4763908,5.4990764,-2.029151,-0.008371562,4.26575,-3.5579133,-1.4205402,1.2010119,-5.7456794,1.5102116,0.7165602,-0.2893679,138,seg_4a6s,HYP
-0.7526085,-4.520623,-2.1187708,-2.7137096,5.554115,-2.111281,-0.31658456,4.3566904,-3.7637193,-1.1587915,1.1740291,-5.6912894,1.5279864,0.8019456,-0.22193512,138,seg_6a8s,HYP
-0.7152854,-4.68874,-2.0256252,-2.870131,5.6128907,-2.2983978,-0.3094878,4.257714,-3.951638,-1.141537,1.052828,-5.6908956,1.4385179,0.8180221,-0.22478601,138,seg_8a10s,HYP
-0.7626879,-5.941095,-5.6028943,-2.6109257,5.5153756,-2.8976638,-3.2109892,1.874831,-3.6244874,-2.7550175,1.5607988,-5.025813,-2.9038777,-1.1383239,-1.2601031,146,seg_0a2s,MI
-0.6583964,-5.770921,-5.088085,-2.4680536,5.502095,-2.758445,-3.0453064,1.8926263,-3.5696762,-2.8839312,1.5227721,-4.6604395,-2.6243408,-1.1796206,-1.0674481,146,seg_2a4s,MI
-1.2750698,-6.4129663,-4.400283,-2.0663745,3.6370325,-2.8927975,-2.3989356,1.7779367,-2.7757711,-3.0258498,2.5370774,-4.425645,-2.3287268,-2.1537411,-1.3753067,146,seg_4a6s,MI
-0.72430515,-5.8473406,-5.301477,-2.4494271,5.6534023,-2.8604598,-3.3073487,1.8644102,-3.519922,-2.774974,1.6156912,-4.944061,-2.837698,-1.1812842,-1.1456897,146,seg_6a8s,MI
-1.3117087,-6.3398104,-4.2806835,-2.0137022,3.631437,-2.746093,-2.2972565,1.7476141,-2.6576796,-3.0297172,2.4552755,-4.2917695,-2.2257473,-2.1478953,-1.3162348,146,seg_8a10s,MI
-0.5281239,-3.6841233,-1.9776617,-0.6048986,1.9369485,-0.2911028,-0.06901087,-0.33942828,0.43218517,-3.0404074,0.6747776,-2.2352269,-0.19900152,-0.77789396,0.007543251,147,seg_0a2s,NORM
0.18698148,-3.960985,-2.3047915,-1.2922795,3.0351796,-0.62944746,-0.68053657,-0.62321025,0.45018968,-3.8189545,0.6103602,-2.9247293,-0.33627963,-0.54499286,0.21298778,147,seg_2a4s,NORM
0.07289167,-3.5957623,-2.1225126,-1.0466986,2.881537,-0.60663223,-0.6047535,-0.6073101,0.4937917,-3.4178793,0.8135044,-2.8413367,-0.29423374,-0.75426084,0.2414537,147,seg_4a6s,NORM
0.1738535,-3.7363977,-2.0419886,-1.037164,2.8145287,-0.7224033,-0.54115015,-0.72674775,0.54726374,-3.6111026,0.7318615,-2.7870605,-0.24814942,-0.6491384,0.05081138,147,seg_6a8s,NORM
-1.9465714,-4.8997316,-1.4339867,-0.81110126,4.9244227,0.09084867,-0.21841027,1.3531139,0.36541522,-2.6376808,-1.193844,-3.1688766,-0.31333315,0.40407056,1.105686,147,seg_8a10s,NORM
-1.2432632,-2.8174825,-3.396224,-0.6320652,2.8205984,-0.6075605,-0.9667065,2.0616195,-0.19835058,-1.7777903,0.8830885,-3.9274526,-0.8952849,0.28000385,1.3674481,148,seg_0a2s,STTC
-0.08080426,-2.4065251,-4.3372025,-1.0862651,2.7053082,-1.3201201,-1.1965332,1.4838191,-0.45909172,-2.7384195,1.3819151,-4.343409,-1.2237484,0.33076024,0.9727696,148,seg_2a4s,STTC
-1.199153,-2.544871,-3.647532,-0.5895362,2.3468757,-0.7423217,-0.65528595,2.0445547,-0.40895945,-1.7685685,1.044735,-3.934091,-1.0667146,0.153489,1.1403245,148,seg_4a6s,STTC
-1.1511728,-2.7127368,-3.6417546,-0.47239822,2.746619,-0.9084307,-1.3006843,2.054045,-0.06827138,-1.7730757,1.3225936,-4.122235,-1.1458721,0.08127066,1.2235236,148,seg_6a8s,STTC
-0.029607192,-2.4219296,-4.124472,-1.0445895,2.6847465,-1.251646,-1.1646849,1.3014101,-0.5005949,-2.6778135,1.3091584,-4.1542397,-1.0240843,0.37278694,0.9340229,148,seg_8a10s,STTC
-1.3486576,-3.5956671,-2.0432336,-0.34244075,3.2409635,-0.18985215,0.86164093,1.4439764,0.32522306,-3.114689,0.11831533,-2.918156,0.27216327,-0.07916553,-0.099778354,149,seg_0a2s,NORM
-0.8788977,-3.4671352,-2.376144,-0.7995923,3.3949966,-0.2960209,1.1677463,1.2621819,0.11507444,-3.6639245,-0.13185842,-2.9501367,0.2400644,0.08188889,-0.16462249,149,seg_2a4s,NORM
-0.6295515,-3.4865732,-1.7881303,-0.96217936,2.6843505,-0.18262687,0.3990563,0.12318355,1.0988748,-3.882228,0.78681,-2.6375775,0.37465417,-0.7441818,-0.13888645,149,seg_4a6s,NORM
-0.9295652,-3.701237,-2.1125665,-0.94587594,2.1695685,-0.2302787,0.7972533,0.28407598,0.8013124,-3.377734,0.660123,-2.7345402,0.1992936,-0.750748,0.073464856,149,seg_6a8s,NORM
-0.21770464,-3.0320578,-2.1865754,-0.71146023,3.5527406,-0.4460949,0.7269406,0.48529828,0.2828862,-3.7833915,0.17383906,-2.715241,0.43481266,-0.0073425323,-0.38531414,149,seg_8a10s,NORM
-0.25100902,-5.3096647,-2.863637,-2.9185503,6.4291663,-1.541907,-3.1702309,2.4558833,-1.8133729,-6.04011,2.7477505,-5.578243,-1.2400497,-1.297161,-0.25346905,150,seg_0a2s,NORM
-0.51658,-5.1936727,-2.8158298,-2.698769,5.908412,-1.6171308,-3.162568,2.4619675,-1.6314714,-5.647595,2.8083003,-4.722734,-1.1324533,-1.4550991,-0.19776323,150,seg_2a4s,NORM
-1.3667275,-4.515329,-2.80971,-1.8487456,3.653438,-1.1469142,-1.1870822,3.459382,-1.7523141,-4.7623334,2.8965807,-4.5899105,-0.98557764,-1.6319622,-0.45949295,150,seg_4a6s,NORM
-2.7212975,-6.022761,-3.3530087,-2.575601,6.2097454,-0.92132485,-1.2952733,5.351506,-2.866442,-5.0364757,1.1535491,-5.464161,-1.3741691,-0.33841258,0.32887578,150,seg_6a8s,NORM
-2.8224118,-4.58256,-2.7324014,-0.7000322,3.8318117,-1.1140654,-0.6878932,5.188474,-2.2295341,-3.387162,2.2958088,-4.3213134,-1.1080941,-1.3263353,-0.36696073,150,seg_8a10s,NORM
-1.1095384,-4.7761397,-2.5378585,-0.6729041,4.346153,-1.4605476,0.061852194,1.7945864,0.047769457,-3.0788746,0.95765424,-5.6746674,-0.6220501,-0.29535085,-0.5076345,151,seg_0a2s,NORM
-1.2624935,-4.9801183,-2.5713096,-0.93802065,4.4145427,-1.3286152,0.37438518,2.1382658,-0.113857925,-3.237241,0.56560886,-5.9583755,-0.7771083,-0.057120457,-0.2884872,151,seg_2a4s,NORM
-1.269265,-4.9863887,-2.6135278,-1.2147968,3.2320955,-1.3050413,0.39891466,1.2249012,0.21699393,-3.3106914,1.367045,-5.843335,-0.91865134,-0.9220177,-0.4359673,151,seg_4a6s,NORM
-0.93063456,-4.8999367,-2.4293122,-1.2121718,3.3676767,-1.3692284,0.17294094,0.9919864,0.36674523,-3.433234,1.3630943,-5.6893244,-0.8688342,-0.93546414,-0.2831883,151,seg_6a8s,NORM
-0.8107129,-5.231195,-2.6115637,-1.3990912,3.729897,-1.4500986,-0.025730558,0.90697443,0.393033,-3.7272968,1.3440986,-5.940415,-0.8646487,-0.85396314,-0.3753446,151,seg_8a10s,NORM
-0.93260926,-3.2879503,-3.5867677,-0.50029135,6.0129566,0.5582154,0.8909602,2.5988033,-1.1128259,-4.5104566,1.6988068,-7.9209385,0.814686,-0.063545614,0.7017795,152,seg_0a2s,MI
-1.8388522,-2.6526027,-3.527801,0.12963185,4.7004123,0.84012794,1.4757415,2.6424177,-0.903346,-3.4710472,1.6804732,-7.0570984,0.51173514,-0.38377023,0.57452786,152,seg_2a4s,MI
-0.6457254,-2.727854,-4.184711,-0.32590818,5.1319356,0.30089697,1.4365369,2.3101509,-1.3204255,-4.8027544,2.0270083,-7.9571686,0.614509,-0.09980406,0.19249755,152,seg_4a6s,MI
-0.59295046,-2.7565525,-4.1504235,-0.5026149,5.549056,0.42993033,1.2576513,2.2889147,-0.9189319,-4.620406,1.8661004,-8.035421,0.6910049,-0.10149516,0.41783842,152,seg_6a8s,MI
-1.4664831,-1.7472517,-4.1580596,0.7741148,4.979006,0.4657656,1.9535762,3.304311,-1.7421136,-3.3286505,1.8106157,-7.202423,0.5179467,-0.15583135,-0.09171307,152,seg_8a10s,MI
-0.3873666,-2.6487558,-2.1355557,-0.4605232,3.131982,0.21095963,-0.3095064,-0.2963808,-0.76576936,-5.272519,1.2511156,-2.842501,-0.35406303,-0.6263065,-0.34962657,153,seg_0a2s,MI
-0.6190268,-2.6013134,-2.0031755,-0.08000614,2.7925742,-0.001763314,-0.47081792,0.057293057,-0.80404955,-4.847042,1.7591864,-2.7187507,-0.45940852,-1.0333992,-0.7323048,153,seg_2a4s,MI
-0.43850625,-2.5060143,-2.0472522,-0.38346377,2.8060465,0.13110223,-0.23515385,-0.051359758,-0.6224058,-4.6895256,1.4299158,-2.9094617,-0.3768707,-0.82515246,-0.3929818,153,seg_4a6s,MI
-0.3601305,-2.561764,-2.006853,-0.4096893,2.9867764,0.13893288,-0.49340376,-0.03477809,-0.66121435,-4.6437607,1.5182447,-2.9244869,-0.33903795,-0.87751925,-0.27538344,153,seg_6a8s,MI
-0.24747989,-2.6402323,-1.9932932,-0.5106301,3.0095441,-0.017128676,-0.39828384,-0.1292346,-0.69064504,-4.871611,1.4010712,-2.9203982,-0.3121683,-0.7264428,-0.25276664,153,seg_8a10s,MI
0.61732644,-2.6560385,-2.9216533,-0.99707335,2.0439367,-0.21379301,-1.2306087,0.16577777,-0.9219577,-3.7706647,1.611686,-1.8383783,-0.47766262,-1.1399953,0.34407896,154,seg_0a2s,CD
0.45311183,-2.6392393,-2.8703413,-0.8956165,1.9305993,-0.10406178,-1.2161801,0.08152655,-0.8762798,-3.7900593,1.5370228,-1.6944097,-0.48928976,-1.0602247,0.21321835,154,seg_2a4s,CD
0.4954391,-2.787028,-2.9085422,-0.94927245,2.0709395,-0.11503965,-1.4263254,0.14958268,-0.92902416,-3.5707905,1.6059519,-1.5973985,-0.5098607,-1.2725272,0.27800167,154,seg_4a6s,CD
0.53283983,-2.7299273,-2.8446865,-0.8966333,2.0646498,-0.16120002,-1.4040867,0.0010200143,-0.74590653,-3.7405503,1.5785882,-1.7671554,-0.45732915,-1.063072,0.2042251,154,seg_6a8s,CD
0.566797,-2.8533013,-2.9866781,-1.0322888,2.1830437,-0.10496822,-1.6455793,0.20007578,-0.93749493,-3.6711888,1.711656,-1.8730359,-0.38801134,-1.080728,0.2557581,154,seg_8a10s,CD
-0.86692864,-2.8628204,-2.2798872,-0.73253775,3.1532128,-0.084618,-0.17925356,1.761967,-0.563555,-3.897624,0.14914659,-2.0217044,-0.4755832,0.11736749,0.15414625,156,seg_0a2s,NORM
-1.3487136,-3.506674,-2.328117,-0.85346913,3.6144135,-0.09457296,-0.003994383,2.1735985,-0.40651655,-3.9687428,-0.21674246,-2.4844203,-0.52764887,0.32155335,0.5502101,156,seg_2a4s,NORM
-0.9340517,-2.8927648,-2.2333603,-0.2831432,3.0848386,-0.2686052,-0.34745157,1.9256101,-0.4291591,-3.7220876,0.58358115,-2.1013186,-0.45124823,-0.13783993,0.047463164,156,seg_4a6s,NORM
0.09165861,-2.9691257,-2.8599072,-1.2256627,3.3616486,-0.762795,-0.13913974,1.3636719,-0.7020162,-4.698338,0.34591168,-2.3156295,-0.48808634,0.1287756,0.06504999,156,seg_6a8s,NORM
-0.5194809,-3.0862465,-3.075996,-1.5888431,1.8271121,-0.45230886,0.23020113,0.53868896,-0.55158037,-4.411071,0.7646053,-1.8555757,-0.6921467,-0.7051856,0.006744474,156,seg_8a10s,NORM
-0.44016594,-4.1398907,-3.6323457,-1.6719141,4.491468,-0.2164667,-1.9282072,1.8665249,-1.1754336,-4.39202,0.46352378,-3.1302285,-1.4402946,-0.19653355,0.46160716,157,seg_0a2s,CD
-0.4437848,-3.8379955,-3.3780088,-1.0362213,4.797928,-0.94037366,-2.545257,1.5879813,-1.0683203,-3.5381773,1.3139662,-3.3315806,-1.4184985,-0.6511478,0.18677565,157,seg_2a4s,CD
-1.1843442,-3.4361212,-3.74686,-0.019235231,4.40214,-0.5550716,-1.188019,3.169433,-1.6656466,-3.0754192,0.6864746,-3.1934419,-1.241479,-0.20907553,0.023192823,157,seg_4a6s,CD
-1.2014961,-3.906311,-2.8957057,-0.49384415,3.9585829,-0.6686113,-1.8617233,2.1252925,-0.5571658,-2.7289474,0.9685521,-2.8368134,-1.190383,-0.6707385,0.7088442,157,seg_6a8s,CD
-1.2931143,-4.092396,-3.1170516,-0.6088173,4.343851,-0.52913606,-1.92859,2.003269,-0.624793,-2.8325233,0.8181797,-3.096328,-1.2739661,-0.6018445,0.6301744,157,seg_8a10s,CD
-0.41510975,-3.5834882,-3.499649,-0.5456544,3.9809287,-0.17925596,0.8642306,1.5927637,-0.6045734,-3.2630444,0.69856596,-4.7991643,0.26884943,-0.16592292,-0.5934545,158,seg_0a2s,NORM
-1.0963767,-3.6445796,-3.4416938,-0.3220031,3.7300334,-0.6185843,1.0888098,1.6219544,-0.29799485,-3.2965834,0.93577313,-5.0468273,0.052902505,-0.15979712,-0.54477894,158,seg_2a4s,NORM
-0.835094,-3.6471252,-3.6635413,-0.5665524,3.6364625,-0.6666397,0.9331173,1.784867,-0.46479493,-3.1667144,1.0622932,-5.167769,0.26863807,-0.0048433095,-0.7219521,158,seg_4a6s,NORM
-1.1530776,-3.2920609,-3.6847262,-0.22019479,3.3870614,-0.38454673,1.0315977,1.6943508,-0.08895223,-2.7569218,1.095815,-5.103437,-0.0143278465,-0.27629662,-0.77896416,158,seg_6a8s,NORM
-1.1765039,-3.6796684,-3.655324,-0.5649164,3.7864268,-0.8139188,1.0306181,1.739711,-0.68600017,-3.4306397,1.0365626,-5.1905785,0.17309807,0.10103597,-0.40242174,158,seg_8a10s,NORM
-0.24379443,-2.005102,-4.980039,-1.6123388,3.793522,0.013132125,-0.21034822,2.669371,-1.259304,-4.2143445,1.2043877,-4.9488416,-1.2619051,-0.042670414,0.20547836,159,seg_0a2s,NORM
-0.29671377,-1.9252732,-4.9764867,-1.4794793,3.6591322,0.14908518,-0.28460872,2.531318,-1.0854208,-4.2372947,1.0838035,-5.1052365,-1.4697297,0.1321786,0.120866925,159,seg_2a4s,NORM
-0.13027823,-1.8939943,-4.918254,-1.4601398,3.5330002,0.021206051,-0.15923971,2.5811007,-1.167825,-4.2789097,1.1573668,-4.790351,-1.2388748,0.049900487,0.3106444,159,seg_4a6s,NORM
-0.85969853,-1.8482068,-4.612936,-0.75711,4.827717,0.20189519,-0.42003688,3.617877,-1.1357145,-3.734065,0.5628237,-5.176134,-1.2620127,0.75492936,0.35177955,159,seg_6a8s,NORM
-1.7262684,-2.2578373,-4.1285515,-0.88869756,3.5787563,0.4251035,-0.0065233633,3.2297318,-0.6053481,-3.2182195,0.8271678,-4.84169,-1.351664,0.031244628,0.7456726,159,seg_8a10s,NORM
-1.6015863,-2.8962934,-2.5993423,-0.42291677,5.295483,0.61567104,-1.0420704,2.3141527,0.097330436,-4.13919,1.2787054,-3.7035303,0.27034432,-0.31616712,0.25146985,160,seg_0a2s,STTC
-2.0107834,-2.3329606,-3.1949325,-0.14730948,2.5203273,0.40944582,0.08149894,1.3473938,-0.0028300285,-3.9628363,2.386285,-3.2124727,-0.1287538,-1.3790877,-0.5400542,160,seg_2a4s,STTC
-0.98358506,-2.569627,-2.9340587,-0.9756823,3.9919925,0.3792153,-0.9877262,0.9315516,0.2774946,-4.9117155,2.1480556,-3.6501384,-0.013174564,-1.0157444,-0.21094555,160,seg_4a6s,STTC
-1.0726457,-2.614958,-2.9695592,-0.96571356,3.9700558,0.48426428,-0.9040687,0.90189743,0.137003,-4.995686,2.1004288,-3.5798166,0.04702615,-0.96703625,-0.33015034,160,seg_6a8s,STTC
-2.5155346,-2.359765,-3.5815725,0.044311468,3.3486009,0.6486329,0.6740946,3.0943477,-1.0938799,-4.2793117,1.6073705,-3.642889,-0.26056755,-0.45606226,-0.80960274,160,seg_8a10s,STTC
-0.67039543,-1.2086085,-4.3758082,-0.49972945,2.5150995,0.7948837,0.5395314,0.25343943,-0.11932495,-3.0600936,0.28589335,-2.770588,-0.119360745,0.4832331,0.4336514,161,seg_0a2s,MI
-1.0004967,-1.3141117,-3.9586759,0.04435826,2.2891142,0.6402484,0.5271158,0.45635778,-0.18729621,-3.2272897,0.7475133,-2.79136,0.124564216,0.41541433,0.2858494,161,seg_2a4s,MI
-1.0306367,-1.9239666,-3.4487271,-0.3762643,3.4182394,0.82773876,-0.0633219,0.5161727,0.43820754,-3.2204905,0.19188488,-2.9471016,0.3503456,0.69631904,1.1533027,161,seg_4a6s,MI
-1.0330982,-1.5764419,-4.02494,0.13728836,2.3780656,0.7269622,0.50780153,0.62797195,-0.063072234,-3.376539,0.76534325,-2.8550289,0.22480898,0.3992449,0.43214744,161,seg_6a8s,MI
-1.0624617,-1.5301914,-4.0146275,0.17832682,2.3517046,0.69116586,0.62054634,0.61907196,0.029836714,-3.4146795,0.88381845,-2.8048143,0.36149472,0.31125903,0.15155663,161,seg_8a10s,MI
-4.1421,-8.760909,-3.9958367,-2.0580742,9.296247,-2.318622,-3.2313125,5.1244526,-3.7630951,-5.707492,1.6806293,-7.4839625,-3.502492,-1.2793019,-3.6087842,162,seg_0a2s,MI
-3.0902677,-7.670174,-6.7538004,-2.7454164,9.739374,0.022011608,-2.475293,4.4493375,-4.070203,-7.375697,2.344976,-7.094431,-1.3022556,-1.3984689,-1.9624366,162,seg_2a4s,MI
-2.6607563,-6.806104,-5.832586,-2.850318,9.571141,-2.6425126,-2.4614155,4.769363,-5.3174486,-9.663962,3.3114667,-7.5896573,-3.3441625,-1.66761,-5.695357,162,seg_4a6s,MI
-3.637133,-8.28406,-6.852843,-3.0064294,10.149674,0.20269336,-2.4424517,4.8212924,-4.3329244,-7.548325,1.9457482,-7.29379,-1.4793564,-1.2556895,-1.8040267,162,seg_6a8s,MI
-2.9185488,-7.926993,-6.7424984,-2.8173625,10.041456,0.06407514,-2.5311265,4.5352263,-4.4770846,-7.5563188,2.2576911,-7.249308,-1.3325166,-1.4099438,-2.0583863,162,seg_8a10s,MI
-0.69455945,-2.7423968,-1.5625342,-0.45319587,4.069269,0.65823364,-0.6579136,0.20696723,0.27617317,-3.7630267,-0.17642781,-2.2414637,0.5242184,0.6697301,0.13079666,163,seg_0a2s,NORM
0.13464998,-2.3669035,-1.8617117,-1.1199341,2.6518476,0.56788266,-0.30404687,-1.1678916,0.43687743,-4.3531075,0.35327554,-2.1147263,0.42129397,0.14227532,-0.094943106,163,seg_2a4s,NORM
-0.40434313,-2.0413234,-2.2530956,-0.61547387,3.0181713,0.7757138,0.036484532,0.20381346,-0.07360284,-3.884862,-0.24309939,-1.8287741,0.35493743,0.7621579,-0.1241481,163,seg_4a6s,NORM
0.42526823,-2.2879174,-1.4969174,-0.9559229,3.1647077,0.27881637,-1.147535,-1.6290681,1.2287004,-4.4808774,0.6838301,-2.2667782,0.44578207,0.102653384,-0.1331389,163,seg_6a8s,NORM
-0.25970727,-2.3663168,-2.1802077,-1.307142,2.292723,0.54401946,0.24953553,-0.81609404,0.27521545,-4.4157243,0.18233365,-2.1680493,0.13086069,0.16775918,-0.15062818,163,seg_8a10s,NORM
-1.7433867,-2.4885135,-1.966389,-1.5808542,5.016267,-1.0763744,1.6221422,3.0290604,-1.9411058,-5.15936,-0.5075951,-3.456418,-0.63959074,0.8282615,-2.2849555,164,seg_0a2s,STTC
-2.2706242,-2.7386525,-1.6513149,-1.356056,3.4675784,-0.60512245,1.8466618,2.6125004,-1.0775702,-4.3623123,0.015322752,-3.350358,-0.8315381,-0.15319611,-2.2813222,164,seg_2a4s,STTC
-1.5807931,-2.2920473,-2.1071472,-1.4724102,4.961492,-0.8016993,1.3941258,2.7237136,-1.8340039,-4.71961,-0.6734465,-3.3610833,-0.8952535,0.722306,-2.4561405,164,seg_4a6s,STTC
-1.9881023,-2.5009468,-1.6346717,-0.75995696,4.8035903,-0.69876623,1.4487005,3.1430433,-1.5863798,-4.2949967,-0.26020026,-3.2136762,-0.35759538,0.45805043,-2.2298298,164,seg_6a8s,STTC
-2.45382,-3.097926,-1.6377157,-1.5832198,3.855254,-1.0546217,1.5836657,2.7542405,-1.657212,-4.9173517,0.3704663,-3.3837585,-0.6185138,-0.024756864,-1.7651694,164,seg_8a10s,STTC
-1.1742884,-3.195768,-1.8286334,0.04281899,4.826512,-0.40047118,-0.33922514,1.0020767,-0.49236375,-3.9708076,0.8830185,-4.3277335,-0.43464231,-0.1605738,-0.6382086,165,seg_0a2s,NORM
-1.7985473,-3.705207,-1.8688318,0.36507195,4.6678324,-0.24220237,-0.014572784,1.6055259,-0.7175309,-3.8942475,0.97611153,-4.609244,-0.2870021,-0.18868859,-0.5196713,165,seg_2a4s,NORM
-1.1127487,-3.3404381,-2.5036044,-0.49394673,3.2443502,-0.36097667,0.284033,-0.04588808,-0.67579323,-4.239036,1.3883061,-4.050466,-0.7435275,-1.0244938,-0.86231136,165,seg_4a6s,NORM
-1.2932143,-3.6217625,-2.2615333,-0.09886061,3.1445973,-0.479966,0.24036741,0.5008787,-0.6392303,-4.6709247,1.8875463,-4.2241573,-0.42240697,-1.0561749,-0.9987427,165,seg_6a8s,NORM
-1.1980647,-3.621946,-2.2845697,-0.3092129,3.3492746,-0.40786365,0.1860106,0.33493447,-0.5142725,-4.674373,1.6825205,-4.316101,-0.43882793,-0.93750834,-0.78643787,165,seg_8a10s,NORM
-2.606836,-3.8421016,-4.9205484,0.27002656,6.549881,0.08211453,-1.5756956,3.9043207,-4.0220685,-5.2514668,1.9071467,-5.073292,-1.0557154,0.059142485,-1.4636943,166,seg_0a2s,NORM
-2.1794782,-3.1655796,-5.066717,1.2247529,7.3015637,-0.18057856,-2.096323,4.3459353,-4.1681786,-4.9266973,2.1273444,-5.0927234,-1.1510757,0.14960039,-2.3139842,166,seg_2a4s,NORM
-2.5754776,-3.8675892,-4.906797,0.4520538,6.804458,0.24137945,-1.8651462,3.930375,-4.356945,-5.3100896,1.9155393,-5.017859,-1.2881051,-0.08416797,-1.8922592,166,seg_4a6s,NORM
-2.5394702,-3.1540716,-4.878771,0.67314386,5.7511816,0.35407507,-1.1403806,3.7212377,-3.6212046,-4.6787944,1.9329602,-4.7777524,-1.2163627,-0.30913246,-1.9280163,166,seg_6a8s,NORM
-2.670866,-3.163229,-5.148586,0.6208248,5.87318,0.2915588,-1.3218318,3.7344847,-3.8649805,-4.8025317,2.0128298,-4.9801254,-1.5880992,-0.359614,-2.1710198,166,seg_8a10s,NORM
0.46234757,-4.570771,-3.2686195,-2.8989518,4.480812,-1.279125,-2.0705047,-0.41431057,-0.23798648,-2.4467251,0.69794476,-3.791896,-1.0573809,-0.92459774,0.17605403,167,seg_0a2s,STTC
0.0221522,-4.3002486,-3.4737716,-2.415842,3.5773027,-1.509104,-2.226162,-0.31615657,-0.30163327,-1.5632867,1.1434951,-3.246119,-1.2751999,-1.3098828,0.19698425,167,seg_2a4s,STTC
-0.5129615,-4.6640854,-2.924572,-2.381793,5.73357,-0.98851955,-2.1447718,0.9486437,-0.11784062,-1.617495,-0.25674728,-3.6110678,-0.8568086,-0.17750962,0.67516834,167,seg_4a6s,STTC
-0.8201862,-4.1490874,-3.2598085,-1.7947819,2.5038838,-0.99533856,-1.0864882,0.42769855,-0.2161578,-1.4041207,1.1454293,-3.0459194,-1.0627009,-1.5028206,-0.13161471,167,seg_6a8s,STTC
0.09385271,-4.4434214,-3.675222,-2.6948113,3.9578993,-1.4650756,-2.2250705,-0.26880774,-0.3494538,-1.8900572,1.0527627,-3.4490776,-1.2558674,-1.2359562,0.16141179,167,seg_8a10s,STTC
-2.960255,-3.3229334,-3.65375,-0.73624235,6.2271476,0.8531022,-0.41575295,3.438115,0.64018244,-3.9420328,1.3768224,-6.527216,-0.45430213,-0.28128195,0.15038663,168,seg_0a2s,STTC
-1.7196862,-2.3748848,-4.0768,-0.80087405,4.419066,0.3953913,-0.6024413,1.7866137,0.9786327,-4.4165254,2.9425423,-6.365674,-0.627043,-1.3354608,-0.42681816,168,seg_2a4s,STTC
-1.8359581,-2.57711,-4.1293907,-0.8122918,4.510765,0.24956837,-0.6202984,1.8917847,0.74460876,-4.52161,2.9966018,-6.442905,-0.62724113,-1.2910279,-0.44634524,168,seg_4a6s,STTC
-1.7855798,-2.5831008,-4.0468407,-0.7914345,4.5228133,0.25384673,-0.7265698,1.8718667,0.8446069,-4.4161572,3.0706623,-6.3728914,-0.5634369,-1.3848736,-0.4784706,168,seg_6a8s,STTC
-2.6199572,-2.7691798,-3.8729258,-0.3293432,5.6373115,0.5631274,-0.49721196,3.2749896,0.7418765,-3.8806896,2.0744705,-6.4437275,-0.37190402,-0.5323496,-0.01888612,168,seg_8a10s,STTC
-2.437283,-4.0463448,-5.369711,-2.7594109,7.715551,1.1388192,-2.637575,2.4835393,-2.7348418,-6.4176354,0.7318353,-4.032414,-2.2681177,-0.55467486,-1.4013325,170,seg_0a2s,STTC
-3.7304401,-7.2294035,-3.6561065,-2.4115517,10.027908,-0.0952535,-3.6111655,3.4615533,-2.428038,-5.923796,0.44002423,-6.351617,-2.5481603,-0.29892904,-0.9607128,170,seg_2a4s,STTC
-3.2676861,-4.62651,-3.07932,-0.9187661,6.1998053,0.13811526,-1.5104667,4.2567286,-1.0637448,-5.6169267,1.3820623,-4.2478504,-1.1950934,-0.4861254,-1.1267538,170,seg_4a6s,STTC
-3.6373262,-4.263243,-4.779824,-1.3359406,5.2817187,0.46760827,-0.641035,4.4236636,-2.6844854,-5.8237677,1.2231542,-4.1308413,-2.0226333,-0.7519399,-1.9061219,170,seg_6a8s,STTC
-2.4851475,-4.10777,-5.453354,-3.3884363,6.4616036,1.1099199,-2.391859,1.9638083,-2.4962833,-6.4507117,1.2195159,-4.2452965,-2.6900213,-1.2169671,-1.3894993,170,seg_8a10s,STTC
-0.8505534,-2.202576,-2.7606306,-1.3910823,4.0839086,-0.6511599,0.36354962,2.572835,-0.26925766,-6.123326,2.0341816,-6.655353,-2.135624,-0.9303136,-0.40474752,171,seg_0a2s,STTC
-0.77859735,-2.0643616,-2.7876964,-1.319942,4.136727,-0.52423096,0.25408942,2.420281,-0.20968068,-5.9859514,2.0553584,-6.616533,-2.0994139,-0.96723485,-0.4555318,171,seg_2a4s,STTC
-0.8422435,-2.1523728,-2.8857293,-1.3212712,4.0351415,-0.5509238,0.37711495,2.4863973,-0.2869645,-6.0263786,2.0478647,-6.611588,-2.0881798,-0.9544172,-0.49623492,171,seg_4a6s,STTC
-0.8287601,-2.0274134,-2.8051305,-1.1972418,3.8890576,-0.4100764,0.4872209,2.5267947,-0.21142378,-5.9752383,2.018751,-6.560956,-2.1083841,-1.0001146,-0.65155864,171,seg_6a8s,STTC
-0.6559158,-2.1841242,-2.9508348,-1.2573588,4.003504,-0.5104375,0.5911939,2.6053948,-0.35175157,-6.3316765,2.1091063,-6.8019967,-1.9968257,-0.95694673,-0.7173872,171,seg_8a10s,STTC
-1.3451933,-3.9619832,-3.740252,-2.5618932,4.565564,-0.8116857,-0.20095645,2.9425929,-2.0363765,-5.54138,2.0587847,-5.2732944,-1.2769303,-1.2723545,0.80180883,173,seg_0a2s,HYP
-1.4691683,-4.3360715,-3.2294369,-2.0832107,5.921792,-1.21998,-0.09265359,4.457417,-2.4312577,-5.8330007,1.8624829,-5.3794847,-0.22621457,-0.4637468,1.0358748,173,seg_2a4s,HYP
-0.6925813,-4.5645685,-3.4644976,-2.5077302,6.302039,-1.6928087,-0.16681229,4.081108,-3.107786,-6.905603,2.0148823,-5.8604403,-0.57835186,-0.49850297,0.5434307,173,seg_4a6s,HYP
-1.5798011,-4.0843296,-3.1292124,-1.6050639,6.790304,-1.3244885,-0.098709516,5.3237324,-2.4547362,-5.2935743,1.2771605,-5.5039315,-0.31341076,0.10154923,0.6046252,173,seg_6a8s,HYP
-1.0868189,-4.1604543,-3.358543,-3.3312852,4.7908688,-1.2269913,0.9005015,3.244482,-2.0697527,-6.2887635,1.835568,-5.1202693,-0.5219895,-1.1957215,0.5663842,173,seg_8a10s,HYP
0.05914657,-3.568595,-3.1622763,-1.5461874,3.9368815,-1.0575707,-1.1538913,1.5024061,-1.2481592,-2.9026234,0.8064985,-3.4416816,-0.59864,-0.19597025,0.36002278,174,seg_0a2s,NORM
-0.8074816,-4.345187,-3.0382338,-1.609335,3.9563344,-0.93787646,-1.0696131,2.2998612,-1.0522068,-2.6843662,0.35832807,-3.6839988,-0.7455905,0.07885201,0.5833319,174,seg_2a4s,NORM
-0.26405716,-3.9260175,-2.9363298,-1.8784568,2.3780446,-0.9261327,-0.326252,0.997687,-0.64081186,-3.1753726,1.1694187,-3.2744699,-0.5576387,-0.88573194,0.40602595,174,seg_4a6s,NORM
0.22505881,-3.602612,-3.1802425,-1.6689425,3.7292483,-1.2047408,-0.9229358,1.489733,-1.3348808,-2.973956,0.7666009,-3.4084265,-0.4627645,-0.11700542,0.32120433,174,seg_6a8s,NORM
-0.8182294,-3.9855254,-2.6047158,-1.407368,3.7343128,-0.6878818,-0.5542647,2.2976449,-0.8707374,-2.620244,0.26018462,-3.496397,-0.5482251,-0.03340204,0.6239722,174,seg_8a10s,NORM
0.55967593,-2.5435755,-2.5131402,-0.7922738,3.6987941,-0.10194898,0.2264848,0.4447478,-0.63724184,-6.5753374,1.3910457,-4.346933,-0.69598335,-0.63646257,-0.29403913,175,seg_0a2s,MI
0.44920313,-2.2324297,-3.12316,-1.1941998,3.593321,0.33511263,-0.06617655,0.48151475,-0.11471555,-6.2316427,1.2303455,-3.7977293,-0.5674616,-0.54389536,-0.023877189,175,seg_2a4s,MI
0.4885965,-2.5693774,-3.1182303,-1.1882436,3.403436,-0.033116728,-0.19978365,0.7866839,0.035892688,-6.2906265,1.4326968,-3.7720902,-0.6125486,-0.63823354,-0.047411278,175,seg_4a6s,MI
0.022931904,-2.1021445,-2.9376707,-1.407933,3.202372,0.4532339,-0.4840084,0.8059859,0.47067365,-5.209727,1.2136585,-3.3293762,-0.6121307,-0.6166638,0.21751298,175,seg_6a8s,MI
0.5284039,-2.2342052,-2.892262,-0.9245567,3.5164819,0.15038882,-0.22562385,0.6043743,0.12812968,-6.1840744,1.5436403,-3.8109863,-0.4875418,-0.71839,-0.044530824,175,seg_8a10s,MI
0.014509574,-2.5070887,-2.4383168,-1.1507657,2.6435957,0.28177044,-0.29413593,0.8152001,-0.09070054,-3.7120113,1.4018209,-2.8794086,-0.10347263,-1.1272674,0.5108575,176,seg_0a2s,NORM
-0.57921916,-2.9301398,-2.166884,-1.0353897,4.159939,0.08878006,0.06637145,2.2058887,0.18718559,-3.4027183,0.13795516,-3.525499,0.034350075,0.08385791,1.015981,176,seg_2a4s,NORM
-0.19717346,-2.1069067,-2.038694,-0.13254952,1.595843,-0.041877925,0.13988006,0.6610785,0.16442186,-3.4572635,1.8860017,-2.4990642,0.14384082,-1.2560788,0.26045075,176,seg_4a6s,NORM
-0.48080093,-2.852306,-1.941527,-0.675024,3.9582436,0.07391536,-0.13309339,2.0181963,0.09239934,-3.2636397,0.2345564,-3.4974563,-0.1503813,0.010804504,1.0096678,176,seg_6a8s,NORM
-0.3546263,-2.1740596,-2.168188,-0.40152168,1.6543367,0.19314131,0.23101756,0.848317,0.06977074,-3.4253259,1.6360546,-2.4166875,0.046922617,-1.2290459,0.48990765,176,seg_8a10s,NORM
-1.395047,-3.4954348,-5.0997405,-0.26419526,5.4574013,0.8016707,-0.4503569,2.2645466,-0.9489426,-4.5894074,0.50874555,-3.7058601,0.8093387,0.95476073,0.006070927,177,seg_0a2s,MI
-1.5648916,-3.4350004,-5.2447963,0.073596135,4.938695,0.82490516,-0.019875996,2.501885,-1.3134141,-4.5332923,0.44147506,-3.8096702,0.37370497,0.8414227,-0.14553577,177,seg_2a4s,MI
-1.0125374,-3.25202,-5.5336895,-0.30459228,5.172466,0.7876215,-0.050242715,2.1427,-1.4147451,-4.9516535,0.40747544,-3.9987378,0.38983864,0.97447455,-0.2693869,177,seg_4a6s,MI
-1.624798,-3.4471056,-5.1318293,-0.17931673,5.020082,0.8543,-0.033994734,2.3163686,-1.0547879,-4.2421174,0.2038387,-3.6718493,0.4721524,0.9444666,-0.1349768,177,seg_6a8s,MI
-1.4728683,-3.3775172,-5.209658,0.06266206,4.8281465,0.8136419,0.12320603,2.4743788,-1.2102289,-4.597588,0.37974805,-3.8500304,0.439116,0.9466157,-0.18569815,177,seg_8a10s,MI
-1.685072,-4.935192,-6.3648677,-1.1742861,7.6518283,0.8879523,0.4682552,3.7566528,-1.8802834,-7.3946443,0.31118152,-7.32259,0.37418634,1.6303355,-0.24847674,181,seg_0a2s,MI
-1.5980418,-4.677418,-6.4313765,-1.0062637,7.2493634,0.94691813,0.7654948,3.7427568,-2.0665452,-7.4469585,0.38026127,-7.1991897,0.3521049,1.568542,-0.4522501,181,seg_2a4s,MI
-1.8477888,-4.2436013,-6.346333,-0.49620932,6.248392,0.6206279,0.87106246,3.687047,-1.9979889,-6.8064833,0.81972754,-6.6791677,0.14377822,1.2170815,-0.51295745,181,seg_4a6s,MI
-1.8429128,-5.233219,-5.85175,-1.5133963,6.5711966,0.91432846,0.22007135,2.8664036,-1.311403,-7.0900626,0.784972,-6.8114977,0.27035576,0.8856208,-0.097034514,181,seg_6a8s,MI
-1.3003576,-5.276967,-5.74287,-1.3988154,8.2248745,1.3196247,0.19444236,3.9603457,-1.9936833,-7.2018385,-0.070974745,-6.9664364,0.8053336,1.5859122,-0.1567798,181,seg_8a10s,MI
-0.23149697,-5.636847,-6.9813533,-3.57257,5.27536,-1.0489374,-3.143824,0.14308056,-2.8233352,-4.462753,1.0490758,-4.3840146,-2.5723157,-1.0455565,0.89307165,182,seg_0a2s,MI
-0.2270663,-5.3396707,-6.483986,-2.7961586,4.593533,-0.954231,-2.9212422,-0.041187823,-2.1023166,-3.9541957,1.1879652,-3.9675884,-2.2339017,-1.1364272,0.46313235,182,seg_2a4s,MI
-1.7583014,-4.3887444,-2.9377303,-0.91794974,5.9956083,-1.8489156,-4.3493795,1.5886608,-1.4567175,-2.7352731,0.6968691,-3.9622703,-3.7967882,-0.42599207,-1.5668691,182,seg_4a6s,MI
-0.21661521,-5.4998345,-6.1652436,-2.6308331,4.3276277,-1.4129845,-3.0647676,0.12350997,-1.9456844,-3.8751924,1.4290173,-4.066134,-2.3453434,-1.1597801,0.08732185,182,seg_6a8s,MI
-0.30246115,-5.4938474,-6.5768723,-2.7552056,4.6102595,-0.87463737,-3.005066,0.072668076,-2.1234443,-3.946498,1.2401962,-3.9876351,-2.272516,-1.2391185,0.330029,182,seg_8a10s,MI
-0.30731803,-2.19793,-3.7468615,-0.6510287,1.9469565,0.15965585,-0.006589614,0.80229414,0.641866,-3.1593423,0.41493315,-1.7363045,0.36014855,0.4601854,0.096160196,183,seg_0a2s,NORM
-1.532948,-2.5221405,-3.218832,-0.5824391,2.439642,1.0425556,0.20329645,1.4488693,0.7618695,-2.7086663,-0.30468827,-1.7470148,0.36575747,0.64904195,0.7841792,183,seg_2a4s,NORM
-0.14785291,-2.2148254,-3.7727222,-0.6898893,1.9136816,0.102144465,-0.06883164,0.62704444,0.7623868,-3.0343747,0.3101874,-1.6729164,0.31054682,0.4762326,0.16182964,183,seg_4a6s,NORM
-0.77381516,-1.8630304,-3.3168855,0.2224904,3.0414488,0.48116103,-0.10601982,1.7704403,0.53303564,-2.5212042,-0.10871822,-1.6287426,0.6832994,1.0299082,0.3363391,183,seg_6a8s,NORM
-0.21532366,-2.31443,-3.7292566,-0.7580717,1.9459506,0.09624112,-0.0770406,0.76635635,0.7511978,-2.9072134,0.221073,-1.8075091,0.24396203,0.5340471,0.23826303,183,seg_8a10s,NORM
-1.9139419,-3.244938,-4.7108083,0.49240354,4.1354866,0.21142167,0.3894525,2.6240895,-1.6427171,-3.8980803,0.84848756,-3.45037,0.1253954,0.25387585,-1.2079916,184,seg_0a2s,MI
-1.6945261,-3.2520049,-5.119338,0.12702782,4.310478,0.14308879,0.34676826,2.57054,-1.8602636,-3.8440444,0.63889134,-3.7506227,-0.19705279,0.29882115,-1.025394,184,seg_2a4s,MI
-2.1923022,-4.2303953,-4.1025677,0.16735348,5.9448133,0.3340259,-0.7511273,2.630872,-0.87260586,-3.6213858,0.4562367,-3.867776,0.30723214,0.5027361,-0.370873,184,seg_4a6s,MI
-1.9387445,-3.3902814,-4.680102,0.6796394,4.1315618,0.1046267,0.18084455,2.707477,-1.5291455,-3.5741205,1.047585,-3.4795456,0.1745991,0.08704122,-1.07726,184,seg_6a8s,MI
-0.58839303,-3.1268759,-6.3597965,-0.54772305,6.3067207,-0.14409643,-0.04484961,2.6595724,-2.8499305,-4.674553,-0.12690935,-4.409787,-0.10029851,1.4278055,-1.0508053,184,seg_8a10s,MI
-0.08559574,-3.418612,-2.0459423,-1.267658,4.205786,-0.37832484,0.18003997,1.4527516,-0.58580846,-4.257909,0.483722,-2.765656,0.6354668,-0.117960826,-0.6078377,185,seg_0a2s,NORM
-1.445281,-3.8179233,-1.5974742,-0.6935305,4.0645475,-0.0033276677,0.40592685,2.1561012,-0.21000451,-3.6995149,0.30647743,-2.9160147,0.6225922,-0.044662178,-0.22845864,185,seg_2a4s,NORM
-0.7883705,-3.7587762,-2.0112476,-1.356564,2.5408337,-0.2374731,0.6875953,0.8972081,0.029454552,-4.0297103,0.9823984,-2.5591214,0.4876088,-0.8771856,-0.36971864,185,seg_4a6s,NORM
-0.21090472,-3.3303158,-2.1205106,-1.2235577,4.136722,-0.3738787,0.25977972,1.4142777,-0.628427,-4.3018947,0.51839656,-2.843866,0.6099366,-0.05582699,-0.61933196,185,seg_6a8s,NORM
-1.3403566,-3.924929,-1.5100471,-0.80629796,4.1801596,0.007325858,0.49339047,2.216327,-0.20132372,-3.7561262,0.22901592,-2.8991804,0.72812223,-0.080757335,-0.21169826,185,seg_8a10s,NORM
-1.780871,-1.4949869,-3.2704916,0.70139736,1.3395464,0.89318705,1.5443697,1.3821777,-0.13447422,-2.4238746,0.34084973,-1.8196481,-0.19120619,-0.3655404,0.55654025,186,seg_0a2s,STTC
-2.1760783,-3.6912265,-1.7026157,-0.32464394,4.915852,1.1785631,-0.52240014,1.7114738,1.7163188,-3.068068,-0.87981313,-2.6320834,0.35307032,0.5311905,2.2555356,186,seg_2a4s,STTC
0.38887185,-2.0930483,-2.4444304,-0.72918564,3.1917138,0.32057035,-1.1679741,-0.8589152,1.679749,-4.39092,1.0914526,-2.2793493,-0.003721021,-0.64249533,0.8716769,186,seg_4a6s,STTC
-0.6162344,-1.8204998,-2.5465703,-0.0026545525,1.5715203,0.733585,0.0386857,-0.31655145,1.3049467,-3.091913,1.1209818,-1.7037827,0.13414289,-0.94028676,0.9456556,186,seg_6a8s,STTC
0.6387191,-2.156242,-2.436252,-0.74491704,3.0673852,0.4251697,-1.2218318,-1.0214324,1.8742137,-4.096265,1.1390365,-2.166946,0.36818582,-0.6946189,1.1755753,186,seg_8a10s,STTC
-1.9365377,-4.1822853,-6.3964224,-3.4479094,6.517724,1.1177342,-0.13042271,1.1743292,-2.3981612,-3.92575,-1.1363101,-4.633235,-1.5965625,-0.1152664,0.5249543,187,seg_0a2s,NORM
-0.25210834,-3.0364864,-3.9640756,-1.693646,4.0408783,-0.36338547,0.5481704,0.22803974,-1.1961462,-3.283384,0.008832198,-3.216981,0.056884125,0.054017015,-0.15238425,187,seg_2a4s,NORM
-0.5922908,-3.0301251,-5.308583,-2.2275252,4.6631665,-0.10376769,-1.0995883,-0.14061147,-1.9719691,-2.4833155,-0.66840893,-3.8734808,-2.372069,-0.11534454,0.1584369,187,seg_4a6s,NORM
-1.0359207,-5.5535874,-5.267691,-3.033416,6.5841146,-1.1058203,-1.3420355,0.8238691,-1.7091777,-4.336872,-0.8858583,-4.8738117,-1.3168775,0.99406016,0.7191832,187,seg_6a8s,NORM
0.25565052,-7.5812883,-7.155113,-5.3083467,6.0382,-2.529148,0.5913085,1.7462778,-3.6386073,-9.844441,0.9511905,-7.025586,-0.08111305,1.0657132,0.6067802,187,seg_8a10s,NORM
-1.1182871,-3.081043,-3.7338324,-0.6505894,2.4577725,0.31889883,-0.8625959,0.16545749,-0.02547416,-4.3605285,1.5801963,-2.0136752,-0.34948283,-0.92643213,-0.19358703,188,seg_0a2s,CD
-0.5870607,-2.8257189,-3.5898747,-0.41747117,4.0666614,0.0052274168,-1.377153,0.75108826,-0.8569008,-4.1744313,1.1555073,-2.198988,-0.20062721,-0.2710194,0.18906246,188,seg_2a4s,CD
-1.4911842,-3.0040846,-4.1774597,0.0061959326,4.4655924,-0.16612512,-0.6948489,2.5214543,-2.1689754,-3.7670095,0.5416106,-2.5792801,-0.45816875,0.38985085,0.02276501,188,seg_4a6s,CD
-1.6292983,-4.078669,-3.464551,-0.5572766,4.8240004,0.25958377,-1.0238744,1.5148975,-1.0040517,-4.7321477,0.32894185,-2.6421413,-0.13587251,0.36074948,0.72499514,188,seg_6a8s,CD
-2.4520905,-3.0501873,-4.2455196,-0.044306666,2.5286148,0.62977207,0.09234563,2.4633193,-0.9689035,-3.550191,0.72493464,-2.3639107,-0.5559762,-0.093520954,-0.0031683594,188,seg_8a10s,CD
-1.1638578,-3.9242773,-4.398689,-0.7272,5.0589437,0.23886108,-0.8963625,1.7395825,-0.14709136,-4.5331078,1.1937172,-4.12684,-0.046202555,-0.21962632,-0.7913363,189,seg_0a2s,MI
-2.4821637,-4.691682,-3.7871318,-0.94368523,5.3526564,0.7588607,-0.6081406,2.3443432,-0.34642777,-3.7039382,0.24525952,-3.9667625,0.106843516,0.21755928,-0.0830355,189,seg_2a4s,MI
-0.7719014,-3.975418,-4.300506,-1.5268042,5.5098534,0.33072087,-0.86234105,1.6311971,-1.3444512,-4.572247,0.95953715,-3.9919019,0.40325546,0.017534345,-0.81332576,189,seg_4a6s,MI
-0.29095525,-3.7066147,-4.102593,-1.0151653,4.970314,0.04306318,-0.9873514,1.2831886,-1.1194258,-4.297849,1.2931055,-3.3902984,0.6761018,-0.18076493,-0.8745581,189,seg_6a8s,MI
-0.95420796,-4.0991263,-4.583943,-1.6441481,3.6623096,0.28538132,-0.11210995,0.6004422,-0.47943163,-4.8319087,1.4475186,-3.7068408,0.29427123,-0.67733514,-0.9833393,189,seg_8a10s,MI
-2.9947805,-4.247675,-4.2542186,-2.7248125,-0.8863181,-0.8690001,5.2130747,4.8583283,-3.7171018,-6.1390576,1.4133394,-6.3087826,-1.7349261,-1.1920753,0.53873134,191,seg_0a2s,HYP
-2.974218,-3.93636,-4.0181627,-2.554563,-0.86544824,-0.9583013,5.0835214,4.822635,-3.9475086,-5.577089,1.6432072,-5.931424,-1.6290373,-1.5397474,0.8400732,191,seg_2a4s,HYP
-3.1242294,-4.1823897,-4.043609,-2.3866937,-0.8668761,-0.967806,5.210686,4.808241,-3.7354558,-5.9165034,1.6169323,-6.1433387,-1.6193017,-1.4030862,0.5246269,191,seg_4a6s,HYP
-2.907522,-3.893963,-3.9971619,-2.5934446,-1.0097468,-1.0821209,5.0563855,4.800761,-3.8402216,-5.353812,1.616782,-5.869395,-1.6255963,-1.4981259,0.9616653,191,seg_6a8s,HYP
-3.0951397,-4.4454846,-4.296746,-2.7934208,-0.78648925,-0.7898139,5.0471444,4.980609,-3.844976,-6.1596603,1.4576209,-6.3722887,-1.6907574,-1.1649506,0.61951834,191,seg_8a10s,HYP
-0.28061116,-4.193235,-4.932482,-2.037306,3.8764527,-1.1942308,0.32786873,3.0748749,0.52977026,-4.915819,0.44344193,-4.2803216,-1.386441,-0.43438613,0.46699867,192,seg_0a2s,CD
-0.65651387,-3.5367768,-4.2282953,-0.78125006,4.3616133,-0.9924979,0.06687293,3.9298081,0.60936016,-3.6323433,0.22375783,-3.9584045,-0.95764273,0.056107208,0.3692123,192,seg_2a4s,CD
-0.22504951,-3.984214,-4.9099665,-1.9755161,3.6515682,-1.1297803,0.42345855,3.0227435,0.67799926,-4.733808,0.43382835,-4.200399,-1.2760795,-0.36963528,0.4769301,192,seg_4a6s,CD
-0.11759517,-3.9857106,-4.770632,-1.869895,3.4934843,-1.2193645,0.3530227,2.8778718,0.7504707,-4.5244336,0.41771173,-4.0019627,-1.2660048,-0.41857362,0.50599015,192,seg_6a8s,CD
-0.28298587,-4.1496816,-4.9328585,-2.0615501,3.832285,-1.0990045,0.32641056,3.004079,0.48634663,-4.7379236,0.34525204,-4.1523666,-1.3734546,-0.44098437,0.4638441,192,seg_8a10s,CD
0.00025127828,-3.1465123,-3.43952,-1.6282585,4.0243063,-0.66088617,0.74124837,3.4334471,-1.6914301,-5.9610567,0.8741905,-4.240129,-0.6768273,-0.09699625,0.95781446,193,seg_0a2s,NORM
0.22414006,-2.7437267,-4.134235,-1.9508481,3.3826604,-0.5419246,0.8534019,3.4900434,-1.286778,-5.294504,0.8946994,-4.363029,-0.44103843,0.11873031,1.3734226,193,seg_2a4s,NORM
0.12968586,-3.078515,-3.8846116,-1.9428334,3.859572,-0.5526999,0.35911122,3.214725,-0.91792864,-4.9702454,0.7902034,-4.3656554,-0.3536585,0.14855155,1.3646061,193,seg_4a6s,NORM
-0.55815995,-3.326516,-2.9389892,-1.2372622,3.8421073,-0.3550664,0.6090835,3.5873532,-0.86990434,-4.4805627,0.7218979,-4.1860085,-0.3401749,-0.19028835,1.4900428,193,seg_6a8s,NORM
0.0727997,-3.3378904,-3.4602876,-1.7462881,4.0359726,-0.76521266,0.7258888,3.3197665,-1.4654057,-5.664084,0.7346836,-4.2790947,-0.56870204,-0.025212169,1.147265,193,seg_8a10s,NORM
-0.6018561,-3.842795,-1.8570064,0.2556609,5.4494314,-0.62479734,-1.6476371,1.9660954,-1.7742403,-4.9936175,1.9134593,-4.199141,-0.20212254,-0.43149894,-1.0994484,194,seg_0a2s,NORM
-0.5811076,-3.9702888,-2.1841497,-0.3502345,3.9887187,-0.8560176,-1.1300195,1.0953401,-1.4540346,-5.805534,2.6196415,-4.033524,-0.3902883,-1.201812,-1.3557614,194,seg_2a4s,NORM
-0.33193064,-3.842409,-2.241778,-0.6070883,4.0322304,-0.8268057,-1.114269,0.8660598,-1.3059468,-5.4619923,2.368163,-4.1451473,-0.2513888,-0.9611039,-0.9519032,194,seg_4a6s,NORM
-0.8050366,-4.0344,-2.1618896,-0.27455893,4.014493,-0.84709406,-1.2402139,1.0396898,-1.1989455,-5.710209,2.6587439,-4.180188,-0.48484886,-1.2122822,-1.3160264,194,seg_6a8s,NORM
-0.21748973,-3.989237,-2.0625813,-0.45534116,4.174938,-0.79616666,-1.2433144,0.89452505,-1.2649288,-5.4901295,2.4295213,-4.114391,-0.25752276,-1.1494452,-1.0320039,194,seg_8a10s,NORM
0.3251508,-5.4824176,-2.6902804,-1.9963009,3.020971,-2.22339,-2.5152843,-0.42597872,-0.1341427,-2.3776555,0.711329,-2.5257893,-1.7848079,-1.2004691,-0.59639895,196,seg_0a2s,NORM
0.22977789,-5.3460774,-2.6681428,-2.0312123,3.051407,-2.206397,-2.5586371,-0.3816873,-0.10193302,-2.198114,0.80886406,-2.6503906,-1.7381264,-1.1740091,-0.6737381,196,seg_2a4s,NORM
0.28343856,-5.4428253,-2.698967,-1.9618506,2.8945775,-2.4020746,-2.5058298,-0.3422744,-0.1289778,-2.338469,0.89097536,-2.6122472,-1.7900085,-1.214182,-0.7943653,196,seg_4a6s,NORM
0.07872988,-5.641673,-2.9060216,-1.8377824,3.0152287,-2.454425,-2.7169108,-0.3616749,-0.2611209,-2.2165413,1.0523484,-2.8146346,-1.9271672,-1.3229681,-0.9042418,196,seg_6a8s,NORM
0.35700768,-5.458105,-2.5996113,-1.9523063,2.876045,-2.3455105,-2.3310356,-0.45198268,-0.052288547,-2.4254417,0.68618906,-2.5702543,-1.7626531,-1.1324698,-0.66026425,196,seg_8a10s,NORM
-1.2770958,-3.1605327,-2.7799773,-1.176513,4.2646465,0.2190915,-0.7741709,1.055387,-0.8589756,-3.5809352,-0.4895007,-2.7706826,-1.1367335,0.43444765,-0.015735969,197,seg_0a2s,NORM
-0.41090858,-2.8693984,-2.783132,-1.4096515,2.3082395,-0.360729,0.076698355,-0.08915608,-0.4194079,-5.007952,0.755025,-2.3313446,-0.635905,-0.31265396,-0.72940254,197,seg_2a4s,NORM
-0.19532281,-2.7912273,-2.9768047,-1.7236462,2.8239565,-0.1593512,-0.45078745,-0.6802734,-0.41842282,-4.666114,0.37467998,-2.1324425,-0.98536897,-0.36638296,-0.6189517,197,seg_4a6s,NORM
-0.83740443,-2.960227,-2.3284988,-0.5581306,4.2137256,-0.020488411,-1.2245785,0.8070017,-0.70219433,-4.1535416,0.21292245,-2.4112659,-0.821406,0.26514092,-0.63025,197,seg_6a8s,NORM
-0.6976677,-2.6313512,-3.4598975,-1.5212927,4.9626775,0.38022366,-1.5548332,-0.057569757,-1.0925052,-3.6676886,-0.5862491,-2.4573188,-1.6221799,0.2209473,-0.29946452,197,seg_8a10s,NORM
-1.3910019,-2.780948,-3.4575505,-1.1747961,3.8651404,0.8492445,-0.19140306,1.0473446,0.0029780269,-2.0739303,-0.388019,-3.3755128,-0.2684874,0.4377796,0.5490434,198,seg_0a2s,NORM
-0.42415762,-2.3693945,-3.5681639,-1.5931914,2.2807817,0.44873175,-0.18002653,-0.33500442,0.4181047,-2.6609066,0.5621131,-3.2280955,-0.41578788,-0.25474858,0.18788588,198,seg_2a4s,NORM
0.04595609,-2.4417398,-3.1563501,-0.98621327,3.191971,-0.13535905,-0.6470687,0.7194149,0.339459,-2.6120117,0.40707788,-3.486797,-0.2628796,0.39995354,-0.06228277,198,seg_4a6s,NORM
-0.9254983,-2.3392487,-2.8203993,-0.7249654,3.1566155,0.3984239,-0.20912579,1.1702322,0.36710972,-2.5364225,0.25908455,-3.2172983,0.038862325,0.46322817,0.47417566,198,seg_6a8s,NORM
0.026745752,-3.0080328,-4.016948,-1.7388875,2.2698028,0.2315566,-0.2633753,0.54255956,0.83994645,-3.6895938,0.9825233,-4.038241,-0.13573423,-0.047824323,-0.018197522,198,seg_8a10s,NORM
0.7260055,-3.5151997,-4.266515,-0.6715556,5.295477,-0.6571109,1.52246,2.7660663,-1.3549905,-6.0535965,-0.46999332,-4.471446,-0.55074584,0.48740852,0.5056279,199,seg_0a2s,MI
-0.05015646,-3.2323782,-4.0568748,-1.2504435,3.7854865,-0.1991077,1.5863115,1.6054481,-1.179321,-5.4491,-0.24608669,-3.758415,-0.17254828,0.5031941,0.72174287,199,seg_2a4s,MI
-0.061587423,-2.4937036,-3.6932983,-0.8710112,2.7799,-0.20713007,1.1617936,1.5153263,-0.45312583,-4.042374,0.2158725,-2.9507072,-0.20944233,-0.005043611,0.5072943,199,seg_4a6s,MI
-0.2717982,-2.6291778,-3.7358603,-0.29683465,4.3371243,-0.13669801,1.2057152,2.552699,-0.43551773,-3.9353147,-0.27074942,-3.359131,-0.048665173,0.32072622,0.39808127,199,seg_6a8s,MI
-0.44423276,-2.820661,-3.9681764,-0.3602159,4.7388244,-0.12447366,1.3650341,2.6494079,-0.5780661,-4.6073003,-0.16524243,-3.8681931,0.08456318,0.53747165,0.2556216,199,seg_8a10s,MI
1.0877056,-7.2200933,-6.927394,-6.924658,10.913464,-1.0247297,-1.6090808,0.36288172,-4.944298,-5.019397,-4.2828317,-4.270274,-2.5237186,0.70402336,2.4088595,200,seg_0a2s,NORM
1.5808253,-4.3873267,-4.6816564,-3.496508,6.1094723,-1.0735121,-0.5587431,0.21842855,-2.5168283,-4.971847,-1.0323598,-2.5935614,-0.038828325,0.5469568,0.7262764,200,seg_2a4s,NORM
0.40575087,-4.9513535,-5.1361437,-4.1527486,6.814914,-0.14514452,-0.24695614,1.2301883,-1.9891415,-4.840698,-2.3154578,-3.466859,-1.1959329,0.5868297,1.7248142,200,seg_4a6s,NORM
1.2929889,-6.9798307,-4.0662436,-4.183314,8.5011425,-1.5410373,-1.2670563,2.0546703,-4.245737,-5.973195,-2.267427,-2.808739,0.13453418,1.4123437,2.8334074,200,seg_6a8s,NORM
3.5732765,-5.8247414,-4.2803645,-4.8403907,8.614039,-1.8177545,-1.7696955,0.8109318,-5.6434903,-5.926407,-1.3838223,-2.0159826,0.7933694,0.7395831,2.001797,200,seg_8a10s,NORM
-0.4367411,-2.0515223,-3.9162145,-1.551398,2.3444374,0.016720444,0.52743465,1.6890827,-0.10726978,-3.5224392,0.22778392,-2.4268255,-0.119062334,0.44502652,-0.18253279,201,seg_0a2s,NORM
-0.9525638,-1.9987301,-3.9797096,-0.98097676,3.456814,0.15838727,0.118219756,2.9717224,-0.20940858,-3.1643796,-0.3621698,-2.5962243,-0.14847982,1.2632579,0.27232537,201,seg_2a4s,NORM
-0.5117491,-2.2321079,-4.1370316,-1.7087173,2.2989023,-0.10026911,0.41313896,1.8302841,0.007992893,-3.7758303,0.12497092,-2.2647743,-0.1988337,0.6083953,0.056680687,201,seg_4a6s,NORM
-0.57757777,-2.0621505,-4.035648,-1.4426816,2.006978,0.015068978,0.68009335,1.965663,-0.06706272,-3.420271,0.27128264,-2.2919822,-0.16312687,0.33916116,0.019000575,201,seg_6a8s,NORM
-0.011928707,-2.7121453,-4.33117,-2.0686455,3.0711112,-0.38155517,0.48502168,2.0398498,-0.8665468,-4.260061,0.0882983,-3.0865757,-0.43283236,0.4684893,0.21161297,201,seg_8a10s,NORM
-2.0563486,-4.8513722,-2.0022717,-0.36263797,5.8590045,0.039294586,0.92066896,2.1921215,-0.7058941,-5.7732277,0.68224734,-4.521481,1.018453,0.005370885,-1.3478516,202,seg_0a2s,NORM
-1.3309869,-4.5341506,-2.28399,-0.8768514,4.325294,-0.12089619,1.0343143,0.7210746,-0.40076905,-5.874745,1.5515109,-4.0561547,1.0630114,-0.90175784,-1.3831182,202,seg_2a4s,NORM
-1.8031335,-4.620045,-2.4975257,-0.73146045,4.1341095,-0.07514581,1.5715121,1.1212512,-0.8361387,-6.4510775,1.5948879,-4.0340686,0.9394579,-0.94341016,-1.794033,202,seg_4a6s,NORM
-1.412436,-4.262088,-1.9483408,-0.19672039,5.966042,-0.11683446,0.6266373,1.498596,-1.0726893,-6.3990383,1.153894,-4.047596,1.0414358,-0.27606708,-2.014819,202,seg_6a8s,NORM
-2.017747,-4.335,-1.9610904,0.28992122,5.2332687,0.17881355,0.8243707,1.974261,-0.77880156,-5.617321,1.2192873,-4.0295773,1.0803375,-0.36028105,-1.5425348,202,seg_8a10s,NORM
0.8204864,-1.7973686,-3.696496,-2.0240474,2.4692938,-0.014849097,-1.1864249,0.18538937,0.94319046,-3.413784,0.878866,-3.9281778,-1.0068184,0.032781564,1.1569376,203,seg_0a2s,NORM
0.28840226,-2.1797507,-3.6677537,-1.8855293,4.095175,0.16113299,-1.287923,1.7337661,0.40819424,-3.483582,-0.15641229,-4.275025,-1.0885353,1.0187752,1.6464068,203,seg_2a4s,NORM
0.08945225,-2.0520878,-4.116549,-1.9986596,1.5888748,-0.07214975,0.0055442974,0.95263803,0.18117607,-3.5697947,0.7753956,-3.9792404,-1.1056334,0.12455407,0.7869948,203,seg_4a6s,NORM
0.98704946,-2.1130137,-4.2163196,-2.5181682,2.718704,-0.22129801,-1.1310083,0.50098145,0.42254043,-4.20924,0.72899354,-4.2896237,-1.3088073,0.28563452,1.1598446,203,seg_6a8s,NORM
1.0274845,-2.124126,-3.9911022,-2.3934429,2.6845393,-0.2067914,-1.0593816,0.36903352,0.6402427,-4.166854,0.7171467,-4.3092265,-1.0902826,0.35734987,1.1806862,203,seg_8a10s,NORM
-0.68686026,-3.8966758,-4.793434,-1.9956105,2.633995,-0.6889787,-1.1588978,0.6313707,-0.8905012,-2.896855,1.6133075,-4.3871946,-0.8280647,-0.39284408,-0.31876075,204,seg_0a2s,NORM
-0.24378341,-3.3410594,-5.1430383,-1.9365132,4.24054,-0.69407797,-1.7603254,1.012412,-1.9041369,-3.1004484,1.2079333,-5.0689726,-0.73282003,0.7609723,-0.6127007,204,seg_2a4s,NORM
-0.9103064,-3.5391834,-4.779688,-1.8964238,2.5055106,-0.5685853,-1.0113578,0.5751266,-1.3000717,-2.9277287,1.7797385,-4.598842,-0.845121,-0.300017,-0.44423798,204,seg_4a6s,NORM
-0.23181757,-3.284993,-5.1177754,-1.8814249,4.194787,-0.66516566,-1.7442254,1.0151227,-1.8967602,-3.0919206,1.1975638,-5.0332904,-0.80598843,0.70750105,-0.5213206,204,seg_6a8s,NORM
-0.6470376,-3.7828238,-4.873166,-1.9722984,2.521554,-0.75125873,-1.2948493,0.56539637,-0.8402996,-3.017595,1.668852,-4.4120345,-1.0231131,-0.35417676,-0.26566094,204,seg_8a10s,NORM
-0.1456315,-1.6167697,-2.7097526,-0.56061786,3.1301088,0.81749964,-0.6043097,1.1726326,-1.1191638,-3.5647538,0.6387093,-2.20143,-0.062102854,0.10656959,0.379829,205,seg_0a2s,NORM
-0.30679473,-1.7544987,-2.5491142,-0.33848026,1.3522094,0.64029646,-0.17999618,-0.09687358,-0.37538612,-3.5568728,1.4042554,-1.6184769,0.086828545,-0.7677351,0.060448915,205,seg_2a4s,NORM
-0.07902609,-1.6054357,-2.3503146,-0.37254602,1.5086638,0.5427491,-0.51316935,-0.41241515,-0.14770222,-3.3744419,1.3994932,-1.5278246,0.048083782,-0.785585,0.022371948,205,seg_4a6s,NORM
-0.0040582865,-1.6785219,-2.3353796,-0.22543427,1.7349021,0.61790264,-0.7789792,-0.39919415,-0.13568607,-3.5376596,1.616255,-1.5379212,0.25506163,-0.8440988,0.1225093,205,seg_6a8s,NORM
-0.12002982,-1.7820302,-2.4122682,-0.13827585,1.6896949,0.57227826,-0.7488031,-0.29131627,-0.2692814,-3.5959105,1.697848,-1.605807,0.18509196,-0.88586164,0.060882896,205,seg_8a10s,NORM
0.16570307,-2.5847373,-3.340889,-1.6126583,2.7928236,0.7352474,-1.6704661,-0.756279,0.45674306,-3.164802,0.7402386,-2.2629173,-0.076432966,-0.23239987,0.8228586,206,seg_0a2s,NORM
0.36838073,-2.352638,-3.1331797,-1.281215,2.4564867,0.4115752,-1.6328082,-1.0927876,0.74527675,-2.724931,1.0053275,-2.046923,0.27470732,-0.29402208,0.73468626,206,seg_2a4s,NORM
-0.50315374,-2.7464793,-2.9591222,-0.96101457,3.9967544,0.69945633,-1.7950476,0.39960217,0.5855466,-2.339701,0.09051379,-2.2440655,0.25572622,0.43627095,1.0758874,206,seg_4a6s,NORM
-0.04832223,-1.6643075,-3.0332541,-0.051700354,2.2547734,0.3348917,-0.94028175,0.11937019,0.32740182,-1.825413,0.816395,-1.800787,0.41550988,0.118922055,0.37997288,206,seg_6a8s,NORM
0.5113779,-2.5070825,-3.139576,-1.2592201,2.227696,0.024785936,-1.5198315,-1.0439389,0.75045586,-2.8385592,1.0998912,-2.1237,0.24082886,-0.2656541,0.5607871,206,seg_8a10s,NORM
-0.63208973,-3.4947598,-2.5366778,-2.2457767,4.6805015,-0.72329175,-0.57939726,3.063055,0.3812996,-4.3888855,0.4601399,-4.966382,-0.63336384,0.5872477,0.20190667,207,seg_0a2s,NORM
-0.7669833,-2.6777048,-2.360506,-1.1065509,3.3811789,-0.7045553,-0.45269692,2.8065848,0.22241837,-3.0841255,1.2530196,-4.481848,-0.55486643,-0.0021933615,-0.34338108,207,seg_2a4s,NORM
-0.33524492,-3.5198793,-3.0602589,-2.738393,3.280245,-0.976524,-0.49602765,2.2807705,0.61693335,-4.722134,1.2991538,-5.0170517,-1.0720664,-0.26027697,0.039091468,207,seg_4a6s,NORM
-0.12153071,-3.399406,-2.9337606,-2.7676523,3.1609454,-0.9330604,-0.30567142,2.130103,0.7599207,-4.6728053,1.1516188,-4.8827405,-0.9142415,-0.20308207,0.16057092,207,seg_6a8s,NORM
-0.1343393,-3.324797,-2.8635573,-2.6504447,3.4063537,-0.92538035,-0.45008677,1.9262598,0.48934996,-4.78578,1.3343463,-4.965405,-0.80229056,-0.21673362,-0.053736344,207,seg_8a10s,NORM
-0.834168,-3.409933,-2.1042392,-0.8083599,3.9660704,0.18372202,-0.5276005,0.7171958,0.21341449,-3.4947927,-0.5773354,-2.6323304,-0.21224523,0.73307383,0.32100195,208,seg_0a2s,NORM
-0.79141647,-2.995531,-2.8497586,-1.0679057,1.0708258,-0.012098402,0.9252454,-0.03087923,-0.13411862,-3.7215166,0.15913674,-2.2359598,-0.6344517,-0.20314996,-0.3836318,208,seg_2a4s,NORM
0.14918073,-3.1997223,-2.5181599,-1.0967369,3.8265297,-0.43903717,-1.0436901,0.27759624,0.010814369,-3.8963423,-0.13537014,-2.8320334,-0.41866064,0.7859674,-0.24832255,208,seg_4a6s,NORM
-0.9618755,-3.2528603,-2.4248476,-0.913776,3.7532995,0.40596992,-0.23603866,0.76617146,-0.11614373,-3.4636705,-0.75696504,-2.5698736,-0.41090393,0.7463329,0.2679025,208,seg_6a8s,NORM
-0.81487876,-3.2307818,-2.1587234,-0.95761186,3.7935534,0.19439563,-0.31890053,0.7249248,0.047202677,-3.5070727,-0.8386002,-2.6095746,-0.53268176,0.8384999,0.19619998,208,seg_8a10s,NORM
-0.18958004,-3.5404456,-3.6518717,-1.397151,2.9479997,-1.0036421,-0.4054324,0.73965573,-0.3394494,-4.0471907,1.1788063,-4.1680613,-1.8098159,-1.113107,0.9246706,209,seg_0a2s,STTC
0.3429215,-3.2939045,-3.5010896,-0.8453443,4.3737054,-0.95349944,-0.6481927,1.579317,-0.9198205,-4.5006247,0.77782315,-4.2904983,-1.3644917,-0.33395875,1.0373257,209,seg_2a4s,STTC
-0.86911273,-3.5771158,-2.9459543,-0.48386633,4.0758066,-0.48241362,-0.10844495,2.08705,-0.5727864,-3.779426,0.3252656,-4.0454593,-1.18963,-0.22953828,1.2999578,209,seg_4a6s,STTC
-0.025214463,-3.4096396,-3.25527,-0.98832256,2.780792,-0.69491935,-0.22153425,0.74354184,-0.20591447,-4.3927884,1.282001,-3.7039423,-1.2465366,-1.1573284,1.0669379,209,seg_6a8s,STTC
-0.57852644,-3.5886235,-2.7658372,-0.25620702,4.120378,-0.50379384,-0.4334187,1.9179709,-0.3456013,-3.8218668,0.477223,-3.8946762,-1.0138341,-0.2801153,1.3254752,209,seg_8a10s,STTC
-1.3359247,-3.3065526,-3.5649467,-1.3705616,5.009874,0.64985824,-1.166285,2.4202993,-0.3843674,-4.5410833,0.23491898,-3.7931335,-0.44065028,0.62645245,1.6948025,210,seg_0a2s,MI
-1.3438209,-2.7896385,-3.6729288,-0.9110034,3.8940148,0.5785624,-0.24589169,2.3196094,-0.41027808,-4.113045,0.48713204,-3.3390703,-0.21502262,0.3321435,1.1493305,210,seg_2a4s,MI
-1.1155066,-2.3086216,-3.700582,-0.6077254,3.5387309,0.5513196,-0.45812353,2.1422074,-0.7119529,-3.9108655,0.8262512,-3.2143385,-0.45831954,0.12116921,0.903244,210,seg_4a6s,MI
-1.2595812,-2.8616474,-4.1151657,-1.2190125,3.687622,0.63928574,-0.07480331,2.5605738,-0.96847063,-4.476795,0.22481525,-3.5487812,-0.580586,0.6189947,1.2956723,210,seg_6a8s,MI
-1.2416631,-3.0763276,-4.7890964,-1.942384,4.618835,0.8867452,-0.43281037,2.697968,-1.5396659,-5.3475194,0.14677483,-3.9059453,-0.93955964,0.60448503,1.2790293,210,seg_8a10s,MI
-0.7036041,-4.083923,-0.9391727,-0.9597711,4.365426,-0.73714304,-0.18342283,1.0186974,-1.0938406,-3.2878773,0.07170372,-2.4746933,0.18463339,-0.24134095,-1.0516207,211,seg_0a2s,MI
-0.012794137,-3.8759532,-1.2519507,-1.52035,4.5833774,-1.215017,-0.31158435,0.9888965,-1.61322,-3.7975302,0.36657676,-2.7225788,0.027851865,-0.30506307,-1.0877897,211,seg_2a4s,MI
-0.8927356,-4.1689086,-1.5590261,-0.5004289,4.48206,-1.2759824,0.35763815,3.2626245,-2.2892323,-3.1196604,0.015331045,-2.8662298,0.0139919445,-0.048934177,-1.0698087,211,seg_4a6s,MI
-1.2965714,-4.642059,-1.0179381,-1.0461812,4.726377,-0.6045692,0.06806458,1.5977662,-1.0166123,-3.6952991,-0.24677712,-2.9045048,0.050981045,-0.039880946,-0.78688824,211,seg_6a8s,MI
-1.8586766,-4.874092,-0.7362656,-1.0634127,4.637411,-0.43920085,-0.33011866,2.1584783,-1.1472709,-2.552277,-0.5480991,-2.5154493,-0.10651618,-0.094550475,-0.1909335,211,seg_8a10s,MI
-0.13486551,-3.7466674,-3.2213407,-1.89751,2.551994,-0.1358982,-0.54133624,-0.17785487,0.79422355,-4.359577,0.34891462,-1.4881449,0.14112948,-0.33116347,1.2659328,212,seg_0a2s,NORM
-0.1284605,-3.7362988,-2.9099627,-1.5764658,2.1884878,-0.1591948,-0.09768999,0.055822104,0.9413171,-4.588641,0.45828906,-1.4778873,0.43943548,-0.30315477,1.1985809,212,seg_2a4s,NORM
-0.0785687,-3.755686,-3.0165195,-1.5338833,2.0777774,-0.3210359,-0.12090018,0.16354612,0.8674211,-4.7681746,0.61863756,-1.4405247,0.4006579,-0.3459515,1.0622373,212,seg_4a6s,NORM
-0.00014624,-3.5852911,-2.9038568,-1.547559,2.0819156,-0.16634661,-0.00028915703,0.14152318,0.9510933,-4.871658,0.47640023,-1.4380047,0.41062248,-0.272067,1.2466961,212,seg_6a8s,NORM
-0.07777494,-3.6415007,-2.9738255,-1.6993091,2.2237968,-0.18950477,-0.057011783,0.22980636,0.99821717,-4.771786,0.4755492,-1.5221387,0.40022218,-0.28915584,1.2456721,212,seg_8a10s,NORM
-0.49832904,-2.4521067,-6.0481205,-4.1479425,7.0864234,0.47691533,-1.6668504,0.7809969,-2.305067,-3.6847796,-1.2732445,-6.4662695,-4.0253916,0.3089267,1.0968966,213,seg_0a2s,NORM
-0.113230966,-3.571948,-4.3686624,-3.184165,5.870876,-0.6389735,-0.96701247,1.8034234,-1.3623469,-4.020786,-0.7540346,-6.542807,-2.6754608,0.884704,0.91636586,213,seg_2a4s,NORM
-0.31788585,-3.418085,-3.1291451,-2.291025,4.8211718,-0.7989752,-0.34858003,2.1911166,-0.5647204,-3.9346595,-0.3081807,-6.021755,-1.8171426,0.8887077,0.72898924,213,seg_4a6s,NORM
-0.2466906,-3.1049273,-3.635941,-2.7942557,5.350159,-0.43800798,-0.6706904,1.7968063,-0.9307011,-3.8064237,-0.7648307,-5.973637,-2.4126205,0.8626156,0.93338263,213,seg_6a8s,NORM
-2.4597843,-7.8364434,-6.350557,-4.726313,10.387178,-0.7355256,-5.2270675,3.0505152,-3.3164926,-3.6810122,-1.2141619,-9.040816,-5.110524,0.7824295,0.45326817,213,seg_8a10s,NORM
6.559733,-4.8271046,-3.0385814,-3.3725023,9.00027,-0.3286235,-1.5216329,2.3555462,-6.0566645,-7.7197394,-0.8196479,-2.305808,2.3016067,0.6502863,1.1029087,214,seg_0a2s,NORM
1.1998683,-2.880103,-2.554717,-1.0683858,5.4444156,0.47381446,-0.37395078,2.0346131,-2.598504,-4.57979,-0.14387995,-3.1906915,0.41260046,0.4121493,0.8985889,214,seg_2a4s,NORM
2.5210726,-2.678251,-2.9920473,-1.7088425,5.893605,0.034821987,-0.5353595,1.3331187,-2.9963,-5.568527,-0.17701846,-3.128408,0.49786562,0.61429805,0.69692373,214,seg_4a6s,NORM
0.11652823,-2.7698326,-2.312467,-0.76910335,4.477126,0.28490472,-0.15317866,2.2672648,-1.1486242,-4.0796256,0.1815694,-3.5354269,0.041911297,0.29404873,0.74659693,214,seg_6a8s,NORM
0.22361885,-2.399327,-3.1082077,-1.2858179,2.5572584,0.0069776475,0.5733838,1.2555257,-1.0085347,-4.743354,1.434861,-3.3814874,-0.11515293,-0.80204904,0.08615285,214,seg_8a10s,NORM
-1.1826235,-1.6966995,-3.1332607,0.6796024,3.3861456,1.0064969,0.41079745,1.4179356,-0.45726818,-3.2133336,-0.13657963,-1.6373688,0.7541631,0.91129565,-0.03610435,215,seg_0a2s,NORM
-1.5075034,-1.8860276,-3.16814,0.5815833,3.3167474,0.557675,0.39370492,1.7732463,-0.69978386,-3.40921,0.007977676,-1.9474311,0.5557684,1.1041845,0.10981071,215,seg_2a4s,NORM
-1.1505704,-1.7497779,-3.649404,-0.12893799,1.9766861,0.72952986,0.82833993,0.69448423,-0.45969486,-3.706937,0.43403587,-1.6553459,0.3540042,0.3363921,0.049976677,215,seg_4a6s,NORM
-1.1667833,-1.5715818,-3.191512,0.7985066,3.1438525,0.6479496,0.43434718,1.3441647,-0.546481,-3.144327,0.16341862,-1.6218456,0.8640189,0.92286247,-0.06409417,215,seg_6a8s,NORM
-1.1156843,-1.540976,-3.2016034,0.77235,2.9161985,0.5130389,0.48413482,1.5088209,-0.3849206,-3.004857,0.11739085,-1.7057304,0.72793394,0.973348,0.21120617,215,seg_8a10s,NORM
-0.34079129,-2.1202636,-4.5677047,-1.2662685,2.3805761,-0.038441867,1.1376251,1.6238701,-0.04454097,-4.2497535,0.41937652,-3.3914227,0.021880724,0.6214823,0.7733966,216,seg_0a2s,NORM
-0.46823177,-1.9582254,-4.30626,-1.1159296,2.474115,0.0808952,1.2374426,1.6247096,-0.14480352,-4.2330756,0.45554814,-3.7549946,0.04252459,0.70958984,0.52549297,216,seg_2a4s,NORM
-0.5020062,-1.9733713,-4.3219585,-1.1488943,2.5165572,0.16743425,1.2455325,1.6331232,-0.22687918,-4.2610774,0.35953236,-3.8370488,-0.039128914,0.7651794,0.57913995,216,seg_4a6s,NORM
-0.3047178,-1.9939778,-4.5416446,-1.2371736,2.3618433,0.15776396,1.2189229,1.569386,-0.13087252,-4.240072,0.33037463,-3.5028179,0.05908692,0.7198109,0.82096815,216,seg_6a8s,NORM
-0.43155527,-1.9261765,-4.259636,-1.3244421,2.5167859,0.06077741,1.3389908,1.5868909,-0.19261199,-4.3620424,0.20675933,-3.7381558,-0.15435654,0.81213474,0.39764062,216,seg_8a10s,NORM
-0.90484834,-2.4448707,-3.0725927,0.11636113,3.9414537,-0.3112702,0.27832124,1.2254786,-1.8335807,-4.3329635,0.26031268,-2.493828,0.4045375,1.0761244,-0.65774167,217,seg_0a2s,STTC
-1.033583,-2.7886403,-2.9933176,-0.27439186,2.6422565,-0.02895999,0.990697,0.6676904,-1.3056307,-4.518137,0.34215125,-2.4911208,0.15951982,0.43017995,-0.87399375,217,seg_2a4s,STTC
-1.473142,-2.6117067,-2.5030985,0.47198793,3.7183752,0.12645878,0.5007862,1.5001998,-1.2233925,-3.3381362,-0.32156625,-2.4170954,0.38862455,1.1377314,-0.654667,217,seg_4a6s,STTC
-0.80469114,-2.394556,-2.8449187,-0.02999258,2.6619961,0.47188956,0.74427015,0.23451239,-0.7495205,-3.6464295,0.10363535,-2.209658,0.18960921,0.29120696,-0.7723259,217,seg_6a8s,STTC
-0.8713678,-2.4949641,-2.8128538,0.084118664,2.5414088,0.38150576,0.7923628,0.3640501,-0.7859685,-3.7257667,0.24978682,-2.2471995,0.26526618,0.2723542,-0.8715972,217,seg_8a10s,STTC
-0.8863953,-4.4975443,-4.5957913,-1.7541397,4.792928,-2.2033994,-1.5519071,2.0445917,-0.3918578,-1.557451,-1.038203,-4.1317267,-2.9747238,0.32961583,-0.868413,218,seg_0a2s,NORM
-0.6991623,-4.471918,-3.6874266,-1.4419916,2.9272592,-2.1679657,-0.5363532,1.5487812,0.13660677,-2.541961,0.028128393,-3.5777056,-2.2024102,-0.41988868,-0.8223187,218,seg_2a4s,NORM
-0.6896581,-4.3328023,-3.6143456,-1.6478891,2.8150864,-2.1094856,-0.3556093,1.6465266,0.08820599,-2.5009406,-0.17747694,-3.6311285,-2.2942488,-0.29977506,-0.87240684,218,seg_4a6s,NORM
-0.7687783,-4.542438,-3.9351096,-1.6293044,2.9813268,-2.21917,-0.68691105,1.6365312,0.11651847,-2.2806537,-0.043925382,-3.789086,-2.479283,-0.45015115,-0.8576783,218,seg_6a8s,NORM
-0.73386264,-4.3878965,-3.8522153,-1.5508337,3.2035813,-1.9528663,-0.70660716,1.5374264,-0.045759514,-2.4076474,-0.04545287,-3.6473963,-2.4005036,-0.5451895,-0.77003574,218,seg_8a10s,NORM
-0.9507404,-3.22829,-4.489533,-1.6635463,4.7292156,0.8854854,-0.7328546,0.70301586,-1.4200451,-4.0057793,-0.17583567,-3.047148,-0.42133844,0.38645315,0.45877194,219,seg_0a2s,NORM
-0.28622404,-2.5017192,-3.7849545,-1.2899592,3.695024,0.4487764,-0.43010646,0.63241947,-1.017621,-3.8001714,0.49132922,-2.808022,0.21007772,0.37460497,-0.16955969,219,seg_2a4s,NORM
-2.1358542,-3.3594217,-2.5735197,-0.65987396,3.5698764,0.9935411,0.03603273,1.7055398,-0.3344893,-2.680865,-0.16638613,-2.6204445,0.4971553,0.53334033,0.41201997,219,seg_4a6s,NORM
-0.3261283,-2.877551,-3.7793403,-1.2387605,3.665047,0.2952521,-0.61458707,0.6936592,-0.8859692,-3.9715903,0.5299677,-2.7442555,0.36889613,0.5466104,-0.28962418,219,seg_6a8s,NORM
-0.5068589,-5.9778013,-5.262712,-3.5816617,5.3909087,-1.9813552,-4.255266,-0.2850358,-2.5254278,-1.4695265,1.2986214,-5.10326,-2.7008562,-1.2134534,-1.2863466,219,seg_8a10s,NORM
-1.1377181,-3.019039,-3.7317777,0.31307563,4.1635714,-0.4881753,-1.9303191,3.3239148,-1.2794538,-2.9781246,1.1366361,-2.461164,-0.8143668,0.01891002,0.3891819,220,seg_0a2s,CD
-0.557034,-3.0944195,-4.5232816,-0.81873405,3.0247214,-0.63345146,-1.7652354,1.9005792,-1.6616566,-3.8510685,1.6045903,-2.456285,-1.1213604,-0.4435969,-0.12833205,220,seg_2a4s,CD
-0.6798787,-3.0617442,-4.3075833,-0.68843603,3.0937428,-0.6572026,-1.936978,2.2785585,-1.7460103,-3.511281,1.8766907,-2.5709515,-1.2056773,-0.7538243,-0.04195234,220,seg_4a6s,CD
-0.43397704,-2.9762108,-4.409385,-0.730385,2.7558355,-0.61614454,-1.4990561,1.9742723,-1.428632,-3.7478318,1.5300817,-2.1623516,-1.0397773,-0.59792125,0.2760833,220,seg_6a8s,CD
-2.0066652,-3.7367527,-3.466422,-0.34597272,3.160794,0.019259006,-1.4304692,2.9447033,-1.0061448,-2.816006,0.7512864,-2.3432853,-1.1122204,-0.3268385,0.8310745,220,seg_8a10s,CD
-1.0872668,-3.3004558,-3.0635123,-1.4576569,5.552954,-0.045503706,0.4413776,2.3761113,-0.6532364,-5.5569305,1.4402288,-5.792295,1.2327518,0.65060186,-1.1733149,221,seg_0a2s,NORM
-2.0636673,-3.6993253,-2.4235067,-0.70087856,5.677534,0.25306353,0.7975757,2.5802958,-0.52935636,-5.201349,1.4144017,-5.940694,1.341964,0.39832294,-1.3958127,221,seg_2a4s,NORM
-1.7779727,-3.592128,-2.9066334,-0.99751025,5.0667567,0.34398234,0.8751721,2.830306,-0.54913145,-5.042977,1.1011415,-5.734325,1.1157944,0.63565385,-0.7723173,221,seg_4a6s,NORM
-1.6393125,-3.5826232,-2.8907533,-1.3203864,4.3248158,0.18362194,1.1684519,1.5044554,-0.48278797,-5.877188,2.0886002,-5.8013306,1.0891169,-0.35447216,-1.6963882,221,seg_6a8s,NORM
-1.3433099,-3.2221627,-3.0026665,-1.561434,3.7924514,0.21259332,1.0226934,1.4366953,-0.42420262,-5.351364,1.8458574,-5.2861414,0.84069556,-0.3175345,-1.0654899,221,seg_8a10s,NORM
-0.5685465,-4.9134974,-5.538159,-4.1429477,6.622255,-2.251096,-0.5100189,1.6899532,-2.579835,-3.9333348,0.7496911,-6.9833436,-0.99298644,0.40082967,-1.5900762,223,seg_0a2s,MI
-0.9491709,-5.1833754,-4.5659075,-3.6295424,4.826986,-1.998302,-0.37590963,1.0724597,-1.2413249,-3.6641667,1.5474893,-6.16431,-0.75820416,-0.6216072,-1.2649001,223,seg_2a4s,MI
-0.31609333,-4.918795,-5.3170013,-4.087747,6.6308303,-2.2389638,-0.54908526,1.5328443,-2.597381,-3.8493881,0.7449938,-6.8393526,-0.771959,0.40349215,-1.5960399,223,seg_4a6s,MI
-1.7184771,-4.9868755,-5.0530357,-3.6389427,3.7916036,-1.7648406,0.9727403,1.744082,-1.9694517,-3.468448,1.2358974,-6.162558,-0.9883458,-0.7055237,-1.4500487,223,seg_6a8s,MI
-0.48706162,-5.077985,-5.394124,-4.049504,6.7638474,-2.3088663,-0.69802827,1.7092165,-2.4413521,-3.9759648,0.72657037,-6.963046,-0.95115924,0.46344352,-1.4008019,223,seg_8a10s,MI
0.05861239,-3.7360847,-2.1870618,-1.894182,2.3762054,-0.54684675,-0.3004516,0.3400954,-0.13108647,-3.5196671,0.015993267,-2.576967,-1.2478433,-0.6382386,0.5380312,224,seg_0a2s,NORM
0.33258408,-3.8695335,-2.333507,-1.9478428,2.2562912,-1.1248019,-0.31132936,0.4454586,0.11702373,-3.2320237,0.29114783,-2.8178341,-1.2263929,-0.78515416,0.7534298,224,seg_2a4s,NORM
0.72791183,-3.320065,-2.1970434,-1.426775,3.460845,-1.1266172,-0.5230927,0.76621306,-0.27616888,-3.4696598,-0.2315318,-2.68362,-0.9879091,0.037058868,0.40285444,224,seg_4a6s,NORM
-0.3867683,-4.0386066,-1.9173602,-1.361038,3.774505,-0.82025146,-0.44380105,1.763643,-0.31306818,-2.934774,-0.5709854,-2.9512422,-1.1387728,-0.031016514,0.9031826,224,seg_6a8s,NORM
-0.24011616,-4.4205594,-2.456429,-1.831748,4.0547795,-0.8976275,-0.74258,1.8568201,-0.4113515,-3.1889834,-0.5802665,-3.2897131,-1.2614083,0.07203375,1.040531,224,seg_8a10s,NORM
0.33480722,-2.396136,-3.3274531,-1.3780496,2.0052392,0.17975639,-0.47795492,-0.53790367,1.2516351,-3.5001335,0.6139799,-2.0403612,-0.022410579,-0.32081407,1.090073,225,seg_0a2s,NORM
0.42169148,-2.2226677,-3.4557195,-1.6213179,1.8815761,0.33860353,-0.63767874,-0.39550683,0.9332592,-3.216328,0.766888,-2.0151653,0.25426447,-0.21182816,0.82376623,225,seg_2a4s,NORM
0.5288279,-2.4831302,-3.2128549,-1.4396522,1.9212867,0.19977379,-0.37670115,-0.5059072,1.0400994,-3.4176414,0.504861,-1.8204129,0.120835766,-0.3318708,0.88688445,225,seg_4a6s,NORM
0.3468886,-2.441742,-3.308144,-1.4225836,1.9971992,0.2685208,-0.38606486,-0.48512954,1.1640756,-3.5052845,0.531655,-1.9908268,0.03176775,-0.3171215,1.1190239,225,seg_6a8s,NORM
0.15820263,-2.5277114,-3.464417,-1.3671608,1.8439512,0.18098187,-0.25727475,-0.31366217,1.1499996,-3.4793696,0.59166,-2.0219533,-0.08506781,-0.391896,1.1117365,225,seg_8a10s,NORM
-1.7035273,-3.9993002,-2.5707202,-0.26144564,4.194334,0.33092886,-1.6606604,3.3806837,-1.795989,-3.3225944,1.1206591,-2.6400876,-0.9939076,-0.987851,-0.3506569,226,seg_0a2s,CD
-0.09371458,-3.5235868,-3.3430486,-0.8055279,4.1123886,-0.13517103,-1.8016429,2.4255457,-2.429172,-4.2009883,1.6656595,-2.412975,-0.7783712,-1.2092491,-0.7295011,226,seg_2a4s,CD
-0.88905907,-3.3753848,-2.7188306,0.462092,4.9660797,-0.18818161,-1.9980743,3.6568878,-2.0770407,-3.2451262,1.3624676,-2.5268972,-0.57861865,-0.6536185,-0.5531348,226,seg_4a6s,CD
-0.11070151,-3.2539904,-3.3201194,-0.78760743,3.9633594,-0.055312723,-1.5498643,2.3522694,-2.1484294,-4.2542624,1.5571405,-2.4484184,-0.72579837,-1.0416483,-0.72128797,226,seg_6a8s,CD
-1.3804667,-3.763033,-2.6013355,-0.20168695,4.1280537,0.2315374,-1.6979111,2.9618163,-1.7463634,-3.3193903,1.279022,-2.6052885,-0.91155386,-1.0414556,-0.41087046,226,seg_8a10s,CD
-2.6611624,-4.645934,-1.8840171,-0.30369145,5.333252,0.38792145,1.3583938,2.3477817,-1.291578,-5.3705077,0.29347968,-4.0913053,0.6213124,-0.0044364184,-1.4715557,227,seg_0a2s,NORM
-1.2129686,-4.1333423,-2.1355128,-0.40855366,5.2109017,-0.39136,1.3051438,1.6740159,-1.527767,-6.1311355,1.0844538,-4.373209,1.023413,-0.096726164,-1.9106106,227,seg_2a4s,NORM
-1.2531389,-3.876339,-2.5122895,-1.448262,3.5749173,0.17937955,1.7691807,0.15102255,-0.4272197,-4.635481,0.3871198,-3.7917812,0.47535735,-0.5553117,-0.6656562,227,seg_4a6s,NORM
-0.9036598,-3.9079106,-1.9548732,-0.18695503,5.4878488,-0.28889063,0.84831697,1.1343387,-1.4982598,-6.0281825,1.0843846,-4.006545,0.9790579,-0.24317591,-1.7193502,227,seg_6a8s,NORM
-1.8264873,-4.298268,-2.1299062,-0.34396535,5.401048,0.206886,0.70740646,1.9138727,-1.1598666,-4.8909445,0.5078961,-4.1770577,0.64568585,-0.033059403,-0.82818377,227,seg_8a10s,NORM
-1.1187264,-3.2821727,-1.843864,-1.0367522,4.393026,0.6300892,-0.82736087,1.0017539,0.22527033,-4.5958524,-0.550721,-1.2788101,-0.18909618,0.3428006,-0.11371207,228,seg_0a2s,NORM
-1.0672184,-3.4158068,-2.2000656,-0.7819957,4.251422,0.53647685,-0.7319705,1.367117,0.04802259,-4.7294965,-0.098521195,-1.6279671,0.107495695,0.28567094,0.19443898,228,seg_2a4s,NORM
-1.4334949,-3.1388965,-2.7487946,-0.87382656,4.072151,0.9815341,-0.114255026,1.2549031,-0.49523163,-4.7786064,-0.58699626,-1.3959681,-0.1827966,0.40579456,0.15246794,228,seg_4a6s,NORM
-0.68708503,-3.190672,-2.9247365,-1.2184896,2.5983024,0.5476048,-0.11665411,0.20712039,-0.23715562,-5.47213,0.72960633,-1.2329336,0.013477512,-0.5980004,-0.250911,228,seg_6a8s,NORM
0.2732032,-2.9183424,-3.0039635,-1.8036892,3.3628433,0.34694117,-0.73085743,-0.6453852,0.25150043,-5.399577,0.4443606,-1.2329711,-0.08951272,-0.59514606,0.25125048,228,seg_8a10s,NORM
-1.0459548,-3.3060107,-1.8374817,-0.77746385,4.039115,0.57414293,-0.36205593,1.5081669,-0.090400696,-3.650669,-0.11220129,-2.0679505,0.4041205,0.21999186,0.3686146,229,seg_0a2s,NORM
-0.7308578,-3.222024,-2.074537,-0.8487395,3.7988925,0.588468,-0.15090111,1.2901548,0.07990418,-3.508468,-0.12393332,-1.966497,0.72098804,0.2301731,0.6808752,229,seg_2a4s,NORM
-0.11092838,-3.121842,-2.47185,-1.2719522,2.276761,0.141359,-0.12801099,0.25199014,0.18308407,-3.7875674,0.927826,-1.9220388,0.42099726,-0.7202386,0.37237716,229,seg_4a6s,NORM
-0.31087428,-2.9313638,-2.5768409,-1.2847288,2.2247488,0.42170814,0.1960164,0.17546687,0.016935237,-4.031215,0.78196234,-1.7964205,0.489976,-0.61028457,0.25422907,229,seg_6a8s,NORM
-0.16773465,-2.95662,-2.321313,-1.6711934,2.5870852,0.6234112,-0.016144156,-0.038274035,0.19227493,-4.2910824,0.3098646,-1.7469085,0.29579973,-0.36207062,0.30020675,229,seg_8a10s,NORM
-1.0287371,-4.323687,-1.6192937,-1.1630781,5.3081512,-1.5077188,0.35148948,1.4922156,-1.69172,-2.2158573,-1.012918,-3.9917889,-0.7124089,0.4748665,-1.842573,230,seg_0a2s,NORM
-2.0323815,-4.7100344,-0.76472515,-0.9188927,3.823262,-0.9828589,1.2022651,1.4871107,-0.8441023,-2.3813093,-0.766802,-3.7231236,-0.63358325,-0.13666598,-1.5387944,230,seg_2a4s,NORM
-0.8904586,-4.1560063,-1.5670683,-1.6693339,4.5632696,-1.2025371,0.645973,0.59298265,-1.6681986,-3.0519147,-0.6930945,-3.9324322,-1.0735201,-0.09768036,-1.9770468,230,seg_4a6s,NORM
-0.8924877,-4.2276053,-1.3994076,-1.5557864,4.3098474,-1.224728,0.9614581,0.70860386,-1.4589272,-3.0138414,-0.7193803,-3.92804,-0.7839722,0.0008392036,-1.8554722,230,seg_6a8s,NORM
-0.8971733,-4.200514,-2.1828518,-1.9323499,4.551123,-1.2755222,0.45125714,0.33933723,-1.7469578,-2.365527,-0.8104434,-4.078268,-1.315264,-0.1515532,-1.9103214,230,seg_8a10s,NORM
0.1335903,-4.7662983,-2.4047456,-2.5269043,4.5536675,-1.7742429,-1.6815661,0.39367104,-0.47953618,-3.5736616,1.0753796,-4.076398,-1.2466401,-1.0719787,0.19871044,231,seg_0a2s,NORM
-0.39880386,-4.5354953,-1.7014767,-1.675941,3.454931,-1.371321,-1.1611938,1.0001608,-0.29877943,-3.2250595,1.3448179,-3.442809,-0.8428738,-1.2693809,-0.024069965,231,seg_2a4s,NORM
0.5226229,-4.7812967,-2.2099009,-2.715471,4.8426404,-1.5007105,-1.9697068,0.17415282,-0.6129913,-4.1644998,0.85670644,-3.677559,-1.0037063,-0.83786607,0.2515775,231,seg_4a6s,NORM
0.04948701,-4.718056,-2.6428828,-2.435558,4.347547,-1.7383833,-1.6946341,0.46016377,-0.52399176,-3.501881,1.1686649,-4.075829,-1.2868568,-1.0596648,0.25022462,231,seg_6a8s,NORM
-0.597872,-4.5445914,-1.9163845,-1.7201369,3.3238146,-1.3682693,-0.9433446,1.1882308,-0.45069975,-3.1847103,1.3493148,-3.6136546,-0.9383641,-1.2515482,-0.010674685,231,seg_8a10s,NORM
0.5447866,-4.276593,-2.5970492,-2.6506119,4.720465,-1.0446373,-1.5825719,1.0357858,-2.0521567,-3.5339572,-0.29327047,-2.294376,-0.9641023,-0.13787623,-0.39050165,232,seg_0a2s,NORM
-0.92125493,-4.6311526,-2.117698,-1.7143116,3.898294,-0.819752,-0.67069256,1.4582183,-0.21022135,-2.2866557,-0.58444464,-2.5306075,-0.7322772,-0.18011318,0.13343062,232,seg_2a4s,NORM
-0.22309688,-4.767563,-2.2305498,-2.3073046,2.8957207,-1.251108,-0.7783891,0.34179622,-0.2627163,-2.71314,0.12709984,-2.4736316,-1.0268267,-0.8978418,0.00043828785,232,seg_4a6s,NORM
0.2885924,-3.7978559,-2.1062143,-1.829812,3.476521,-1.7039298,-0.73396903,0.7238395,-0.034224704,-2.1754694,-0.42597932,-2.5142145,-1.1841321,-0.20989029,-0.35048893,232,seg_6a8s,NORM
-1.1302453,-4.968211,-2.6404605,-2.2213633,4.418892,-0.40723404,-1.0651107,1.8728819,-1.1389828,-2.8719342,-0.77877676,-2.7587738,-1.3673636,-0.2543236,-0.09556344,232,seg_8a10s,NORM
2.5501175,-2.9360726,-2.538722,-2.2780387,3.9622948,0.20705542,-0.19250068,1.3640852,-1.7564552,-5.6278048,0.5072826,-1.9012468,0.4958799,-0.8684764,1.5763996,233,seg_0a2s,NORM
0.47806376,-2.5664766,-3.093336,-1.3446515,3.857384,-0.43401805,-0.16785377,2.4110906,-0.53858984,-5.751061,0.647655,-3.247366,-0.4013508,0.30539095,1.3285431,233,seg_2a4s,NORM
-0.702671,-2.680629,-3.1987734,-1.1411276,3.5047042,0.086203516,0.11893944,2.8056371,-0.49255562,-4.3741407,0.34989056,-3.1486564,-0.70711625,0.012906462,1.5658938,233,seg_4a6s,NORM
-1.6477277,-3.311887,-2.4440517,-0.80226564,4.030885,0.40034547,0.012412034,3.040646,-0.092745915,-4.3216257,0.07225698,-3.1002173,-0.38009036,0.19664106,1.7295718,233,seg_6a8s,NORM
0.15311627,-2.407148,-3.1339526,-1.8708816,2.4557962,0.076762676,0.31374848,1.3079027,-0.3743651,-5.0870767,0.85344017,-2.6317463,-0.47596318,-0.60181767,1.4901912,233,seg_8a10s,NORM
-0.39207298,-3.8093154,-4.2088566,-0.4641968,4.136164,0.26492172,0.88499033,1.4005504,-0.58380467,-4.0515723,1.1416769,-5.6022835,1.0898135,0.2524475,-1.22889,234,seg_0a2s,MI
-1.2760099,-3.4118655,-3.5080848,0.55937576,5.06901,0.4909207,0.6337605,2.3448613,-0.31637514,-2.8581505,0.48493144,-5.199341,1.1255666,0.7301281,-1.0283971,234,seg_2a4s,MI
-0.23484321,-3.7227213,-4.3077483,-0.59674865,4.2703967,0.25522152,0.6856877,1.2175518,-0.54057866,-3.9425046,1.1041355,-5.5726686,0.9849843,0.22082669,-1.2134889,234,seg_4a6s,MI
-0.4074127,-3.8904989,-4.1689615,-0.48182094,4.2365184,0.20768058,0.7567594,1.4205077,-0.47926438,-4.0351214,1.1172996,-5.7002053,0.8789997,0.19047712,-1.2715033,234,seg_6a8s,MI
-1.2484426,-3.3041344,-3.8431826,0.51641315,4.824431,0.3827772,0.55677795,2.5110087,-0.5467468,-2.9136713,0.74142057,-5.172981,0.9591931,0.6161726,-0.9511765,234,seg_8a10s,MI
-2.4599702,-5.0339994,-4.065632,-1.0275931,5.700218,1.0127158,-3.1388614,2.3338368,-0.23281965,-3.8598206,0.09103886,-4.039412,-0.60742664,1.2409214,1.3234416,235,seg_0a2s,NORM
-2.1818383,-3.3756387,-4.9081297,-0.6668144,3.8705204,0.9470259,-2.2189412,2.2664614,-0.8695112,-3.2644596,0.79070467,-3.6672332,-0.8726076,0.90070707,0.5100789,235,seg_2a4s,NORM
-0.66664356,-3.1245904,-5.1614923,-0.7947803,1.762413,-0.0058908165,-1.4165214,0.3298037,-0.5741467,-4.557703,2.073839,-2.7968676,-0.57843155,-0.32349777,-0.29938987,235,seg_4a6s,NORM
0.118686154,-3.4993095,-4.8813295,-1.2733555,3.6291537,0.2550739,-3.142236,-0.5367284,-0.22513324,-5.0182915,1.9259951,-3.0860426,-0.60252124,-0.24665593,-0.026749432,235,seg_6a8s,NORM
-1.7062043,-3.4172328,-5.20112,0.021223418,4.778267,0.59874976,-2.084336,2.8286252,-1.7872102,-3.9729552,0.5570773,-3.7018175,-0.87917304,1.289233,-0.23357666,235,seg_8a10s,NORM
-0.62658685,-4.433922,-3.7489252,-3.0913446,4.8378277,-1.4522614,0.25668776,2.9658585,-1.4508517,-5.397153,-0.47086823,-5.3130608,-2.808668,-0.038704038,-0.3015146,236,seg_0a2s,NORM
-0.21980235,-4.3626833,-3.3618212,-2.345649,4.041774,-2.072422,0.15521279,2.4946082,-0.5272224,-3.978408,-0.2118055,-5.0955024,-2.4346566,-0.11715622,0.032158703,236,seg_2a4s,NORM
-1.3983668,-4.3108673,-3.8874178,-2.5537958,4.404389,-1.136413,0.44508585,2.8068001,-0.8680627,-3.5201766,-0.5024815,-4.9899344,-2.4916046,-0.43222088,0.4477504,236,seg_4a6s,NORM
-0.20085925,-4.0961604,-3.41326,-2.5529072,4.208682,-1.653564,0.622923,2.4984052,-0.648869,-4.3198895,-0.42105067,-5.112818,-2.237313,-0.07346046,-0.0027971119,236,seg_6a8s,NORM
-0.17582299,-4.6942897,-3.7374763,-2.7268608,4.287115,-2.475412,0.053758107,2.3837636,-0.61390954,-3.795827,-0.51107323,-5.5638227,-2.9901316,-0.081510216,0.024459764,236,seg_8a10s,NORM
-1.7266257,-3.9777558,-0.8345292,-0.97812265,4.3023005,0.10846849,0.18428037,1.2966529,-0.28451625,-1.9936304,-1.374062,-2.415377,-0.83260536,-0.18616672,0.44340828,237,seg_0a2s,NORM
-0.17733034,-3.2049286,-1.2769481,-1.1025739,2.3660307,-0.3936251,0.23007563,-0.1816221,-0.18591633,-3.2633913,0.34408236,-1.9595187,-0.68579066,-1.1729406,-0.24386314,237,seg_2a4s,NORM
0.48906332,-2.8530698,-1.1023407,-0.881742,3.8391213,-0.82373667,0.04040601,0.39063698,-0.48757452,-3.3861327,-0.20325258,-2.2095888,-0.45345867,-0.3203439,-0.32274595,237,seg_4a6s,NORM
-0.7696085,-3.2739527,-0.5340347,-0.38626388,3.7798133,-0.25344333,0.08536408,0.9762386,-0.10065593,-2.694122,-0.47118694,-2.0201325,-0.3467633,-0.3368581,-0.01708427,237,seg_6a8s,NORM
-0.980323,-3.5524766,-0.64423966,-0.648338,4.132381,-0.32897523,0.26588896,1.1894081,0.021486402,-2.888695,-0.48695123,-2.1496873,-0.19995852,-0.39639467,-0.11810145,237,seg_8a10s,NORM
-3.590736,-4.9465504,-8.3361,-3.1922429,0.6211194,-1.3059884,2.5909228,0.80387306,-3.532549,-3.8273144,-0.1142455,-4.5751557,-4.2641716,-1.7809232,-1.6055999,238,seg_0a2s,CD
-1.0263324,-2.348658,-4.4358025,0.011114754,3.3609018,0.35101417,-1.0763892,-0.040061906,-0.7093383,-3.2495716,0.93245703,-2.7174726,-0.65261245,0.039368547,-0.28279653,238,seg_2a4s,CD
-1.7138478,-2.6319613,-4.0638795,0.39430544,4.907468,0.7023904,-0.9329144,1.6463162,-1.2619176,-3.2915757,0.12569559,-3.1621392,-0.35739905,0.900443,0.101611845,238,seg_4a6s,CD
-2.677305,-3.3210146,-3.5454097,0.2271299,3.7170115,0.95060694,-0.5906227,1.6451676,-0.54007393,-2.9968176,0.3858432,-3.11925,-0.51802015,0.26061746,0.46649027,238,seg_6a8s,CD
-0.92365044,-2.0912936,-4.789304,-0.8685026,4.304269,0.7568461,-1.0518067,-0.12106179,-1.189614,-3.438921,0.28918567,-3.054624,-0.9729675,0.251256,0.124290764,238,seg_8a10s,CD
-0.18082577,-3.896859,-3.2850986,-1.0698035,4.3126173,0.037965328,-0.50766534,1.8798285,0.03329081,-4.0403967,0.085034885,-3.2348773,-0.8289788,-0.45798367,0.09137211,239,seg_0a2s,NORM
0.42585665,-3.1554265,-2.9462614,-1.199218,4.2221847,-0.13189462,-0.18706307,1.1271877,-0.23846546,-4.8452764,0.15107104,-2.8568015,-0.34323066,-0.100047454,-0.3286014,239,seg_2a4s,NORM
-0.66152793,-3.8592584,-2.1095457,-0.7014035,4.0699387,0.31363466,0.2311461,1.8909061,0.26908854,-4.4291606,-0.32971475,-2.7306046,0.05736068,0.16016227,0.15154763,239,seg_4a6s,NORM
0.49374628,-4.2776437,-3.4561,-1.8528166,2.842627,-0.17989528,0.21816048,1.2599483,0.14237416,-5.5279837,0.56709486,-3.1353524,-0.83981794,-1.0017108,0.07431901,239,seg_6a8s,NORM
0.003387317,-3.40951,-2.617455,-1.5116689,2.3561392,-0.17026818,0.81429654,0.6288398,0.66045636,-4.8990426,0.43588233,-2.5388677,-0.28637934,-0.73566204,-0.15999061,239,seg_8a10s,NORM
0.11520095,-3.4486606,-1.8559325,-1.5878067,4.550964,-0.57586,-1.8153414,0.9066192,-0.8768447,-5.397307,1.7426839,-2.8973396,-0.8842067,-1.3971189,-0.546116,240,seg_0a2s,MI
-0.9194995,-3.4920983,-2.373642,-0.34731948,3.1055648,-0.4409624,-0.7984695,1.6018646,-0.9191541,-4.9294167,2.5375903,-2.7537997,-0.38987046,-1.7976305,-0.92998004,240,seg_2a4s,MI
0.11263637,-3.7664242,-2.5392609,-1.5186505,4.955535,-0.51255226,-2.0127103,0.63150775,-0.9560105,-5.7573957,2.054704,-3.0426135,-0.45371288,-1.4086027,-0.6774882,240,seg_4a6s,MI
-2.0581589,-3.4477735,-2.873715,-0.12691642,3.8349724,-0.105621755,-0.0707351,3.4376147,-1.9037192,-3.9067023,1.4022646,-3.1965349,-0.87146294,-1.1167983,-0.78496194,240,seg_6a8s,MI
0.15711011,-3.5416794,-3.8925366,-2.7217562,5.6786513,-0.646785,-2.3107524,0.06785169,-1.2648451,-4.9531894,1.7620769,-3.1675487,-1.035929,-1.6594752,-0.6750946,240,seg_8a10s,MI
-0.22773111,-2.6649897,-2.1812286,-1.1837401,3.1447365,-0.06247291,0.16339752,0.98785925,-0.6273825,-4.007728,-0.45126182,-2.457344,-0.6171271,0.56972605,-0.46453884,241,seg_0a2s,NORM
-0.5002525,-2.8711855,-2.8739362,-1.3141413,1.7290018,0.39596474,0.52183723,-0.052005485,-0.1534355,-3.4835896,0.21134806,-2.1999438,-0.37150043,-0.4076926,0.35900497,241,seg_2a4s,NORM
0.15327297,-2.5303423,-2.840557,-0.8402209,2.834614,-0.0014801025,0.2384437,0.4171074,-0.60867786,-3.6733465,-0.07450837,-2.331215,-0.07216187,0.4209236,0.07919005,241,seg_4a6s,NORM
-0.06691286,-2.3784258,-2.7939744,-0.7405761,2.4388883,-0.19606677,0.65839213,0.6803466,-0.42652965,-3.4887497,0.008596588,-2.3572524,-0.09389275,0.32391804,-0.03959599,241,seg_6a8s,NORM
-0.5002887,-2.2140284,-2.7886643,-0.15237516,3.7354217,0.17864683,0.25776556,1.554948,-0.67922044,-2.8438828,-0.5876661,-2.3419204,0.058678806,0.88556457,0.22874402,241,seg_8a10s,NORM
-0.615167,-4.774588,-3.071916,-0.22970861,4.329102,-1.776586,-1.2442112,0.40877378,-1.5370028,-2.8265686,0.83358556,-4.815066,-2.0343745,-0.7216292,-0.65450644,242,seg_0a2s,NORM
-0.5346298,-5.263848,-3.5006285,-0.77009845,5.410373,-1.7447481,-1.4353831,0.005617261,-1.9652326,-2.8547573,0.39815187,-5.2269473,-2.0251899,-0.56848156,-0.26976627,242,seg_2a4s,NORM
-1.8900847,-5.7209144,-3.9380789,-0.70530593,2.2510488,-1.6188393,0.5643492,0.6912762,-2.0509446,-2.7441933,0.95136833,-4.8241463,-2.1234505,-1.5531832,-0.80235136,242,seg_4a6s,NORM
-0.68465555,-5.3963294,-3.2511964,-0.67286384,3.4635293,-1.7075603,-1.2332817,-0.62251,-1.0543308,-2.7874055,1.3517001,-4.586694,-1.6716442,-1.3581526,-0.30272055,242,seg_6a8s,NORM
0.54491735,-6.431226,-5.476428,-2.5302687,7.6408157,-2.4369335,-1.7205436,-0.33710662,-3.0651705,-4.693884,-0.8186788,-7.144574,-3.3741298,0.14490524,0.17070945,242,seg_8a10s,NORM
-0.26961124,-5.193799,-3.686821,-0.5840798,4.2535834,-1.6500524,-0.68576366,0.3686999,-1.9771187,-3.2139516,0.2897945,-4.0898466,-1.4476659,-0.5455169,-0.11489725,243,seg_0a2s,NORM
-0.20872247,-4.969546,-3.493723,-0.40599185,4.4365516,-1.4266195,-1.1984082,0.34970146,-1.6841018,-3.2130413,0.52487355,-3.9374552,-1.4615405,-0.656701,-0.1608873,243,seg_2a4s,NORM
-1.2478542,-5.3386602,-2.8432317,-0.17135176,4.2307653,-0.9588016,-0.73581696,1.0754579,-1.2790599,-2.783742,0.0016324595,-3.8523848,-1.3091459,-0.42719394,0.29236728,243,seg_4a6s,NORM
-0.10136541,-5.138735,-3.3321624,-0.35692933,4.5459504,-1.5412817,-1.2315516,0.31982547,-1.5256531,-3.1587548,0.39281482,-4.0792727,-1.4874455,-0.57057565,-0.0020239055,243,seg_6a8s,NORM
-1.1648022,-5.521744,-2.9582195,-0.2522538,4.55479,-0.9207183,-1.2477002,1.0254463,-1.3285041,-2.7830439,0.13192147,-3.8760877,-1.4042041,-0.5510268,0.3460691,243,seg_8a10s,NORM
0.3578657,-3.2123828,-2.7017102,-2.2768788,4.5896325,-1.3852327,-1.4813364,-0.18461774,-0.48044938,-3.8362699,0.9409744,-5.6119156,-2.313043,-0.58506113,-0.050537646,244,seg_0a2s,NORM
0.29598504,-3.1582892,-3.090476,-2.325218,4.235554,-1.4877803,-1.5749873,0.1418654,-0.22603214,-3.7369356,1.1343454,-5.5691648,-2.3381686,-0.5677406,0.07033507,244,seg_2a4s,NORM
0.13879292,-2.9819784,-3.1073146,-2.3461006,4.000489,-1.4611923,-1.5899835,0.2057881,0.1714845,-3.1912808,1.1469373,-5.3839173,-2.299852,-0.6449303,0.1301437,244,seg_4a6s,NORM
-0.8997533,-2.8798141,-2.6469798,-1.4365695,2.748255,-1.2827018,-0.5297325,0.9357431,0.053308614,-2.4811487,1.4454514,-5.143382,-2.1317751,-0.9823649,-0.16796213,244,seg_6a8s,NORM
0.32965994,-3.49236,-2.7337508,-2.484747,4.756189,-1.4647659,-1.3313906,0.10883713,-0.45613533,-4.202928,0.85353166,-5.940724,-2.3091097,-0.43881267,-0.0008240342,244,seg_8a10s,NORM
-0.9280381,-1.7022699,-3.8843427,-0.27621758,3.8153095,1.0057608,-0.24073814,2.0603652,-1.5365481,-3.8483195,0.03320151,-2.302004,2.258271e-05,0.9982045,-0.4912347,245,seg_0a2s,NORM
-0.44858766,-1.0794216,-3.8216496,-0.6908045,3.6237173,0.6540218,-0.36926168,2.2793376,-1.176461,-3.7475085,0.4052784,-2.8584163,0.2627042,1.4029921,-0.67841613,245,seg_2a4s,NORM
-0.60432637,-1.4123893,-4.4088287,-1.663279,2.1876106,0.95659614,0.1402672,1.4937347,-1.1259985,-3.8160286,0.3426637,-2.765484,0.089235276,1.1684294,-0.70480525,245,seg_4a6s,NORM
-1.1578754,-1.6347027,-3.75948,-0.8267417,3.2156844,0.84314835,-0.20523909,3.0634208,-1.0570416,-3.298384,0.019622833,-3.1232224,0.32353264,1.8736743,-0.595569,245,seg_6a8s,NORM
-0.7966573,-1.8543447,-3.7114358,-1.1638737,2.200788,1.0022609,0.2644755,1.6206735,-1.0169089,-4.063913,0.26571566,-2.4437125,0.20529796,1.009955,-0.5271851,245,seg_8a10s,NORM
-0.44973096,-4.2287154,-3.6054,-1.3951252,4.3220077,-1.2206036,-1.807841,0.37111616,-1.1347795,-1.9640607,-0.14724442,-3.708811,-2.1085446,-0.2602046,-0.46348897,246,seg_0a2s,NORM
-0.98598546,-4.581981,-4.103668,-0.9610216,2.091408,-1.2057786,-1.0919919,0.23266369,-0.6723882,-2.362521,1.4120792,-3.392678,-1.5577551,-1.3471045,-0.28891313,246,seg_2a4s,NORM
-0.2778179,-3.9416842,-4.149791,-0.8000788,4.277979,-0.92212427,-1.772773,0.06524706,-1.2373397,-2.2369494,0.48737106,-3.547772,-1.6387391,-0.6024995,-0.027134389,246,seg_4a6s,NORM
-1.2147694,-4.4188647,-3.7655091,-0.32006472,3.6222804,-0.9765985,-1.5603409,1.1890026,-0.87679857,-2.0468235,0.7477245,-3.7089906,-1.515453,-0.50061697,-0.06902526,246,seg_6a8s,NORM
-0.6361858,-4.111139,-3.8337097,-0.5354893,3.8783417,-0.97721386,-1.6182053,0.697929,-1.1761262,-2.1764357,0.70702463,-3.614247,-1.4723362,-0.551042,-0.1136207,246,seg_8a10s,NORM
0.105779484,-4.0323176,-3.2677598,-1.9706593,3.194873,-1.6861625,-1.1096483,-0.03568226,-0.7472796,-3.365277,1.073378,-3.9327784,-1.8469154,-1.036386,-0.5334209,247,seg_0a2s,NORM
0.46618247,-4.589072,-5.046974,-3.614911,4.118924,-2.1429935,-1.5233047,-0.11524333,-1.6609375,-4.095842,0.52740383,-5.027166,-2.5301,-0.3514433,-0.4852825,247,seg_2a4s,NORM
0.53766304,-5.793456,-5.4515557,-4.0057487,3.8175836,-3.40636,-0.74508774,1.3881965,-1.9356616,-6.356878,1.5402473,-6.196441,-1.6478552,0.3039714,-0.7748642,247,seg_4a6s,NORM
0.39897335,-3.923836,-4.1725016,-2.831335,5.1273975,-2.238196,-1.0194925,1.742666,-1.5369825,-4.4067745,0.96378386,-5.415772,-1.2077914,0.35679412,-0.32837406,247,seg_6a8s,NORM
-0.7441335,-5.978774,-4.0281854,-2.8034196,5.8637676,-2.123233,-1.6669183,2.5831048,-1.692755,-4.5702167,-0.124836005,-5.843478,-1.7006302,1.1489706,0.27400133,247,seg_8a10s,NORM
-0.824064,-3.6736112,-3.818078,-0.49179077,4.3591647,-1.5100191,0.11594511,3.27142,-1.2194047,-2.908076,0.2325908,-4.958141,-1.3025504,0.3636617,0.47465587,248,seg_0a2s,NORM
-0.7301226,-3.8175247,-4.086431,-1.2104743,2.9531655,-1.5262685,-0.34572873,2.0792935,-0.9993586,-2.5837312,0.802131,-4.2231584,-1.4324021,-0.2974984,0.32731158,248,seg_2a4s,NORM
-0.4809338,-3.6239712,-3.8990774,-0.960254,3.2645805,-1.3663905,-0.054940708,1.9979274,-0.96465427,-3.0333917,0.8654359,-4.509271,-1.3093683,-0.36162436,0.48291034,248,seg_4a6s,NORM
-0.64523077,-3.3818686,-4.032417,-0.45622474,4.1319,-1.59638,-0.4011342,2.9704857,-1.1646073,-2.4726384,0.5327775,-4.51549,-1.3027064,0.2023089,0.31978852,248,seg_6a8s,NORM
0.7365819,-4.2861056,-4.8649993,-1.6770067,5.6615562,-2.392463,0.4952663,2.8108966,-2.2907107,-5.5761786,-0.239618,-5.739101,-1.7788618,0.77756834,0.62884,248,seg_8a10s,NORM
-1.2830187,-2.785064,-3.3670115,0.33915532,3.6252348,-0.07334733,-0.0038806424,2.1418858,0.040039912,-2.7435203,0.08834731,-2.2818995,0.19989981,0.5458145,-0.25933778,249,seg_0a2s,NORM
-1.6171752,-3.230219,-3.205955,0.3281128,3.919432,-0.19201034,0.018421136,2.3819695,0.07427213,-2.7690697,0.09342272,-2.5117676,0.31659454,0.5704344,-0.27002463,249,seg_2a4s,NORM
-1.9340016,-3.4631069,-3.2026415,-0.11421852,2.6393645,-0.013159275,0.18749258,1.7078295,0.43078497,-2.5437458,0.24427095,-2.3699527,-0.22056626,-0.045065403,-0.093877286,249,seg_4a6s,NORM
-0.9541389,-2.9719,-3.9944644,-0.7550697,2.634614,-0.1599778,0.44582054,1.0486568,0.012759641,-3.337957,0.33887935,-2.378068,-0.071951024,0.058022432,-0.39164993,249,seg_6a8s,NORM
-1.4029753,-2.55691,-3.0006542,0.8725121,3.3725677,-0.111920536,0.042746775,2.1768396,0.15060966,-2.554526,0.51177955,-2.0774634,0.46053904,0.30740392,-0.36859575,249,seg_8a10s,NORM
-2.3383412,-2.9595876,-2.7392845,-0.06516607,4.6792836,0.67588437,0.16242707,2.1177936,-0.8131815,-4.63257,0.8240097,-3.5373578,-0.25408587,-0.21200131,-0.60165715,251,seg_0a2s,NORM
-1.7193971,-2.3671334,-2.769681,-0.101566,4.240069,0.4764893,0.26786777,1.5608399,-1.2580938,-4.486783,0.87241066,-3.6502554,-0.60109663,-0.22154368,-0.87665784,251,seg_2a4s,NORM
-2.7187831,-2.4945717,-2.715395,-0.30713636,4.4202075,0.9964937,0.6313738,2.1438692,-0.96868414,-3.727425,0.3625265,-3.6103575,-0.57495785,-0.21583335,-0.24259323,251,seg_4a6s,NORM
-1.2791028,-2.3295856,-2.5492816,-0.2190429,4.4364014,0.31998506,0.06760859,1.6150179,-0.9970786,-4.9819803,1.0657274,-3.706377,-0.3809598,-0.19038613,-0.88999045,251,seg_6a8s,NORM
-2.1537194,-2.1773572,-2.576706,-0.21317717,4.3261623,0.95107603,0.26622662,1.7213743,-0.8173543,-3.7560546,0.3718649,-3.4631279,-0.59015846,-0.08240144,-0.13514167,251,seg_8a10s,NORM
-0.16521558,-2.9630923,-4.3133235,-3.2920303,3.453377,-0.91458845,-0.61645496,2.449814,0.2764517,-3.240546,-0.49094108,-3.6320207,-1.590666,0.74059695,-0.052186683,252,seg_0a2s,NORM
-1.5884986,-3.5406895,-3.7963357,-2.838859,3.7041752,-0.62086356,-0.84202814,3.0603716,0.7862069,-2.061309,-0.647805,-3.6470127,-1.6014758,0.58220977,0.10344919,252,seg_2a4s,NORM
0.096373335,-3.2065382,-4.182558,-3.2239594,3.1665697,-1.4904561,-0.6752032,2.6011665,0.58000255,-3.5469115,0.074792184,-3.5763235,-1.2615826,0.61948013,-0.47823176,252,seg_4a6s,NORM
-1.6392826,-3.5057223,-3.4947968,-2.644928,3.3064063,-0.47086474,-0.4006749,3.4524982,0.7305759,-2.593243,-0.4572687,-3.589681,-1.2591045,0.63491344,0.1870392,252,seg_6a8s,NORM
-0.31843808,-3.2053106,-4.345543,-3.4315023,3.4459345,-1.0101871,-0.5866411,2.8689198,0.37725466,-3.9064708,-0.1910063,-3.6169233,-1.3626826,0.76126546,-0.59307694,252,seg_8a10s,NORM
-2.4577217,-4.619583,-1.6315188,-0.2062118,5.6549234,0.4574191,0.12646246,1.9925535,-0.04824391,-5.249445,-0.027264293,-2.909686,0.9712086,0.41082525,0.4685847,253,seg_0a2s,NORM
-1.723467,-2.290188,-2.3038626,1.3769794,3.8002138,0.627746,0.14978293,2.2455072,-0.11779174,-3.3087966,0.5029101,-1.567109,0.9503691,0.31035495,-0.07875723,253,seg_2a4s,NORM
-0.5828859,-2.9829147,-2.4818425,-0.66038036,3.2148297,0.63649184,-0.7966781,-0.27027732,0.9520362,-4.971351,1.3623656,-1.7186345,0.8740648,-0.6565393,-0.032197744,253,seg_4a6s,NORM
-0.52248377,-2.9182863,-2.6178217,-0.9222062,3.181986,0.47717255,-0.6531575,-0.29116884,0.82564247,-5.073404,1.346711,-1.7368706,0.9464319,-0.5533922,0.04136944,253,seg_6a8s,NORM
-0.59154576,-3.236361,-2.7623825,-0.81692845,3.4873996,0.10478528,0.09527109,-0.07424031,0.57747996,-5.429263,1.620642,-2.2508304,1.1608335,-0.89857376,-0.16737539,253,seg_8a10s,NORM
0.1552027,-3.6791909,-2.1110976,-1.3711307,3.9827292,-0.6286869,-0.2594901,1.161959,-1.8994138,-5.5188932,1.6243612,-3.6162062,-0.60606396,-1.3574687,-0.2997084,254,seg_0a2s,NORM
-0.042939186,-4.2151523,-2.2730236,-1.1455433,4.358042,-0.60920453,-0.75582385,1.3408749,-1.934525,-5.608474,2.026658,-3.7821283,-0.42320818,-1.536481,-0.4021326,254,seg_2a4s,NORM
0.11635931,-3.9180427,-2.325337,-1.4500909,4.0487504,-0.45167598,-0.3354969,1.2364227,-1.8394868,-5.403429,1.5953206,-3.6183603,-0.39715815,-1.3271545,0.057099722,254,seg_4a6s,NORM
0.3052019,-4.259635,-2.1622448,-0.7595104,5.837786,-0.81837857,-1.225543,2.2943468,-2.4917762,-5.6461253,1.6793828,-4.113081,-0.1469898,-0.7841199,-0.2866338,254,seg_6a8s,NORM
-0.8087069,-4.4862604,-1.9349045,-0.90003425,6.0411315,-0.1484398,-0.74297327,2.7286017,-2.2969882,-5.299476,0.7272462,-4.306274,-0.45013165,-0.35951,-0.0055226386,254,seg_8a10s,NORM
-1.069249,-4.5859833,-4.451871,-0.16365483,3.023344,-1.1459128,-2.543791,0.80205977,-1.2413161,-2.6922443,1.0801114,-1.960422,-1.7365857,-0.7650833,-1.1591914,255,seg_0a2s,CD
-1.054913,-4.328293,-4.621948,-0.17285433,2.947657,-1.1587117,-2.3903,0.8072921,-1.3570924,-2.7803037,1.2289367,-1.9729962,-1.6762213,-0.7893874,-1.176284,255,seg_2a4s,CD
-1.9477841,-4.6117373,-3.9239693,0.58541024,4.430758,-0.765172,-2.9054892,2.1484034,-1.3965209,-1.8102514,0.37422335,-2.2873547,-1.7537262,-0.097467035,-0.89667,255,seg_4a6s,CD
-1.105302,-2.1326303,-2.7373753,0.3999633,3.306532,0.5976453,0.08539761,1.8995485,-0.42180794,-3.284433,-0.37501642,-0.7732873,0.5046585,0.7578032,0.23131028,255,seg_6a8s,CD
-1.8978468,-4.503615,-4.05041,0.75604993,4.229169,-0.71442044,-2.7510345,2.022952,-1.4356759,-1.7797859,0.39981914,-2.30556,-1.7276838,-0.10304402,-0.856735,255,seg_8a10s,CD
-2.9991336,-5.8101087,-9.050654,-3.9375606,9.3726425,1.7804291,-0.7467453,6.3920226,-4.335889,-9.776511,1.6547345,-12.795662,-2.0082488,1.85007,-2.0137043,256,seg_0a2s,CD
-2.6573703,-7.4716043,-8.320564,-5.230723,11.168112,1.0748578,-3.0885484,6.141858,-4.700077,-7.9375615,1.411627,-12.326717,-2.4836078,1.1477346,-1.8659207,256,seg_2a4s,CD
-2.293063,-6.3289785,-9.048456,-4.8458548,9.922332,0.78618455,-2.1467905,6.0081234,-4.9942465,-8.865389,2.3107164,-12.522076,-2.4911757,1.0139849,-2.7655518,256,seg_4a6s,CD
-2.6996603,-6.70822,-8.796107,-4.784093,9.743851,0.71276236,-2.4306495,5.9360485,-5.0360694,-7.509327,1.910389,-12.016574,-2.848375,0.78611106,-2.5326269,256,seg_6a8s,CD
-3.0881164,-6.4270587,-8.43674,-4.127319,10.504174,1.8700411,-1.9134107,6.161782,-3.5394843,-9.0922785,1.345767,-12.545934,-1.8432374,1.8123292,-1.2504144,256,seg_8a10s,CD
-0.84047735,-1.8308908,-2.2408557,-0.2625455,4.8476806,1.1872902,-0.7113824,3.3947113,-2.7393954,-3.1384292,0.9094631,-3.300118,1.0338476,0.692691,-1.6132039,257,seg_0a2s,MI
-0.94126266,-2.0279121,-2.1908422,-0.35415742,4.927576,1.2021127,-0.6606461,3.6124194,-2.6992877,-3.133877,0.86592376,-3.3219814,1.0923374,0.6634065,-1.6227149,257,seg_2a4s,MI
-0.6650987,-2.2775393,-2.4002008,-0.71052754,5.351779,1.0717497,-1.01418,3.5247073,-2.7875116,-3.859315,0.87177676,-3.7822487,1.1269139,1.092386,-1.7556648,257,seg_4a6s,MI
-1.3467247,-1.9341589,-1.9008074,-0.32336748,3.5391953,1.194445,-0.49041873,2.606827,-2.0884047,-2.7203047,1.3517349,-3.083439,0.75019515,-0.05317813,-1.4187661,257,seg_6a8s,MI
-0.117107905,-1.7085599,-2.9411225,-1.1443388,3.4672377,0.8975787,-0.2609365,2.2601054,-2.6838875,-4.0679855,1.6102654,-3.1497777,0.84825194,-0.038095206,-1.8099409,257,seg_8a10s,MI
-1.8777711,-1.9510721,-3.0229273,0.25657946,2.3356123,0.51513755,0.60807914,2.624605,-1.2658367,-3.36867,1.294168,-2.8736763,-0.34184885,-0.44057047,0.35404938,258,seg_0a2s,MI
-1.1941226,-2.103403,-3.2971754,-0.40629077,2.897831,0.31566787,0.72789717,2.3395438,-1.5091801,-4.7053804,1.0587927,-3.4398522,-0.24363485,0.14288534,0.21676412,258,seg_2a4s,MI
0.24127685,-2.4682868,-2.2545795,-1.2666519,3.6689093,-0.057140797,-1.3179992,0.26541662,0.14252213,-5.0391984,1.7053487,-3.060386,0.085623264,-0.606834,1.0407909,258,seg_4a6s,MI
-1.7925807,-2.2570727,-3.447154,-0.6711836,0.9039298,0.5767558,1.6249567,1.8687263,-1.2870958,-4.323995,1.5259341,-3.0439186,-0.29193637,-0.738479,0.05767397,258,seg_6a8s,MI
0.29617238,-2.438127,-2.4266448,-1.4398255,3.8496056,0.03696154,-1.4319279,0.19349372,-0.28726113,-5.133681,1.6582015,-3.319871,-0.044471793,-0.46175826,0.75625265,258,seg_8a10s,MI
0.22179769,-3.061122,-3.7703285,-1.6823845,2.950612,-0.9458041,-0.6858778,1.6064805,0.42362878,-3.0411878,0.10910227,-2.7924538,-1.1237271,0.0072459728,1.1369516,259,seg_0a2s,STTC
-0.6188771,-3.2871776,-3.0273066,-1.3431969,2.955319,-0.42371473,-0.1309428,2.0912137,0.66206205,-2.818653,-0.23996797,-2.7399025,-0.77929235,0.09622782,1.4477485,259,seg_2a4s,STTC
-0.13688987,-2.8496447,-3.2676144,-1.0851197,2.4949932,-0.5573453,-0.67180717,1.6655877,0.5169847,-2.4474857,0.18302086,-2.2694077,-0.90724534,-0.16179834,1.0999663,259,seg_4a6s,STTC
0.48432225,-2.7913756,-3.5944724,-1.734765,3.0458186,-0.71301365,-0.6302365,1.3824157,0.27576637,-3.3080368,0.07961727,-2.8203053,-0.9145306,0.19946513,0.8557768,259,seg_6a8s,STTC
-0.18665062,-3.3365822,-3.709484,-2.040267,1.3652576,-0.42578754,-0.51276267,1.2632624,0.5625535,-3.06399,0.7786338,-2.6230798,-0.8982587,-0.51673156,0.8351064,259,seg_8a10s,STTC
-0.91797674,-1.7757503,-4.0604753,-1.3365891,3.2858794,0.24116072,-0.68485135,2.0337608,-0.81356,-3.1751263,1.0914972,-3.652231,-0.8454198,0.093813516,-0.48524788,260,seg_0a2s,STTC
-2.079784,-2.2416346,-3.3768234,-0.91784793,3.434186,0.45656598,-0.7344393,2.8035367,-0.48096418,-2.1546288,0.8602031,-3.569837,-0.81827337,0.012678221,-0.013747245,260,seg_2a4s,STTC
-0.66356856,-1.6675018,-4.263479,-1.6200559,3.5819252,0.18334827,-0.69613284,1.9839709,-1.1886206,-3.417586,1.1341716,-3.6726713,-0.84319705,0.030435532,-0.6732696,260,seg_4a6s,STTC
-0.99259734,-1.9266837,-4.497768,-1.8064792,3.6868982,0.332493,-0.9157726,2.149568,-1.0129516,-3.5117633,1.0488896,-3.857234,-1.0093354,0.17743576,-0.538885,260,seg_6a8s,STTC
-1.9950274,-2.3894646,-3.6609135,-0.8705894,3.579567,0.39844787,-0.58414876,2.7866666,-0.51491636,-2.8695252,0.9152789,-3.8139966,-0.96131223,0.017000958,-0.005249426,260,seg_8a10s,STTC
-1.3359746,-2.9211967,-3.0948915,-0.19655141,2.1268625,-0.03722191,-0.80085737,0.5724316,-0.93801695,-4.730409,2.2123826,-1.8973012,-0.3412599,-1.0928841,-1.3812951,261,seg_0a2s,STTC
-1.0753859,-2.5697753,-3.1462197,0.24318744,3.8689997,0.12680034,-1.6499178,1.107557,-1.3715107,-4.6753273,1.8232688,-2.3719509,-0.47138512,-0.39478463,-1.593033,261,seg_2a4s,STTC
-2.4765625,-3.3214915,-2.1455796,0.70244217,4.111444,0.50743204,-1.6420829,1.9549379,-0.87415045,-3.6406817,1.1868411,-2.3552065,-0.51835376,-0.2234111,-0.9424927,261,seg_4a6s,STTC
-1.2553438,-3.025813,-2.9049573,-0.050715163,2.418083,0.0066417754,-1.0752085,0.47561562,-1.0932825,-4.7290144,2.2325258,-1.8907027,-0.37359536,-1.1649957,-1.4243042,261,seg_6a8s,STTC
-2.840292,-3.5419774,-2.5660734,0.23992772,4.4310226,0.6926991,-1.5210931,2.081843,-0.9826948,-3.4196181,0.72442895,-2.5224426,-0.7412355,-0.101018086,-0.49840036,261,seg_8a10s,STTC
-0.96362233,-3.7835338,-1.6920135,-0.17868555,3.6058128,0.055084273,-1.3852739,1.3591701,0.09090264,-3.6370852,0.07101302,-1.2165598,-0.072200455,0.16406259,0.22680849,262,seg_0a2s,NORM
-1.06264,-3.9671068,-1.7332416,-0.22580537,3.74888,0.1314542,-1.2151227,1.4337392,0.080207705,-3.6856818,-0.118557535,-1.2605379,-0.1262028,0.13199681,0.41060317,262,seg_2a4s,NORM
-0.85051334,-3.725538,-1.7516191,-0.19606546,3.3758776,0.18131828,-0.9902814,1.2756517,0.07401459,-3.5608892,-0.2013183,-1.052708,-0.1026304,0.119488426,0.41527426,262,seg_4a6s,NORM
0.122375056,-3.3375592,-2.5198874,-1.0015242,1.8831052,-0.24268445,-0.7211002,-0.20077872,0.15384583,-4.604143,0.877093,-0.8699788,-0.117799416,-0.6913834,-0.19332469,262,seg_6a8s,NORM
0.11829938,-3.37678,-2.5270681,-0.9261864,1.8095694,-0.33798376,-0.6096306,-0.15063414,0.07513868,-4.525119,0.90958303,-0.791698,-0.17503285,-0.8414166,-0.15728995,262,seg_8a10s,NORM
-0.27736357,-2.0159876,-5.1074295,-0.6545057,3.525861,0.60407734,-0.32308993,1.3897841,-1.4446361,-2.8844197,0.40841186,-2.7517734,1.3069388,1.5539714,-0.6681305,263,seg_0a2s,MI
-1.2973819,-2.1439066,-4.5469337,-0.3471197,3.3773952,0.64172757,-0.27335823,1.8012981,-1.2432158,-2.4259815,0.3219432,-2.6603231,1.22261,1.6344109,-0.23429686,263,seg_2a4s,MI
-0.30341634,-1.8768914,-5.3583674,-0.7817828,3.5765617,0.46867692,-0.14454952,1.4468842,-1.5574133,-3.151435,0.6235903,-2.8973317,1.455471,1.595261,-0.6674706,263,seg_4a6s,MI
-0.6229865,-2.2223165,-5.1735516,-0.72126526,3.4981399,0.29496855,-0.3045397,1.6486267,-1.4900358,-3.1706693,0.6431097,-2.933074,1.3042655,1.63734,-0.40099832,263,seg_6a8s,MI
-0.7872954,-2.4236321,-5.115193,-1.195024,2.396365,0.59895635,0.5124657,0.86319613,-1.3766215,-3.5082645,0.79571605,-2.766791,1.218793,0.91176665,-0.53358793,263,seg_8a10s,MI
0.36213642,-4.087145,-2.7166266,-2.2464187,2.736761,-1.2264984,-0.5669256,1.8365803,0.076586284,-5.6000004,1.0251966,-2.069443,-0.9748029,-1.0808011,0.58758974,264,seg_0a2s,NORM
0.30944353,-4.152231,-2.590929,-2.1473663,2.9827883,-1.1683391,-0.7721095,1.7742584,0.08634918,-5.8426447,1.0802892,-2.1318066,-0.9815041,-1.0510677,0.41695613,264,seg_2a4s,NORM
0.45396513,-4.277458,-2.6253996,-2.1884558,3.1678107,-1.1965278,-1.0069132,1.5888796,0.18483001,-5.8359213,1.0511502,-2.126701,-0.98750615,-1.0586581,0.44221476,264,seg_4a6s,NORM
0.477273,-4.418564,-2.5256834,-2.1269467,3.2478886,-1.2719642,-1.0475371,1.6024904,0.17706555,-5.9531193,1.1348565,-2.1683207,-0.8719086,-1.0605683,0.45034477,264,seg_6a8s,NORM
0.37331337,-4.112888,-2.286932,-2.0100973,3.0482097,-1.1701555,-1.010279,1.6803164,0.36811393,-5.5300508,1.169899,-1.9357762,-0.85695684,-1.2129273,0.550944,264,seg_8a10s,NORM
-0.28743324,-2.7074914,-2.2654014,-0.20197794,3.3078246,0.5269582,-0.55095196,1.57258,-1.3117485,-4.5761175,1.1641219,-0.93086374,0.77329904,-0.5465781,-0.42881343,265,seg_0a2s,NORM
-1.0414764,-2.7795932,-1.8061695,0.21340287,3.1971447,0.9302846,-0.40000525,1.589837,-0.7115739,-3.4577773,0.6252733,-0.70037127,0.7007444,-0.54478085,0.0018543601,265,seg_2a4s,NORM
-0.21049051,-2.7139947,-2.1119223,0.0023436248,3.1525137,0.44122803,-0.42780226,1.3337469,-1.0308323,-4.3890367,1.0825073,-0.7990587,0.809787,-0.60424304,-0.30938247,265,seg_4a6s,NORM
-0.4596579,-2.261377,-2.2278843,0.15045415,3.9454725,0.5397397,-0.42554387,1.9890273,-0.9388233,-2.8801892,-0.07405768,-0.6569412,0.53589225,-0.018473849,0.2814436,265,seg_6a8s,NORM
-0.14962302,-2.565019,-2.2016768,-0.11433388,3.2619073,0.53067875,-0.45685148,1.2166569,-1.010891,-4.3189845,0.9810835,-0.830999,0.75882065,-0.56612206,-0.24342996,265,seg_8a10s,NORM
-2.3143682,-6.2855883,-7.296614,-3.4303212,0.76858425,-1.5081749,2.4093845,1.7680342,-4.2884393,-3.7679389,0.29575565,-4.598728,-2.6989095,-1.8266554,-2.3410473,266,seg_0a2s,MI
-1.4516186,-3.250589,-5.782356,-1.4933834,5.282397,1.3375187,-2.521698,2.2409127,-1.7773643,-3.0064776,-0.6941945,-2.6279886,-1.06518,1.3008419,-0.73334515,266,seg_2a4s,MI
-1.0755259,-5.7257724,-3.9651842,-1.8693347,6.2988353,0.19447814,-2.9508474,1.4036977,-1.6423793,-1.878538,-0.13894369,-3.9889174,-0.8150512,-0.14016779,-0.8410281,266,seg_4a6s,MI
-1.7182939,-4.007219,-5.0365005,-1.4689791,4.713478,1.4167758,-2.7342782,1.420517,-0.89875203,-2.5820928,-0.39115858,-2.6916797,-1.214338,0.49112958,-0.3196025,266,seg_6a8s,MI
-0.29073498,-5.194358,-6.9358587,-4.04359,2.9319475,-0.6183926,-0.07177531,0.69508433,-3.4705229,-4.788967,-0.6033417,-3.9823136,-2.168349,0.061231375,-1.589575,266,seg_8a10s,MI
-0.94699913,-3.5039349,-3.2171626,-2.0426116,4.402027,-0.15168065,-0.26338676,1.9185331,-1.6602392,-5.7578254,1.9493519,-3.8101783,-0.39959806,-1.3155117,-0.5290638,267,seg_0a2s,MI
-1.0837682,-3.4629712,-3.0121045,-1.5704243,3.901201,-0.05922517,-0.6229826,2.055959,-1.7266035,-5.210199,2.151371,-3.7888675,-0.58128124,-1.339755,-0.529336,267,seg_2a4s,MI
-1.1551889,-3.2207637,-2.554193,-0.7817217,5.0619135,-0.007980704,-0.9209681,2.8725207,-1.6592124,-4.574846,1.5612242,-3.7164361,-0.31065685,-0.6596608,-0.37323025,267,seg_4a6s,MI
-0.439852,-3.1810088,-3.2446399,-1.3701491,5.6781435,-0.06253669,-1.4649351,2.325066,-2.7059307,-5.316286,1.4497706,-4.1521,-0.9184888,-0.45331478,-0.6267346,267,seg_6a8s,MI
-0.74974346,-3.5362263,-3.3297281,-2.1628811,4.306984,-0.09371421,-0.16247793,1.9220524,-1.9969139,-6.0693603,1.8738434,-3.8132248,-0.29272884,-1.1165245,-0.38745305,267,seg_8a10s,MI
-0.522481,-3.8062487,-2.5168247,-1.5162959,3.9765081,-0.69979846,-1.08487,2.356513,-2.4918246,-6.184517,2.5611374,-3.6277695,-0.6274623,-1.3591592,-0.31867188,268,seg_0a2s,NORM
-0.81958014,-3.6890883,-2.5549698,-1.222558,3.6029232,-0.45968512,-0.8705897,2.4857569,-2.6612077,-5.85342,2.6292233,-3.4765894,-0.66907305,-1.5183929,-0.686453,268,seg_2a4s,NORM
-1.1631691,-3.7513392,-1.9772261,-0.43573922,5.2147765,-0.40011093,-1.6479856,3.480433,-2.6908813,-5.1829157,2.151676,-3.6204515,-0.49722427,-0.8396034,-0.46082225,268,seg_4a6s,NORM
-0.40936267,-3.4376218,-2.2489858,-1.0489128,5.532533,-0.47774825,-1.8368031,2.9194922,-3.0475745,-5.797403,2.0408146,-3.5857847,-0.52044684,-0.6278177,-0.49765763,268,seg_6a8s,NORM
-1.3594754,-4.0196185,-3.043408,-2.5855925,6.560973,0.68565536,-1.4617127,3.2118902,-3.7325594,-6.354095,0.62896854,-3.6146915,-0.91562134,-0.12654878,0.31933624,268,seg_8a10s,NORM
-2.6420813,-4.262905,-5.4009566,-1.694284,6.449932,-0.90562534,-1.2134811,4.257819,-1.9523528,-7.1708145,2.358644,-4.93628,-1.437639,-0.70188725,0.1251329,269,seg_0a2s,MI
-2.2970142,-4.0646615,-5.597181,-1.2338784,5.6987104,-0.5695174,-0.91398346,3.8825579,-1.9037888,-6.8481383,2.4216933,-4.4585357,-1.3055218,-0.98585963,-0.8155066,269,seg_2a4s,MI
-2.797083,-4.275795,-5.0595493,-0.8784353,5.7084217,-1.33792,-1.4257609,3.643756,-1.801043,-6.7608643,2.947268,-4.339476,-0.89140105,-0.71695924,-0.50039387,269,seg_4a6s,MI
-2.7184684,-3.919611,-5.2151184,-0.35509717,6.666012,-0.41386262,-1.0765324,4.8239655,-2.4549274,-6.3278513,1.9832262,-4.4205837,-0.8937414,-0.19671272,-1.16904,269,seg_6a8s,MI
-3.7675846,-4.5241494,-4.4602585,-0.58740526,5.894623,-0.30655792,-1.2022266,4.1362686,-1.5018959,-5.7978487,2.033638,-4.1773005,-1.0863533,-0.6537056,-0.12747836,269,seg_8a10s,MI
-2.1222188,-3.8040307,-4.1792088,-0.8415588,6.4363866,0.30162194,0.54432255,3.3137548,-2.8104265,-5.3169727,0.5382091,-3.7581677,0.43581218,0.13916825,-1.1273263,270,seg_0a2s,MI
-0.79107827,-2.8083732,-3.2891016,-0.32702965,5.125868,0.13467218,0.6465401,2.9967856,-2.7987509,-5.797069,0.70332193,-3.2205963,0.5942947,0.53164005,-0.98982763,270,seg_2a4s,MI
-1.3447922,-3.1786244,-3.577971,-0.79975784,4.0610237,0.37648213,1.0907238,2.2978637,-2.4651372,-6.057323,1.0997784,-3.1577115,0.5197013,-0.08450389,-1.0898457,270,seg_4a6s,MI
-1.327937,-3.2936447,-3.3066092,-0.6533555,3.9380436,0.28248802,0.8681924,2.4031293,-2.3051512,-5.9293857,1.0861202,-3.1615233,0.27485722,-0.124377325,-0.982653,270,seg_6a8s,MI
-0.87087137,-3.0601683,-4.100278,-0.7766816,5.977163,0.29358253,0.028404213,2.4621992,-3.1460967,-5.838767,0.43633384,-3.3896255,-0.0149962455,0.4392581,-1.0827441,270,seg_8a10s,MI
-0.48807174,-3.242675,-5.4593043,-4.176059,6.7006955,0.20205057,0.6177659,4.6583867,-1.6262829,-4.063125,0.23878893,-3.96776,2.1455781,0.8922022,-0.050522253,271,seg_0a2s,MI
-0.28666592,-3.2212582,-4.548261,-2.9325159,5.5822477,0.5092236,-0.6890522,4.828904,-1.7661333,-3.950981,0.19552672,-4.161214,1.5879991,1.800727,1.2314764,271,seg_2a4s,MI
0.552653,-2.2943218,-5.654427,-3.685155,3.761697,0.25950512,0.15130717,2.963202,-2.0367277,-4.1249003,1.1598026,-3.3183782,1.4343282,0.44287854,0.59668887,271,seg_4a6s,MI
0.43546283,-2.0733929,-4.8652487,-3.0591223,2.950249,0.5750904,-0.045280226,3.0846646,-1.8248224,-3.9356344,1.0980482,-3.138344,1.2604746,0.7002289,0.69080555,271,seg_6a8s,MI
0.43140787,-2.236431,-4.8528833,-3.1346755,3.1354666,0.6507989,-0.106678635,3.2114258,-1.9174261,-3.9683433,0.98800516,-3.3917334,1.1083398,0.7397911,0.6465459,271,seg_8a10s,MI
-0.80468124,-2.6466005,-2.2145133,-0.6730267,4.76422,0.6470033,-0.72457504,2.3616524,-1.4097304,-3.2565222,1.832976,-2.5173082,1.3275712,-1.0832363,-0.2426984,272,seg_0a2s,NORM
0.31539553,-2.322881,-3.3039713,-1.5481308,5.1072717,0.30156538,-0.5825584,1.3519932,-1.8120122,-4.5521946,1.4362859,-2.6726117,0.8838115,-0.70095015,-0.61229515,272,seg_2a4s,NORM
-0.9821138,-2.612601,-2.9227414,-1.7399333,5.388752,0.83439314,-0.70846474,1.7549059,-1.2600169,-2.7708025,0.53237313,-2.7187915,0.30544513,-0.69859195,0.14947325,272,seg_4a6s,NORM
-0.92972326,-2.6754215,-2.5190644,-1.0765877,5.192174,1.0009093,-0.44166604,2.0032153,-1.1518891,-3.6280665,0.60584867,-2.8214133,0.39662296,-0.5897123,0.31711125,272,seg_6a8s,NORM
-1.5659295,-3.1973896,-1.4980475,-0.52172744,4.970868,1.2894666,-0.86306965,2.681151,-1.7410147,-2.9055958,0.681344,-2.722984,0.62930465,-0.52318394,0.5441748,272,seg_8a10s,NORM
-0.4969167,-7.2015576,-4.416907,-3.3485038,6.523128,-2.3408105,1.676546,4.4622,-1.2551835,-6.4194493,-0.12314072,-5.9377766,-1.4962283,-1.359768,-0.7477573,273,seg_0a2s,STTC
-0.5840736,-7.1172986,-4.2838497,-2.430602,7.24028,-2.6811752,1.1224053,5.30154,-1.3323731,-5.8721666,-0.09680642,-5.5600376,-0.9875909,-0.85031533,-0.533517,273,seg_2a4s,STTC
-0.61760926,-6.554741,-4.2574296,-2.9982963,7.6297417,-3.0300624,1.3633647,4.6917725,-2.1475363,-6.2790613,0.17322755,-5.532779,-0.5784801,-0.61774224,-0.70716953,273,seg_4a6s,STTC
-1.1131434,-6.8209314,-3.693544,-2.921274,5.941663,-2.1609557,1.6355844,3.9519,-1.4303005,-5.562748,0.25180233,-4.989134,-0.53653646,-1.2780958,-0.9111223,273,seg_6a8s,STTC
-1.1491644,-6.8826494,-3.7379942,-2.6878374,5.9048095,-2.347135,1.5300115,4.096595,-1.1580904,-5.54557,0.3341361,-5.2361736,-0.8775709,-1.3626068,-0.7894577,273,seg_8a10s,STTC
-0.86680895,-5.025464,-4.408337,-1.7504625,7.518404,-0.6886679,-2.2345967,3.6088486,-4.320262,-7.772463,2.278288,-4.6648374,-1.5274584,-1.1096623,-1.4297003,274,seg_0a2s,MI
-2.486901,-5.487062,-3.4710355,-0.72229195,7.333345,-0.2300795,-2.4400554,4.4314346,-3.179489,-6.4438424,2.214658,-4.8001556,-1.6140658,-1.2534206,-1.2499356,274,seg_2a4s,MI
-1.0542953,-4.980816,-3.6167054,-1.4286914,5.314503,-0.5644257,-1.6504723,3.0157251,-3.2748892,-6.83284,2.9079785,-3.9567318,-1.3289999,-2.2154417,-1.4065484,274,seg_4a6s,MI
-1.7676519,-5.0379763,-3.3283305,-0.6132328,6.5241537,-0.7788048,-2.2329586,4.11771,-2.999499,-6.1952386,2.6467352,-4.2445025,-1.3238999,-1.5771929,-1.1521635,274,seg_6a8s,MI
-0.925286,-5.074282,-4.77646,-3.3451633,8.835102,0.7110065,-2.330522,3.2346776,-5.183043,-8.881526,0.87312186,-4.6019745,-2.3399463,-0.8624481,-1.8781129,274,seg_8a10s,MI
-0.11592742,-2.643017,-2.7498584,-1.5191023,4.3033214,-1.0923797,-0.3571235,3.3176162,-1.4738717,-2.381217,0.041695468,-3.761176,-0.8407848,0.40800798,-0.55728936,275,seg_0a2s,NORM
-0.105089225,-3.1219125,-2.8862166,-2.0182357,2.8177905,-1.506582,0.061392926,3.1090508,-0.68185556,-2.855388,0.67846155,-4.020366,-1.0860159,-0.14075856,-0.6113367,275,seg_2a4s,NORM
0.019773066,-2.9770072,-2.8014684,-2.0180461,2.8859513,-1.3720995,0.18473744,2.7410874,-1.1588149,-3.285292,0.7398385,-3.7431667,-0.68540287,-0.017600238,-0.64639986,275,seg_4a6s,NORM
-0.060860485,-3.0146258,-3.0336285,-2.1516438,2.856726,-1.5344636,0.04224191,3.1137908,-0.7293531,-3.0230892,0.6891119,-4.029066,-1.1156354,-0.06277965,-0.5439919,275,seg_6a8s,NORM
-0.83939797,-3.7203128,-3.1212482,-2.4431982,3.3720758,-1.367339,-1.0151237,3.236399,-0.8132253,-1.7769659,0.30822366,-4.522664,-1.7309164,0.12867388,-0.7976209,275,seg_8a10s,NORM
-0.7747434,-3.3044062,-2.9899383,-1.6359775,3.409001,-0.26554057,-0.2897741,1.7513354,-0.90941757,-5.6057663,1.4658723,-2.3081338,-1.0312983,-1.5539973,-0.29769123,276,seg_0a2s,STTC
-2.0304701,-4.059812,-2.2674923,-0.95404834,5.0579534,0.06824306,-0.721126,3.5417352,-0.88054425,-4.5576305,0.51494026,-2.7120245,-0.93204707,-0.767543,0.4743753,276,seg_2a4s,STTC
-0.77683455,-3.212626,-3.3729067,-1.9277525,3.7100205,-0.08981007,-0.52971864,1.521526,-1.1238592,-5.3773694,1.3554178,-2.299389,-1.1524433,-1.5841255,-0.14298317,276,seg_4a6s,STTC
-0.33623892,-3.2192655,-3.334414,-1.6551692,5.114308,-0.3859878,-1.088823,2.2471688,-1.5892553,-5.8678737,0.92116946,-2.635355,-1.0973296,-0.60469663,-0.39714757,276,seg_6a8s,STTC
-1.4847057,-3.6122124,-3.5331879,-1.9318519,5.656926,0.4088164,-1.1940837,2.45634,-1.427933,-4.413431,-0.12109674,-2.6762447,-1.6152886,-0.66447395,0.519251,276,seg_8a10s,STTC
-0.7687612,-5.377485,-3.2527747,-2.0637515,3.8824925,-1.772449,-1.4019411,3.1306887,-0.52548385,-2.6021912,0.28167242,-3.6376119,-1.4103733,-0.3632909,0.8805766,277,seg_0a2s,NORM
0.35328537,-4.6492724,-3.8469963,-2.5143974,3.7298145,-2.0837543,-0.9097385,2.337823,-1.0201745,-3.2636774,0.21319002,-3.4287724,-1.4488741,-0.352,0.7767582,277,seg_2a4s,NORM
-0.87928885,-5.1635756,-2.98147,-1.9151921,3.9128187,-1.3443967,-0.92369807,3.0489347,-0.5838502,-2.7093403,0.07158369,-3.3871188,-1.1433177,-0.4231876,0.9831531,277,seg_4a6s,NORM
-0.20448181,-4.739765,-2.8705306,-1.6824374,3.7420735,-1.634789,-1.1397482,2.5539014,-0.488841,-2.726384,0.5177672,-3.1830966,-1.0106783,-0.6322873,0.7051424,277,seg_6a8s,NORM
0.669798,-4.7395916,-3.4628887,-2.4703414,4.251283,-1.9912202,-1.3469287,2.017287,-0.8699103,-3.5210435,0.2834226,-3.4259675,-1.2832892,-0.3389386,0.712721,277,seg_8a10s,NORM
-0.24455203,-1.755666,-3.064248,-1.1011906,3.183885,-0.47594354,0.8111373,2.3154747,-2.2332847,-4.354246,1.4212532,-2.6318953,-0.23068288,-0.91690814,-1.0668571,278,seg_0a2s,NORM
-0.60517013,-1.9026196,-2.4751096,-0.6506434,3.0349033,-0.28157005,0.5838253,2.7548516,-1.6737974,-4.154008,1.5608917,-2.528051,-0.119994566,-0.9518821,-0.94117785,278,seg_2a4s,NORM
-0.73861325,-1.7494346,-1.8776362,0.5776545,3.9052527,-0.0752818,-0.48309445,3.63644,-2.1557133,-3.5194094,1.1167936,-2.5530908,-0.45137137,-0.19979419,-0.76726305,278,seg_4a6s,NORM
-0.1471323,-1.5187664,-2.4470248,-0.189188,4.0862765,-0.11812842,-0.52211547,3.233617,-2.5275917,-3.8901289,0.84472716,-2.598594,-0.6936565,-0.019071996,-0.87181437,278,seg_6a8s,NORM
-0.33442715,-1.5790553,-2.4701762,-0.69295114,2.7510495,0.01732397,0.23463437,2.566825,-2.2080238,-3.871327,1.2607368,-2.217842,-0.54226506,-0.8483975,-0.7309712,278,seg_8a10s,NORM
0.29883486,-2.4556334,-3.3642201,-1.7230814,1.9760053,-0.11599216,-0.26431578,0.7207482,0.815585,-4.2761755,1.0208406,-2.9945567,-0.39651948,-0.30379403,0.8117657,280,seg_0a2s,NORM
0.42639053,-2.4992962,-3.3614097,-1.5311182,1.9090074,-0.20728266,-0.20146246,0.84921193,0.91392606,-4.3475304,1.1163291,-2.9284618,-0.43755108,-0.5148777,1.0715554,280,seg_2a4s,NORM
0.20376767,-2.8890564,-3.3617115,-1.4543781,2.1824195,-0.3175076,-0.45041868,0.8551972,0.93944544,-4.227083,1.2293531,-3.068237,-0.4753604,-0.62497145,0.9026489,280,seg_4a6s,NORM
0.14019997,-2.5778785,-3.370542,-1.513941,1.9492751,-0.16440487,-0.1882031,0.96878135,0.83721733,-4.267068,1.2378496,-2.8764966,-0.28246188,-0.5537718,0.98021185,280,seg_6a8s,NORM
-1.5898652,-3.5970001,-2.6263137,-1.2220018,3.7864285,0.37527645,-0.07448119,2.9369397,0.9096579,-3.3042047,-0.69159627,-3.3763497,-0.84799904,0.49859524,1.69041,280,seg_8a10s,NORM
-2.2344387,-5.5021815,-5.6200337,-0.8162133,6.512203,-0.5473561,-2.9458668,2.8906276,-2.041316,-3.677948,0.37122,-4.4395,-1.8849458,0.4540398,-0.9566966,281,seg_0a2s,MI
-1.6769804,-5.1407514,-6.4951987,-1.2864556,5.9967494,-0.66001785,-2.6274803,2.8304365,-2.9654906,-3.642258,0.21746007,-4.3593597,-2.4422283,0.21583986,-1.4185287,281,seg_2a4s,MI
-1.3305068,-5.7202053,-6.937676,-2.0984669,5.541332,-0.8242898,-2.554078,1.7124336,-2.5255828,-4.902559,0.9426938,-4.683561,-2.2396204,-0.2683866,-1.2562405,281,seg_4a6s,MI
-1.680077,-5.9715004,-6.113372,-2.0688531,6.193719,-0.5227572,-3.2492442,1.8766415,-2.005255,-4.1025777,0.57464945,-4.612581,-2.369449,-0.27293766,-0.9612639,281,seg_6a8s,MI
-1.1562403,-5.315808,-5.9365096,-1.430579,4.727751,-0.8883128,-2.6521847,1.5750365,-1.984458,-4.1352453,1.1539657,-3.982686,-1.935573,-0.37404943,-1.3257684,281,seg_8a10s,MI
-0.2029507,-4.8860598,-6.5141687,-4.2748218,6.9048324,1.0727168,-1.6262538,4.2333817,-4.1206956,-8.10588,0.8203151,-5.9990015,-0.5049234,1.1617165,0.11050738,282,seg_0a2s,MI
-0.65380245,-4.429501,-5.6635795,-2.1162708,6.6460648,0.6666924,-1.0596577,5.12082,-4.270346,-6.411627,1.137751,-5.053174,0.24730687,0.7466786,0.009282842,282,seg_2a4s,MI
-1.6910012,-6.010212,-6.5792556,-3.110765,8.916549,0.19634447,-3.3709338,7.616211,-6.636259,-7.559925,2.0858498,-6.73079,-2.3454955,-0.32259274,-1.7185895,282,seg_4a6s,MI
-0.4650344,-4.9002695,-5.8818216,-3.7090728,6.6371117,1.068379,-1.3822534,3.8100014,-3.9709752,-6.9918656,0.6720962,-5.374199,-0.23297028,0.8054178,0.36095667,282,seg_6a8s,MI
-0.31968963,-4.4895706,-6.8306317,-3.3511825,6.9191613,0.8789543,-0.44939893,5.0255613,-4.8556747,-7.7466984,0.08667945,-5.7065296,-0.5711143,1.4561231,-0.01526691,282,seg_8a10s,MI
0.35027915,-5.498809,-4.2560506,-4.4739566,6.306641,-0.67856467,-2.1306624,2.7120497,-4.033805,-6.465526,-0.72086304,-3.230998,3.1400545,4.4853888,2.7832754,283,seg_0a2s,NORM
0.56509554,-4.4953976,-3.0398984,-2.731036,4.4467382,-1.4117249,-1.3749152,1.6150644,-2.764216,-5.039905,0.64902914,-1.7392617,1.0593824,0.69856197,2.3552983,283,seg_2a4s,NORM
0.35567552,-6.10943,-3.2601004,-4.791616,6.571672,-1.647867,-0.36371693,1.9917412,-4.4092813,-7.780724,-1.6557317,-1.6083324,0.7070819,1.9942498,3.9431646,283,seg_4a6s,NORM
0.45953012,-2.8522432,-2.9867291,-1.309273,1.6236424,0.22451067,-0.05200877,-0.7063606,0.13862725,-3.8204346,0.22122788,-0.76881266,0.28886223,-0.3437013,0.455813,283,seg_6a8s,NORM
-0.7361656,-3.9218,-2.6224704,-1.9882832,3.930801,1.0284513,-0.33334783,1.1648602,-0.25641668,-3.7920177,-1.9824357,-1.8636242,0.0801619,1.6838157,0.7373712,283,seg_8a10s,NORM
1.3347838,-6.2989216,-2.7865314,-3.8961658,5.3143873,-2.5633297,0.35967395,3.8343177,-0.41674012,-6.3672843,0.39125723,-5.1797743,-2.317504,-2.121532,1.9517508,284,seg_0a2s,HYP
1.8851646,-6.049103,-1.452294,-3.7119658,6.4173927,-3.1794615,-1.2881348,1.773715,0.37212574,-6.2747765,1.0968009,-4.581789,-1.0182453,-1.8008422,1.5310372,284,seg_2a4s,HYP
-0.015038297,-6.3472576,-1.3286933,-2.1603203,4.581354,-2.5613134,0.7710917,3.121573,0.14737235,-6.3462834,1.2400504,-4.280012,-0.94491917,-2.158161,0.8828552,284,seg_4a6s,HYP
0.9912729,-6.3818274,-2.0683866,-4.049932,5.522916,-3.165743,0.07419149,3.0477214,-0.8007301,-5.913074,0.65906376,-4.679977,-1.4663432,-1.7800274,1.9049115,284,seg_6a8s,HYP
-0.26955324,-9.496978,-2.1204705,-4.476679,9.827724,-1.9761341,0.26704797,6.227222,0.41308245,-8.169941,-2.3497014,-6.7459164,-2.4759583,-0.54509294,3.5100744,284,seg_8a10s,HYP
-0.95367837,-2.0722077,-3.2543645,0.8193748,4.234033,0.45701066,-0.95100975,2.9304235,-1.4916227,-3.453528,0.99826646,-2.5173564,-0.493654,-0.13606976,0.10334764,285,seg_0a2s,CD
-0.4106328,-2.3020015,-3.7806134,-0.23328304,3.2821002,0.42704087,-0.7117893,2.2545576,-1.5186174,-4.363881,1.4647255,-2.7034228,-0.76943696,-0.71900284,0.19980131,285,seg_2a4s,CD
-0.3450585,-2.3343906,-3.8378782,-0.2377451,3.2820995,0.4087112,-0.73069906,2.1566994,-1.625076,-4.453682,1.4791255,-2.6178014,-0.70236444,-0.6975804,0.19903043,285,seg_4a6s,CD
-0.45764977,-2.229229,-3.868229,-0.25335175,3.3585255,0.48280525,-0.8442275,1.8838091,-1.4883242,-4.4092393,1.3955368,-2.5788283,-0.6986076,-0.5489473,0.08165493,285,seg_6a8s,CD
-1.5035986,-2.7734497,-3.0905185,0.034761578,3.3743098,0.8726201,-0.5643014,2.620713,-0.98793787,-3.5251057,0.79469305,-2.5087912,-0.63676685,-0.4750135,0.77274585,285,seg_8a10s,CD
-0.43703437,-5.3664575,-5.7865477,-3.1928504,7.1307983,0.041230217,-0.8079738,2.0437493,-2.3580296,-7.2884226,2.139436,-9.549886,-0.7104115,0.08463348,-1.8123199,286,seg_0a2s,CD
-1.0231308,-6.040917,-5.077271,-2.7541635,8.908612,0.47187012,-1.058489,3.7800126,-1.8162436,-6.502789,0.9362289,-10.126937,-0.49483734,0.9406171,-1.3722247,286,seg_2a4s,CD
-0.3140721,-5.4704704,-6.1183558,-3.175031,7.1845956,0.20862588,-0.58253145,2.2013836,-2.0950868,-7.705907,2.1813958,-10.117619,-0.8178463,0.059640788,-2.4563768,286,seg_4a6s,CD
-1.8162326,-6.385688,-4.935178,-2.8279812,9.181548,0.8233682,-0.56742024,4.2247353,-1.8947139,-6.527848,0.39651832,-10.366527,-0.5697207,1.1531314,-1.1123452,286,seg_6a8s,CD
-0.43987632,-5.154905,-6.854889,-3.7927015,8.513824,1.0229213,-1.458623,1.5952058,-2.379765,-7.5291824,1.522378,-10.269772,-1.604082,0.08937077,-1.9013942,286,seg_8a10s,CD
-0.21465836,-3.5706344,-2.6095066,-1.2978523,5.048776,-0.5852165,0.44895425,4.326489,-1.6927183,-4.894691,0.37885484,-1.5100908,0.6937211,-0.56215626,0.58737123,287,seg_0a2s,MI
-0.121388346,-3.5995665,-2.8465447,-1.9741163,3.8629286,-0.5756717,0.83659387,3.349315,-1.5065367,-5.36713,0.75824434,-1.4268615,0.49624455,-1.0788646,0.5830909,287,seg_2a4s,MI
-0.06152907,-3.6215012,-2.921297,-2.0803354,3.903472,-0.58155024,0.8099999,3.2478201,-1.3783631,-5.3871756,0.66567576,-1.4267497,0.48287898,-1.0104933,0.66416955,287,seg_4a6s,MI
-0.97905195,-3.46312,-4.0922136,-3.043372,5.848495,-0.92158663,1.167696,4.277679,-2.1023986,-4.5397,1.4468455,-6.784104,-0.45089298,-0.63034934,0.3495794,287,seg_6a8s,MI
-0.03072232,-3.7715049,-2.7688007,-1.9992466,3.9692583,-0.7278594,0.82860583,3.2984736,-1.3963754,-5.1885576,0.8118666,-1.4167062,0.6124216,-1.2342446,0.46388572,287,seg_8a10s,MI
0.6918918,-2.7855217,-2.0727277,-1.290839,3.358407,-0.28177175,-0.5102906,0.08975676,0.41039842,-4.860055,1.6595728,-1.7079479,0.9726782,-1.2999744,0.50539637,288,seg_0a2s,NORM
0.6887882,-2.9330914,-2.0006618,-1.3416355,3.0540874,-0.3322927,-0.6828142,0.26553935,0.6720598,-4.5045047,1.6250651,-1.7368318,1.0226412,-1.126984,0.5523826,288,seg_2a4s,NORM
0.44628835,-2.6255724,-1.8028239,-1.1247301,3.105161,0.047837272,-0.639832,-0.11160934,0.6108604,-4.387994,1.2577034,-1.5180501,0.65305215,-1.1204213,0.5017648,288,seg_4a6s,NORM
-0.2291926,-1.992713,-1.4388813,0.3831485,2.6530147,0.16246103,-0.421762,1.330797,0.26237375,-2.6398628,1.1160384,-1.3246129,0.6622189,-0.7344303,0.6076168,288,seg_6a8s,NORM
0.5006143,-2.596015,-1.7036697,-0.97770196,3.0034173,0.12379372,-0.92451817,-0.0532877,0.51478124,-4.348335,1.4671388,-1.6514862,0.77764547,-1.0009431,0.5504102,288,seg_8a10s,NORM
0.18287574,-1.6064192,-1.7479597,-1.2990458,2.4622211,-0.30097046,-0.8023633,1.6307547,0.81426924,-2.8643553,2.1220236,-2.5130477,0.15037853,-1.4944297,1.4622068,289,seg_0a2s,NORM
0.6720343,-1.9809154,-2.2805667,-2.5421088,3.6455472,-0.58661556,-1.1374041,1.5778321,0.76620334,-4.331528,1.697046,-3.2626476,-0.1386983,-0.8973577,1.7756534,289,seg_2a4s,NORM
0.6990226,-1.7531585,-2.2104888,-2.4449556,3.3606262,-0.62522995,-1.0794212,1.5824461,0.81300735,-4.2320004,1.7252271,-3.2505522,-0.22279975,-0.8418159,1.7011298,289,seg_4a6s,NORM
-0.90950406,-1.5422217,-2.7730956,-1.4726846,1.1479584,-0.030783594,0.9731455,2.4492087,-0.32313406,-2.7705343,1.6905485,-2.7108917,-0.53244954,-1.4640322,1.2769336,289,seg_6a8s,NORM
0.52195024,-1.9279468,-2.2613335,-2.3788543,3.324502,-0.5452459,-1.0240111,1.7680695,0.6832322,-4.2542233,1.7005851,-3.357945,-0.28732145,-0.82362676,1.6886958,289,seg_8a10s,NORM
-1.8532888,-2.027222,-3.4463453,-0.49453902,5.6555,0.7683841,0.6364974,3.47337,-0.6091546,-3.9472134,0.40258226,-4.7936716,0.50246936,0.82615596,0.2895058,290,seg_0a2s,MI
-2.0070639,-2.1804576,-3.2722983,-0.66616315,4.404251,1.0331748,0.6998429,2.4191706,-0.1469022,-4.092105,0.87049735,-4.484902,0.27025855,0.10215792,0.4251212,290,seg_2a4s,MI
-1.5572904,-1.769421,-3.2216234,-0.6625662,4.094623,0.78482354,0.4555585,2.255715,0.02872061,-3.7939446,1.1099973,-4.2321053,0.21019803,-0.04675618,0.28109553,290,seg_4a6s,MI
-0.77890337,-1.4534403,-3.7325883,-0.810686,3.9956255,0.43743962,0.46836194,1.9569743,-0.2545149,-4.297739,1.4430375,-4.587144,0.211563,0.041926257,-0.014337957,290,seg_6a8s,MI
-1.7321028,-1.9086546,-3.438468,-1.1475346,4.250679,1.0685412,0.728319,2.2950294,-0.013756558,-3.4551127,0.49288723,-4.226295,0.22853528,0.20743155,0.66766584,290,seg_8a10s,MI
0.7026013,-3.6352055,-3.329104,-3.0809746,5.0904794,-2.4910676,-0.2886148,3.8466997,-2.9081426,-3.5593889,-0.44864354,-4.735298,-1.9326804,0.6244932,-0.019574195,291,seg_0a2s,NORM
-0.024051681,-3.8668995,-3.0139556,-3.0132427,3.4593868,-2.2058816,0.06292132,3.40302,-2.127762,-3.1008549,0.20665392,-4.4823303,-1.9632875,-0.28926557,0.026224867,291,seg_2a4s,NORM
-0.13828838,-4.0153437,-2.794128,-2.8685968,3.588273,-2.2399783,-0.04632233,3.4979124,-2.0528204,-2.9677846,0.25579727,-4.4646564,-1.9747769,-0.41929728,0.016953006,291,seg_4a6s,NORM
0.7476153,-3.6197906,-3.2811542,-3.0947506,5.07186,-2.4838352,-0.29001096,3.8305302,-2.8258498,-3.4879007,-0.47821954,-4.7356844,-1.9139047,0.635183,-0.0006674081,291,seg_6a8s,NORM
-0.3516562,-3.935643,-2.8963246,-2.3082206,4.591152,-2.224914,-0.31541994,4.5502586,-2.3071477,-2.707489,-0.22496232,-4.520669,-1.8681272,0.28076065,0.060350135,291,seg_8a10s,NORM
-0.5630455,-5.1700816,-14.515302,-12.595728,12.768115,-5.7825146,12.663464,2.6306787,-0.25834808,-15.705952,4.187507,-0.9858881,12.5024605,-3.7554212,-3.2779593,292,seg_0a2s,NORM
-5.656417,-12.881863,-12.813622,-11.742604,17.325155,-5.39207,10.706537,8.357155,5.2681203,-15.025671,5.1183763,-5.589544,12.4934025,-5.967204,-4.257012,292,seg_2a4s,NORM
-0.98468864,-4.7018623,-4.406585,-3.4572966,5.3734035,-0.7654375,1.2846543,0.8844484,1.584245,-6.1176066,1.5501668,-1.2932005,2.8419564,-1.7983812,-0.6842003,292,seg_4a6s,NORM
-0.38964763,-3.6231482,-3.1601548,-2.1165009,3.6950386,-0.15934366,-0.12493711,0.014007717,1.0941584,-4.8937984,0.95030093,-0.94161046,1.1100066,-1.1590054,-0.14842564,292,seg_6a8s,NORM
-0.29481894,-4.27021,-8.365751,-7.0444736,7.5564704,-2.6625462,5.4556394,0.75044155,0.8142897,-9.547593,2.785839,-0.7316507,6.072687,-3.129679,-1.9929856,292,seg_8a10s,NORM
-0.3294165,-3.4426484,-2.5059643,-2.2222707,4.0751987,0.044930026,0.07369166,2.9754615,-0.41723,-4.3006954,-0.69706744,-3.229401,-0.9174881,0.4050936,0.47816443,293,seg_0a2s,NORM
-0.08546914,-3.0716505,-3.1623125,-2.3609502,1.849067,-0.72540104,0.7614945,1.74139,0.4743418,-4.7414923,0.6674885,-2.9259756,-0.7744995,-0.50360507,0.20345502,293,seg_2a4s,NORM
-0.027755827,-2.6421971,-3.2877822,-2.4671361,3.4977891,-0.47340372,0.49730596,2.341443,-0.16001284,-5.1620655,-0.2094456,-3.2202604,-0.6984202,0.7353678,-0.009414807,293,seg_4a6s,NORM
-0.9151531,-3.7850933,-2.6007924,-1.7882836,3.6027327,-0.25875548,0.34611008,3.4566402,0.15533397,-3.8141499,-0.4634275,-3.3472898,-0.7674406,0.29873824,0.7259288,293,seg_6a8s,NORM
0.4893846,-3.3050885,-3.454136,-2.5790238,3.8745286,-0.96711123,0.08556419,2.7447875,0.030681916,-5.273051,0.22722042,-3.3846357,-0.5514023,0.29859117,0.13174672,293,seg_8a10s,NORM
0.32680696,-3.4243355,-5.496502,-2.655936,3.8388834,-1.3977419,-0.62795585,3.054226,-0.727057,-3.325526,0.76144856,-5.2638607,-1.642885,-0.008602202,1.2720134,294,seg_0a2s,MI
0.61522776,-3.2459364,-5.963857,-2.8524928,3.7619095,-1.3930265,-0.28699705,3.05125,-0.8876508,-3.8346593,0.7719996,-5.405385,-1.717766,-0.034648478,1.2558324,294,seg_2a4s,MI
0.6209931,-3.6916466,-5.8697133,-2.8079948,3.81114,-1.5750035,-0.42363605,3.2860756,-0.88276917,-3.96475,0.7543528,-5.489812,-1.83575,-0.057652682,1.2455329,294,seg_4a6s,MI
-0.11160247,-3.730662,-5.250287,-2.694272,3.9778063,-1.1229491,-0.7216056,3.302614,-1.0403464,-3.0711715,0.51624846,-5.2499776,-1.456458,0.26202402,1.4292669,294,seg_6a8s,MI
-0.27014658,-3.4671354,-5.218371,-2.7804074,2.0777779,-1.036619,0.18279237,2.4921262,-0.49639362,-3.409421,1.3859241,-4.7837753,-1.4554204,-0.8583791,1.2112697,294,seg_8a10s,MI
-1.8334148,-3.5035353,-2.4398727,-1.1919308,3.8605068,0.6214472,-0.56772345,1.368205,-0.07373814,-4.074537,-1.0113312,-1.0962609,-0.6474389,0.56061524,-0.29325652,295,seg_0a2s,STTC
-0.7350562,-3.021168,-2.7806144,-1.5257106,1.9337962,0.24775712,0.06922851,-0.13817096,0.33509988,-4.927763,0.08212926,-0.5013819,-0.4351853,-0.43830425,-0.75027883,295,seg_2a4s,STTC
-1.2590337,-3.2983365,-2.1802096,-0.63151026,3.4555244,0.32662627,-0.5278236,1.1987846,0.22944114,-4.405133,-0.39621648,-0.8260608,-0.3722363,0.20492943,-0.58223426,295,seg_4a6s,STTC
-1.758494,-3.49096,-2.3074164,-0.5770936,4.980665,0.45340103,-0.40942046,2.5099418,-0.50750506,-4.5406427,-1.2688365,-1.1162031,-0.3162117,1.0228192,-0.48156038,295,seg_6a8s,STTC
-1.7748361,-3.5831025,-2.1800904,-0.72169256,3.726988,0.57138383,-0.4068321,1.7083927,0.18893567,-4.3520694,-0.5851229,-1.03064,-0.38227367,0.24598637,-0.33837882,295,seg_8a10s,STTC
0.20730545,-6.6406326,-3.099771,-4.6765976,4.456736,-5.2626486,-3.452317,5.225056,-2.1873155,-2.7509358,2.387191,-7.4571314,-5.294465,-2.2990623,-1.1117129,296,seg_0a2s,HYP
0.22938304,-6.6272693,-2.6818151,-4.457123,4.2566957,-5.227148,-3.575364,4.8503985,-1.9242144,-2.2837253,2.3293183,-7.1234126,-5.074961,-2.2901037,-1.3009094,296,seg_2a4s,HYP
0.34965432,-6.483161,-2.85085,-4.776235,4.2665563,-5.1961336,-3.5143619,5.238853,-2.1326566,-2.2643428,2.2842398,-7.307037,-5.2873735,-2.3451014,-1.032873,296,seg_4a6s,HYP
-1.2152258,-6.8960414,-2.1590855,-3.8180296,6.107251,-4.2904077,-3.7317524,6.5525646,-2.0590906,-1.2824202,1.1357266,-7.6063895,-5.0796866,-1.5159082,-0.37994108,296,seg_6a8s,HYP
0.22997396,-6.4666743,-2.9947295,-4.6725416,4.3966203,-5.0854397,-3.4831307,4.951301,-1.9100237,-2.2187183,2.251214,-7.346271,-5.1888876,-2.3017528,-0.910686,296,seg_8a10s,HYP
0.05230142,-3.454627,-3.9796696,-2.4389443,6.310192,-0.82125485,-0.7869964,1.8659685,-1.7210448,-6.6558967,0.1940245,-5.0714703,-1.0301582,0.99526024,1.2209234,297,seg_0a2s,NORM
-0.04076986,-2.584788,-4.652647,-2.3341742,3.497578,-0.399336,-0.07761727,1.082599,-2.038446,-5.784425,1.2856299,-5.3615785,-1.658048,-0.06369409,0.60251904,297,seg_2a4s,NORM
-1.4908986,-2.7016482,-3.1191764,-0.2928202,4.259987,0.22745945,-0.57530534,2.51659,-1.0315437,-3.4732969,0.97688794,-5.161608,-1.2238078,0.037140533,0.6754064,297,seg_4a6s,NORM
-1.1097889,-4.413862,-3.3112683,-3.0571895,6.5015645,-1.2663246,0.47472635,4.731419,-1.9439523,-7.1080246,0.23206794,-6.065623,-2.2781382,-0.11966942,0.5999741,297,seg_6a8s,NORM
0.25401467,-3.082022,-5.0429606,-2.9436111,3.991763,-1.2425692,0.5441532,0.8767601,-2.12051,-6.757917,1.0968282,-4.8443303,-1.2415633,-0.115302995,1.1721652,297,seg_8a10s,NORM
-1.244427,-4.6490474,-5.3612857,-5.5483265,7.5762672,-1.1370969,0.14517963,6.100324,-3.623338,-5.3306756,1.3758078,-7.0750256,2.1556332,1.9456972,-2.0487216,298,seg_0a2s,MI
-2.0036948,-5.1067805,-5.0019436,-5.3700094,6.151847,-0.7002548,0.44482073,5.6764097,-2.881234,-4.806078,1.999693,-6.732201,2.2397351,0.9021472,-2.0604744,298,seg_2a4s,MI
-1.8133496,-4.79812,-5.0525374,-5.1714334,6.282009,-0.79874504,0.6322899,5.2168922,-3.10413,-5.0136013,1.9864119,-6.87099,2.1288967,0.9337477,-2.211691,298,seg_4a6s,MI
-1.6250801,-4.6526036,-5.347052,-5.4641194,7.7106066,-1.3317077,0.1964747,5.9196453,-3.8823788,-5.4374075,1.5711977,-7.379317,2.2133167,2.0654707,-1.9949325,298,seg_6a8s,MI
-1.472399,-4.3374724,-5.1185436,-5.098985,5.95601,-0.21723926,0.31104463,4.964789,-2.8417144,-4.4935384,1.7513019,-6.509715,2.0110667,0.9610243,-2.4500537,298,seg_8a10s,MI
-5.788502,-8.25072,-4.023213,-7.2858906,9.715181,-3.6745925,2.0380883,10.152126,-1.600766,-12.942768,2.6112776,-9.157545,-2.971108,-1.9071965,-5.2395215,299,seg_0a2s,HYP
-4.207134,-8.217672,-4.462744,-8.880536,11.022455,-3.5277073,1.5773911,10.502094,-2.740217,-14.097309,0.36819005,-10.086089,-3.64881,0.61745334,-4.5716567,299,seg_2a4s,HYP
-5.3569107,-7.721897,-3.5700583,-6.784831,8.922594,-3.7602704,1.6476475,9.588087,-1.9118679,-12.526482,2.2859242,-8.954452,-3.7604318,-1.6074393,-4.6952868,299,seg_4a6s,HYP
-4.5814753,-8.1859665,-4.0452905,-8.230369,11.226372,-3.948106,1.6763915,10.476252,-2.9451492,-14.074656,0.7452117,-9.850037,-3.9926867,-0.09823574,-4.3641443,299,seg_6a8s,HYP
-5.1731005,-7.7481904,-3.6173043,-6.8792977,8.964946,-3.3932064,1.6100113,9.601995,-1.6148705,-12.248889,2.0362427,-9.074853,-3.7353363,-1.5617889,-4.719435,299,seg_8a10s,HYP
-0.02304849,-1.6784034,-2.1905622,0.039255463,2.2129536,-0.219924,-0.0076849833,0.24417514,-0.4849105,-3.089777,0.44176662,-1.7286725,-0.5201761,-0.12403001,-0.75739884,300,seg_0a2s,NORM
-0.3831359,-1.8480487,-2.0559206,-0.008218691,1.9370176,-0.4815893,-0.109216966,0.54414546,-0.34710747,-2.9191525,0.6352298,-1.5487244,-0.29875475,0.0032271147,-0.55699944,300,seg_2a4s,NORM
-1.4933454,-2.2236485,-1.823237,-0.15224123,2.6191237,0.40417704,-0.2970276,1.0502915,-0.41406828,-2.348533,-0.13188295,-1.5194503,-0.5199061,0.15274926,0.07274506,300,seg_4a6s,NORM
-0.34350362,-1.8979585,-1.8606954,0.015935771,2.1492972,-0.335934,-0.0687303,0.44023108,-0.5222323,-3.0524986,0.39691898,-1.7326812,-0.4744792,0.0683451,-0.61383796,300,seg_6a8s,NORM
-1.4243331,-2.2153904,-2.21985,-0.35668808,3.0417385,0.96960735,-0.69320595,0.9006077,-0.98309594,-2.3437922,-0.2581746,-1.6592574,-0.96964234,-0.10556941,-0.38485608,300,seg_8a10s,NORM
-2.3090749,-3.2772071,-3.4241676,0.3616839,5.5240393,0.4237483,-0.34639335,2.6891205,-1.824364,-4.640755,0.7351649,-4.055793,0.37993068,1.0041636,-0.79510784,301,seg_0a2s,NORM
-2.2292104,-3.10618,-3.863556,-1.1943185,4.7706957,1.3780185,-0.344051,2.246795,-1.6030965,-4.450195,0.65422356,-4.663749,0.40635002,1.0779619,-0.8380257,301,seg_2a4s,NORM
-1.4543703,-1.6455601,-4.2091317,1.2593968,4.821402,0.24976203,0.17785454,3.4814384,-2.6592364,-4.0826955,1.2291104,-3.822167,0.723856,1.2073462,-2.0148597,301,seg_4a6s,NORM
-2.1492894,-2.5799842,-4.088827,-0.7506369,5.6832757,1.3676122,-0.8133244,2.8311007,-1.861536,-4.0267706,0.45215562,-4.640535,0.7045639,1.7670145,-1.1974663,301,seg_6a8s,NORM
-1.9197564,-2.9768896,-4.0296035,-1.0207374,3.6074984,1.3077313,-0.29350546,2.4137409,-1.8029888,-4.423638,1.018608,-4.4875426,0.78308064,1.3994377,-1.3716317,301,seg_8a10s,NORM
-0.90613616,-3.0864446,-2.9005752,-1.1954966,3.9123933,0.41350344,-0.6226531,0.09505057,-0.42112857,-5.200134,1.4579736,-2.6035743,0.23653258,-0.8507513,-0.2079984,302,seg_0a2s,NORM
-1.463427,-3.3239958,-2.1148782,-0.28317663,4.8919125,0.6286179,-0.43815565,1.7855952,-0.25518075,-4.7589183,0.72854465,-2.7385209,0.53971106,-0.15681459,-0.15241095,302,seg_2a4s,NORM
-1.4828743,-3.5435317,-2.3038597,-0.33239,5.2222614,0.6790866,-0.8101255,1.4711379,-0.4089498,-4.76285,0.7142036,-2.904964,0.45806634,-0.08930266,-0.27518114,302,seg_4a6s,NORM
-1.368007,-3.09723,-1.9146514,0.07391441,4.6928396,0.56641906,-0.70894015,1.7709517,-0.47194886,-4.727079,1.074009,-2.7088468,0.41556007,-0.27634013,-0.46596715,302,seg_6a8s,NORM
-1.2434862,-2.4923737,-2.0961766,0.30130312,3.2964008,0.3789036,0.010172553,1.8443775,-0.27080184,-4.0028334,1.2258503,-2.0501347,0.6186544,-0.4235648,-0.29869124,302,seg_8a10s,NORM
-0.95738304,-3.9864147,-3.379918,0.22489673,4.0913,-0.75073457,-0.37591496,1.9051058,-0.5069781,-2.6392992,-0.05016467,-2.9317515,-0.108633906,0.50240827,-0.08107844,303,seg_0a2s,NORM
-0.83548886,-4.0819526,-3.0290246,0.63727635,3.983646,-0.69594765,-0.2357873,1.9632139,-0.54940134,-2.9930804,0.010127328,-2.9090538,0.08230235,0.56476384,-0.14928442,303,seg_2a4s,NORM
-0.5120345,-4.0135474,-3.4895468,-0.3009034,3.2027423,-0.68288195,-0.3173555,0.7985313,-0.35869595,-3.2706547,0.46979663,-2.9788513,-0.27247244,-0.0352315,0.022421956,303,seg_4a6s,NORM
-0.2787862,-3.857627,-3.5425682,-0.47885138,2.8780465,-0.86142564,-0.3989699,0.69413584,0.13099147,-3.2174432,0.6037111,-2.4630249,-0.043709353,-0.09696926,-0.1287457,303,seg_6a8s,NORM
-1.3793193,-4.5008063,-2.8883529,0.058502622,3.2047873,-0.3532286,-0.18005536,1.3739067,-0.19136736,-2.8883708,0.26005858,-2.990621,-0.17576347,-0.03459017,0.1548616,303,seg_8a10s,NORM
1.9164909,-6.7824926,-7.222792,0.53065825,7.4142323,-1.1174346,2.4976692,9.286051,2.7173796,-13.919173,-0.9377283,-9.624603,-6.6870794,-1.5763048,3.2443256,304,seg_0a2s,NORM
-0.36357725,-5.2308893,-3.4464364,0.5563394,6.2698207,0.31492177,0.5180047,3.936131,-0.69800025,-7.7498136,-0.7764309,-3.940843,-0.991942,0.35230762,0.6486473,304,seg_2a4s,NORM
-0.4900248,-3.9462423,-2.2160854,0.31893533,4.406668,0.7813922,0.065784924,1.6108888,-1.1295812,-4.8946877,-0.0071943477,-2.0340998,0.06709318,-0.48764384,0.35288343,304,seg_4a6s,NORM
0.14122657,-4.3115163,-3.5047798,-0.29625362,4.8620324,0.6400353,0.16721636,1.4893279,-0.5941182,-6.2673473,-0.58951306,-2.7429752,-0.92653495,-0.28708422,0.5853146,304,seg_6a8s,NORM
2.7147949,-5.9005175,-5.8762126,-1.0457969,5.2708406,-0.47085938,1.3360466,2.8704042,-0.48551196,-11.121301,-0.41158435,-4.7015867,-2.1621718,-0.7529146,0.7971622,304,seg_8a10s,NORM
2.4729986,-3.2163796,-3.15584,-2.9586475,5.1371965,-0.0155540705,-0.54095095,1.4995309,-3.2569768,-5.344949,-1.2948493,-1.1553382,-0.684491,0.03233081,0.20670424,305,seg_0a2s,STTC
2.2203107,-4.567555,-2.6961513,-1.7364013,6.8687277,0.9283091,-1.5911618,2.551534,-3.6398773,-5.7523203,-0.97664154,-1.2068527,0.5127352,0.045075677,1.0437299,305,seg_2a4s,STTC
1.9853543,-3.3444252,-3.9900641,-2.1449003,4.9237323,0.18427698,-0.7370456,2.0327072,-2.4614246,-5.883643,0.12617263,-1.6561458,-0.31582412,-0.649868,0.050986513,305,seg_4a6s,STTC
-0.98369694,-2.9095726,-2.93708,-0.17385778,4.9643188,0.40675834,-1.3205684,2.9585023,-1.9025147,-3.7737606,-0.02824181,-1.7055931,-0.48982215,0.34591463,0.23150562,305,seg_6a8s,STTC
-1.3153944,-3.8497503,-2.5112262,-1.2215807,4.8946643,0.7792709,-1.0161381,2.56362,-0.5940554,-4.2383857,-0.6277556,-2.3333173,-0.8212929,0.24946925,0.94647837,305,seg_8a10s,STTC
-1.4716122,-3.1969593,-4.780529,-3.7263176,5.0551224,0.64534044,-1.4291193,4.3269634,-3.1780546,-5.831769,0.52692896,-4.652291,1.7995994,3.7623472,-1.4446336,306,seg_0a2s,STTC
-1.0357003,-2.9578474,-3.0246134,-1.1099212,3.403935,0.37147385,0.3956025,2.1657002,-1.0595133,-5.2472744,0.6522093,-2.1518497,0.5993306,0.31771177,-1.3578432,306,seg_2a4s,STTC
-1.1477983,-4.1695704,-3.9328504,-2.7484252,4.1034517,0.8568022,-0.4392332,2.5113623,-1.8619215,-6.026158,0.09843565,-3.2196188,0.78911155,1.6073653,-1.3091298,306,seg_4a6s,STTC
-0.9276661,-2.757228,-3.2182684,-1.1547086,3.396998,0.47477403,0.2141391,2.055859,-1.3171375,-5.2474566,0.7201014,-2.2627892,0.36310768,0.29120493,-1.4498919,306,seg_6a8s,STTC
-1.3605033,-3.4494433,-3.1401124,-1.022449,3.8270261,0.2493397,0.23616439,2.03866,-1.0164793,-5.291235,0.61961627,-2.5703547,0.27821857,0.22281927,-1.4280674,306,seg_8a10s,STTC
-0.98837125,-3.2082372,-2.890099,-1.9103191,4.9798846,-0.5380446,-3.253983,1.895107,-0.6595698,-3.9577212,4.311051,-3.679632,1.5674078,-1.4264266,-1.1270795,307,seg_0a2s,MI
-2.022638,-3.808663,-4.181552,-3.067281,3.9296968,-0.09958264,-1.2178043,3.4467294,-2.6659393,-4.804487,3.3347,-4.71298,1.068669,-0.3600397,-1.6517771,307,seg_2a4s,MI
-1.9174622,-3.876975,-4.8403497,-3.581127,6.1179357,0.36062026,-2.1131806,4.2513,-3.5469105,-5.27774,2.3862865,-5.1414533,1.0543873,0.8886269,-1.3149668,307,seg_4a6s,MI
-2.6919096,-2.614967,-3.3200321,-0.1488586,4.8995776,-0.27779117,-1.7509078,4.9489403,-2.5500762,-2.5735693,3.16382,-3.9676552,1.1529174,-0.0012095273,-1.3737699,307,seg_6a8s,MI
-1.733407,-3.6972907,-4.370117,-3.303941,4.4393644,0.009068012,-1.9150289,2.8479478,-2.4627767,-4.8971586,3.2561953,-4.633416,1.0456634,-0.19744824,-1.3678865,307,seg_8a10s,MI
-0.69546133,-2.971232,-3.133987,-1.3961601,5.7553973,-0.1487009,-0.5289517,3.7146642,-2.2262228,-3.5049884,-0.0065826885,-4.1148887,-0.7426868,0.41362542,-0.59411836,308,seg_0a2s,MI
-1.3343259,-3.6966474,-2.6508536,-1.5711308,5.6430306,-0.30654857,-1.2466522,2.8775008,-0.5331065,-4.032959,0.80588394,-4.7151365,-1.0379125,-0.24767433,-0.09146035,308,seg_2a4s,MI
-1.2397133,-2.6323414,-2.219903,-0.35998276,4.21425,-0.37729618,-0.90184295,2.2773135,-0.61622614,-2.7714007,1.440788,-3.526057,-0.6398226,-0.7923039,-0.6206938,308,seg_4a6s,MI
-0.9774289,-3.1565983,-2.70429,-1.6044533,5.277809,-0.53352666,-1.4400394,2.372094,-0.5573349,-3.7822826,1.0658035,-4.459232,-0.96571183,-0.22124176,-0.25321716,308,seg_6a8s,MI
-2.9113605,-4.64328,-2.707704,-2.0224886,6.269757,0.23046775,-1.2349013,3.5565746,-0.81177187,-3.4311614,0.054694884,-4.9128795,-1.1661804,0.094552055,0.43858328,308,seg_8a10s,MI
-0.1577855,-4.774297,-5.193453,-5.826113,7.713941,-1.6572013,1.300812,3.7463598,-1.0683846,-6.3707075,1.1872469,-5.0240116,2.2941263,-0.1988733,-0.68511057,309,seg_0a2s,NORM
-0.40966767,-4.758142,-2.4918046,-2.6894841,5.5242257,-0.73711836,0.6001014,3.4177337,-1.0203454,-5.2497663,0.22006929,-4.2358623,0.38498986,-0.12281485,0.74013925,309,seg_2a4s,NORM
-0.63488084,-4.325664,-2.8615942,-3.5680606,6.338942,-0.47034076,0.72965604,3.0460134,-1.0568101,-5.2093196,-0.14891326,-4.5064716,0.63770425,0.2892053,0.59786487,309,seg_4a6s,NORM
0.3887434,-4.067326,-2.2336516,-2.9281375,3.658062,-0.9721073,0.52759933,1.9085524,-1.1526287,-5.484161,1.1028124,-4.42711,0.38197672,-0.21992446,0.22219864,309,seg_6a8s,NORM
-0.06954385,-4.228648,-2.5876765,-3.6084044,4.4152155,-0.24800709,0.18485111,1.7940986,-1.4242935,-5.3492475,0.46865925,-4.4574027,-0.34238416,-0.35216326,0.36632657,309,seg_8a10s,NORM
0.07994698,-3.2345052,-3.891367,-2.411357,4.473131,0.16027005,-1.2871665,1.6603733,0.40085316,-3.5832455,0.27495617,-3.3105812,0.4527256,0.68742627,0.52279955,310,seg_0a2s,MI
-0.32924414,-3.3902524,-3.8021197,-2.077102,4.107609,-0.23489234,-1.1816378,1.8687747,0.91735137,-3.2966516,0.40444538,-3.543107,0.26795566,0.7087078,0.6399691,310,seg_2a4s,MI
-0.4079787,-3.227237,-3.858573,-2.1010883,3.9511926,-0.232402,-1.0609678,1.9056604,0.93734455,-3.4307568,0.45998183,-3.6920109,0.12526359,0.7389504,0.45591328,310,seg_4a6s,MI
-0.6030695,-3.2888832,-4.0247374,-2.0725706,3.8724236,-0.24187061,-1.161667,1.9702353,1.0520327,-3.3767219,0.5692109,-3.5047317,0.1577815,0.679314,0.43613878,310,seg_6a8s,MI
-0.2449516,-3.5648222,-4.2961664,-2.7521353,2.7036471,-0.4895409,-0.81498456,0.99202096,1.1551747,-3.9563994,1.0713423,-3.6752362,-0.09208685,0.062665485,0.31917706,310,seg_8a10s,MI
-0.03416592,-2.1254103,-2.3580222,-1.5276496,3.6020849,-0.31267634,-0.89084727,-0.005883336,0.26436532,-4.5726147,1.2942908,-2.935885,-0.66382736,-0.8195973,-0.16300759,311,seg_0a2s,MI
-1.0151417,-1.8076502,-2.4168763,-0.63286674,1.9473414,-0.22972551,0.13440746,0.5830277,0.1899947,-3.218372,1.6128987,-2.4325044,-0.70504636,-1.3342159,-0.3079135,311,seg_2a4s,MI
0.030045956,-2.2579837,-2.2771745,-1.458123,3.5397193,-0.3973805,-0.7772866,0.0705159,0.28606558,-4.6552854,1.3040448,-2.9707177,-0.6143895,-0.8404814,-0.1702719,311,seg_4a6s,MI
0.06319933,-2.122687,-2.5263343,-1.7316263,3.4124165,-0.34297076,-0.7363958,-0.021660656,0.25398004,-4.255323,1.0764093,-2.8654523,-0.78797615,-0.8220869,0.072145015,311,seg_6a8s,MI
-0.07050662,-2.2732031,-2.3054743,-1.542953,3.706857,-0.28690967,-1.1231991,0.11315909,0.32144904,-4.49934,1.3138136,-2.9432971,-0.73552847,-0.8746308,-0.055675536,311,seg_8a10s,MI
0.04253374,-2.2799664,-3.0621243,-1.5160322,2.8786983,-0.55721617,-0.9607284,0.794731,-0.6819749,-3.0022175,0.13354257,-2.4932022,-1.0436531,0.4436574,-0.47575673,312,seg_0a2s,NORM
-1.0046043,-2.5390942,-2.3839688,-0.72232366,2.5969832,-0.016207844,-0.8305957,1.2733401,-0.07486287,-1.8289857,-0.015080765,-2.180112,-0.7301245,0.27580008,-0.080314696,312,seg_2a4s,NORM
0.035851106,-2.2558267,-3.1837306,-1.3729997,2.6793282,-0.3949856,-0.7906547,0.7270057,-0.7265979,-2.9410248,0.16891912,-2.3603733,-0.8137492,0.4226575,-0.48080578,312,seg_4a6s,NORM
-0.9005118,-2.429636,-2.409113,-0.69056404,2.4527702,-0.021329254,-0.7693828,1.195187,-0.09606975,-1.8696593,0.038736552,-2.1235542,-0.68453383,0.27717823,-0.11704573,312,seg_6a8s,NORM
-0.09301059,-2.3920658,-3.0384903,-1.383955,3.0181427,-0.38475963,-1.1637554,0.92492044,-0.85208523,-2.9387076,0.2080721,-2.4970696,-1.0380107,0.37512136,-0.46493492,312,seg_8a10s,NORM
-2.0549564,-4.469967,-1.9620959,-2.4840646,6.5579486,-0.6285564,0.10188004,2.91347,-0.43665165,-4.8178735,0.014259554,-4.439016,-0.9474673,-0.5114184,-1.2531412,313,seg_0a2s,HYP
-2.8553493,-4.46771,-1.645415,-1.2184191,2.8548431,-1.2639365,1.1915939,3.112061,0.06688282,-3.7742498,1.7143761,-4.1479278,-1.0544841,-1.9013867,-1.8492042,313,seg_2a4s,HYP
-1.4692283,-4.467312,-1.9780458,-2.7188196,4.9334445,-1.0548925,0.2490696,1.798326,-0.1328195,-5.2075953,0.8881356,-4.317912,-1.0302137,-1.1780711,-1.5878206,313,seg_4a6s,HYP
-0.66328317,-4.4919043,-2.8653026,-3.7820122,6.9538164,-1.251235,0.063613005,2.5285008,-1.0711479,-6.3199196,-0.16830753,-4.759306,-1.4174491,-0.27361506,-1.668835,313,seg_6a8s,HYP
-2.8361685,-5.1230927,-2.5392294,-1.9082634,4.0382524,-0.97000885,0.8275271,3.4789574,-1.0717604,-4.8070393,1.6560249,-4.9139485,-1.3883307,-1.8618832,-1.7611858,313,seg_8a10s,HYP
-0.25247753,-3.8651028,-3.692566,-2.419802,5.578701,0.33874574,-0.41469294,4.3265295,0.033000134,-5.8890786,-1.7357099,-3.3599594,-1.1359305,1.7057673,0.5318355,314,seg_0a2s,NORM
-1.2872988,-3.0907762,-3.6765118,-1.5377941,2.1907556,0.24087209,0.77492243,2.9246705,-0.8993239,-4.070504,-0.6046722,-1.9618998,-1.4323069,-0.041296005,-0.08462119,314,seg_2a4s,NORM
-0.7610048,-3.5622144,-2.8658195,-1.6228535,3.8395686,0.4009862,-0.3984378,2.7272594,0.25475055,-5.0054474,-0.4580184,-2.2677538,-0.7133203,0.4218645,0.2871958,314,seg_4a6s,NORM
0.8504436,-4.195136,-4.7791543,-2.6379187,2.8782887,-0.31070766,0.9290285,1.9722216,0.3855523,-7.517245,-0.28124338,-2.7635882,-2.1455052,-1.0603861,0.75598097,314,seg_6a8s,NORM
0.17150114,-5.18603,-4.4409885,-2.1362607,6.468727,-0.36306372,0.3881239,5.0701933,0.03243164,-7.882027,-2.3372772,-4.2933683,-3.1289752,0.6216544,1.1152136,314,seg_8a10s,NORM
0.31820905,-5.7437863,-5.1823745,-4.961087,4.502997,-1.6532857,-2.396877,2.964199,-1.6184783,-6.120687,1.2130959,-4.803745,-1.880737,-0.1493188,-1.0819039,316,seg_0a2s,HYP
-1.7404293,-4.9574075,-3.4274936,-1.9638824,2.3590057,-1.610285,-0.76068753,3.734665,-1.4805207,-4.595626,2.433146,-3.6253912,-1.4642692,-1.644185,-1.3429059,316,seg_2a4s,HYP
0.50576645,-5.5593843,-3.1932526,-3.5946412,4.914464,-2.5218942,-3.225282,2.2385738,0.06129299,-5.1189976,1.7574146,-3.60303,-1.8018992,-1.2675302,0.020563528,316,seg_4a6s,HYP
-1.7123039,-5.258384,-4.5205994,-3.542978,2.4314666,-2.0296154,-0.4179764,4.399921,-1.2205222,-4.049188,1.6913552,-4.527178,-2.1559603,-1.3180261,-0.7576232,316,seg_6a8s,HYP
-2.1855578,-5.36089,-4.170731,-3.0077567,4.455704,-1.4507372,-0.76827496,5.7482924,-1.761904,-4.4233904,1.5161468,-5.235698,-1.491562,-0.5371466,-1.709702,316,seg_8a10s,HYP
-0.96606994,-2.5173352,-2.9723482,-1.1573114,2.5006237,-0.22229949,0.38297454,0.5054138,0.6245906,-3.8451378,1.4351126,-3.6758876,-0.17343743,-0.6420818,-0.21056336,317,seg_0a2s,NORM
-0.90627795,-2.3754373,-2.845212,-1.0064907,2.238714,-0.14241976,0.43180498,0.6262192,0.6389653,-3.6364324,1.4471923,-3.676792,-0.27381635,-0.7046375,-0.23880884,317,seg_2a4s,NORM
-1.1458015,-2.2149181,-2.7067332,-0.43820208,3.700216,-0.06151843,-0.08350494,1.5431926,0.47751448,-3.1033964,0.9186776,-3.8859053,-0.21061552,-0.0038980395,-0.17778468,317,seg_4a6s,NORM
-0.47682887,-2.1078606,-3.0105453,-0.8430193,3.9760969,-0.21018243,-0.14237371,1.2009263,0.21409573,-3.9304116,0.96196604,-4.069056,-0.13709232,0.19848356,-0.42030916,317,seg_6a8s,NORM
-1.1750777,-3.2004013,-3.0517397,-1.0445197,4.8614397,0.050337598,0.23387739,1.8246677,0.19345696,-4.1188397,0.27941638,-4.8040104,-0.08556811,0.508842,0.046863005,317,seg_8a10s,NORM
-1.6555693,-2.0506954,-4.3798494,-0.5497583,5.9120708,1.0269996,-0.06692468,3.6745782,-2.5354614,-4.248276,1.0795586,-5.2286763,0.21163557,0.680762,-0.7059742,318,seg_0a2s,STTC
-1.4060149,-1.996812,-3.298315,-0.014137074,4.1830797,1.1295786,-0.48297963,2.0715106,-1.8300519,-3.518287,1.3521168,-4.3484826,0.009118997,0.10747781,-0.15460119,318,seg_2a4s,STTC
-1.2074199,-1.4540619,-3.564238,0.39328513,4.6471357,0.970207,-0.18187334,3.0090327,-2.3365135,-3.4205973,0.93714637,-4.31832,-0.0016820803,0.67739385,-0.3467907,318,seg_4a6s,STTC
-1.0083818,-1.7069539,-3.3828773,0.026879221,3.7805312,0.9948797,-0.41227704,1.7551105,-1.5785744,-3.5874915,1.4425944,-4.340009,-0.10150699,0.08422006,-0.19303077,318,seg_6a8s,STTC
-1.8448607,-2.43002,-3.1490445,-0.27517462,4.7779007,1.0906858,-0.5984312,2.4503562,-1.5640442,-3.4674294,1.1829588,-4.563343,-0.006910935,0.114245504,0.12565747,318,seg_8a10s,STTC
-1.8955673,-3.356299,-3.7414603,-0.6160342,4.1410646,0.5359796,-1.5191566,2.2538188,-0.4145996,-3.9487567,1.0350627,-2.4742026,-0.49970216,-0.19119595,-0.22593197,319,seg_0a2s,MI
-2.4400218,-3.8208735,-4.139393,-1.1319308,4.618253,0.9186183,-1.506998,2.5705357,-0.7778637,-4.1030984,0.5349651,-2.701162,-0.77453274,-0.009406805,-0.044822425,319,seg_2a4s,MI
-1.9734762,-3.4726992,-3.860145,-0.6003747,4.1615453,0.6827258,-1.4616938,2.340921,-0.6780243,-4.1872587,1.002201,-2.4902189,-0.47309244,-0.11521514,-0.26642683,319,seg_4a6s,MI
-1.2901013,-3.0403156,-4.29354,-0.98842496,4.2554197,0.35525954,-1.6961298,1.8576295,-0.70333374,-4.4902563,1.2500653,-2.5753455,-0.68107,-0.22269578,-0.6067704,319,seg_6a8s,MI
-1.9934113,-3.439766,-3.6579428,0.006258622,5.23739,0.50918406,-1.4555767,3.453774,-0.89990944,-3.7541802,0.63047993,-2.4696546,-0.17939937,0.24198869,-0.25452513,319,seg_8a10s,MI
-2.3637476,-2.197341,-2.7057118,1.0219723,4.5192237,-0.042151213,-0.75766826,3.4477198,-1.3083324,-2.5648336,1.5491463,-3.0573034,-0.18670695,-0.28227472,-0.6116761,320,seg_0a2s,STTC
-0.68894696,-2.9968736,-3.000124,-1.565238,4.2006855,-0.17292622,-1.6953366,0.65618575,-1.0008206,-4.8616104,2.0134084,-3.2206483,-0.37136084,-0.8591558,-0.33112916,320,seg_2a4s,STTC
-0.6783312,-2.7398374,-2.9037375,-1.4522829,4.0142865,0.10082507,-1.567584,0.78606355,-0.6716096,-4.4401264,2.0851989,-3.221361,-0.40694362,-1.1853538,-0.4977028,320,seg_4a6s,STTC
-0.62998134,-2.8609278,-2.8253894,-1.5120769,4.0054297,-0.017880142,-1.6242585,0.8171009,-0.677092,-4.4434867,2.0538893,-3.1718333,-0.34257114,-1.0980314,-0.43151447,320,seg_6a8s,STTC
-1.8940593,-2.3406317,-3.0066142,-0.05636403,4.8101025,-0.12328571,-0.64247555,3.7145278,-2.2259333,-3.2598755,1.2928405,-3.2331302,-0.29246694,-0.09761819,-0.5454434,320,seg_8a10s,STTC
-1.9378984,-4.8578525,-7.2788143,-3.802139,7.9862185,0.051166207,-2.5413527,1.9272382,-5.725645,-2.9454966,0.69586104,-8.643317,-2.738728,0.33313474,-1.0230178,321,seg_0a2s,STTC
-2.6046875,-5.6327806,-5.5693407,-2.9386897,7.616959,0.07397096,-2.9730413,2.8904037,-4.3525763,-2.8526459,1.1654141,-7.734672,-1.8347598,0.23892246,-0.6273742,321,seg_2a4s,STTC
-0.90255404,-2.6892292,-2.8805876,-1.4046001,4.7314663,1.1382744,1.4246011,1.1369628,-1.8863661,-3.1205182,0.19910568,-5.290287,1.5928242,0.78144014,-0.64885426,321,seg_4a6s,STTC
-1.4144835,-3.0435033,-4.9816675,-2.935437,6.325662,1.919992,0.6398413,1.2564248,-2.2876906,-3.0875165,-0.49819395,-6.11019,0.84861594,1.0326954,0.36585134,321,seg_6a8s,STTC
-1.8120022,-3.54413,-6.2913976,-3.7385528,6.6067214,2.2891438,0.9245752,2.0013316,-4.4600897,-6.089138,-0.19106734,-6.75475,-0.13809928,1.0271986,-0.37922457,321,seg_8a10s,STTC
-0.78582805,-3.3429918,-2.0964756,-2.1602392,3.4606273,-0.5394565,-0.34927467,1.3246446,0.45690522,-5.065382,1.1547515,-2.7469978,-0.2008946,-0.6855384,-0.54125965,322,seg_0a2s,NORM
-0.60043293,-3.395974,-2.0539517,-1.9900093,3.488188,-0.6545863,-0.4546706,1.2428738,0.55694216,-5.161747,1.303091,-2.6843581,-0.08353806,-0.76750094,-0.54060435,322,seg_2a4s,NORM
-0.7837916,-3.3927083,-2.0919228,-2.0395072,3.2842877,-0.6855452,-0.34025785,1.3509322,0.558805,-4.9191756,1.231754,-2.7032304,-0.21168132,-0.7422912,-0.5525863,322,seg_4a6s,NORM
-0.19661768,-3.3446045,-1.6674747,-2.0100982,4.2028008,-0.6990839,-1.3601176,0.76829815,1.0386763,-5.176016,1.467568,-2.6500657,0.11429727,-0.77836394,-0.42212006,322,seg_6a8s,NORM
-1.29897,-2.8812687,-1.8182077,-1.0895579,2.2374618,-0.45033714,0.12378336,1.3847747,0.6145444,-3.7531168,1.5495934,-2.2825732,-0.13663957,-1.1917048,-0.6925267,322,seg_8a10s,NORM
-1.4577615,-3.1340294,-4.7373905,-1.6165648,3.0851562,0.120343074,0.6706149,1.0276599,-1.1153986,-4.407055,2.0604637,-4.133506,0.3534732,-0.8945918,-0.41972563,323,seg_0a2s,MI
-0.7037309,-2.5822358,-4.239129,-0.8980891,4.410489,0.29796115,-0.82550174,1.2017608,-1.3286097,-3.9091165,1.3072116,-4.476306,-0.13171694,0.25165403,-0.14461198,323,seg_2a4s,MI
-1.7114874,-2.86509,-3.931717,-0.94509894,5.0521164,0.49453664,-0.39779532,1.8493819,-0.86467487,-3.4492073,1.0678929,-4.2266316,0.40593654,0.11528209,0.294829,323,seg_4a6s,MI
-0.7568333,-2.625551,-4.7923164,-1.8310888,3.094121,-0.026052386,0.27182528,0.33603477,-0.9131685,-4.3073545,1.9807872,-3.746667,0.32600635,-0.83042926,-0.25198743,323,seg_6a8s,MI
-1.4834696,-3.9990666,-7.3014393,-4.3256936,5.505627,-1.374143,3.0135741,1.6831812,-0.039637044,-6.600687,3.1793242,-4.1939993,3.2243893,-1.9694791,-1.2758465,323,seg_8a10s,MI
-0.6815923,-6.6087146,-3.8740516,-4.491744,6.7124233,-3.4514613,-0.37041178,3.7473578,-0.5031087,-3.9474943,0.46957698,-8.009932,-1.7991316,-0.00072459877,-1.7299074,324,seg_0a2s,NORM
-1.6407204,-6.703514,-3.4641476,-3.3883877,4.2217736,-3.2435205,0.027636386,3.2641761,-0.023943901,-3.21568,1.6324358,-7.4095106,-1.8609047,-1.1997646,-1.8157448,324,seg_2a4s,NORM
-1.4482769,-6.9777565,-3.7318087,-3.6121604,4.5842834,-3.2041836,0.62889516,4.0082397,0.38227248,-4.175317,1.3765559,-8.082775,-2.2736037,-1.343247,-1.5396571,324,seg_4a6s,NORM
-0.90839404,-6.5695906,-4.1171856,-4.2000556,6.390861,-3.327987,0.12917948,4.0475326,-0.68385386,-4.0781736,0.50511724,-8.21514,-1.8554868,-0.038364023,-1.8371352,324,seg_6a8s,NORM
-1.5675944,-6.836953,-3.459065,-3.6575243,4.6063704,-3.0807488,0.457108,3.750476,0.2957267,-3.813675,1.4110001,-7.786877,-1.928819,-1.2486742,-1.6514837,324,seg_8a10s,NORM
-1.1781113,-3.6175885,-4.2885017,-3.1253946,6.1844354,-0.27644482,0.9086814,3.3493443,-1.176667,-6.5587697,0.81659067,-5.7575984,0.38784182,0.6212309,-0.82061625,325,seg_0a2s,MI
-1.6140827,-3.9696984,-4.2539554,-3.2617667,4.699526,0.0049518347,1.3358117,2.6102061,-0.8458654,-6.658593,1.4993322,-5.758783,0.5311735,-0.06667966,-1.1239197,325,seg_2a4s,MI
-2.1844466,-3.836405,-4.1303606,-2.6389327,5.9630075,0.22735971,1.121967,3.8582258,-0.9719623,-5.8989906,0.84855855,-5.8584423,0.45483857,0.42397046,-0.6227994,325,seg_4a6s,MI
-0.97911555,-3.7446687,-4.5002494,-3.0446506,5.990633,-0.41937426,1.1752018,3.4011831,-1.4373374,-6.98578,0.94373673,-5.963556,0.38271475,0.60860544,-1.1013856,325,seg_6a8s,MI
-1.7938094,-3.9223523,-4.020812,-2.9375646,4.57863,-0.11524919,1.2251996,2.689815,-0.6984866,-6.4803104,1.6894056,-5.466679,0.44641334,-0.32607055,-1.0381768,325,seg_8a10s,MI
-1.3698928,-2.9001055,-2.2419996,0.29687905,5.2800174,0.84857976,-0.86427486,2.5276282,-1.790602,-5.161651,-0.19553009,-0.9164598,-0.12949675,0.37138778,-1.468194,326,seg_0a2s,STTC
-1.3006477,-2.9475465,-2.8688493,-0.76166666,3.8746896,0.55419064,-0.4963736,1.3875101,-1.432167,-6.173349,0.35269606,-1.0439506,-0.7215079,-0.14771251,-1.9716393,326,seg_2a4s,STTC
-1.6993092,-2.9844675,-2.111673,0.60813093,4.805635,0.53885865,-0.64560163,2.610939,-1.2739897,-5.049036,-0.047322277,-1.0527511,-0.14551663,0.43722296,-1.3976464,326,seg_4a6s,STTC
-1.3449794,-3.083578,-2.7467031,-0.721489,4.1574054,0.81879926,-0.66509885,1.4701647,-1.4392886,-6.120831,0.19875443,-1.0537523,-0.6520078,-0.058952853,-1.7304357,326,seg_6a8s,STTC
-1.5044093,-3.1578956,-2.8863325,-0.8876478,2.2750924,0.38181162,0.1060512,0.67713577,-0.82840896,-5.9542613,0.90728986,-0.8848283,-0.723254,-0.9273093,-1.6125399,326,seg_8a10s,STTC
-1.0982672,-3.3918588,-2.3653316,-1.2278106,4.823519,-0.013741136,-0.8131801,2.8878918,-1.1657836,-5.778263,0.8198525,-3.4073865,-0.3980847,0.28023311,-0.17479345,327,seg_0a2s,NORM
-0.9296947,-3.3256445,-2.3032556,-1.1190553,4.5151987,-0.14622754,-0.6171672,2.8358316,-0.9072464,-5.5909758,0.8148271,-3.2243786,-0.40068007,0.12811759,-0.13171494,327,seg_2a4s,NORM
-0.07978819,-2.891122,-3.0674963,-1.9788985,4.980696,-0.1788593,-0.7566015,2.2098405,-1.6028132,-6.7789774,0.85871804,-3.4651535,-0.42916495,0.45892,-0.6610248,327,seg_4a6s,NORM
-1.2831995,-3.213458,-2.5722122,-1.5496516,4.83575,0.16337639,-0.4162672,3.039125,-0.9043414,-5.398357,0.5464359,-3.1633906,-0.09704146,0.33469003,0.1580702,327,seg_6a8s,NORM
-1.4503624,-3.3271465,-2.4206014,-1.3618248,5.179425,0.12647322,-0.42469525,2.9924214,-0.9737082,-5.5584064,0.62384105,-3.3858223,-0.24307615,0.16906562,-0.13733992,327,seg_8a10s,NORM
-1.1408536,-2.1870272,-1.9262726,0.3209625,3.6027496,0.04819785,-0.5940352,2.010468,-0.59753793,-3.6880863,1.8584665,-2.2163293,0.40235013,-0.88135135,-0.13370326,328,seg_0a2s,STTC
-0.47059566,-2.3208723,-1.9742035,-0.30881628,4.490826,0.7753477,-0.8310745,1.9017317,-0.58352286,-4.1956224,1.1021641,-2.5182748,0.25444865,-0.62848353,-0.22178748,328,seg_2a4s,STTC
0.03979437,-2.5874417,-2.1826024,-1.075386,3.8474195,0.70777607,-0.9079479,0.5034166,-0.1927028,-4.867592,1.4744484,-2.5694034,0.14734541,-1.1573199,-0.23985302,328,seg_4a6s,STTC
0.09243451,-2.5164518,-2.0120373,-0.9018282,3.906436,0.5960001,-1.190252,0.65264595,-0.1450564,-5.01371,1.8144733,-2.4964664,0.23474742,-1.2821591,-0.315811,328,seg_6a8s,STTC
0.015200853,-2.5792077,-2.0111547,-1.0272067,3.8472493,0.5410557,-0.96206766,0.5471866,-0.18664885,-4.969225,1.5818852,-2.4856138,0.19991706,-1.162071,0.01808472,328,seg_8a10s,STTC
-0.66102386,-3.3227446,-2.5022478,0.1334695,3.8077228,-0.04299268,1.5672053,0.7387208,-1.8141148,-5.3719153,0.32779714,-2.539146,0.21941932,-0.4576108,-0.88947046,329,seg_0a2s,STTC
-0.7615236,-3.201014,-2.1584113,-0.04134737,3.1169014,-0.26711157,1.728812,1.0149076,-0.89037555,-4.6766915,0.15531543,-2.1072717,0.3014779,-0.42435598,-0.72512305,329,seg_2a4s,STTC
-0.84841007,-3.4164498,-2.9073548,-0.33150774,3.9712617,-0.067314476,1.6590927,0.9713968,-1.2964406,-5.374367,0.40152994,-2.2687633,0.6895838,-0.45260602,-0.8937355,329,seg_4a6s,STTC
-1.2446162,-3.4607234,-2.2782097,0.5881995,4.7528343,-0.41443756,1.130359,2.3251045,-1.1383033,-4.518429,0.25413573,-2.4446602,0.6769532,-0.046580464,-1.0219862,329,seg_6a8s,STTC
-0.8071883,-3.137603,-2.3944488,-0.070584565,3.3542273,-0.22761407,1.4972769,0.8961369,-1.0979342,-4.6773677,0.25354564,-2.1716406,0.2501582,-0.41301328,-0.75437474,329,seg_8a10s,STTC
0.9119506,-3.6946867,-2.6471143,-1.7943549,3.9387162,-0.87987006,-2.2659335,-0.46416342,1.5111198,-4.137718,1.1695559,-3.4863455,-0.34675032,-0.35738558,0.6009911,330,seg_0a2s,NORM
-0.39814708,-3.801774,-3.337913,-1.7478399,2.6291938,-0.52822316,0.065796725,0.7426239,0.4315509,-4.2194753,0.7794107,-3.506024,-0.5536165,-0.47706747,0.41039887,330,seg_2a4s,NORM
-0.058058083,-3.4676805,-3.40233,-1.8662012,2.5885484,-0.6183387,-0.5461071,0.50519186,0.6644863,-3.9405062,0.89964247,-3.4477558,-0.66492903,-0.36886793,0.4655658,330,seg_4a6s,NORM
-0.47831535,-3.4973712,-3.6483183,-1.5424325,3.7584388,-0.569448,-0.0358681,1.8333404,-0.22321123,-3.9592886,0.106985934,-3.8682194,-0.73871666,0.407799,0.3439889,330,seg_6a8s,NORM
-1.0684096,-3.6215572,-3.1072297,-1.1609597,3.9236283,-0.23852661,-0.38080198,1.9829378,0.43350974,-3.2866297,0.15732035,-3.6247125,-0.37344545,0.29539573,0.7254424,330,seg_8a10s,NORM
-3.935278,-3.8136933,-5.2598004,-3.74674,4.9459476,-4.919209,0.7980585,3.9455667,-4.0209117,-8.776781,2.8478267,-7.4065547,-0.5911565,2.6316273,4.21245,331,seg_0a2s,CD
-4.27828,-3.7843742,-4.981188,-3.5966203,4.9842005,-4.985239,0.84415394,4.061667,-4.2022405,-8.7329445,3.1020305,-7.4256535,-0.5522489,2.4396741,4.248071,331,seg_2a4s,CD
-4.989131,-3.8535125,-4.4514613,-2.8323643,4.8689394,-3.8323529,0.96287096,4.22623,-3.2695422,-7.257332,2.4153092,-7.001051,-0.52868074,2.1825917,4.005328,331,seg_4a6s,CD
-2.1480334,-1.7848,-4.5649877,-1.338933,4.039397,-1.248866,0.6007367,2.700251,-1.1116126,-5.499963,1.9739062,-6.412235,-0.8607792,0.9673159,1.0943967,331,seg_6a8s,CD
-2.3547978,-1.2219957,-3.4444132,-0.13583273,3.690295,0.6927352,0.7527557,2.8721485,0.024216257,-3.0390348,1.0861363,-5.5202284,-0.8722857,0.15146579,0.44521776,331,seg_8a10s,CD
6.385699,-5.4703207,-2.114688,-2.73235,9.195819,1.2651151,-1.6722252,2.3608837,-5.8113565,-6.9969087,-0.96870404,-0.7925488,4.0317307,0.16089746,0.43246275,332,seg_0a2s,NORM
4.9295435,-4.4621043,-2.315846,-2.330318,6.695602,1.1879772,-0.76241493,0.9182297,-4.8320804,-6.3889184,-0.4402566,-0.7310263,2.9189289,-0.43851477,0.29520467,332,seg_2a4s,NORM
1.6290555,-2.412415,-2.3753629,-0.9849753,5.424096,1.234634,-0.0899704,0.37623215,-2.6848824,-5.046138,-0.34632707,-1.5386449,1.7551395,0.51836646,-0.394905,332,seg_4a6s,NORM
-1.1732523,-1.9205277,-2.21239,0.92797434,4.314483,0.8070924,0.079045676,1.8560851,-0.7995526,-3.483233,0.38723803,-2.1763248,0.9347813,0.5410224,-0.74410844,332,seg_6a8s,NORM
0.44762623,-2.4565032,-2.6758733,-0.83773994,4.612504,0.9698229,0.01611007,0.74155474,-1.6341257,-4.892445,0.12242394,-2.143581,1.2725785,0.51829714,-0.49081722,332,seg_8a10s,NORM
-1.9510689,-6.0403695,-3.6615763,-1.8453934,8.4586935,-2.2629464,2.9856184,4.8525677,-2.0736072,-5.819663,1.4464059,-9.979237,-0.08996718,-0.89699113,0.5808308,333,seg_0a2s,HYP
0.42884505,-4.6866355,-5.224293,-3.2241948,6.6650085,-3.0768836,1.2281264,4.107219,-2.10392,-5.8509226,2.1969566,-8.095914,-0.8008123,-1.1270827,0.62599194,333,seg_2a4s,HYP
-1.3660737,-3.9863234,-3.9731326,-2.248735,6.3726854,-1.3959286,0.8122212,4.4588675,-1.3190484,-3.5112054,1.4807359,-6.9788465,-0.5762705,-0.9893123,1.6448355,333,seg_4a6s,HYP
-0.23324314,-2.8241906,-5.6935973,-1.6750443,6.8971033,-2.526647,1.2363948,5.573248,-3.0136178,-4.185066,1.063571,-7.5228457,-1.0207474,0.45201188,0.39855087,333,seg_6a8s,HYP
-1.1717944,-4.549796,-4.758063,-3.4999797,8.0841465,-1.3797129,1.3544983,3.6483548,-2.0799108,-4.384471,0.66257674,-7.429466,-0.13539669,-0.5646357,1.6832896,333,seg_8a10s,HYP
1.8157932,-6.5556755,-3.6251016,-3.404278,8.671639,-0.3102946,0.23611337,3.4092846,-1.3122549,-6.752329,-1.5311307,-4.869041,1.1204022,0.67004955,2.2033598,334,seg_0a2s,NORM
4.281055,-8.216606,-6.7746644,-5.653176,7.9223366,-4.4780498,0.7258132,2.7505968,-3.2698994,-14.224998,-0.43720564,-5.949706,-0.45903134,1.5991371,4.438381,334,seg_2a4s,NORM
2.0848038,-6.365343,-4.8859997,-4.966122,5.9182253,-3.5718584,0.7279032,2.5499678,-2.3225784,-10.094871,0.7303325,-5.1360865,0.17002882,0.5027235,3.922106,334,seg_4a6s,NORM
0.81541955,-4.907966,-3.485352,-3.5655193,4.1863785,-2.4245815,0.08871337,1.9918265,-1.3850508,-6.532373,1.0662407,-4.118403,0.012303911,-0.10083063,3.1391218,334,seg_6a8s,NORM
1.5422727,-4.208646,-3.1447406,-3.3034556,4.2460704,-1.6537694,-0.098844424,1.1875312,-1.3119264,-5.335642,0.95550334,-3.1294723,0.7468118,-0.47588462,2.1441991,334,seg_8a10s,NORM
-0.8298028,-3.4043975,-2.3950849,-1.0340445,4.7849216,0.1445793,0.08335251,3.1113582,-0.694631,-4.9212637,0.5823378,-4.1733594,-0.19201553,-0.03935018,0.5354006,335,seg_0a2s,NORM
-0.42701244,-2.6631842,-2.7263732,-1.4296472,2.9429946,-0.080307096,0.2586264,1.5009588,-0.81687295,-5.0356293,1.5990942,-3.4850094,-0.3766027,-0.95579624,0.02645579,335,seg_2a4s,NORM
-0.1690833,-2.6154544,-2.6430902,-1.8784792,3.0766082,-0.2877421,0.29714108,1.1329418,-0.6787949,-4.9913898,1.1674457,-3.4345539,-0.59090614,-0.7642904,-0.17110643,335,seg_4a6s,NORM
-0.09303886,-2.5275133,-3.3320913,-2.3037422,3.3570666,-0.24716654,-0.04467047,0.62892705,-0.81979084,-4.325065,1.0966278,-3.372233,-0.6844446,-0.8854383,0.060562722,335,seg_6a8s,NORM
-0.32344043,-3.2247713,-2.6906805,-0.8737887,4.966834,-0.18423465,-0.39570472,2.8577483,-0.5821695,-5.164927,1.0603732,-4.255844,-0.48741168,-0.41051018,0.2735914,335,seg_8a10s,NORM
-0.10128183,-4.1246114,-1.6358525,-1.8754199,4.257813,-0.49248978,0.34646136,2.1435552,-1.3552158,-5.958351,1.6015477,-3.1090243,0.47680527,-1.4678915,0.0011198968,337,seg_0a2s,MI
-0.72725916,-4.1786094,-2.036119,-2.1269805,5.481132,-0.40752384,0.73857415,3.6749604,-2.5296574,-6.0555253,0.75746596,-3.3904831,0.5335434,-0.4501856,-0.033012748,337,seg_2a4s,MI
-0.67345357,-4.1370583,-2.6202664,-1.9333813,6.3693023,-0.8793349,1.1722941,4.804476,-3.7359097,-6.465076,0.34797484,-3.919732,0.38787657,0.14823014,-0.3403763,337,seg_4a6s,MI
-0.9784992,-3.7518702,-2.4276667,-1.7316628,4.234724,-0.36203197,1.7251748,3.5673833,-3.2489202,-5.716978,0.79665244,-3.1521518,0.56952673,-0.57322687,-0.7785162,337,seg_6a8s,MI
-0.62174475,-4.0549374,-1.9545586,-1.9576151,5.3337216,-0.4306884,0.67783403,3.7428255,-2.7828996,-5.84434,0.98803115,-3.376468,0.53715664,-0.6437565,-0.14348996,337,seg_8a10s,MI
-1.1619802,-4.089015,-4.1879067,-0.95035666,7.1228127,1.4903395,0.32481217,1.1892654,-3.4483602,-6.709531,1.083566,-6.366613,0.7248172,0.27624866,-2.026852,338,seg_0a2s,CD
-0.548032,-4.133499,-4.2790813,-0.99828166,6.912071,1.2118585,0.59127086,1.1686934,-3.7464886,-7.091143,1.3098762,-6.6248713,1.1721553,0.42543787,-2.1239583,338,seg_2a4s,CD
-0.6923912,-4.279265,-4.478404,-1.2010899,7.1031866,1.3348987,0.5223943,1.30855,-3.574967,-7.3407564,1.0994669,-6.6186795,0.85209084,0.42073494,-2.1038613,338,seg_4a6s,CD
-1.8769262,-4.846694,-3.9611301,-1.1889079,7.315072,1.866532,0.6695846,1.9319375,-3.4462647,-6.4942307,0.44142684,-6.6035967,0.9042416,0.629854,-1.3899783,338,seg_6a8s,CD
-1.441432,-4.4892583,-4.176256,-1.3786988,5.7271757,1.5536853,0.90500057,0.516884,-3.1745417,-6.9330125,1.481761,-6.205631,0.6998822,-0.3744464,-1.8719684,338,seg_8a10s,CD
-0.35624254,-3.7029462,-3.1414852,-1.930625,2.6206584,-0.7788726,0.33871767,0.64829046,-0.354775,-3.0123124,-0.70736176,-0.88948953,0.08991991,0.122337684,-0.10828173,339,seg_0a2s,NORM
-0.38725272,-4.136359,-3.1342206,-1.8250275,2.5628617,-0.9580673,0.14138874,0.74732184,-0.26520085,-2.895368,-0.54492766,-0.7043706,0.30062866,0.024841443,-0.16719225,339,seg_2a4s,NORM
-0.5157701,-3.8736923,-3.1426077,-1.9877222,2.787425,-0.67007244,0.21281031,0.75467396,-0.40077865,-3.0541494,-0.74556667,-0.7897259,0.111722976,0.0978283,-0.086624265,339,seg_4a6s,NORM
-0.43958348,-4.0992975,-2.8570728,-1.7805669,2.7306387,-0.8098309,0.11434574,0.74878407,-0.07256825,-3.0462258,-0.65962946,-0.71476567,0.37787277,0.19509622,-0.072886705,339,seg_6a8s,NORM
-0.49833763,-4.2537513,-2.6875596,-1.8443224,1.5901111,-0.6005174,0.41030464,0.02563876,0.36978722,-3.3564894,-0.13866873,-0.7077118,0.27643096,-0.49361038,0.027314067,339,seg_8a10s,NORM
0.12228091,-3.7861028,-4.753085,-1.5958686,4.3631244,-1.6126218,-1.0360633,0.7727257,-0.92823666,-3.3805995,0.94005716,-4.6764083,-1.1754419,-0.06643219,-0.034275293,340,seg_0a2s,NORM
-2.1923459,-5.5681133,-4.574402,-2.0354273,5.893775,-1.2744904,-0.10085174,2.7912154,0.44555518,-3.1864607,0.84091496,-5.193934,-0.005937338,-0.48180878,0.078835644,340,seg_2a4s,NORM
-0.49738592,-4.165753,-4.5141826,-1.8899202,2.9240422,-1.4925215,-0.4470218,0.488101,-0.06641929,-3.3555255,1.6056515,-4.357528,-1.0297725,-1.036166,-0.08799043,340,seg_4a6s,NORM
0.18075316,-3.5512245,-4.6868258,-1.4458227,4.232238,-1.5369471,-1.3157241,0.6365764,-0.79781353,-3.0294003,0.9548303,-4.536821,-1.4522265,-0.22087233,-0.01825355,340,seg_6a8s,NORM
-1.2293227,-4.252732,-3.639472,-0.81127214,4.126984,-0.8820517,-1.2143672,1.6480306,-0.32702777,-2.3070524,0.530121,-4.7180414,-1.3088413,0.07319017,0.315616,340,seg_8a10s,NORM
-0.52921915,-3.849223,-2.4537048,-1.7282639,3.240762,-1.0467397,-0.058683563,2.5149345,-0.9454985,-3.5104501,0.32902884,-1.9349463,0.15988323,-0.13653873,1.24434,341,seg_0a2s,STTC
0.28835762,-3.8547754,-3.029405,-2.2220373,3.7506518,-1.1752938,-0.13478693,2.0996642,-1.3780978,-4.681746,0.29965785,-2.13703,-0.060211644,-0.07155329,0.9114363,341,seg_2a4s,STTC
0.18167369,-3.8445098,-3.2261353,-2.4166596,3.6029425,-1.3932805,-0.034138888,2.1885612,-1.3680403,-4.5621147,0.27198786,-2.171249,-0.117660776,0.0037716776,1.2717617,341,seg_4a6s,STTC
-0.95407224,-4.2272196,-2.2003942,-1.4511888,3.5197914,-0.5812148,0.029881425,2.8772917,-0.8701959,-3.4732738,0.013368674,-2.010018,0.050112292,-0.23362933,1.2096853,341,seg_6a8s,STTC
0.24528883,-3.706878,-3.143435,-2.2461283,3.512078,-1.2434274,-0.13558254,2.2153041,-1.5135593,-4.4120827,0.47628364,-2.1198797,0.000695996,-0.10675152,0.8714801,341,seg_8a10s,STTC
0.41119957,-2.2949247,-3.043437,-1.118676,2.222105,0.2681397,-0.28231582,-0.33492142,-0.15214854,-3.251912,0.9337538,-3.0203688,-0.22021572,-0.5307272,0.69669175,342,seg_0a2s,NORM
0.30042672,-2.2905571,-2.96658,-0.9384422,2.2090406,0.2018269,-0.2746166,-0.1864132,-0.13946074,-3.4643228,1.2560499,-3.0148315,-0.036929104,-0.64863724,0.5011635,342,seg_2a4s,NORM
0.26183242,-2.2947333,-3.0788379,-1.0565441,2.4797146,0.39820594,-0.33924887,-0.25811082,-0.4980896,-3.6791275,1.1694987,-3.1249635,-0.09516012,-0.5556726,0.3659762,342,seg_4a6s,NORM
0.7732672,-1.7490444,-3.1671648,-0.5981921,3.444706,0.22136417,-0.9284612,0.44114357,-0.779022,-3.062451,0.8734739,-3.324281,-0.07510012,0.11624403,0.40352356,342,seg_6a8s,NORM
-0.34197253,-2.3943229,-2.988728,-0.72025,3.7769473,0.8708639,-0.728607,1.0759057,-0.5872637,-2.9695637,0.2073245,-3.4611852,-0.03736852,0.4952004,0.8477235,342,seg_8a10s,NORM
1.594211,-5.8474693,-1.5542883,1.7579985,5.434678,-3.1856008,2.5621212,-0.83097684,-4.514693,-8.228532,0.77084154,-7.557992,-1.1222211,-0.118420675,-1.405345,343,seg_0a2s,NORM
-0.032947198,-4.9000015,-1.5190897,0.8468885,3.9533439,-0.7660234,0.46014938,1.113405,-1.1377287,-4.529348,-0.54779696,-4.032421,-1.1793044,0.08805311,0.23968983,343,seg_2a4s,NORM
1.9315742,-4.687861,-3.332282,-0.18810481,3.8625836,-1.8876653,0.92176545,0.8477801,-1.1319065,-6.6123514,0.05369898,-4.2784986,-1.3313524,-0.21412261,-0.1253264,343,seg_4a6s,NORM
-0.3452773,-4.0813336,-1.686999,0.053508278,3.4478607,-0.305836,-0.1564691,0.9808259,-0.25451893,-3.2820423,-0.5386879,-2.6004956,-0.61244607,0.10544849,0.42977992,343,seg_6a8s,NORM
0.6237431,-3.779363,-2.781858,-0.91180545,1.6118674,-0.8718287,0.24999568,-0.23829548,-0.077667534,-4.256387,0.5754117,-2.3205254,-0.6548203,-0.69112307,-0.09590858,343,seg_8a10s,NORM
-0.86147356,-0.69259447,-3.3074408,0.11055295,3.1434226,0.49623019,0.42078218,2.1751556,-0.76093274,-2.4942582,0.25916752,-2.7131524,0.09465037,0.8721695,0.33225358,344,seg_0a2s,STTC
-0.31561667,-0.74745786,-3.7804337,-0.13192937,3.1329777,0.09293476,0.13716877,2.0859606,-0.908863,-2.9796402,0.5518164,-3.047548,-0.0881769,0.94936347,0.113552526,344,seg_2a4s,STTC
-1.03218,-0.9466485,-3.5688782,0.02705852,3.2555358,0.47325906,0.21099696,2.4708133,-0.6695617,-2.402862,0.23057851,-2.9182127,-0.15958205,0.8572591,0.4453263,344,seg_4a6s,STTC
-1.1633738,-1.0428199,-3.3767986,0.044189982,3.340602,0.4875726,0.43121818,2.6464813,-0.55388737,-2.50553,0.3087593,-2.9426613,0.11835697,0.7925883,0.4244395,344,seg_6a8s,STTC
-0.6783886,-0.9353655,-3.7427611,-0.5155162,1.8730961,0.4839353,0.78120375,1.3651797,-0.40546286,-2.9334147,0.7588652,-2.7538173,-0.04457098,0.26858604,0.35427022,344,seg_8a10s,STTC
0.7239614,-2.991354,-2.39157,-0.9783427,3.3085873,-0.6443387,-0.85481834,-0.042066917,0.23880884,-3.0306635,0.20197758,-1.6342577,0.49069297,0.16122052,0.44432846,345,seg_0a2s,NORM
-0.32644367,-3.9697378,-2.750369,-1.5006704,3.5706725,-0.4049233,-0.56062514,1.0227768,-0.6944454,-2.9057653,-0.3374433,-1.8784478,0.2357151,0.32610482,0.75102425,345,seg_2a4s,NORM
-0.14030448,-3.6366212,-2.6292648,-1.4143522,1.7747021,-0.3076382,-0.18555224,-0.25966597,0.3143027,-3.210475,0.2866063,-1.678909,-0.14732736,-0.4302153,0.40518528,345,seg_4a6s,NORM
-0.021723926,-3.4602342,-2.377047,-1.3312788,1.7977715,-0.012084007,-0.43422517,-0.4116534,0.5015252,-2.9454114,0.25009927,-1.5300268,-0.12466097,-0.5138996,0.394257,345,seg_6a8s,NORM
-0.2057695,-3.7836173,-2.5800529,-1.2595205,3.4372437,-0.32206807,-0.79066,0.81190157,-0.50711864,-3.056755,-0.28762376,-1.665443,0.1009659,0.32203674,0.9574883,345,seg_8a10s,NORM
-0.6712291,-3.293093,-4.0979166,-1.3371637,5.326196,-0.33619002,1.1667911,4.122542,-1.9672601,-5.837912,0.59888065,-4.9025874,0.9479368,1.1317087,0.9429196,347,seg_0a2s,HYP
-0.85825276,-2.7622867,-4.136415,-1.2172117,4.9468107,0.03521648,0.8616771,3.508613,-1.7970223,-5.2546067,0.46157244,-4.477411,1.0476812,1.4770303,0.59368956,347,seg_2a4s,HYP
-0.77707994,-2.8312142,-3.934432,-1.1045249,5.0008163,-0.083854645,0.96245635,3.5526237,-1.9571247,-5.28039,0.49116865,-4.4927187,0.9545474,1.286534,0.7270012,347,seg_4a6s,HYP
-0.8923856,-2.8191094,-3.9391065,-1.1472178,5.0092645,-0.08641654,0.94631183,3.550619,-1.8702629,-5.19478,0.49840453,-4.4859476,1.0404748,1.3529872,0.65774894,347,seg_6a8s,HYP
-0.8045637,-3.1156945,-3.9260721,-1.3591127,5.186536,-0.29541418,1.0297085,3.7792172,-2.2009678,-5.660474,0.4312144,-4.5699477,0.991997,1.4110683,0.9378114,347,seg_8a10s,HYP
-0.5586766,-2.4290345,-3.932528,-0.24337095,4.57672,0.62615335,-0.017726198,2.5768025,-2.7315228,-4.0636716,0.4452321,-2.58616,0.81775826,0.6737961,1.2509465,348,seg_0a2s,CD
-0.34793505,-2.1327295,-4.0292516,-0.3671593,3.3591003,0.5954422,0.05029077,1.207011,-1.1054237,-4.19545,1.2075869,-2.7908375,0.55139583,-0.11523928,0.63991976,348,seg_2a4s,CD
-1.2167028,-2.9754493,-3.3036075,-0.17441544,4.097078,1.1300963,0.49890456,1.4997258,-1.1072638,-3.9282472,0.03542929,-3.188261,0.33434892,0.26048872,1.3027048,348,seg_4a6s,CD
-0.19269371,-1.896195,-3.922552,-0.38053742,3.011576,0.7831646,0.020004608,1.2416478,-0.786825,-4.0193276,1.1297339,-2.4161794,0.6994392,-0.056133434,0.72813666,348,seg_6a8s,CD
-1.1600578,-2.8597548,-3.6462355,-0.80835474,4.2201867,0.95083535,0.21983671,1.2805879,-1.6724868,-3.648674,-0.10822567,-2.7922654,0.3831671,0.46699136,1.6480618,348,seg_8a10s,CD
1.968151,-9.305921,-8.158672,-9.273933,15.158573,-3.6758819,-4.9492702,4.152091,-9.692546,-2.5605607,0.38443723,-11.244773,-3.3317134,-1.6813785,0.13931248,349,seg_0a2s,STTC
-0.76862353,-5.9527664,-7.541047,-6.164091,10.355665,-2.6438217,-0.9194998,2.778853,-3.6261191,-4.4762807,0.7730968,-10.422718,-2.3063257,-0.23416562,0.66853034,349,seg_2a4s,STTC
-2.8277795,-9.185503,-6.414968,-4.8666945,9.098477,-5.2112617,-1.5546924,5.901571,-4.447305,-3.2957852,4.9152517,-14.830168,-2.9659252,-2.3116252,-2.2778986,349,seg_4a6s,STTC
-1.933363,-6.7663136,-7.054198,-5.64613,8.251508,-2.7444959,0.16099,3.1219714,-2.8955605,-4.954289,1.7437472,-11.330887,-2.539594,-0.88301015,0.5902276,349,seg_6a8s,STTC
-1.5223277,-11.032986,-10.859146,-8.601193,13.373801,-5.9767475,-3.4687953,6.3327093,-6.82195,-7.58158,1.8336158,-15.616472,-6.519521,-0.7696772,0.5991067,349,seg_8a10s,STTC
0.7411755,-2.0230074,-3.0527892,-0.70800567,5.5839596,0.65139735,0.70735586,2.6266248,-2.5262682,-4.766667,-0.24892285,-4.6105065,0.20612349,0.92787987,-0.12935802,351,seg_0a2s,STTC
-0.2028089,-2.7918391,-1.6400304,-1.0944943,5.2828665,1.2347723,0.27291238,1.9001532,-1.736959,-3.176349,-0.67305005,-3.5459986,0.6703582,0.44475067,0.8000108,351,seg_2a4s,STTC
0.31615376,-2.1490483,-2.5711722,-0.67344004,5.5208035,0.6458509,0.7066953,2.9258437,-1.9868977,-4.2203074,-0.4153505,-4.6083765,0.29583418,1.0263704,0.13164644,351,seg_4a6s,STTC
-0.24008428,-1.8567241,-2.835682,-0.022793949,4.6727486,0.5607035,1.2548487,3.1364326,-2.5777967,-4.349461,0.11934497,-4.3626704,0.18355052,0.72817636,-0.7671462,351,seg_6a8s,STTC
0.85091126,-2.570983,-3.2753243,-1.8349268,6.3006473,0.9408829,1.0421902,2.8672023,-2.8110733,-5.6188765,-1.1696383,-4.5859838,0.09900071,1.2901622,0.18671958,351,seg_8a10s,STTC
-2.7370036,-6.3917794,-4.450888,-3.2526805,6.778917,-0.67419744,3.1577454,3.36655,0.7261917,-5.814191,0.8150164,-5.654387,3.086842,-0.17438598,-2.026006,352,seg_0a2s,NORM
-1.7883409,-4.1273527,-2.8693376,-1.103868,4.1453857,0.09452635,1.0019224,1.5428208,0.16980949,-3.422514,-0.50803494,-2.8000877,0.40277052,0.1385621,0.13258801,352,seg_2a4s,NORM
-0.41965806,-2.6162233,-3.6928587,-1.0635984,3.6891057,0.37884086,0.013269551,0.8869332,-0.4033482,-3.7766466,0.023113303,-3.099039,-0.59273666,0.119088076,0.24486911,352,seg_4a6s,NORM
-2.0797615,-4.141259,-3.8925776,-1.9104211,5.470214,0.49539688,0.6219942,2.130213,0.76676255,-3.7763023,-0.58959174,-3.5805094,0.24848555,0.15874267,1.032707,352,seg_6a8s,NORM
-2.423931,-3.9988225,-4.2089095,-2.875026,6.596128,0.5496633,0.8181591,0.995788,0.46772906,-2.5181763,-1.7104979,-2.9987993,0.24488361,0.12912394,1.0606999,352,seg_8a10s,NORM
-8.162856e-05,-5.2310243,-5.742807,-3.3257754,5.7138667,-2.3353207,1.0815338,5.637436,-1.7823863,-6.997452,-0.41407892,-7.3466935,-1.6848772,1.727935,2.1305954,353,seg_0a2s,NORM
-0.113118835,-3.1629992,-3.9492826,-1.6554835,4.4009986,-1.2618692,0.10683077,2.8950238,-1.6604533,-2.9891677,0.22589454,-4.530402,-0.3297615,0.7881189,-0.006064683,353,seg_2a4s,NORM
-0.75896746,-3.520626,-3.7702923,-2.0098753,3.3592477,-1.1314435,-0.120657,1.8391619,-0.9771046,-2.0818684,0.54128253,-4.0914536,-0.61402506,-0.025363684,0.16098037,353,seg_4a6s,NORM
-0.9350431,-3.0194778,-3.0325813,-0.9300161,4.088394,-0.82282436,0.1556584,2.5726204,-1.1225905,-1.822997,0.064532645,-3.7613661,-0.03586322,0.5336326,-0.037248567,353,seg_6a8s,NORM
-0.7150857,-4.1031713,-4.3138547,-2.1948922,3.390505,-1.4546044,0.4636781,2.6436377,-1.1699429,-3.7649124,0.41377515,-4.7503085,-1.0219057,0.2518044,0.7158543,353,seg_8a10s,NORM
-0.85482806,-2.7074142,-1.9872708,-0.9212701,5.520054,0.89919746,-0.0062178746,0.6190618,-1.0402491,-4.4509406,-0.12062661,-3.6667452,0.26168507,0.34497035,0.13802178,354,seg_0a2s,NORM
-1.4299855,-2.4016578,-2.8579068,0.08541142,3.1508834,0.52104914,1.5078977,1.6923578,-2.2215476,-4.270259,0.98540545,-3.5673442,0.31584108,-0.20212851,-0.72104263,354,seg_2a4s,NORM
-1.0582374,-2.6426966,-2.6137958,-0.5808558,2.8313367,0.82225156,0.88977087,0.30297756,-1.2326679,-4.209487,1.3722434,-3.4950633,0.44304913,-0.82247686,-0.18987891,354,seg_4a6s,NORM
-0.23631921,-2.791008,-2.0373526,-0.7328313,3.8396199,0.5147529,-0.12611248,-0.23594604,-0.83549494,-4.98965,1.4994367,-3.6460443,0.6248711,-0.61201864,-0.25042078,354,seg_6a8s,NORM
-0.32609063,-3.019826,-2.109161,-0.7154786,4.044677,0.5539268,-0.0916626,-0.07579023,-0.9869873,-5.259624,1.6836159,-3.7594981,0.9077162,-0.64146554,-0.2885182,354,seg_8a10s,NORM
-0.6478537,-3.1869013,-3.3973813,-2.0141528,3.2954106,-0.5318407,0.17829266,0.91937983,-1.0897102,-3.952365,-0.43688077,-1.8560616,-0.3669477,0.45255125,0.038196772,355,seg_0a2s,NORM
-1.0951442,-3.0862236,-3.1125646,-1.136523,3.1756496,-0.2184704,0.14587978,1.4152606,-0.6229489,-4.813146,0.33527005,-1.5983574,0.06795803,0.25951236,-0.20528719,355,seg_2a4s,NORM
-2.3282318,-4.4444075,-3.1802053,-1.2246745,3.724005,-0.28403696,0.20500463,2.5028977,-0.5853025,-5.3345327,-0.09661859,-2.1832383,0.049869344,0.8445038,0.42812103,355,seg_4a6s,NORM
-0.9520843,-2.8890932,-2.8962169,-0.69220203,2.9768662,-0.08690035,0.27898848,1.3804791,-0.462229,-5.076853,0.45966634,-1.5117549,0.056406245,0.14161552,-0.66520643,355,seg_6a8s,NORM
-1.1168047,-3.5639384,-3.161189,-1.5137553,3.3902586,-0.42982516,0.67432195,1.543244,-0.5460228,-5.7870107,-0.07255707,-1.7242888,0.2875986,0.7311862,0.12919317,355,seg_8a10s,NORM
0.76515603,-3.570602,-3.844658,-2.6515813,4.2679405,-0.3770071,-0.6493822,0.36106747,-3.8307846,-5.5663323,2.046655,-8.625157,0.14116639,1.441486,-1.8848351,356,seg_0a2s,NORM
-0.2901719,-3.5585117,-4.5678773,-3.019202,3.6011994,-0.4188216,-0.12535739,0.9555421,-2.268618,-4.9126897,1.5784082,-4.9400573,-0.22069143,-0.11127885,-1.173192,356,seg_2a4s,NORM
0.14255495,-3.912317,-3.9292426,-2.1243775,5.621898,-0.65682507,-0.44420663,1.4698355,-3.1167717,-5.200641,1.0352061,-5.981956,-0.17115301,0.62547374,-1.3387796,356,seg_4a6s,NORM
-0.8042693,-3.2496626,-2.687604,-1.4057987,5.1066484,0.27418822,-1.1878657,1.5779953,-2.0990584,-3.4346888,0.091844104,-4.828897,-1.0169083,0.70144576,0.012827367,356,seg_6a8s,NORM
-1.530808,-4.47947,-2.1413145,-1.4598048,5.8462634,0.3900419,-0.99489814,2.2445626,-2.3544025,-3.612659,-0.63646376,-5.6518073,-1.0513879,1.2462368,0.19877532,356,seg_8a10s,NORM
0.10409759,-2.6021817,-2.4880342,-0.91678077,3.992286,0.43047467,0.8599834,-0.24985652,-0.43534648,-4.4127254,1.0748777,-4.1403694,1.0980678,-0.42385703,-0.038259655,357,seg_0a2s,STTC
-0.9429871,-1.9776967,-2.4321795,0.7121927,3.7426867,0.3000768,0.8404529,0.33353096,0.2996624,-3.4438436,1.6224068,-3.7416608,1.3383784,-0.45827758,-0.4897386,357,seg_2a4s,STTC
-0.037475795,-2.5985763,-2.212759,-0.63320464,4.355697,0.43783748,0.21811044,-0.8864314,0.56258917,-4.449973,1.3972505,-4.332589,1.2620529,-0.44370008,0.03192313,357,seg_4a6s,STTC
-2.1203718,-3.8009777,-1.998797,-0.5036017,6.1179485,1.1215302,0.70886755,1.2039016,0.3246513,-3.6632044,-0.29585817,-4.749867,1.212783,0.47837526,0.82691944,357,seg_6a8s,STTC
-0.21443927,-2.4932966,-2.5424023,-0.82295513,4.2653656,0.3900077,0.035190336,-0.81186146,0.6928569,-4.1799207,1.484502,-4.6333504,0.81159186,-0.5663006,0.16614965,357,seg_8a10s,STTC
-0.1600616,-2.6701288,-2.5971127,-1.5890284,3.7667418,0.6817698,-0.19910072,1.1179094,-0.42829376,-4.2123504,-0.7813545,-1.9330223,-0.20294623,0.6674581,1.0007803,358,seg_0a2s,NORM
0.39738327,-2.2449925,-2.6195898,-1.8999486,2.1025414,0.42596376,0.12914881,-0.17521167,-0.0717666,-4.30567,0.17636538,-1.5645996,-0.054808494,-0.22737838,0.55625004,358,seg_2a4s,NORM
0.38640785,-2.2579615,-3.0212054,-2.0629363,2.4239304,0.4765119,-0.027797945,-0.2659293,-0.33687565,-4.5850616,0.2834628,-1.6405996,-0.09343764,-0.2687298,0.4838861,358,seg_4a6s,NORM
0.35108924,-2.20981,-2.4728389,-1.8504891,2.1659815,0.59260845,-0.01634071,-0.14565636,-0.14428872,-4.396625,0.14382863,-1.6036451,-0.16367719,-0.18587519,0.5547674,358,seg_6a8s,NORM
0.3404019,-2.4234385,-2.489007,-1.8579657,2.1328838,0.5034689,-0.081559554,-0.060345337,-0.2995454,-4.596767,0.10985453,-1.5760148,-0.29865122,-0.13526006,0.41351044,358,seg_8a10s,NORM
0.16921575,-2.6907094,-2.582518,-1.591434,1.7866259,-0.26387158,-0.08034003,-0.2802812,-0.26982203,-4.1583004,0.36241433,-1.6934103,-0.6876521,-0.36573452,-0.16474214,359,seg_0a2s,NORM
0.41885483,-2.6823545,-2.3419695,-1.4986391,3.334624,-0.42650816,-0.7628228,0.64038986,-0.36429447,-4.0313206,-0.41943747,-1.8887346,-0.7685883,0.60180503,-0.042607963,359,seg_2a4s,NORM
-0.81630385,-3.1389194,-1.7057741,-1.0760467,3.5694163,0.1467323,-0.6410861,1.3165009,0.13213542,-2.991877,-0.7657795,-1.990401,-0.53420275,0.58436686,0.6040019,359,seg_4a6s,NORM
-0.55684394,-3.2718675,-1.716732,-1.1183245,3.5827904,0.024849176,-0.7865134,1.2874511,0.120381206,-3.3526275,-0.6849781,-1.935982,-0.46187574,0.65049535,0.4691229,359,seg_6a8s,NORM
-0.5649089,-3.2207088,-2.1773667,-1.3018014,3.3399673,-0.13910744,-0.75241274,1.3993322,-0.20925406,-2.8045766,-0.65256476,-2.1997445,-0.8345755,0.47242826,0.54021645,359,seg_8a10s,NORM
-0.5735585,-3.276698,-4.209235,-1.4815359,4.8545637,-0.050974607,0.2731622,1.0514089,-1.7797706,-4.5306683,0.72436506,-4.9313545,-0.13569295,0.24625981,-0.7252356,360,seg_0a2s,NORM
-1.986153,-4.013162,-3.5145621,-1.1166291,4.9416695,0.3407753,0.94637096,2.1945915,-1.1434071,-4.3319454,0.3564439,-5.1188064,0.204854,0.36021382,-0.27503508,360,seg_2a4s,NORM
-0.89479184,-3.3785768,-4.339995,-1.6544161,4.9422417,0.20807302,0.69072616,1.4463048,-1.7205999,-4.993113,0.52457136,-5.2791142,-0.1828933,0.40987724,-0.5987917,360,seg_4a6s,NORM
-0.9241892,-3.3545377,-3.898775,-1.0769279,4.8285728,0.10206893,0.18011662,1.4182991,-1.7107167,-4.87133,0.92167383,-5.161847,-0.16581494,0.3139252,-0.73939097,360,seg_6a8s,NORM
-1.5909835,-3.4936604,-3.6088877,-1.3139479,4.649093,0.42568293,0.45012024,1.8510783,-1.3712211,-3.850743,0.17769012,-5.1276174,-0.45419157,0.44283462,0.12653151,360,seg_8a10s,NORM
-0.12151371,-1.6529992,-2.4610767,-0.9050248,2.8288178,-0.18583003,0.6629674,2.069433,-1.2474859,-3.7526467,0.82459795,-2.811069,-0.29191184,-0.297337,0.054544874,361,seg_0a2s,NORM
-0.2188881,-1.8053074,-2.4723587,-0.7080775,2.838439,-0.14034238,0.7632523,2.0284734,-1.3014796,-3.851183,0.80767286,-2.8531356,-0.38106298,-0.41367215,-0.073624134,361,seg_2a4s,NORM
-0.25552252,-1.846628,-2.4967499,-0.64949095,2.8707135,-0.23275903,0.6939032,2.1114764,-1.4110494,-3.9594357,0.8937557,-2.8858123,-0.47445178,-0.44262385,-0.128712,361,seg_4a6s,NORM
0.04100357,-1.9686534,-2.5779505,-1.0229874,2.6671102,-0.3878763,0.66038954,2.233982,-1.2265263,-3.4858654,0.72179973,-2.680239,-0.36156958,-0.44322842,0.44459414,361,seg_6a8s,NORM
-0.040538564,-1.8765141,-2.5465217,-1.0207937,2.8555646,-0.18234155,0.52811676,1.9848595,-1.2237236,-3.3864024,0.5919006,-2.6963868,-0.44855082,-0.39532351,0.32150975,361,seg_8a10s,NORM
0.1834176,-4.66461,-1.6629311,-3.2310603,4.0241528,-2.3928866,-1.4112397,1.156191,0.26603884,-2.3084252,0.7832293,-6.351305,-2.142933,-0.43122655,-0.9884523,362,seg_0a2s,NORM
-0.8466141,-5.1710935,-1.7526592,-2.9094691,5.0857396,-2.4381084,-0.9170006,3.0259624,-0.42299962,-2.0486119,-0.14795282,-7.005267,-2.2950218,0.4488991,-0.9166888,362,seg_2a4s,NORM
-1.0735843,-5.583585,-1.4945067,-3.1529338,5.825866,-2.2251763,-1.1722913,3.0167823,-0.17575994,-2.0700414,-0.4783494,-7.1777644,-2.1692095,0.6239809,-0.5259143,362,seg_4a6s,NORM
-0.7055434,-4.637147,-1.3619947,-2.3502347,2.7941964,-2.2585697,-0.5911119,1.8400922,0.121305585,-1.7949039,0.95121837,-6.12276,-2.2182667,-0.6790382,-1.2228369,362,seg_6a8s,NORM
0.23199223,-5.0980573,-1.7216201,-3.4963284,4.4835434,-2.5909188,-1.1498691,1.1954124,0.05687718,-2.9710119,0.51843166,-6.789131,-2.2672038,-0.23100008,-1.1325299,362,seg_8a10s,NORM
-5.2629285,-6.606772,-4.648974,-2.1633477,1.7551019,-0.32887742,5.293001,3.3486252,-3.7466846,-6.785424,0.52343154,-6.421842,-1.5940855,-1.4058285,-1.109632,363,seg_0a2s,STTC
-2.773142,-6.995556,-1.0035732,-2.2809055,9.303747,-0.027346015,0.4563919,2.0919356,-1.3164606,-5.55816,-1.4631572,-5.9665284,0.47763342,0.77601767,0.03433995,363,seg_2a4s,STTC
-1.4562216,-4.262614,-2.7905607,-0.56965363,3.9714816,-0.7721962,1.055696,1.4258707,-2.099855,-4.0743027,0.2885288,-4.0126014,-0.76028484,-0.445363,-1.2596099,363,seg_4a6s,STTC
-2.6737041,-5.986851,-1.9449017,-1.428961,6.537735,-0.53779936,1.1071051,2.364251,-1.537199,-4.5784545,-0.39702976,-5.2164435,-0.17347173,-0.12866361,-0.7118207,363,seg_6a8s,STTC
-2.6315084,-6.3708897,-2.5512786,-2.3246439,7.087485,-0.1524241,0.7426019,2.3720484,-1.3437448,-4.769279,-0.74794585,-5.548276,-0.064233616,0.2804275,-0.4847742,363,seg_8a10s,STTC
-1.9546412,-5.7929025,-4.4370537,-4.0594316,6.3209915,-2.9367938,-1.8396016,3.6178062,-2.4541597,-1.2516984,-1.0146562,-7.919139,-5.8161807,-0.6602924,-1.3934203,364,seg_0a2s,NORM
-0.30888242,-5.046359,-3.9470286,-4.5516186,4.803347,-3.0881705,-2.0059083,2.2721398,-0.4755898,-2.0402436,0.25333303,-7.0490074,-4.8548746,-1.2992097,-0.85326767,364,seg_2a4s,NORM
0.27705455,-5.277121,-2.0332918,-3.38007,4.9876194,-3.1534555,-2.0319781,2.2418227,-0.115638405,-3.2389982,1.0998292,-7.0531063,-3.6288197,-1.1756592,-0.99141216,364,seg_4a6s,NORM
-0.18241459,-4.9489894,-2.615583,-3.6965492,4.2615256,-2.874697,-1.3520138,2.4577875,-0.26888758,-3.1178598,0.64624363,-6.6285386,-3.8286462,-1.0420302,-1.0311701,364,seg_6a8s,NORM
-1.3320098,-5.422606,-3.4641204,-4.4604044,7.838322,-2.4172528,-2.3823252,2.6851523,-1.175806,-1.2993877,-1.4378663,-7.488038,-5.0262094,-0.5321033,-0.3323467,364,seg_8a10s,NORM
0.38039774,-4.9322076,-1.9689547,-2.4459796,4.1784644,-1.6136708,-0.8210573,0.037064433,-0.8076192,-2.7321856,0.3194705,-5.043972,-1.8651012,-1.1102687,-0.022775441,365,seg_0a2s,NORM
0.26024938,-4.872681,-2.1176329,-2.2699544,3.467958,-1.5645845,-0.9267388,0.4966253,-0.46429724,-2.565599,0.59267324,-4.3475313,-1.3763418,-1.00717,0.17736045,365,seg_2a4s,NORM
0.536453,-4.744132,-1.5947362,-2.3082173,4.0083323,-1.5439131,-0.4883473,0.06651148,-0.48637718,-2.9953291,0.41120097,-4.9032035,-1.3625128,-1.0027772,0.122096054,365,seg_4a6s,NORM
0.28873146,-4.9707847,-2.22184,-2.3759887,3.6351075,-1.5473228,-1.1173875,0.46587306,-0.5789124,-2.6317093,0.55859375,-4.4652457,-1.4770511,-0.9440831,0.16023403,365,seg_6a8s,NORM
0.5893358,-4.8924108,-1.6426964,-2.2473485,4.132262,-1.6108774,-0.73087746,0.2914726,-0.48874956,-3.1350524,0.6582358,-4.9575367,-1.2991892,-1.1074768,0.1463153,365,seg_8a10s,NORM
0.5415753,-4.9310274,-4.1265774,-2.0332782,4.9080157,-1.6625738,-0.11094476,1.4139019,-0.5258783,-4.336002,-0.12636349,-5.3214006,-1.4410728,0.033428505,-0.2987872,366,seg_0a2s,NORM
-0.7692657,-4.7081666,-3.8779306,-1.7949736,2.426808,-1.279658,0.4497064,0.891976,0.114949405,-3.470719,0.6665527,-4.354746,-1.3145679,-0.8285691,-0.37649444,366,seg_2a4s,NORM
-0.21841452,-4.688831,-4.218325,-1.6693239,4.065395,-1.551689,0.44723132,1.5485111,-0.6064087,-3.9705677,0.08873498,-5.074028,-1.1835567,0.042580254,-0.42566994,366,seg_4a6s,NORM
-0.4563571,-4.720686,-4.1908474,-1.6045485,3.9220626,-1.3434108,0.45796165,1.8887725,-0.37807673,-3.9937577,-0.14686011,-5.0938616,-1.434896,0.17140266,-0.24484107,366,seg_6a8s,NORM
-0.23927581,-4.802273,-3.816586,-1.7160056,4.4991493,-1.0349633,0.18743807,1.8510602,-0.6291783,-3.623631,-0.2611533,-4.9064426,-1.1341957,-0.0011359304,-0.19419026,366,seg_8a10s,NORM
-1.2382627,-4.1090765,-3.5364318,-0.70116216,6.733705,-1.5541788,-0.18061164,3.2575293,-3.059941,-2.9394562,0.72916687,-8.556797,-2.0737402,0.33730567,-1.0350469,367,seg_0a2s,NORM
-1.1077502,-4.3054047,-3.6920404,-0.66832477,6.7005453,-1.8457451,-0.5394703,3.6123936,-2.884533,-2.8790252,1.294325,-8.732924,-1.8189408,0.229882,-1.0927423,367,seg_2a4s,NORM
-1.2018701,-3.6028383,-3.4993095,-0.26200786,5.9499054,-1.7466478,-0.69163924,3.1060023,-2.358744,-2.115313,1.3027327,-7.8441267,-1.9853195,0.03252545,-1.1259956,367,seg_4a6s,NORM
-0.4098242,-4.3286767,-3.9338179,-1.3940909,5.759333,-1.9881382,-0.46053547,1.8143897,-2.7002087,-3.5185232,1.4965194,-8.503399,-2.2930846,-0.29320925,-1.289579,367,seg_6a8s,NORM
-1.2522779,-4.023159,-4.2803636,-1.953388,3.456981,-1.5893112,-0.12545864,1.6882074,-1.7113872,-2.822984,2.0282357,-7.544035,-2.3989308,-1.0537865,-0.9538379,367,seg_8a10s,NORM
-0.5093248,-2.225932,-2.6457276,-1.4427128,3.0650775,0.26547346,0.27233434,0.7868701,-0.8502587,-4.952138,1.2448901,-3.3205433,-0.42792535,-0.7184003,0.14872861,368,seg_0a2s,NORM
-0.6729908,-2.1589656,-2.253809,-0.8487827,4.2629633,0.2051577,-0.29702023,1.7579768,-0.86715776,-3.917726,0.64344853,-3.4279947,-0.40768218,-0.07217111,0.34958833,368,seg_2a4s,NORM
-0.42480117,-2.3482897,-2.4926877,-1.5775919,3.0070066,-0.0026552975,0.21171618,0.8604069,-0.86550504,-4.9884276,1.1635469,-3.3740394,-0.60228604,-0.61376464,0.007290274,368,seg_4a6s,NORM
-1.1400267,-2.0696783,-2.5539756,0.07393885,4.4832673,-0.02166158,0.63462824,3.347807,-1.9429467,-4.2380457,0.5392232,-3.6774664,-0.23085225,0.4122209,-0.20743,368,seg_6a8s,NORM
-1.2393156,-2.5559554,-2.1739178,-0.9268798,4.6540723,0.28884703,-0.122127585,1.973984,-0.9046692,-4.029986,0.32611752,-3.5281456,-0.45586318,0.06385064,0.23984237,368,seg_8a10s,NORM
-2.2288413,-3.0852299,-3.8619409,-0.34907216,5.245837,0.46140817,-1.4591042,2.4261649,-1.9192982,-4.2878575,-0.21457589,-2.274788,-1.3733455,0.7065193,-1.6050044,369,seg_0a2s,STTC
-1.9075168,-2.967724,-3.9622502,-0.17606965,3.5841427,0.1799232,-1.303461,1.7274494,-1.7117846,-4.830252,1.4775709,-2.2011585,-1.0154047,-0.35707313,-1.8957409,369,seg_2a4s,STTC
-1.9056997,-2.6627865,-4.112036,-0.32058337,3.453249,0.32994238,-1.0640013,1.4649736,-1.8012848,-4.7275934,1.209834,-2.0644865,-1.1282512,-0.28830802,-1.8635565,369,seg_4a6s,STTC
-1.8410388,-2.7924242,-4.173663,-0.31440657,3.3694084,0.2628719,-1.1505461,1.6490866,-1.7512538,-4.7338595,1.4156018,-2.1401067,-0.95912915,-0.29493672,-1.818617,369,seg_6a8s,STTC
-1.862465,-3.094186,-4.0642896,-0.32692406,3.6646338,0.38203984,-1.2632769,1.6228012,-1.7394745,-5.099372,1.2083113,-2.029867,-0.9674069,-0.20884885,-1.7701012,369,seg_8a10s,STTC
-0.07040876,-3.1796594,-3.2856107,-1.4087431,2.9187434,-0.056696594,-0.08274797,0.7964239,0.593114,-4.256035,-0.4111589,-1.631195,0.1637949,0.7636464,0.05966299,370,seg_0a2s,NORM
-0.8851969,-3.4220657,-2.8162842,-1.0815349,2.8210466,0.34308565,0.14313671,1.4430654,0.6105211,-3.4921565,-0.68168026,-1.6659168,0.22003849,0.7415371,0.5279163,370,seg_2a4s,NORM
0.048142716,-2.8422956,-3.3604946,-1.5152266,2.858013,0.021303564,0.025306903,0.67110544,0.5919026,-4.078495,-0.44194058,-1.5805006,0.15449655,0.7127232,0.0751095,370,seg_4a6s,NORM
-0.9798632,-3.4554117,-2.8318095,-1.1103282,2.884001,0.37509832,0.111819394,1.4108459,0.67073303,-3.3794723,-0.745547,-1.7539971,0.12319264,0.71676594,0.5700031,370,seg_6a8s,NORM
-0.41883987,-3.380596,-3.6559339,-1.9491508,1.9680655,0.30626294,0.17158127,-0.016766667,0.5748712,-4.0556574,-0.09500751,-1.5106971,-0.14747116,-0.14419685,0.2996508,370,seg_8a10s,NORM
-0.7772375,-4.53152,-4.349699,-1.7450421,3.5223627,-2.4932194,-1.6770823,0.34991652,-1.985976,-2.9745922,1.7882307,-6.9238167,-3.3275456,-0.68586874,-1.3277754,371,seg_0a2s,NORM
-0.4762141,-4.4586015,-3.764926,-1.662154,3.707256,-2.7133398,-1.7104806,-0.040878594,-1.6544068,-2.9498918,1.6244085,-6.9395366,-3.3609388,-0.6166591,-1.3365655,371,seg_2a4s,NORM
-0.30299142,-4.5783587,-3.8706079,-1.669312,3.7639477,-2.7660685,-1.964735,-0.0257954,-1.5431554,-3.1527731,1.7517661,-7.064927,-3.2895935,-0.4869979,-1.3908968,371,seg_4a6s,NORM
-0.45558572,-4.5499187,-3.6893935,-1.5891747,3.6852813,-2.8676558,-1.6698246,0.12026578,-1.7828598,-3.1166184,1.7879647,-7.2439914,-3.3739257,-0.5732956,-1.3975362,371,seg_6a8s,NORM
-0.43973875,-4.216176,-3.8934188,-1.7625268,3.5794978,-2.5238972,-1.6243334,0.16201863,-1.5801604,-3.0135248,1.6820312,-6.9753547,-3.2013679,-0.48865235,-1.2863159,371,seg_8a10s,NORM
-0.975792,-2.0390744,-3.6614566,-1.364944,2.7653365,0.53598875,0.1719254,0.49821383,-0.25097492,-3.6364625,1.2394706,-3.8458705,-0.64686525,-0.64857346,-0.25477463,372,seg_0a2s,NORM
-2.5253615,-4.4775767,-2.33889,-0.8822821,6.223364,0.5915712,-1.2223537,2.835797,0.15175393,-3.9614303,0.1615893,-5.0155935,-0.4733513,0.4129449,0.4857355,372,seg_2a4s,NORM
-0.2023597,-3.043815,-3.0196176,-1.0895803,4.422285,-0.28634796,-1.5718241,0.5287912,0.06466932,-5.3465576,2.2480004,-4.6191697,-0.43976784,-0.76328486,-0.72091115,372,seg_4a6s,NORM
-0.6042274,-2.9564908,-3.3496637,-0.726454,3.646178,-0.24867275,-1.5174792,0.91821134,0.14134379,-4.727559,2.5737853,-4.421895,-0.42926252,-0.90475357,-0.6477002,372,seg_6a8s,NORM
-2.4160264,-3.4813848,-2.2030716,0.12209479,4.776822,0.5524185,-0.1888476,2.8112032,-0.09260246,-3.4254432,0.9246688,-4.3877063,-0.09315574,-0.26613265,0.08250142,372,seg_8a10s,NORM
-0.9715014,-3.8159919,-3.538117,-2.0677822,3.0911713,-1.003097,0.29850054,0.87302935,1.0060756,-3.274199,1.1061115,-4.725726,-0.65025645,-0.67946005,-0.25017595,373,seg_0a2s,NORM
-0.45015192,-3.5987258,-3.7357507,-1.9056695,4.814106,-1.0431266,-0.28967032,1.7138926,0.39821604,-3.0856395,0.729307,-5.1606913,-0.36619228,0.050193273,-0.44840017,373,seg_2a4s,NORM
-1.242533,-3.604169,-3.4590778,-1.6278191,4.7776937,-0.59946513,-0.13976777,1.7082214,0.37937847,-2.5707116,0.36297125,-4.819153,-0.60362744,-0.07729292,-0.15503436,373,seg_4a6s,NORM
-1.0493586,-3.85787,-3.8520212,-2.160424,3.3251321,-1.0119694,0.042254604,0.98447335,0.66564053,-2.9921393,1.3173585,-5.017294,-0.71551335,-0.75688285,-0.54361784,373,seg_6a8s,NORM
-1.045025,-3.8445878,-3.3944879,-1.8849804,3.1186397,-0.8716831,0.37521595,1.0030801,0.92518413,-3.2058852,1.2092748,-4.7621193,-0.5000275,-0.7887311,-0.3086093,373,seg_8a10s,NORM
-1.569921,-2.672862,-1.3990234,-0.036542594,3.6040895,0.08993968,-0.38392192,1.1519382,0.49238637,-3.888895,0.19807631,-1.739201,-0.30941215,0.04609716,-0.98470867,374,seg_0a2s,NORM
-1.0871799,-2.3949542,-1.8210821,-0.47312695,3.3733034,-0.32391915,-0.17123881,1.1587653,0.12887318,-4.25303,0.43623957,-2.0386603,-0.5271934,0.03711097,-1.5051429,374,seg_2a4s,NORM
-2.0429456,-2.7869434,-1.36624,-0.19207102,3.325025,0.07915264,0.09378091,1.6973886,0.5137641,-3.3430252,-0.037254542,-2.0399187,-0.46023583,0.099869356,-0.89642787,374,seg_4a6s,NORM
-1.8949609,-2.6864076,-1.4735155,-0.011507273,3.4107,0.08410245,-0.08677159,1.7610788,0.16350627,-3.5343275,0.34222674,-1.954149,-0.42491156,-0.15455009,-1.2477758,374,seg_6a8s,NORM
-1.2355696,-2.4743855,-1.974144,-0.63958585,3.498059,-0.048309684,-0.16697055,1.2337037,-0.14459112,-4.180313,0.24601135,-1.9777462,-0.5862204,0.047310993,-1.4619405,374,seg_8a10s,NORM
-1.7155282,-5.143234,-3.70012,-1.1975498,4.903609,-0.3528038,-1.2219123,1.0592775,-1.001364,-2.8929505,0.120405145,-3.5006788,-0.85818213,-0.34769052,-0.2918858,375,seg_0a2s,NORM
-1.457634,-4.946224,-3.4744983,-0.6565881,4.4117956,-0.54698396,-0.9883206,0.8497801,-0.23628023,-2.4171128,0.33960038,-3.1189437,-0.45547354,-0.57239836,-0.27691874,375,seg_2a4s,NORM
-0.12331006,-4.665989,-4.3183627,-1.7093332,5.20739,-0.97399676,-1.182732,-0.11506227,-0.26309752,-2.994947,-0.28512362,-3.5332646,-1.2794454,-0.49298823,-0.47779652,375,seg_4a6s,NORM
-0.9814491,-5.56585,-4.546861,-0.2583266,5.1099033,-1.1925436,-0.26839635,2.8717995,-0.3896284,-3.584461,-0.28508613,-4.309425,-1.4072934,-0.21596514,-0.53263485,375,seg_6a8s,NORM
-1.1818038,-5.371766,-3.4428363,-0.855467,4.868582,-0.7594043,-1.0112456,1.1034809,0.4226442,-2.9175868,0.046843775,-3.545782,-0.74610543,-0.50024825,0.031660214,375,seg_8a10s,NORM
-0.035187498,-3.6140559,-1.3004034,-1.5569766,2.9118814,-0.6722281,0.05870063,-0.53161395,0.45963895,-3.9144518,-0.06736532,-2.5848007,-0.7920466,-0.5192178,-0.6347885,376,seg_0a2s,NORM
-0.22119343,-3.4804971,-1.4286231,-1.4418511,2.6089182,-0.72163737,0.27071312,-0.44854534,0.40380877,-3.795884,-0.01036806,-2.485403,-0.9080836,-0.59899384,-0.6965468,376,seg_2a4s,NORM
0.13818772,-3.7129831,-1.2280335,-1.5408988,3.0451121,-0.745958,-0.04404536,-0.8196202,0.5230098,-3.9032521,-0.11973021,-2.5487652,-0.6906501,-0.4866526,-0.5585265,376,seg_4a6s,NORM
-0.04162647,-3.573408,-1.5448047,-1.550271,2.5794322,-0.71378183,0.09607624,-0.5221932,0.5048814,-3.7980132,-0.05864211,-2.3400345,-0.795077,-0.50511557,-0.63716936,376,seg_6a8s,NORM
0.21950866,-3.7188323,-1.1842827,-1.4512932,3.0556073,-0.8656471,-0.12868515,-0.85255,0.60132086,-3.9493043,-0.04902115,-2.588743,-0.78539723,-0.54419696,-0.6635057,376,seg_8a10s,NORM
-1.3402225,-4.260468,-3.3863778,0.24574853,5.271447,-0.8423945,-0.3933295,1.8838394,-2.7193766,-2.7455091,0.24468213,-4.815681,-1.0100873,0.14087172,-0.82047844,377,seg_0a2s,CD
-0.92631555,-4.2811203,-3.5279899,-0.35304224,4.1123886,-0.6772164,0.008249052,0.67366695,-2.6973104,-3.3881755,0.59631336,-4.802298,-1.0915625,-0.28905493,-0.8170923,377,seg_2a4s,CD
-0.9095662,-3.8995469,-3.7523985,-0.33472782,3.78153,-0.6185341,-0.23366636,0.7787727,-2.5668437,-3.1949317,0.7753611,-4.3980303,-1.1920538,-0.39550388,-0.76321816,377,seg_4a6s,CD
-0.42187607,-3.832852,-3.8669915,0.054605253,5.60181,-1.0684106,-0.58938676,1.1462377,-3.3645558,-3.1855319,0.5346987,-5.1743903,-1.0020902,0.21925807,-1.0806326,377,seg_6a8s,CD
-0.9581471,-4.581892,-3.4627686,-0.045413703,5.5811367,-0.59814596,-0.22599578,1.9336607,-3.074193,-3.8439677,-0.15699387,-5.270623,-1.0320169,0.64666593,-0.6873138,377,seg_8a10s,CD
-1.3103687,-4.6061554,-3.1767616,-0.32884148,6.088264,-0.59443355,-0.7419057,1.4609092,-2.2971303,-2.4927213,-0.5096569,-4.588004,-0.7414095,0.56594354,-0.21416876,378,seg_0a2s,CD
-1.0673577,-4.5186954,-3.581925,-0.9099639,2.7366877,-0.6792791,-0.50842243,-0.014835417,-1.2564363,-2.9695978,1.3922325,-3.8721807,-0.7936883,-1.0665199,-0.45491245,378,seg_2a4s,CD
-1.0634234,-4.5606594,-2.672587,-0.56710005,5.3863325,-0.47473833,-1.5887691,0.2860732,-0.8408808,-2.2272027,0.6339419,-4.302075,-0.30837637,-0.2902122,0.09834202,378,seg_4a6s,CD
-0.9411899,-5.017801,-2.4991493,-0.35309824,5.514532,-0.68254495,-1.5377647,0.3037302,-0.93581694,-2.6008956,0.6949847,-4.417119,-0.20389791,-0.30861014,-0.07246649,378,seg_6a8s,CD
-0.8167187,-5.023333,-3.4366274,-0.73591214,5.0215955,-0.96481204,-1.0981342,0.38022,-2.0111017,-2.970278,0.5110778,-4.733942,-0.99213314,-0.22817568,-0.72277594,378,seg_8a10s,CD
-0.7085121,-4.0956287,-3.0162778,-2.141136,2.0188668,-0.71501625,0.039889075,0.6064769,1.0203141,-3.1947916,0.2093566,-2.6518428,-0.5958525,-0.37108278,-0.2636308,379,seg_0a2s,NORM
-0.7416849,-3.7108922,-2.623457,-2.1628542,2.0723345,-0.61159205,0.20034286,0.43865192,1.1708021,-3.0844646,0.041630246,-2.4025784,-0.58248144,-0.38418067,-0.29630512,379,seg_2a4s,NORM
-0.1275002,-3.265571,-2.836331,-1.8660228,3.3869488,-0.7769147,-0.0020194948,0.87376285,0.6436574,-3.311857,-0.51006573,-2.6217737,-0.37995094,0.5475903,-0.22502306,379,seg_4a6s,NORM
-0.35566294,-3.5259073,-2.4341435,-1.9911664,2.327355,-0.4529483,-0.051841386,0.012891829,1.4374015,-3.2735732,0.09797136,-2.2466803,-0.2545013,-0.3185249,-0.016849697,379,seg_6a8s,NORM
-0.28346634,-3.603799,-2.5024142,-2.1547868,2.504668,-0.59080493,-0.18085027,-0.1396055,1.5,-3.0586903,-0.042121183,-2.3694847,-0.46531445,-0.3227582,-0.06778067,379,seg_8a10s,NORM
-1.3024725,-3.0803182,-4.324812,-0.71178204,5.3622465,0.88755083,-1.2496854,2.4506967,-1.4704537,-6.6397047,1.4519503,-3.9646416,-0.9501095,-0.17214946,-1.1221173,380,seg_0a2s,MI
-2.319499,-3.6194615,-3.8393998,-0.28050202,5.4349575,1.0164543,-1.3565403,2.9304414,-1.091006,-5.723402,1.2813796,-3.8698604,-0.91426235,-0.25440627,-0.7239286,380,seg_2a4s,MI
-2.2787144,-2.7086911,-4.269407,0.6121831,5.1506505,0.7393666,-0.43893567,3.961155,-1.9481268,-5.4766984,1.294622,-3.7024527,-0.79250807,0.053562827,-1.2481518,380,seg_4a6s,MI
-3.086369,-4.0405955,-3.4515185,-0.24051487,5.385503,1.241173,-0.9304376,3.6115265,-0.96248394,-5.3045793,0.8717701,-3.9307747,-0.89835715,-0.17588796,-0.35136208,380,seg_6a8s,MI
-2.01029,-3.307986,-3.663806,-0.186091,5.1990185,0.8989707,-1.2794967,2.857529,-1.1519704,-5.6744614,1.5054922,-3.7161438,-0.75402147,-0.3763811,-0.77084947,380,seg_8a10s,MI
0.3878284,-2.5657399,-3.7371955,-1.4949732,3.6896682,-0.10870132,-1.2631902,0.13308057,-0.83734053,-5.8182487,1.3553717,-4.3841963,-1.7486031,-0.39745742,-0.5453237,381,seg_0a2s,NORM
0.3208574,-3.0645556,-3.5272722,-0.76656556,4.116629,-0.5347874,-2.2971244,0.56975156,-0.77292013,-6.0878725,2.508899,-4.9023395,-1.5254289,-0.7639998,-0.6820965,381,seg_2a4s,NORM
-1.0274378,-2.5865066,-3.990872,-0.52503884,2.026434,-0.16944304,-0.1768672,1.6322523,-1.2203658,-4.9895782,2.2396924,-4.0178313,-1.511709,-1.027545,-0.578007,381,seg_4a6s,NORM
0.18211834,-2.6378615,-3.4420414,-0.85047704,3.905127,-0.5763595,-2.2545083,0.6611369,-0.662511,-5.617708,2.5511298,-4.5794935,-1.5969965,-0.9117497,-0.6058606,381,seg_6a8s,NORM
-1.6070312,-2.686608,-3.532761,-1.6192408,4.1192713,0.5019076,0.21299028,2.241431,-1.8075213,-4.6776195,-1.171067,-4.713011,-2.9466076,0.96681887,-0.6278646,381,seg_8a10s,NORM
0.008940831,-4.061978,-1.8028727,-1.6235409,5.8271446,-0.87841856,-2.1152663,1.0965089,-0.95890695,-5.0691323,2.6010315,-4.663952,0.027875565,-1.4448727,-0.5760237,383,seg_0a2s,MI
-0.81384087,-3.4128964,-1.3205745,-0.4023332,4.396848,-0.6421802,-1.7301394,1.3313204,-0.29844674,-3.6132262,3.0624118,-3.9043179,0.111964315,-2.0255644,-0.60498214,383,seg_2a4s,MI
0.07911493,-3.9426634,-1.8370231,-1.7039447,5.7204533,-0.793584,-2.0053551,1.0577366,-1.0731685,-5.0653286,2.4846318,-4.504602,0.028299473,-1.4153017,-0.50384307,383,seg_4a6s,MI
-0.9198407,-3.3605077,-1.4133729,-0.49206948,4.52399,-0.5188682,-1.6351577,1.306962,-0.3903981,-3.6628122,3.0075874,-4.022425,0.11040752,-1.9906237,-0.7363775,383,seg_6a8s,MI
0.030499637,-4.0201783,-2.0661385,-1.7794583,5.7221055,-0.91339946,-2.0421622,1.1005132,-1.114104,-4.9750113,2.4742303,-4.639634,-0.20194578,-1.4510876,-0.5024334,383,seg_8a10s,MI
-0.6945794,-3.981983,-2.277512,-1.5003943,4.0408874,-0.67397296,-0.8779123,2.0618382,-2.354285,-6.7782683,2.406437,-2.8464658,-0.12976612,-1.2315706,-0.5408428,384,seg_0a2s,NORM
-1.0598469,-4.1387935,-2.463037,-1.3231351,4.1505046,-0.5859935,-1.0870905,2.1564698,-2.446405,-6.7362175,2.5822017,-3.0260172,-0.28342766,-1.3134526,-0.76002276,384,seg_2a4s,NORM
-0.8935136,-3.978908,-2.3891673,-1.5039389,4.0406327,-0.61885726,-0.7949662,2.1601377,-2.4665332,-6.790535,2.4104025,-2.9346864,-0.2581006,-1.2668417,-0.6398827,384,seg_4a6s,NORM
-1.0858083,-4.174962,-2.4919176,-1.3557651,3.969835,-0.60105574,-0.9123275,2.3743317,-2.6930635,-6.8429904,2.6209636,-2.8935761,-0.25746623,-1.3641891,-0.7987802,384,seg_6a8s,NORM
-0.9402403,-4.142261,-2.3722796,-1.4540384,4.129779,-0.63026845,-0.8483202,2.3773615,-2.5364325,-6.897162,2.5300167,-3.0296712,-0.23073612,-1.3375134,-0.61379397,384,seg_8a10s,NORM
-1.2630582,-5.356881,-5.564497,-2.6177237,7.081252,-2.964262,0.4193255,7.74307,-5.241168,-9.266286,2.3764706,-6.4974937,-1.4406923,-0.19812445,3.824947,386,seg_0a2s,HYP
-1.2293148,-4.727464,-5.1886234,-2.1205072,6.814035,-2.917016,0.09921885,6.918264,-4.643419,-8.45805,2.5231333,-5.83109,-1.3555434,-0.45131546,3.5842845,386,seg_2a4s,HYP
-1.7310063,-5.1540976,-4.7573047,-2.1276567,7.5119114,-2.8106105,-0.14375703,7.519779,-4.6997814,-8.142298,2.6565018,-6.64474,-1.3911515,-0.607957,3.8500671,386,seg_4a6s,HYP
-0.9662643,-5.2706704,-5.527164,-2.644087,7.2573023,-2.9389763,0.19863886,7.3502264,-5.2344265,-9.455566,2.2555144,-6.21999,-1.3538858,-0.077059895,3.9655478,386,seg_6a8s,HYP
-2.368398,-6.451227,-5.3206778,-3.5776348,7.1131372,-2.7266736,0.15419984,7.1844273,-4.624892,-9.381148,2.1507387,-6.9306097,-1.7644855,-0.34368843,4.510984,386,seg_8a10s,HYP
-0.8790809,-3.9562407,-1.2777756,-0.94885725,4.1508293,-0.79263103,0.18959168,1.471162,-0.38095754,-3.0814703,-0.4479551,-3.3928227,-1.1395324,-0.3548054,-0.39765427,387,seg_0a2s,NORM
-0.19697882,-3.7127013,-1.6733452,-1.2318175,4.0405927,-1.2783198,0.6169466,1.1903522,-0.7420665,-3.7780213,-0.47431523,-3.572295,-1.2786533,-0.1957119,-0.5486522,387,seg_2a4s,NORM
-0.900518,-4.178026,-0.9647238,-0.59243906,4.1365757,-0.74568105,0.48640105,1.2808051,-0.34783846,-3.1701798,-0.46224162,-3.3718643,-0.746207,-0.3170488,-0.27807006,387,seg_4a6s,NORM
-0.9648502,-3.921101,-0.9176941,-0.5637595,3.830845,-0.94767964,0.28638253,1.5607706,-0.27445456,-2.8594005,-0.22673184,-3.2959652,-0.99596053,-0.45472604,-0.53104424,387,seg_6a8s,NORM
-0.71143895,-3.9461772,-1.7736123,-1.4350939,2.1837304,-1.1123947,1.0013314,0.83597374,-0.22180009,-3.5674894,0.3360781,-3.2371511,-1.2374259,-1.0899683,-0.58120084,387,seg_8a10s,NORM
-0.74529856,-3.6243887,-3.6959906,-1.8399651,4.794251,-0.27572253,1.3126028,2.6237514,-0.6014846,-5.5929937,0.589608,-3.8538544,0.3261817,-0.29286504,-0.3278276,388,seg_0a2s,STTC
-0.9087342,-4.2714567,-3.8051934,-1.8452542,4.7792835,-0.80793107,1.4312192,3.280985,-0.21804333,-5.6177945,0.77395815,-4.360636,0.1623426,-0.45633638,-0.06470348,388,seg_2a4s,STTC
-1.4319682,-4.05009,-3.1187763,-1.1640439,4.4937897,0.026299238,1.2303478,3.1196144,-0.0459909,-4.78636,0.54989976,-3.7184217,0.42787194,-0.47512722,0.07566331,388,seg_4a6s,STTC
-0.94316983,-4.1333146,-3.6524277,-1.8058193,4.948681,-0.5657791,1.2660335,3.0632834,-0.35572675,-5.6133947,0.8531747,-4.159067,0.5399997,-0.36766618,-0.2108078,388,seg_6a8s,STTC
-0.877311,-4.5746183,-4.0019593,-2.0716138,4.9453764,-1.0722593,1.6610286,3.5463133,-0.029212132,-5.8151035,0.8367452,-4.5013504,0.4283728,-0.4738487,-0.0065285265,388,seg_8a10s,STTC
-0.9153989,-1.6186237,-2.7275167,-1.0065451,3.7452784,0.6000246,0.36304888,1.3395358,-0.818011,-2.241073,0.06036997,-3.6925979,-0.70361793,-0.12575291,1.0226169,389,seg_0a2s,NORM
0.038370207,-1.6303321,-2.2313929,-0.5297614,3.329497,-0.21355817,0.2969337,1.4801605,-0.7695791,-3.4743621,0.84884936,-3.7957747,-0.3095348,-0.03474863,0.4325427,389,seg_2a4s,NORM
-1.0696962,-1.9843469,-1.8839358,-0.22099406,3.2274392,0.16773398,0.6185903,2.028691,-0.40179545,-2.5690958,0.5802653,-3.794272,-0.25002867,-0.16394351,0.8256881,389,seg_4a6s,NORM
-0.4834823,-1.7204516,-2.1134095,-0.7527487,1.8591137,0.085729405,0.8501041,0.7791456,-0.26602757,-3.3431733,1.3698682,-3.4466774,-0.30507356,-0.90690804,0.47405136,389,seg_6a8s,NORM
0.110736385,-1.7643006,-2.5301166,-0.85510194,3.3178027,-0.25349244,0.47588387,1.6402407,-0.805218,-3.545518,0.7002087,-4.09337,-0.3246203,0.14470121,0.56311,389,seg_8a10s,NORM
-0.6561001,-2.8816605,-2.2105813,-1.6806822,4.658181,-0.31919536,-1.5505925,2.3291442,0.3376379,-2.8924406,0.4610587,-4.1197844,-0.80359644,0.23833546,0.99351394,390,seg_0a2s,CD
-0.39439285,-2.6077187,-3.4064584,-2.4435859,2.0002577,-0.25742915,0.046903707,1.7921929,-0.48806834,-3.751432,0.8959683,-4.197441,-1.3711263,-0.23910056,0.31687725,390,seg_2a4s,CD
0.5100839,-2.6103764,-2.9939036,-2.7585263,3.1225274,-0.45464608,-1.0019379,0.9867673,0.051941164,-4.019645,0.8168569,-4.1112323,-1.1543875,-0.1425008,0.67062867,390,seg_4a6s,CD
0.291129,-2.8779154,-3.073607,-2.6992004,3.1534324,-0.5458822,-1.0402236,1.3387566,-0.06038949,-4.2985196,1.033138,-4.4288173,-1.1585115,-0.08298232,0.5152451,390,seg_6a8s,CD
0.39020807,-2.6347659,-2.7469888,-2.3877885,3.1858847,-0.49824265,-1.5497863,1.1248062,0.46135762,-3.7829413,1.2828124,-3.9531612,-0.95790404,-0.3712942,0.7023206,390,seg_8a10s,CD
-0.23478,-3.3298633,-4.6225204,-2.2619019,4.773226,-1.3068465,0.7295554,2.5051742,-0.43778086,-3.2904394,-0.52011615,-3.9344192,-0.24761012,0.81132233,-0.5808004,391,seg_0a2s,NORM
-0.91972405,-3.8122876,-4.3648605,-2.3455286,3.2720737,-1.063356,1.209886,2.1975973,0.047652252,-3.2338479,0.07699411,-3.787228,-0.25215226,-0.022651136,-0.4606401,391,seg_2a4s,NORM
-0.9663747,-3.6677725,-4.1867704,-2.3813057,3.392773,-0.92481554,1.1562891,2.1121,0.06767377,-3.0752115,-0.08698209,-3.6545181,-0.29666847,-0.007653177,-0.38987693,391,seg_4a6s,NORM
-0.24925013,-3.2241678,-4.1107793,-1.938185,4.381683,-1.2935385,0.80319566,2.5123868,-0.17474332,-3.1467032,-0.44296068,-3.5572646,-0.09340634,0.7238545,-0.67729294,391,seg_6a8s,NORM
-0.86168015,-4.047129,-4.317666,-2.424303,3.573491,-1.1642448,0.9839977,2.1670885,-0.2292459,-3.3711102,0.094651826,-3.7707503,-0.33283633,-0.10830979,-0.6199173,391,seg_8a10s,NORM
0.03429143,-2.8400939,-2.3395815,-0.67342,3.3262534,-0.25730523,-0.12936889,0.26306707,0.2187773,-2.7188306,0.015417725,-2.8136082,-0.21288286,0.06385654,-0.70673597,392,seg_0a2s,NORM
-0.95970523,-3.1645784,-1.9932282,-0.4469806,3.0176444,0.17767878,0.075641654,0.8211565,0.68523926,-1.9680262,-0.49808937,-2.3689253,-0.21439144,0.09065096,-0.12666026,392,seg_2a4s,NORM
-0.058159277,-2.718162,-2.2086544,-0.71032095,3.314344,-0.05038601,-0.30800217,0.26215243,0.40947875,-2.5093331,-0.14601308,-2.4159088,-0.18909258,0.06746604,-0.50966537,392,seg_4a6s,NORM
-0.7181438,-3.0302837,-2.2084765,-0.3386189,2.946065,0.16662826,0.16924343,0.72271395,0.27031264,-2.1123245,-0.254275,-2.4984102,-0.20035627,-0.06236501,-0.20313212,392,seg_6a8s,NORM
-0.67127556,-3.1376338,-2.4267545,-0.9756493,1.3550211,0.02082923,0.818359,0.07553586,0.7004133,-2.6266127,0.42018688,-2.5304854,-0.1903485,-0.6638033,-0.59691393,392,seg_8a10s,NORM
-0.19693221,-3.4520614,-2.082631,-2.2018368,2.8521037,-0.9834858,0.022940882,-0.027829885,0.17378694,-3.4546812,-0.29020667,-2.7405193,-1.8581159,-0.8650404,-0.31192815,393,seg_0a2s,NORM
-0.41605288,-3.616758,-1.4158059,-1.3409078,2.5147069,-0.9056778,0.45412615,0.66563976,0.1790281,-4.3672624,0.49617842,-2.6286683,-0.96088976,-0.9297738,-0.45560876,393,seg_2a4s,NORM
-0.2243827,-3.5659497,-2.129406,-1.8142936,4.1965857,-0.96934485,0.089222886,1.2847868,-0.21117133,-4.1076694,-0.68953,-3.0551717,-1.3057944,0.086476594,-0.12786958,393,seg_4a6s,NORM
-0.6951822,-3.7431674,-1.143705,-0.7555367,4.160596,-0.87396514,-0.20620796,1.5944941,0.10558784,-3.7333057,-0.0428565,-2.929596,-0.8274861,-0.2637915,-0.24256846,393,seg_6a8s,NORM
-0.9035575,-3.5293128,-1.4164656,-0.7513032,3.4423406,-0.7832315,0.41731218,1.9647667,-0.113542855,-3.5592833,-0.19485742,-2.8832872,-0.9235796,-0.19749172,-0.17763937,393,seg_8a10s,NORM
-0.016482756,-4.2662816,-2.7595625,-0.736181,2.9213674,-0.99166656,-1.5221634,-0.84232205,0.18943566,-2.978868,1.2606181,-2.7963488,-0.6223898,-1.0679021,0.21939659,394,seg_0a2s,NORM
-0.048509046,-4.088053,-2.891913,-0.79244435,2.6277702,-0.84294474,-1.3742896,-0.8859639,0.19622824,-2.8101184,1.0416412,-2.6651256,-0.8766293,-1.0263085,-0.08559829,394,seg_2a4s,NORM
0.1762624,-4.088128,-2.591899,-0.7332371,3.1959698,-0.79777,-1.7420259,-1.1401578,0.47046092,-2.962334,1.1637621,-2.7976267,-0.53366053,-1.0054213,0.26945364,394,seg_4a6s,NORM
-0.34737635,-4.032722,-2.9388833,-0.7088719,2.5507429,-0.66114664,-0.9756635,-0.56500494,0.0014373362,-2.8811927,1.1094803,-2.7422519,-0.7801084,-1.1249006,-0.07422054,394,seg_6a8s,NORM
0.9264488,-4.9903927,-4.046951,-2.329103,4.6209683,-1.3743821,-1.2421093,-1.2990651,-0.7260052,-4.683126,0.3470652,-3.6716077,-0.98230314,-0.5457375,0.33526817,394,seg_8a10s,NORM
-1.5302875,-4.3169823,-2.9339752,-0.14594954,4.191703,-0.11970943,-0.226556,0.4366454,-0.9349806,-2.015885,-0.33430418,-3.5630846,-0.6588819,-0.10763852,0.35148734,395,seg_0a2s,NORM
-0.6200673,-3.717028,-3.8909554,-0.34875977,4.2724833,-0.51510215,-0.67901725,-0.27135554,-1.0899017,-2.499774,0.41291547,-3.8071368,-0.75075155,-0.27505487,-0.110245615,395,seg_2a4s,NORM
-1.434659,-4.0483246,-3.2110047,-0.09138708,4.1287127,-0.13340232,-0.20552203,0.21588904,-0.8563435,-2.284418,-0.03392286,-3.5613294,-0.53439564,-0.14232631,0.41213363,395,seg_4a6s,NORM
-0.4173486,-3.3878944,-3.8279462,-0.241299,3.9518967,-0.5125252,-0.526042,-0.35439128,-1.3101394,-2.8273222,0.5354641,-3.581919,-0.7231469,-0.2571637,-0.23454273,395,seg_6a8s,NORM
-2.0520582,-4.514924,-3.6221619,-0.37308672,4.7366214,0.012221873,-0.44229114,0.4484223,-1.0399334,-1.9147332,-0.40913218,-3.8931737,-1.0140705,-0.2289382,0.5143335,395,seg_8a10s,NORM
-1.1710635,-4.7571325,-2.3148756,-1.5456641,4.6422997,-1.3627806,-1.0336595,2.1752162,-0.49081773,-2.42617,-0.27491102,-5.736316,-1.8790816,0.65012616,0.25456256,396,seg_0a2s,NORM
-0.017945662,-3.6914747,-2.3037848,-1.3474698,2.7415001,-1.6948767,-1.5546924,0.21905309,0.04224372,-2.184336,1.5493375,-4.705858,-1.6429889,-0.82502306,-0.4277397,396,seg_2a4s,NORM
-0.6379626,-4.8470573,-3.0852237,-1.5659943,4.3180184,-1.6676109,-1.0464536,1.9310465,-1.1647937,-3.244518,-0.0765128,-5.4228616,-2.0522869,0.58532155,-0.023351192,396,seg_4a6s,NORM
-0.15368375,-4.1904726,-2.9088364,-1.8814583,2.8356562,-1.8785174,-0.96477574,0.6772951,-0.25384012,-2.921937,1.2088414,-5.4393044,-1.9362735,-0.45495218,-0.33622238,396,seg_6a8s,NORM
0.10932557,-3.9439945,-2.5823746,-1.8015594,3.0482059,-1.8404,-1.4006518,0.12664181,-0.03436412,-2.8322833,1.1646361,-5.2363424,-1.8117193,-0.32283467,-0.41105166,396,seg_8a10s,NORM
-0.43566135,-4.942239,-1.5443875,-0.798064,3.1704514,-0.83781826,1.270309,-0.45194778,0.08856042,-4.431055,0.048413835,-2.9585545,-0.19479468,-1.036899,-0.0012228936,397,seg_0a2s,NORM
0.40282828,-4.51444,-1.736787,-0.6070252,4.6653934,-1.218243,0.9894607,-0.21081603,-0.44578445,-4.7638483,-0.37515163,-3.0976872,-0.061536334,-0.36870956,-0.14857474,397,seg_2a4s,NORM
-1.1005818,-5.2796354,-1.4246178,-0.48797303,4.8131456,-0.6389487,1.1657152,0.8587501,-0.24311134,-4.1114206,-0.8273582,-3.2806644,-0.059122525,-0.28442192,0.35967392,397,seg_4a6s,NORM
-0.6323355,-5.028472,-1.779575,-0.88462025,2.9302635,-0.7457315,1.5597736,-0.20870394,0.008418724,-4.4334726,-0.10056028,-2.9576008,-0.27278137,-1.022003,0.048015192,397,seg_6a8s,NORM
-0.1252241,-4.8984284,-1.3473479,-0.8496675,3.601813,-0.8100507,0.9087329,-0.7522921,0.32441127,-4.6080523,0.06342489,-2.960169,-0.045290794,-1.005687,0.090099886,397,seg_8a10s,NORM
-0.7656834,-4.2254076,-3.6042924,-2.040863,2.2949016,-1.0183265,-0.37393814,0.27927834,0.24444789,-2.2666442,0.72129285,-2.8764527,-0.67957777,-0.9464805,-0.10150656,398,seg_0a2s,NORM
-0.60162693,-4.2068563,-3.6714401,-1.6794722,3.6733758,-1.0738236,-0.9616164,1.2041787,-0.1540595,-1.9729365,0.12330107,-3.444906,-0.8652762,-0.11012338,-0.32981327,398,seg_2a4s,NORM
-0.7664436,-3.8997636,-3.6745262,-1.5525746,3.2485592,-0.96983576,-0.2976922,1.3629562,-0.18537635,-2.061386,0.21904907,-3.4400558,-0.6109084,-0.10626264,-0.41098318,398,seg_4a6s,NORM
-0.7721673,-4.1704926,-3.7864108,-1.4804902,3.3992941,-1.0768509,-0.72889024,1.3722048,-0.11889833,-2.0044708,0.31685933,-3.5008798,-0.7288591,-0.12130426,-0.46090207,398,seg_6a8s,NORM
-2.0485425,-4.421786,-3.3767185,-1.2935596,3.1875188,-0.41795704,0.09988981,2.300399,0.08745645,-1.7618688,-0.0563105,-3.5606349,-0.4234159,0.027389273,-0.1765624,398,seg_8a10s,NORM
-0.68050957,-2.5846667,-2.2111783,-0.43933445,4.3482394,-0.30315468,-0.17611356,2.8758755,-2.3412101,-5.2509866,1.6588346,-4.475026,-0.80256736,-0.43604612,-0.78003716,399,seg_0a2s,NORM
-2.0531592,-3.0171218,-1.6374811,0.1949746,4.0965366,0.027751297,-0.03394846,3.5798519,-1.7416339,-4.1111593,1.4315568,-4.3395514,-0.84228474,-0.55811167,-0.48740664,399,seg_2a4s,NORM
-0.6737886,-2.4334326,-2.8594975,-0.96717113,4.5506616,-0.07489702,-0.12214378,2.5801392,-2.611411,-5.1251974,1.2514148,-4.4915147,-1.1229408,-0.3273061,-0.71381676,399,seg_4a6s,NORM
-0.6779685,-2.6124227,-2.1724682,-0.30262482,4.180925,-0.31135634,-0.07182701,3.0251946,-2.2770693,-5.2928476,1.8185924,-4.4678717,-0.6219203,-0.4929936,-0.6677427,399,seg_6a8s,NORM
-1.6101526,-2.7297869,-1.9421501,-0.35967416,4.4838195,0.21543768,-0.1437575,3.0733666,-1.8414321,-3.990752,1.0568372,-4.246719,-0.8914905,-0.46804345,-0.14401394,399,seg_8a10s,NORM
-0.21121271,-3.0098557,-3.49714,-0.3120349,2.6244109,0.0067265034,-0.9543357,0.06683239,-0.43637747,-2.6084945,0.22864062,-0.9449183,-0.0825609,-0.19264804,0.41654992,400,seg_0a2s,STTC
-1.3897179,-4.0809956,-2.3935313,-0.10344678,3.3248801,0.30603376,-0.900179,0.84898126,0.36449605,-2.026702,-0.39143336,-1.129877,0.26079106,0.019677147,1.141066,400,seg_2a4s,STTC
-0.39114675,-3.0941205,-2.81714,-0.1873183,2.6935985,0.206715,-1.0931225,-0.12658162,0.21373081,-1.9690431,-0.09695791,-0.73543155,0.12920748,-0.07380487,0.6165307,400,seg_4a6s,STTC
0.24081515,-2.9146683,-3.1380324,-0.32534128,2.6526666,-0.18193722,-1.0369037,-0.42402202,-0.03699264,-2.5461504,0.18589929,-0.7879331,0.07253559,-0.17668305,0.3414904,400,seg_6a8s,STTC
-0.98309714,-3.4501445,-2.902388,-0.27218553,2.7185352,0.26316044,-0.9434201,0.36085063,0.15144975,-1.87329,-0.41294637,-0.8880569,-0.24815139,-0.059888393,0.70972633,400,seg_8a10s,STTC
0.22038956,-3.043086,-2.4455013,-1.3521063,2.1458912,-0.2204316,-0.48535177,-0.9180673,0.24017996,-3.20126,0.40982875,-2.2459352,-0.1918529,-0.239655,-0.020073876,401,seg_0a2s,NORM
-0.19934264,-3.0576096,-1.5576446,-0.41170478,3.5112007,0.05950205,-0.9989087,-0.18442816,0.54765856,-2.3833897,-0.2608232,-2.0912085,0.21494372,0.42742068,0.229821,401,seg_2a4s,NORM
0.009203866,-2.8880036,-3.188599,-1.9998851,3.0643485,0.13952711,-0.81588566,-1.3933583,0.08035968,-2.5227182,-0.18867594,-2.4899476,-1.0275769,-0.49165475,0.20498458,401,seg_4a6s,NORM
0.44455743,-3.0979319,-1.879783,-1.0884285,2.6289434,-0.2119998,-1.234376,-1.3489349,0.763184,-2.8747334,0.6261453,-2.141884,0.02887842,-0.4314375,-0.03338094,401,seg_6a8s,NORM
-0.013053164,-2.7149198,-2.3860297,-1.2898932,2.411154,0.20926818,-0.7276892,-1.2677115,0.28887135,-2.3272383,0.1422477,-2.1734655,-0.57633656,-0.48847187,0.11711536,401,seg_8a10s,NORM
-0.1591773,-4.0244894,-4.011913,-4.602868,4.733564,-0.85539556,0.1010348,1.5628614,-1.206887,-4.0206003,-0.34702832,-6.000589,-2.1957774,-0.21085678,0.33760607,402,seg_0a2s,NORM
-0.5508671,-4.089158,-2.295137,-2.6599755,3.9061682,-0.85134816,1.2018421,2.2319236,-0.83602285,-5.1452475,0.8295888,-5.647712,-0.6572669,-0.48517764,-0.05733615,402,seg_2a4s,NORM
0.22607787,-3.3986359,-3.9753218,-3.982531,5.8364887,-0.6767043,0.53971434,2.7427285,-2.033689,-5.2392874,-0.21503541,-5.6198673,-1.1887938,0.31056792,0.48269278,402,seg_4a6s,NORM
-1.2201707,-4.600045,-2.7849503,-2.933362,5.5419965,-0.55451953,0.7355449,3.869278,-1.1964533,-4.5320883,-0.108160116,-6.162063,-0.6808449,0.41139752,0.60582966,402,seg_6a8s,NORM
-0.0027936846,-4.3189273,-2.4845695,-3.2585917,4.7172766,-0.68485487,0.69927615,1.8417132,-0.91218275,-5.9889073,0.47612497,-5.8811746,-0.70005745,-0.10860579,0.04598546,402,seg_8a10s,NORM
-1.4353125,-5.6377892,-3.9035988,-2.4117455,2.905225,-2.2531724,0.36416832,1.9237356,-0.32326353,-3.240418,0.8650064,-5.1508217,-2.1800358,-1.3617964,-0.7164941,403,seg_0a2s,NORM
-0.30059183,-5.0553985,-3.601388,-2.332613,4.842669,-2.219252,-0.7978231,1.6596017,-0.8865666,-2.87824,0.0573913,-4.707854,-2.0361402,-0.6121122,-0.2233279,403,seg_2a4s,NORM
-0.7306115,-5.2583804,-2.9923553,-2.2439187,2.8596277,-1.8591971,-0.22895831,1.0021088,-0.32648,-3.0690706,0.45884714,-3.6309035,-1.769117,-1.2923669,-0.07660687,403,seg_4a6s,NORM
-0.18652546,-4.816336,-3.0352812,-2.0299814,3.9539938,-1.9836001,-0.30395383,1.41305,-1.1026249,-3.1105473,-0.33025298,-3.4437013,-1.7458826,-0.5123366,-0.44472727,403,seg_6a8s,NORM
-0.21487288,-4.8956537,-3.5800252,-2.543161,4.5608172,-2.2058983,-0.39516896,1.693426,-1.3774352,-3.0133762,-0.21286616,-4.438219,-2.129717,-0.57771516,-0.39963356,403,seg_8a10s,NORM
-1.1759301,-2.4283054,-2.760322,-0.21621099,3.881929,0.74974066,-0.9673184,1.6945968,-0.41120386,-3.213204,1.0388485,-3.4977367,0.070187315,0.13615446,0.29762238,404,seg_0a2s,NORM
-0.2660318,-2.4354587,-3.1019316,-1.0244405,3.015362,0.33210063,-1.1072317,0.23741621,-0.08993301,-4.2805204,1.8368701,-3.4417064,-0.038463235,-0.54724634,0.05880799,404,seg_2a4s,NORM
-0.07402252,-2.5351498,-3.1183772,-1.1068175,3.3117583,0.3742511,-1.2828628,0.13389146,-0.06298752,-4.466474,1.8259658,-3.5214193,0.04092083,-0.52927923,0.10905187,404,seg_4a6s,NORM
-0.18247607,-2.2932017,-2.9046097,-0.98606986,2.9923456,0.40501383,-1.081552,-0.04892637,-0.17045629,-4.0583944,1.6754582,-3.2580023,-0.007934831,-0.51973873,0.15648298,404,seg_6a8s,NORM
-0.08187789,-2.6469173,-3.4070406,-1.045495,3.158131,0.23977044,-0.900742,0.48035938,0.07490761,-4.645563,1.8407744,-3.788685,-0.22016929,-0.71647733,0.22405395,404,seg_8a10s,NORM
0.47488278,-2.7131095,-2.3973703,-2.1841545,4.689593,-1.8235061,-0.4710074,0.8061913,-1.6757276,-3.7633388,-0.11080222,-4.7811823,-2.3564825,0.17840031,-0.90364003,405,seg_0a2s,NORM
-1.1440068,-3.3018014,-1.5528775,-1.4266286,5.1130953,-0.95516217,-0.18721214,1.6607134,-1.3662045,-3.3287735,-0.39136434,-4.948818,-1.959105,0.27656212,-0.71996236,405,seg_2a4s,NORM
-0.9087871,-3.4141083,-1.7945247,-1.8331454,5.09026,-1.146496,-0.4264608,1.6263918,-1.291132,-2.9010885,-0.5878556,-4.9972906,-2.2826424,0.21963632,-0.3594478,405,seg_4a6s,NORM
-0.13144985,-2.9887655,-2.160791,-2.0823886,3.0812957,-1.4834442,0.23694748,0.23772204,-1.2406805,-4.2676406,0.5765142,-4.2626057,-2.0499153,-0.5912312,-1.0930789,405,seg_6a8s,NORM
-0.24958658,-3.1187394,-2.3440251,-2.3210292,3.1188211,-1.5853025,0.32767633,0.3656488,-1.2507353,-3.736252,0.48359933,-4.6185794,-2.21787,-0.6897055,-0.9923488,405,seg_8a10s,NORM
-0.21118785,-2.2942622,-1.8185506,-1.167635,4.509515,-0.20109114,-1.1980053,1.8461797,-0.9475457,-2.4277802,0.763602,-4.00495,-0.7454277,-0.32297754,1.0355709,406,seg_0a2s,NORM
-0.21816222,-2.227096,-1.3747927,-0.6376019,4.0502353,-0.48080477,-1.116054,2.104482,-0.791312,-2.3303046,1.0603515,-3.9155178,-0.6813725,-0.40367043,0.9465697,406,seg_2a4s,NORM
-0.66702694,-1.7782817,-1.5879714,-0.10765113,3.0037405,-0.31547585,-0.7423364,2.0928285,-0.6700926,-1.5964276,1.4965912,-3.4229789,-0.5446047,-0.78337175,0.5146825,406,seg_4a6s,NORM
0.3344171,-1.9967008,-1.8632704,-1.5313003,2.8983798,-0.4059238,-0.8607297,0.52906454,-0.73747814,-2.789405,1.4709537,-3.7310102,-0.9203785,-1.0582393,0.72984767,406,seg_6a8s,NORM
0.49564356,-2.048457,-1.8463941,-1.587456,2.8158035,-0.6474594,-0.6596567,0.6818058,-0.59489906,-3.0370638,1.561098,-3.722568,-0.7611539,-1.06268,0.68498087,406,seg_8a10s,NORM
-0.34830433,-2.568297,-2.9765162,-0.8749908,2.4511228,-0.29627338,-0.35339352,0.0048441887,-0.6945748,-5.1046047,1.7555953,-2.6150365,0.5051354,-0.23118572,1.6958188,407,seg_0a2s,MI
-1.4505446,-2.0048685,-3.2002811,0.326513,2.0723093,0.5946428,0.9538603,2.0429754,-1.4799671,-3.763493,0.8240201,-2.4266312,0.1995912,0.15885143,1.1130607,407,seg_2a4s,MI
0.11124791,-2.1444688,-3.0423641,-0.6623616,2.337332,0.27216107,-0.08388272,-0.1799647,-0.39241546,-4.7943506,1.627419,-2.422024,0.5588001,-0.58666354,1.0347936,407,seg_4a6s,MI
0.0741422,-2.0190463,-3.0962515,-0.59658355,2.2335954,0.3302064,-0.036475778,-0.22572522,-0.47483164,-4.7372313,1.6879337,-2.2673857,0.5895664,-0.6558698,0.91522217,407,seg_6a8s,MI
0.029105991,-2.3712602,-3.382,-1.0456378,2.5156178,-0.15107429,0.09748287,-0.113162875,-0.73791766,-5.291589,1.8336918,-2.362058,0.8827839,-0.5180234,1.1072707,407,seg_8a10s,MI
-1.3866904,-2.4057148,-3.6700897,-0.31115505,4.7945004,0.059049234,-0.35552028,3.6302779,-2.1404195,-5.122479,0.4209653,-3.9658866,-1.3269889,0.7975138,-0.38258055,408,seg_0a2s,STTC
-1.6002166,-2.4966898,-3.696052,-0.06453174,4.495925,-0.08498165,-0.30336514,3.6361258,-1.7086518,-5.037918,0.51959944,-3.9636736,-1.3234867,0.8233587,-0.43556568,408,seg_2a4s,STTC
-1.9041977,-2.566861,-3.3843012,-0.079845294,4.7004356,0.008482546,-0.25845745,3.689098,-2.0540287,-5.060629,0.49066445,-3.9675775,-1.2315189,0.8378175,-0.52208686,408,seg_4a6s,STTC
-1.0045624,-2.4346526,-3.1587381,-0.66742325,3.0739872,-0.30158105,0.4615173,2.8248353,-1.9280224,-5.334888,1.0268677,-3.8014085,-1.1964587,0.062085398,-0.2728448,408,seg_6a8s,STTC
-0.9325706,-2.4662807,-3.3001857,-0.7734258,3.0284925,-0.15033406,0.22792923,2.610818,-1.5474215,-5.001499,0.83780104,-3.4771965,-1.1100497,0.13712056,-0.14794287,408,seg_8a10s,STTC
-2.709609,-2.8705394,-4.56405,-1.7042139,5.928513,1.4713959,2.0949004,1.6835572,-2.3419316,-5.425476,0.9504466,-7.022764,0.12223582,0.018906206,-1.9967135,409,seg_0a2s,MI
-2.3414626,-2.651589,-3.8446655,-0.87922436,5.0081663,0.8903458,2.65621,1.6325188,-1.3857424,-4.504411,1.1711487,-6.891611,0.85145235,0.027859397,-1.5050697,409,seg_2a4s,MI
-2.3112922,-2.5309656,-3.483552,0.19869506,5.949591,0.45131522,2.369318,2.6198058,-1.422015,-3.9343753,1.1833062,-6.901922,1.4241984,0.46645647,-1.4702188,409,seg_4a6s,MI
-1.6165777,-2.4168127,-3.871409,-0.14326955,6.17741,0.094778284,2.3182166,2.2568328,-1.7710996,-4.5710406,1.4091429,-7.268944,1.5609275,0.65647006,-1.7371615,409,seg_6a8s,MI
-2.2386556,-2.656896,-3.499895,-0.48719555,4.774593,0.59243214,2.7847974,1.8163257,-1.1267803,-4.359935,1.393926,-6.851383,1.1684549,-0.006140843,-1.3731143,409,seg_8a10s,MI
1.3219761,-4.779811,-3.4703908,-1.7539017,5.0235934,-1.4813329,0.65093416,0.052302778,-1.6532674,-8.419816,1.9634913,-5.291501,0.98668945,-0.37111014,0.061062843,410,seg_0a2s,NORM
0.72724617,-4.1364927,-1.3800844,0.6622564,4.3012342,-0.67011416,1.1077577,-0.3162935,-1.9918654,-6.5651507,1.9860545,-5.298438,0.6432333,-1.1347272,-0.24399778,410,seg_2a4s,NORM
2.2408385,-5.9870014,-2.7179537,-0.09335145,5.48119,-2.3171089,1.6362077,-0.29777968,-3.2724185,-10.680289,2.3805025,-7.3185377,0.78423,-0.34105903,-0.87635255,410,seg_4a6s,NORM
0.92121077,-3.6968656,-2.5649147,-1.4922969,4.2327514,-0.16483855,-0.26219606,-0.0070853233,-0.27463302,-6.003278,1.3822653,-3.5190964,0.9307343,-0.6193043,0.30003107,410,seg_6a8s,NORM
2.2231736,-5.632669,-3.0237536,-1.6706603,5.3287706,-1.5062734,0.7524713,-0.11389732,-2.1685884,-9.753022,1.0638533,-5.423025,0.42390388,0.03745818,0.20451137,410,seg_8a10s,NORM
-0.94498193,-2.6745398,-2.6929955,-1.1219993,2.180542,0.39355847,0.02099333,0.39922047,0.0753475,-4.9477444,0.8647902,-1.5197713,-0.16268317,-0.5310611,0.03724943,411,seg_0a2s,NORM
-1.3778,-2.5676963,-2.2434373,-0.29563925,3.3605042,0.4868234,-0.25236142,1.4900256,0.008954957,-4.12574,0.32289022,-1.604229,-0.010970861,0.07591568,0.25408283,411,seg_2a4s,NORM
-0.5797961,-2.3570762,-2.6706185,-0.7012076,3.4172454,0.17921922,-0.3818351,1.055008,-0.25922295,-4.786659,0.45267776,-1.712693,-0.11850887,0.18027419,-0.09136224,411,seg_4a6s,NORM
-1.5357107,-2.7563536,-2.213439,-0.39937204,3.4711633,0.6356834,-0.15609702,1.7151535,0.0060530454,-4.1491337,0.06989348,-1.7219981,-0.09359049,0.18311127,0.38302174,411,seg_6a8s,NORM
-0.87280375,-2.6576214,-2.6919632,-1.1269953,2.1924508,0.27520356,-0.04403791,0.27551925,0.14521477,-4.9141617,0.85755384,-1.4897836,-0.18025711,-0.50627375,0.05067861,411,seg_8a10s,NORM
-1.3499441,-1.7652913,-2.539487,-0.6341823,3.5818422,0.37325937,0.40384212,1.8560596,-1.7750664,-5.091402,0.9069904,-3.195836,-0.6278863,0.07721419,-1.5396106,412,seg_0a2s,STTC
-2.0196335,-1.8226238,-2.068823,0.17782086,4.835671,0.41514707,0.061322443,3.2089534,-1.8255951,-4.5195765,0.4761308,-3.4047241,-0.48962033,0.6935593,-1.5106534,412,seg_2a4s,STTC
-2.0582585,-2.1395745,-2.318399,-0.063922,4.929873,0.5356991,0.018265001,3.2559836,-1.8881316,-4.447997,0.3196635,-3.4307508,-0.4148628,0.7525974,-1.2965844,412,seg_4a6s,STTC
-2.2410972,-1.8620008,-2.2121835,0.4389091,4.751149,0.25363055,0.25372627,3.198105,-1.4579368,-4.147117,0.7499519,-3.1704326,-0.17567542,0.37370682,-1.5118518,412,seg_6a8s,STTC
-1.4173193,-1.8074065,-2.6915894,-0.7153609,3.5392716,0.31631106,0.4308088,1.8631821,-1.6998324,-5.037929,0.9480085,-3.213783,-0.5308892,0.1211293,-1.4860626,412,seg_8a10s,STTC
-1.0574508,-6.3706784,-4.6355944,-2.0292158,4.409553,-2.8093045,-1.1681633,2.6282384,-2.0113955,-4.738379,2.5439475,-5.912378,-2.3829253,-2.1026404,-0.6828817,413,seg_0a2s,STTC
0.116524264,-4.017188,-4.679465,-2.2126386,5.8472843,-1.0360624,-0.8052986,1.3217978,-1.8891661,-5.2736897,0.63880366,-4.389147,-0.995811,-0.15669908,0.1812715,413,seg_2a4s,STTC
-0.4754902,-4.4084616,-4.364174,-2.0095496,4.332637,-1.2031372,-0.33091426,0.8912591,-1.4125133,-5.5398946,1.6933532,-4.382578,-0.9589421,-1.1636302,-0.0015977323,413,seg_4a6s,STTC
-0.5605222,-4.3016667,-4.600884,-2.2774093,3.8602421,-1.0521523,-0.36279434,1.0237331,-1.0611198,-5.2097363,1.4972514,-3.7230923,-0.76454526,-1.0126197,0.40592283,413,seg_6a8s,STTC
-0.12164997,-4.6782584,-4.212111,-1.7897608,4.571903,-1.2403419,-0.27454093,0.59990054,-1.7433283,-5.841519,1.6489984,-4.631401,-0.8525813,-1.1199473,-0.14088768,413,seg_8a10s,STTC
-2.701355,-6.035246,-5.004567,-2.9348798,8.003365,-0.6090671,-1.6465281,5.009101,-3.5108757,-8.434689,1.945748,-4.7426357,-1.5559068,-1.1173803,-2.7030232,414,seg_0a2s,MI
-2.9629574,-6.2173586,-4.9013114,-2.6122286,8.202018,-0.58133256,-1.6889904,4.8852253,-3.4566422,-8.574524,1.9699672,-4.5629144,-1.7051557,-1.3858572,-2.862936,414,seg_2a4s,MI
-2.6544657,-5.981072,-4.3814273,-2.64733,5.686912,-0.9477929,-0.80673033,4.2177963,-2.5508432,-7.8619223,2.6789064,-4.250326,-1.2592455,-1.9841228,-2.4099054,414,seg_4a6s,MI
-2.9064817,-6.152898,-4.9486675,-2.6877809,8.196166,-0.55496824,-1.7391872,4.8067937,-3.4486964,-8.4488945,1.982489,-4.5580688,-1.6300201,-1.3540503,-2.8900263,414,seg_6a8s,MI
-2.8529208,-6.228551,-4.3506064,-2.5585635,5.9420276,-0.9480077,-0.8034513,4.231002,-2.4892056,-8.068547,2.6056712,-4.258024,-1.3932569,-2.090429,-2.4240208,414,seg_8a10s,MI
0.91752994,-3.6305923,-3.4686265,-2.4759872,3.7304556,-0.72837114,-1.1763572,0.49256897,-1.8719733,-4.420028,0.65227056,-4.001971,-1.617418,-0.50147575,0.219891,415,seg_0a2s,CD
0.29771423,-2.4047482,-1.9913437,-0.5208746,4.1045346,-0.5999677,-1.26481,1.1959198,-1.4525476,-3.1263366,1.0698918,-3.7887201,-1.1846333,-0.50253695,-0.34846917,415,seg_2a4s,CD
-0.03962961,-3.574842,-2.190587,-0.96791273,4.362646,-0.24703029,-0.87028563,2.2577815,-1.5937612,-4.095002,0.42283934,-3.8291767,-0.5945756,0.21699817,0.34476206,415,seg_4a6s,CD
0.35082382,-2.999623,-2.3211946,-1.6559374,2.665624,-0.42980698,-0.2731232,1.6990987,-1.5679576,-3.9022133,1.5090282,-3.8575797,-0.7399887,-0.998139,0.1482444,415,seg_6a8s,CD
-0.12975922,-2.8143935,-2.5255442,-1.3838627,2.5186172,-0.13383248,-0.39284423,0.5486087,-1.28929,-3.5224407,1.1064545,-3.4023952,-1.001067,-0.81453305,-0.2636205,415,seg_8a10s,CD
-0.30183238,-4.0696907,-3.2222948,-1.6297138,3.0305023,-1.4359852,0.49349734,-0.12804735,-0.46278614,-5.574207,1.4863946,-2.6728437,1.0202217,-0.369071,0.9110546,416,seg_0a2s,STTC
-3.5159364,-5.63369,-3.6507015,-2.5508888,4.258316,-3.218482,1.4198616,3.0442555,-2.8279495,-6.621393,1.1842611,-3.4885497,1.1554141,1.3603519,3.106374,416,seg_2a4s,STTC
-1.9633749,-4.7240705,-3.9522939,-2.6684208,3.217208,-2.411006,0.84992844,0.60264367,-1.472929,-6.496143,1.59385,-2.6482935,1.2434291,0.4242357,2.1895325,416,seg_4a6s,STTC
-0.2281382,-3.8752406,-2.4340777,-1.2028394,3.0453181,-0.94699705,-0.92240226,-0.26199755,0.37290576,-4.392949,1.4810779,-2.3691125,0.7014831,-0.479039,1.1427199,416,seg_6a8s,STTC
-2.2928066,-5.7968326,-1.2360859,1.19715,5.7195296,-1.7167584,2.1556501,1.1291909,-3.4324598,-6.137059,0.7283323,-5.78562,0.65808785,0.2730829,1.3083647,416,seg_8a10s,STTC
0.19003327,-4.1113,-3.770976,-1.9393351,3.7758248,-1.229821,-2.0304146,2.379585,-0.5566999,-5.745852,2.380208,-3.827893,-1.4230903,-1.3414769,0.5886743,417,seg_0a2s,NORM
0.24752842,-4.1872516,-3.8802652,-1.9322767,3.6974673,-1.5056982,-1.9202161,2.242262,-0.5620044,-6.0376577,2.398792,-3.8743162,-1.407542,-1.2061837,0.65042096,417,seg_2a4s,NORM
0.17089061,-4.2665405,-4.0128927,-2.210103,3.799531,-1.6157757,-1.8946245,2.5696383,-0.71670955,-6.1686497,2.2801013,-4.0748305,-1.8291179,-1.2581329,1.1980293,417,seg_4a6s,NORM
0.4195935,-4.7156143,-4.559833,-2.15643,4.0846267,-1.7780578,-1.5155874,2.9875257,-0.32795605,-7.449032,2.2106264,-4.677646,-2.1780732,-1.2881143,1.2691737,417,seg_6a8s,NORM
0.605544,-4.471007,-3.8187451,-2.0448368,3.9851,-1.4594448,-1.8781519,2.759648,-0.6992126,-6.3027315,2.3341992,-4.129478,-1.6490427,-1.4982818,0.90919995,417,seg_8a10s,NORM
-0.14474908,-4.0652366,-1.3860996,-1.8894274,4.134156,-1.1863722,-2.0415156,1.3975866,-0.4276319,-3.4922934,2.3937347,-3.744128,-0.08150465,-1.4908565,0.035571292,420,seg_0a2s,NORM
-0.46135813,-4.1530814,-1.8250345,-1.9674067,3.7758563,-1.1589407,-1.7149867,1.7111515,-0.6794357,-3.3205218,2.2879255,-3.7967904,-0.261446,-1.4294238,0.25557402,420,seg_2a4s,NORM
-0.558907,-4.000722,-1.2002778,-1.4172587,3.5349174,-1.3148421,-1.697557,1.6125628,-0.39444762,-2.7483666,2.552922,-3.5329518,-0.12413346,-1.7731518,0.013628215,420,seg_4a6s,NORM
-1.8779818,-4.033341,-1.9714212,-1.1847901,2.286909,-0.892519,-0.45724156,2.815281,-0.861363,-2.720894,2.4182422,-3.6948822,-0.5478028,-1.6772349,0.060003057,420,seg_6a8s,NORM
-0.30720758,-4.153413,-1.4550687,-1.8878355,3.874576,-1.2399701,-1.8051608,1.5540847,-0.5208117,-3.2189953,2.3431888,-3.7205265,-0.11039102,-1.5157592,0.093906194,420,seg_8a10s,NORM
2.6913753,-6.0427747,-5.9771647,-2.704819,6.2889433,-1.2694749,1.6986603,5.6454654,1.1716413,-11.882925,-0.24309039,-7.629826,-2.6968389,-0.3365119,2.0548193,421,seg_0a2s,NORM
0.65100074,-4.847339,-4.31214,-1.721293,5.460757,-0.5397496,1.2471994,5.7486663,1.4445839,-7.9478784,0.20307788,-6.4972906,-1.9198585,-0.76931614,2.3302066,421,seg_2a4s,NORM
1.8396713,-5.5264573,-7.934876,-0.75899357,5.919853,-2.0812087,4.328915,11.554798,4.1410465,-13.798327,0.8722064,-12.536058,-7.9644732,-3.2899685,4.147347,421,seg_4a6s,NORM
1.4076779,-4.9991775,-4.3126316,-2.5916066,4.0079794,-0.6250384,1.2195542,2.9830835,0.81179196,-8.365646,0.5273129,-5.1930027,-0.9568381,-0.7753935,1.4495018,421,seg_6a8s,NORM
2.5932066,-6.3196573,-6.9116716,-2.644095,5.394929,-1.3231887,2.7490742,7.1973734,3.4130313,-13.223219,0.17002082,-9.777723,-5.374731,-2.1211836,3.1697657,421,seg_8a10s,NORM
-0.8955926,-2.844657,-3.241373,-2.515872,4.375878,-0.033297926,-0.83373886,1.0560234,-3.3865108,-7.03089,-1.030153,-1.9875491,-2.759122,0.91614735,-2.3056676,422,seg_0a2s,CD
-2.5746088,-3.345984,-2.7850256,-0.30248713,4.1106777,0.6834593,-1.1713156,2.027733,-2.0015602,-4.6025214,-0.059532654,-2.2358973,-1.650641,0.3846709,-0.91541815,422,seg_2a4s,CD
-0.96728957,-2.652459,-3.743794,-1.402236,3.9291382,0.16471715,-1.2712512,0.93200994,-2.8589866,-6.0504203,0.07754982,-2.1470938,-2.0367112,0.5625167,-1.4673356,422,seg_4a6s,CD
-0.8309056,-2.5447211,-3.4551005,-0.62644875,3.5429173,0.08875795,-1.163549,1.3596637,-2.577121,-5.804619,0.9553863,-2.2263193,-1.3577509,0.16401705,-1.5017558,422,seg_6a8s,CD
-2.501629,-3.8578455,-2.9271169,-0.5998689,4.374137,0.54805493,-1.0704697,2.6215804,-1.8857868,-5.3462877,-0.08315383,-2.6127057,-1.6917176,0.45161754,-0.68924904,422,seg_8a10s,CD
-0.74373144,-3.6235895,-3.9660664,1.5436089,6.241053,-1.2559737,1.0137815,3.035376,-3.8657668,-5.509903,1.1990544,-4.931015,0.72670335,0.683032,-0.39664832,423,seg_0a2s,MI
-1.8453429,-3.4639595,-3.71979,-0.17696926,5.40359,-0.1603755,0.45641324,2.624839,-2.607739,-5.1059012,0.8433633,-3.4290037,1.2234715,0.8665223,0.7928908,423,seg_2a4s,MI
-1.6952642,-3.675777,-3.973216,-0.42847198,5.485471,-0.42181233,0.5969919,2.9146788,-3.0204744,-5.6731935,0.8925904,-4.0351553,1.0710328,1.1061741,0.7118566,423,seg_4a6s,MI
-1.8623847,-4.152639,-3.7363267,-0.563961,6.2307935,-0.29049715,0.14159971,2.9068482,-2.6040952,-5.6045775,0.55278915,-4.2084002,1.1054527,1.2663993,1.2574149,423,seg_6a8s,MI
-1.568024,-3.255526,-4.440135,-0.22597188,4.418428,-0.43983415,0.33538407,3.1078022,-2.5713837,-4.3693542,1.156259,-3.885868,0.13186005,0.34193188,0.1492781,423,seg_8a10s,MI
0.19928281,-3.1387188,-4.031305,-1.5422659,4.190497,0.2072793,-0.39672136,1.7284877,-0.78973955,-4.327795,0.6040431,-2.3731658,0.10730952,-0.49929887,0.88678384,424,seg_0a2s,CD
-0.3815366,-3.9941242,-3.2411194,-1.5974579,4.515078,0.24593751,0.13695863,2.9476352,-0.721911,-4.3687744,0.15760857,-2.5557668,0.60804737,-0.23316471,1.6345729,424,seg_2a4s,CD
0.5916775,-2.8162432,-3.6014066,-1.5288994,3.954373,-0.129316,-0.07389036,1.2160122,-0.5549299,-3.769845,0.36755595,-2.1183302,0.19054617,-0.52982605,0.8951485,424,seg_4a6s,CD
0.5541709,-3.5001142,-3.3186183,-1.8891728,2.6642208,-0.24664441,0.5421196,1.1405989,-0.4927504,-4.579737,1.0898981,-2.1014063,0.45200825,-1.2994132,0.9927125,424,seg_6a8s,CD
-0.57503206,-3.6978464,-3.2476006,-1.7670765,4.4330983,0.41018552,0.2586275,2.6512966,-0.5314328,-4.1523843,-0.12434491,-2.4227877,0.38580418,-0.17146833,1.4576933,424,seg_8a10s,CD
-3.6178842,-8.023344,-6.958537,-7.312455,11.551361,-0.77834105,1.5992767,5.6370215,-2.5094922,-9.2915945,-0.0020661615,-9.731795,-0.42617917,0.36732602,-3.002964,425,seg_0a2s,MI
-1.5799414,-3.3544707,-4.0080132,-3.4137332,6.043084,-0.31463978,2.3407097,3.2381165,-2.6988032,-7.745018,0.2333214,-6.491927,-0.7411001,0.6690361,-2.1588874,425,seg_2a4s,MI
-1.4324396,-3.1184843,-3.031065,-2.2328525,5.0409617,-0.29025754,1.9685105,3.006578,-2.192781,-6.9523187,0.17366791,-6.5436497,-1.0473796,0.9639752,-1.7838143,425,seg_4a6s,MI
-3.7806108,-6.991265,-5.6698203,-4.7290235,8.50562,-1.4625003,1.6411859,5.1793604,-1.8342991,-6.5523906,0.5344127,-9.283176,-0.9149002,0.29178357,-2.671805,425,seg_6a8s,MI
-1.5683929,-3.4886022,-5.9364266,-5.4633713,7.936374,0.091513574,2.9337556,3.3438141,-3.830659,-9.513755,-0.044296883,-6.783422,-0.30001664,0.65376556,-2.551618,425,seg_8a10s,MI
-0.91273504,-4.6343746,-3.3155951,-0.5705405,3.9447088,-0.8353468,-1.1147851,1.911,-0.33801037,-2.5382311,0.9797338,-3.3911588,-0.12624568,-0.4692554,0.5564755,426,seg_0a2s,NORM
0.02001974,-4.1679683,-3.7786803,-0.7544614,3.778093,-0.94883597,-1.1218203,1.4410301,-0.047656327,-2.5484815,1.1403549,-3.410772,-0.20672487,-0.70760167,0.19534412,426,seg_2a4s,NORM
-1.2130662,-4.8684745,-3.6104836,-0.883784,4.411512,-0.5357665,-1.1039864,1.8752611,-0.1159749,-2.302976,0.53061,-3.4567924,-0.13246988,-0.37075847,0.8024504,426,seg_4a6s,NORM
-0.22856736,-4.4858828,-4.239858,-1.394558,2.8403094,-1.0273697,-0.28473186,0.37748992,0.31818938,-3.2236133,1.7215878,-3.308228,0.036687456,-1.5037013,-0.11057094,426,seg_6a8s,NORM
0.24713148,-4.6747875,-4.570867,-1.4684067,4.4132786,-0.9482014,-1.0681014,1.415735,-0.12867835,-3.3292296,0.93326294,-4.3994784,-0.24534021,-0.26180768,-0.22636512,426,seg_8a10s,NORM
-1.839944,-2.7841303,-2.1043754,-0.651097,4.241928,0.48639268,0.83511335,1.9618809,-1.3635905,-4.685641,0.4632207,-3.574224,0.2770133,0.35071313,-1.2315936,427,seg_0a2s,STTC
-1.2884575,-2.3345273,-2.272766,-0.60483664,3.8214333,0.23541355,0.78425926,1.1674376,-1.1789887,-4.8314347,0.5672604,-3.40526,0.15346998,0.40159374,-1.249166,427,seg_2a4s,STTC
-1.4683148,-2.7958624,-1.9904703,-0.6303011,2.8234057,0.027245343,0.48694357,0.6335877,-0.5903572,-4.8552184,1.5727642,-3.34548,-0.031901304,-0.6668472,-1.4770256,427,seg_4a6s,STTC
-1.9057287,-3.0901566,-1.9284891,-0.610751,4.495265,0.41458243,0.48394778,1.5985696,-0.8340595,-4.7311716,0.08749055,-3.6870072,0.0011405423,0.63089967,-1.0790275,427,seg_6a8s,STTC
-2.3098176,-3.140674,-1.7088869,-0.30210492,4.6722345,-0.00851649,0.3327317,2.1772428,-0.88373345,-4.455904,0.9658352,-3.5374656,0.57169455,0.15560646,-1.1094095,427,seg_8a10s,STTC
-0.9477406,-2.5758674,-1.481614,-1.5413256,4.5129642,-0.17408174,-0.42612037,0.94572055,-0.61037767,-4.4182124,1.5800613,-4.6170783,-0.7299304,-0.9931381,-1.245932,429,seg_0a2s,MI
-0.64615154,-2.4967897,-1.3055887,-1.8100662,3.8577764,-0.37809673,0.17005605,0.97455287,-0.22190219,-3.863183,1.1862679,-4.394811,-0.5424962,-0.8453954,-0.7988378,429,seg_2a4s,MI
-2.7238302,-2.5695071,-1.0494784,-0.08468729,4.436384,0.30075216,0.35715327,2.8405697,-0.35891557,-2.549779,0.99534285,-4.1492987,-0.39680517,-0.7787413,-0.63730943,429,seg_4a6s,MI
-0.7765089,-2.5642886,-1.6131631,-1.7728872,4.548987,0.035702363,-0.3292339,0.72868943,-0.6139096,-4.4009247,1.2557468,-4.47062,-0.66250145,-0.8684609,-0.9452349,429,seg_6a8s,MI
-0.8196606,-2.579537,-1.5556136,-1.8964539,4.0109625,-0.1655941,-0.0095421,1.0815591,-0.4400394,-3.8073006,1.188021,-4.455248,-0.6994927,-0.91615796,-0.74829566,429,seg_8a10s,MI
-0.31539223,-5.3985753,-2.8654518,-1.8331592,4.917288,-0.5446694,-1.2746598,1.3826437,-1.4469361,-6.3793917,1.753218,-4.5668964,-0.22813356,-0.7351298,-0.88899696,430,seg_0a2s,MI
-0.49482375,-5.1337385,-2.448751,-1.3952827,4.9313087,-0.3812634,-1.2535218,0.9873419,-1.3846397,-5.8961935,1.7340853,-4.1849008,-0.2522654,-1.0449048,-0.9014931,430,seg_2a4s,MI
-0.68116593,-5.057928,-2.3086343,-1.1587703,4.7522416,-0.43650332,-1.214666,1.3403686,-1.2250173,-5.615373,1.9264706,-4.0047717,-0.34827423,-1.3797477,-0.7362807,430,seg_4a6s,MI
-0.70034736,-5.446157,-2.3534064,-1.1302855,6.3758163,-0.23750016,-1.4170809,2.6921184,-1.447648,-5.770627,1.0097964,-4.6233516,-0.09710659,-0.2884428,-0.6056868,430,seg_6a8s,MI
-1.0475231,-4.6981196,-2.184413,-0.12978426,4.7732224,-0.41968992,-0.77473056,2.5849469,-1.3140895,-4.6376953,1.5952586,-4.029973,0.24204357,-0.5575375,-0.91104627,430,seg_8a10s,MI
-0.3342202,-3.0954597,-3.0899453,-1.1060414,3.036512,-0.8411194,0.42673704,1.1233243,-0.22053605,-2.8250182,0.025353909,-3.225489,-0.7707589,-0.12294306,0.321774,431,seg_0a2s,NORM
-0.8601121,-3.0906997,-3.0683532,-0.075027674,3.907231,-0.7519591,0.08311387,2.6255424,-0.22992867,-2.539541,0.22142118,-3.1269197,-0.14798458,0.2423574,0.4346948,431,seg_2a4s,NORM
-0.029524311,-3.4873168,-3.617257,-1.5006142,3.5789704,-0.80326164,0.06773918,1.3383874,-0.21729434,-3.785008,0.14574376,-3.4635196,-0.6508405,0.05278416,0.63395095,431,seg_4a6s,NORM
-0.4627766,-3.287921,-3.7888675,-1.3076091,2.9937606,-0.7779517,0.20146516,1.5652333,-0.13891214,-3.1588347,0.26529276,-3.3727372,-0.7140581,0.002094373,0.47658575,431,seg_6a8s,NORM
-1.1755899,-4.7186117,-3.7620578,-1.8508954,3.4951332,-0.9583298,0.5057974,2.6974785,0.055199012,-3.6194117,-0.6830673,-4.3076334,-1.4059169,0.38164294,0.97347975,431,seg_8a10s,NORM
0.14893384,-4.184669,-2.920978,-2.255086,3.5005636,-0.90375066,1.0264868,-0.7517697,-0.12309232,-4.2276225,-1.2885404,-3.8869162,-2.4737587,-0.7684521,-0.76311326,432,seg_0a2s,NORM
-0.13640448,-2.7923272,-2.0035324,-0.7963302,3.359789,-0.45033762,0.8436936,-0.049903512,-0.45006734,-3.3514702,-0.7673116,-2.7309334,-0.868935,0.06478196,-0.53068185,432,seg_2a4s,NORM
-0.22157986,-2.977368,-2.1038032,-1.2771537,4.1119833,-0.17911425,0.68372667,-0.37209812,-0.36550546,-3.3781946,-1.5122554,-2.72493,-1.2731643,0.14749357,-0.21790853,432,seg_4a6s,NORM
-1.7382528,-3.552854,-1.4786499,-0.26337385,3.1806185,-0.0015223026,1.1481792,1.3514142,-0.22308645,-3.015582,-0.7617597,-2.7186015,-0.5065762,0.062457427,-0.09802905,432,seg_6a8s,NORM
-0.37731424,-3.6997845,-2.310409,-1.62639,4.073333,-0.8481922,0.43884155,0.8882178,-0.9294973,-3.917805,-0.5061551,-3.7011476,-0.7038249,0.47071838,-0.13205373,432,seg_8a10s,NORM
-1.2486441,-2.4478896,-3.0942178,-1.544555,2.4126475,0.7007178,-0.48048785,1.9309161,-1.7042806,-5.6659446,2.0219665,-2.4030898,0.08039355,-0.44948214,-1.0270643,433,seg_0a2s,NORM
-0.83753073,-2.1442897,-2.6695523,-0.9758794,4.2005305,0.5458429,-0.80871534,2.3559837,-2.0767632,-5.700041,1.3981204,-2.3416212,-0.1123048,-0.12954937,-0.81036556,433,seg_2a4s,NORM
-2.0019526,-2.3679106,-2.455234,-0.40917355,3.9853754,0.9935492,-0.8911911,2.9445481,-1.7824321,-4.6113305,1.3275222,-2.4322774,-0.13368268,-0.11044575,-0.7151402,433,seg_4a6s,NORM
-1.128211,-2.1127412,-3.176577,-1.1977322,3.8675303,0.582724,-0.57453674,2.6814723,-2.369338,-5.6980567,1.4883333,-2.5718098,-0.14974374,0.021626323,-1.0684022,433,seg_6a8s,NORM
-1.2821804,-2.371455,-2.9702826,-0.9636776,4.1672993,0.63192344,-0.7934873,2.6426656,-2.2712982,-5.7296677,1.4303527,-2.4894164,-0.21797661,-0.058722362,-0.9314691,433,seg_8a10s,NORM
-0.9646083,-3.447837,-4.2506843,-2.8701925,4.640137,-1.36237,-0.18382862,2.2339876,0.51951134,-2.763432,0.8852081,-5.646387,-0.45309258,0.30941522,-0.62584543,434,seg_0a2s,NORM
-2.0864792,-3.8981931,-3.3596034,-2.134264,4.3928533,-1.2370929,-0.05742719,2.6189377,1.0309744,-1.8568932,0.77543736,-5.3606405,-0.3141716,0.1590166,-0.4361826,434,seg_2a4s,NORM
-2.0643501,-3.7905536,-4.1462474,-2.7010615,2.8154778,-0.9364301,0.46313968,1.9466963,0.8758654,-2.6226246,1.3206053,-5.3828287,-0.6668555,-0.37052304,-0.38685068,434,seg_4a6s,NORM
-1.5603352,-4.007704,-3.5462408,-2.7025092,3.3693273,-1.2636164,-0.107194245,1.4163463,1.2988701,-2.5389667,1.3359127,-5.2271314,-0.5129351,-0.50135285,-0.5928408,434,seg_6a8s,NORM
-1.282041,-3.2466838,-4.1300554,-2.4148362,4.240519,-1.3298316,-0.10089086,2.0395517,0.76215345,-2.2964878,1.0336488,-5.427146,-0.3039729,0.27141666,-0.7888702,434,seg_8a10s,NORM
0.3326335,-2.5957289,-1.6922686,-2.0852058,3.654029,-0.70155334,-0.5259414,2.6167111,-2.1961005,-5.759651,2.0268557,-4.0319023,-1.0439122,-1.1649988,-0.016864076,435,seg_0a2s,NORM
0.38069105,-2.3668022,-1.8484633,-2.142135,3.2973824,-0.66969514,-0.3228911,2.497983,-2.2661214,-5.297442,1.8606846,-3.986724,-1.18295,-1.1424614,0.15057708,435,seg_2a4s,NORM
0.42667764,-2.8271918,-1.8239865,-1.89697,5.157933,-0.75737274,-0.8423537,3.76329,-3.04107,-6.339731,1.3548254,-4.5840344,-1.1958491,-0.13474964,0.0048106015,435,seg_4a6s,NORM
-0.7393132,-2.8780072,-1.0780511,-1.2715871,4.836841,-0.35197768,-0.4977033,4.3265533,-2.4358459,-4.943291,1.054966,-4.5336003,-1.0662792,-0.19928683,0.55763364,435,seg_6a8s,NORM
0.31586176,-2.7362347,-1.7236884,-2.171831,3.7093039,-0.7070378,-0.30736703,2.7991047,-2.3850546,-6.230825,2.0047472,-4.185183,-1.0008188,-1.0637978,-0.13704419,435,seg_8a10s,NORM
0.16913842,-5.63946,-1.3338184,0.3999331,7.827557,-1.4706353,1.8980876,2.7139351,-5.0035014,-9.177084,2.1143084,-8.088643,0.29008573,-0.92945075,-0.9473618,436,seg_0a2s,NORM
-1.6247488,-5.4561133,-1.7498679,-0.2646352,8.444775,-1.4993842,-0.81574905,7.2864304,-5.441622,-6.6122885,3.452384,-6.5979977,0.32989752,-1.4393952,-0.45536402,436,seg_2a4s,NORM
0.44714248,-4.6252227,-1.6981646,-1.0205479,5.5513787,-1.0551469,0.75097376,1.4922445,-2.8366914,-8.1140375,2.1526668,-5.8530564,0.14625503,-1.0991461,-0.05252534,436,seg_4a6s,NORM
-0.06306477,-4.06621,-1.5535018,-0.5439058,6.534901,-0.6550906,0.18916965,2.6961133,-3.4221153,-7.10315,1.9046139,-5.3173823,0.41555995,-0.7208965,-0.28248677,436,seg_6a8s,NORM
-0.7309893,-4.6864314,-1.1720827,-0.06256516,6.704725,-0.3504263,-0.09033485,3.4265969,-3.1240165,-6.684832,1.7934357,-5.4634876,0.34196937,-0.7736328,-0.09633231,436,seg_8a10s,NORM
-0.6699558,-3.1937287,-2.9213462,-1.8059094,2.5179439,-0.7669848,-0.07804057,1.139865,0.023331262,-2.5755308,1.2317457,-4.2283654,-0.9562132,-0.8950467,0.2726394,437,seg_0a2s,NORM
0.047999993,-2.6155915,-3.038896,-1.585069,3.6582084,-1.1500121,-0.46537453,1.598758,-0.285233,-2.5538697,0.86199355,-4.258724,-0.7249298,-0.07551502,0.3206451,437,seg_2a4s,NORM
-1.1719819,-3.4273899,-2.5562286,-1.2387047,4.0548162,-0.5936419,0.0036628768,2.2956526,-0.22995418,-2.4447122,0.44384512,-4.4901066,-0.586955,-0.08776197,0.5558852,437,seg_4a6s,NORM
-1.2023449,-3.14387,-2.3610415,-1.1008434,3.7333724,-0.5313208,0.03803297,2.300446,0.09980707,-2.1856518,0.42396232,-4.2444572,-0.57485193,-0.09809373,0.64153385,437,seg_6a8s,NORM
-0.60017425,-3.0489175,-2.5869222,-1.6445332,2.5612156,-0.65195155,0.09704355,0.96862054,0.13177405,-2.871069,1.1394236,-4.045002,-0.74550205,-0.820677,0.33596003,437,seg_8a10s,NORM
0.42300475,-2.134649,-2.8265662,-0.9939049,4.0402,-0.0352481,-0.5720622,0.2566384,-1.2845786,-3.5633762,0.46931514,-3.356629,-0.4540621,0.05594354,0.3815686,438,seg_0a2s,NORM
-0.59619164,-2.454192,-2.2495728,-0.7057327,4.014145,0.40945995,-0.3408847,0.7542068,-0.86987275,-2.8377452,-0.05849849,-3.2606256,-0.378609,0.25762084,0.6716785,438,seg_2a4s,NORM
-0.5184004,-2.4815333,-2.5212479,-0.69682086,4.3082886,0.59953904,-0.55533504,0.66688037,-1.1557877,-2.9949155,0.12552372,-3.2216873,-0.3396327,0.016377375,0.842016,438,seg_4a6s,NORM
-0.100622006,-2.260464,-2.6447744,-1.098028,2.446219,0.16661519,-0.029222637,-0.26920643,-0.7439315,-3.4488466,1.0425781,-3.1149976,-0.29559335,-0.60780877,0.3842336,438,seg_6a8s,NORM
-0.028850704,-2.4178538,-3.0965033,-1.5537028,2.4742248,0.23126185,-0.40135258,-0.314799,-0.840579,-3.1452978,0.87777895,-3.239639,-0.44050014,-0.39168197,0.33791646,438,seg_8a10s,NORM
-1.2609521,-3.8891962,-2.1720757,-1.5952764,1.5133147,-1.5875751,0.45739588,0.60385555,0.076523125,-2.4724023,0.72788596,-2.91988,-0.87602353,-0.7304563,0.12041312,439,seg_0a2s,NORM
-0.22301099,-3.315833,-2.3290334,-1.119847,3.0549927,-1.3158216,-0.103398144,0.9609184,0.22687386,-2.5675144,-0.067668065,-3.2697234,-1.2061237,-0.074812606,-0.33965132,439,seg_2a4s,NORM
-0.9426969,-3.2858148,-2.0536408,-0.85160357,2.9341714,-0.8066026,-0.096827894,0.940307,0.35349643,-1.5173993,-0.06778621,-2.7371387,-0.7393799,-0.32365602,-0.43069443,439,seg_4a6s,NORM
-0.18806764,-3.4061294,-2.4716258,-1.055691,2.8223486,-1.3124905,-0.022452168,1.1378397,0.36858135,-2.512579,-0.06911851,-3.3188713,-1.3246856,-0.16451468,-0.42925635,439,seg_6a8s,NORM
-0.6865979,-3.9877422,-2.3017573,-1.2397738,1.8680862,-1.2232475,0.56347567,0.35369068,0.32829916,-2.8229709,0.6074794,-3.2997398,-1.1155373,-1.0659279,-0.5342151,439,seg_8a10s,NORM
-0.7869712,-2.6615908,-2.2716188,-1.00735,2.5723631,-0.16409546,-0.031087399,0.6933482,-1.1705146,-5.499424,1.2988374,-2.2563348,-0.8547623,-0.85170114,-0.9237584,440,seg_0a2s,NORM
-1.1492966,-3.167853,-2.0028663,-0.48889482,4.493556,0.011944264,-0.9883564,1.8806472,-2.0477057,-5.3889236,0.41668588,-2.7331173,-1.3881478,0.047301494,-0.7629154,440,seg_2a4s,NORM
-0.9732229,-2.7947628,-2.4978652,-0.4331792,3.856183,-0.1784688,-0.4234341,1.8304293,-2.3507895,-5.689416,0.6751431,-2.6341913,-1.4177529,-0.113697365,-1.1659892,440,seg_4a6s,NORM
-1.2906429,-2.2992687,-1.8633657,0.6883154,4.394824,-0.15512338,-0.26309687,2.8297658,-1.8318448,-4.441663,0.45535198,-2.5567224,-0.68572235,0.32730573,-0.8960161,440,seg_6a8s,NORM
-0.7376252,-2.8333585,-3.160993,-1.1477993,3.9208899,-0.4812539,0.08896672,1.89958,-2.4323056,-5.893868,0.73595786,-2.6455517,-1.015947,-0.17106868,-1.1653501,440,seg_8a10s,NORM
-0.342916,-2.5324943,-3.8283978,-0.94395906,2.6122556,-0.1737704,0.34592655,0.59554106,-0.44999295,-2.9293106,0.21575052,-2.9945505,-0.21820477,0.34837002,-0.07607764,441,seg_0a2s,NORM
-0.72325814,-2.2779882,-3.0303164,-0.11128877,3.5484827,-0.09390706,0.22598886,1.4524097,-0.21634787,-1.798304,-0.55017054,-2.700441,0.012313075,0.87648445,0.24817488,441,seg_2a4s,NORM
-0.71798915,-2.1437848,-2.9513788,0.17741165,3.391727,-0.0385803,0.2121444,1.5229338,-0.23422605,-1.7536232,-0.2919825,-2.7403457,0.13957809,0.80747503,0.05689115,441,seg_4a6s,NORM
-0.14194489,-2.306383,-3.440103,-0.7899066,2.4430504,-0.16347957,0.4117137,0.35418326,-0.22382864,-2.5730844,0.09828962,-2.7599308,-0.13574754,0.31217793,0.023116872,441,seg_6a8s,NORM
-0.41465676,-2.5225143,-3.6684818,-0.879413,2.570104,-0.3712463,0.29741454,0.6834066,-0.38482153,-2.7010474,0.17063606,-3.1878316,-0.4625184,0.3817292,-0.053400755,441,seg_8a10s,NORM
-0.73075795,-3.820827,-3.0758028,1.4079914,6.573655,-0.040547967,2.0444582,1.9165955,-2.2301202,-6.021762,0.7148394,-6.1645722,1.6672992,0.79712343,-0.00585033,442,seg_0a2s,MI
-1.3556981,-3.2412267,-3.1923165,0.15851343,4.0887146,1.0117606,1.7190123,1.3505516,-0.70122844,-4.354608,0.15193352,-4.0861087,1.1474545,0.39763933,0.92468643,442,seg_2a4s,MI
0.71350425,-3.9703946,-4.453512,-0.1706914,4.3216505,-0.5545522,2.218993,0.91256297,-2.1550453,-7.591584,1.3121898,-5.204815,1.622237,0.48802608,-0.34760937,442,seg_4a6s,MI
-0.31810892,-2.8041718,-3.5738616,0.1528044,3.7894392,0.61665934,1.4041358,1.0852957,-0.94453424,-4.9958577,1.0861912,-4.103308,1.4479815,0.14200969,0.32330173,442,seg_6a8s,MI
-0.6126036,-3.466236,-3.4118004,1.0041025,5.1625905,0.36966345,1.2948186,2.2446172,-1.7516654,-5.608294,0.45214805,-5.3622026,1.5974748,1.617541,0.071199946,442,seg_8a10s,MI
2.0188909,-3.1351457,-2.1483283,-2.4166067,3.6018603,-0.09007627,-0.784798,0.22326398,-1.8897762,-2.6410341,0.23980653,-1.0221137,0.6261337,-1.1267778,0.6262703,443,seg_0a2s,NORM
0.8912891,-2.3420277,-1.9286246,-1.353226,3.5091705,-0.19642493,-0.5413678,0.8969718,-1.2492776,-2.7620356,0.37563655,-1.6205021,0.5617427,-0.1768301,-0.37544474,443,seg_2a4s,NORM
-0.34305292,-2.347198,-2.3397274,-1.8564348,4.3505373,0.7328252,-0.6070752,0.82292783,-1.2364817,-1.6455014,-0.85413915,-1.7386708,-0.09637632,0.058131456,0.39256984,443,seg_4a6s,NORM
0.17061503,-2.8896134,-2.1926894,-2.07147,2.1798463,-0.26363346,-0.31850538,0.43958616,-0.78573626,-2.403898,0.6921823,-1.634362,-0.07517323,-1.0463039,-0.08359459,443,seg_6a8s,NORM
0.68426126,-2.6780233,-2.7701716,-2.586764,2.7022512,0.020046413,-0.29983056,-0.112080365,-1.0766387,-2.5024128,0.25703248,-1.6781751,-0.10696897,-0.9229435,0.066910364,443,seg_8a10s,NORM
0.32558692,-2.9621248,-2.8340993,-1.2452028,3.7031457,-0.5554961,-0.023737215,0.5555228,-0.66715896,-4.0633984,0.26489413,-2.4269772,0.5822659,0.37167862,1.084162,444,seg_0a2s,NORM
-0.497765,-3.2285347,-2.7085686,-0.80988467,3.9384735,0.23174912,0.19076464,1.0165613,-0.13293055,-3.436403,-0.055058315,-2.6531134,0.60160685,0.22041345,1.077925,444,seg_2a4s,NORM
-0.13599163,-2.985082,-3.4880466,-1.133111,4.7875247,-0.29995403,-0.3772998,1.7301018,-0.8395849,-2.7998917,-0.9090388,-2.8177483,-0.36080837,0.8934883,0.79750717,444,seg_4a6s,NORM
1.0840558,-2.977066,-3.1892776,-2.016902,3.8961475,-0.22363171,-0.009721726,0.5876789,-0.76071376,-3.8482187,-0.5263142,-2.1957307,0.35356402,0.5269314,1.0138282,444,seg_6a8s,NORM
0.81325483,-3.8635185,-2.8493633,-2.4104002,5.3503976,0.034030467,-0.100743145,0.9393774,-1.3311753,-4.0699134,-1.1503053,-2.1809177,0.6540823,0.56831527,2.0458286,444,seg_8a10s,NORM
-1.1853131,-3.8600376,-3.1111465,-0.9851251,6.3423414,0.98143446,-1.5158609,2.5706093,-2.0692697,-3.906099,0.3923168,-3.4908638,0.053576723,-0.017799184,0.45804968,445,seg_0a2s,NORM
0.44818723,-3.7754698,-3.6529942,-1.8571665,5.3398056,-0.029153407,-2.5237067,0.7004562,-1.471709,-5.605144,2.2308967,-3.8789768,-0.049384084,-0.89180386,-0.38915566,445,seg_2a4s,NORM
-1.6485059,-3.3299348,-3.6808982,-1.804816,5.726818,1.2291229,-1.0585407,2.2657068,-2.093287,-3.245739,-0.3544406,-3.2632399,-0.7873723,0.06321994,0.39429015,445,seg_4a6s,NORM
-0.5360086,-2.7803173,-4.3110924,-2.338419,3.9326236,0.5692295,-0.6897885,0.72101223,-1.6984456,-4.3331103,1.1545656,-3.455642,-0.93692,-0.9761574,-0.39066115,445,seg_6a8s,NORM
-1.870427,-5.582555,-3.5727696,-2.5971024,8.367755,1.5696243,-2.39651,3.2011952,-2.2315056,-5.3199515,-0.50081146,-4.7770176,-0.14320832,0.89507496,1.0732241,445,seg_8a10s,NORM
-1.446464,-2.8564942,-2.4448433,0.48588845,4.3166294,0.96553946,-0.4376849,1.2792443,-0.63569087,-4.2918677,0.622645,-2.8556166,0.1503227,0.0037771612,0.7903707,446,seg_0a2s,NORM
-0.46784538,-2.6506834,-2.9298968,-0.09431258,3.0029776,0.62435555,-0.28627053,-0.10534933,-0.31818536,-5.2679696,1.7456993,-2.8476856,0.36968368,-0.75214434,0.40360954,446,seg_2a4s,NORM
-0.4025249,-2.6062214,-3.3814301,-0.38996455,3.353772,0.6797681,-0.5546135,-0.44002342,-0.63595897,-5.163879,1.5881007,-2.8031065,0.06970124,-0.79035574,0.36801863,446,seg_4a6s,NORM
-1.8864094,-2.8001602,-3.092495,0.6155047,3.3484426,1.0430822,0.58295643,1.8741877,-1.2223861,-4.2258806,0.62765074,-2.9742358,0.008529916,-0.01058346,0.7057959,446,seg_6a8s,NORM
-0.44649935,-2.5604703,-3.135972,-0.46182328,3.219093,0.76125735,-0.34721646,-0.26056516,-0.43343598,-5.156443,1.4099274,-2.9631484,0.05376917,-0.63832635,0.47911093,446,seg_8a10s,NORM
-0.3541448,-1.7992946,-3.3174596,-0.49950337,3.4012616,-0.47910097,-0.2630253,0.6969128,-1.3930001,-2.7266355,0.8629573,-5.4991984,-1.6008655,0.33179817,-0.32939354,447,seg_0a2s,CD
-1.3624885,-2.5458014,-2.7428713,-0.5564459,3.8321517,0.018069327,0.26946846,1.5489496,-1.6566379,-2.8226364,-0.07573383,-5.709982,-1.7111738,0.7260455,0.14057432,447,seg_2a4s,CD
0.16002451,-1.7216475,-3.8267627,-0.9724613,3.5007856,-0.63089013,-0.014644146,0.78178656,-1.7936404,-3.4454396,0.8078096,-5.782058,-1.5647105,0.5708496,-0.28095716,447,seg_4a6s,CD
-1.503469,-2.2795687,-2.585989,-0.32633516,3.5612142,-0.02497515,-0.08819148,1.4213829,-0.8950437,-2.0025945,0.23907581,-5.2740583,-1.4957931,0.48172826,0.32308614,447,seg_6a8s,CD
0.08763005,-1.8347156,-3.0270185,-0.74489653,3.6211977,-0.61907506,-0.19247848,0.38973588,-1.6838181,-3.4566677,0.4152331,-5.3955064,-1.7170451,0.70708275,-0.5052768,447,seg_8a10s,CD
-0.9531921,-3.0909457,-4.0415373,-0.16985667,5.275236,-0.103603214,0.30264583,2.8661754,-1.8786509,-4.3304696,0.34023792,-5.573307,-0.20667794,1.1853213,0.5671179,448,seg_0a2s,CD
-1.8714317,-3.4515142,-3.4591804,-0.58538276,4.171656,0.423814,0.5844491,2.541835,-1.1283805,-3.9590354,0.40726304,-5.181615,-0.32418716,0.5485234,1.0986655,448,seg_2a4s,CD
-0.31791687,-1.2357843,-4.1998277,1.0440521,4.490094,-0.2581438,0.7763043,3.106125,-2.235525,-3.709562,0.72318375,-4.5264254,0.13668968,1.199927,-0.0952692,448,seg_4a6s,CD
-0.8484492,-3.1845365,-3.652279,-0.9405752,4.688334,0.35117185,0.11591122,1.7669442,-1.0432658,-4.412917,0.39221692,-5.3125496,-0.19305032,0.7207166,1.2089553,448,seg_6a8s,CD
-1.0256987,-2.9030716,-3.3859568,-0.64860874,4.3358607,0.33530036,0.058383085,1.489767,-0.6613289,-3.6521308,0.44357455,-4.858301,-0.17873323,0.5228777,1.0490348,448,seg_8a10s,CD
-1.882039,-3.860485,-2.4810696,-1.3863635,6.1046715,-0.80841553,0.951764,3.5407777,-0.5586641,-2.978294,0.35710526,-2.7565198,1.7055073,-0.22339727,0.23209894,450,seg_0a2s,STTC
-0.22597829,-2.8906863,-1.9503726,-1.3866632,4.026467,-0.66618943,0.20382786,1.3596283,-1.0153577,-3.6783507,0.6619528,-2.5644124,0.47852123,-0.28398073,0.019338995,450,seg_2a4s,STTC
-0.99073356,-3.0745952,-1.8865969,-1.509721,2.5648673,-0.2459903,0.5334565,0.826458,-0.47625327,-3.2271404,1.0703652,-2.382884,0.17960604,-1.1234018,0.26286918,450,seg_4a6s,STTC
-1.3617275,-2.8654997,-1.6368554,-0.55483896,3.7772634,-0.06072527,0.30923197,1.7954812,-0.6514692,-3.1820185,0.6565138,-2.3527012,0.40058213,-0.45948017,0.088213384,450,seg_6a8s,STTC
-0.056584924,-3.4435766,-2.885415,-2.59167,5.5451283,-0.53723264,0.987123,1.3068362,-2.0267754,-6.0509377,0.19162798,-3.16575,1.0366224,0.34963655,-0.2964724,450,seg_8a10s,STTC
-0.9781624,-3.507118,-2.2358985,-0.49319798,4.985414,-0.7454462,-1.0727184,2.5822177,-1.4905994,-3.4467285,1.488508,-4.3069177,-0.8671147,-0.8193796,-0.27245057,451,seg_0a2s,NORM
-0.3900357,-3.3433535,-2.8475604,-0.8228759,4.7324014,-1.3179619,-0.61357075,2.5099115,-1.8023667,-4.714495,1.8618859,-4.7477913,-0.9294972,-0.6830933,-0.6126666,451,seg_2a4s,NORM
-0.97519964,-3.4551632,-2.9303083,-1.1360214,3.6330266,-0.78497815,-0.45677537,1.4739747,-1.4189804,-4.4142838,2.1444957,-4.253459,-1.043283,-1.4558357,-0.4650317,451,seg_4a6s,NORM
-1.1540911,-3.3231544,-2.53167,-0.7812456,3.0266392,-1.0455277,-0.068583965,1.9059224,-0.9159612,-4.2982016,2.4442575,-4.4648094,-0.98559445,-1.5566093,-0.33053353,451,seg_6a8s,NORM
-1.0796667,-3.5779037,-2.6732793,-1.0068562,3.4125638,-1.0306985,-0.43830672,1.7665327,-0.9300087,-4.497064,2.3600545,-4.4758654,-0.980654,-1.434517,-0.3432968,451,seg_8a10s,NORM
-3.198095,-5.2135425,-4.8178496,-2.1928174,6.5034018,-0.40126744,-0.3802672,4.0417295,-3.424753,-6.765523,3.7848165,-8.595452,-0.50692993,-1.1162286,-0.8946723,452,seg_0a2s,HYP
-4.6322927,-7.332748,-5.141732,-3.3769927,11.435307,-1.7246847,-0.6043108,8.459503,-6.6208253,-10.274538,5.1063232,-11.250394,-0.9695095,-1.8302332,-3.155132,452,seg_2a4s,HYP
-2.7524045,-5.384247,-5.754785,-2.7220876,8.16331,-0.36577526,-0.19194013,4.9635735,-4.875574,-7.906159,2.950139,-9.300508,-0.40664893,0.0050362796,-0.98930144,452,seg_4a6s,HYP
-3.0396852,-5.362887,-4.7734404,-2.1889067,7.0178123,-0.37693802,-0.6371193,3.7244506,-3.0615993,-7.1027303,3.8538566,-8.6736145,-0.29271036,-1.1414568,-1.1747061,452,seg_6a8s,HYP
-2.9827902,-5.2712097,-4.757664,-2.340079,6.5971985,-0.46111313,-0.5346868,3.9867573,-3.4107249,-6.761871,3.818658,-8.48409,-0.36654043,-1.1493467,-0.74150157,452,seg_8a10s,HYP
-0.2560098,-5.7966065,-5.932886,-3.6962256,8.870052,0.053894907,-1.6966324,0.3762319,-2.4320269,-6.6794057,-2.2833474,-5.1754203,-2.5872936,1.1014894,1.2471386,453,seg_0a2s,MI
-1.4936336,-4.171021,-5.1837444,-2.1280692,4.4815416,0.16962928,-0.6886112,0.7767559,-3.0094113,-3.5037384,-1.4100986,-3.2969787,-2.5073323,0.3546031,-0.38511506,453,seg_2a4s,MI
-1.7942575,-3.5723367,-6.6967072,-3.0852633,5.841069,0.65117264,-0.6207614,-0.41845542,-2.5117865,-3.6120238,-2.5385458,-4.0375385,-3.625821,0.57703745,0.6510261,453,seg_4a6s,MI
-1.5010475,-3.583448,-4.2951536,-0.8421876,3.9437654,1.0166922,-0.4131095,0.9634619,-1.9288085,-3.5352263,-0.51389116,-2.8359165,-1.1073716,0.13816519,0.123053685,453,seg_6a8s,MI
0.021214962,-3.5322735,-6.458743,-3.6170099,6.1109605,0.55900824,-2.725464,-2.621237,-1.2377515,-3.732234,-1.3402791,-3.691582,-3.7848077,-0.6472102,0.44000378,453,seg_8a10s,MI
-0.27063578,-3.4060242,-2.5861206,-2.2034984,3.7664647,-0.54778564,0.13576144,0.27447122,0.30100125,-3.4631808,0.96725416,-4.8369336,0.09536733,-0.34565818,-0.15526822,454,seg_0a2s,NORM
-0.33535424,-3.3084598,-2.2204733,-1.7633138,3.6271589,-0.7092066,-0.23230016,0.08484194,0.5592744,-2.8970454,1.3118855,-4.5939164,0.18292414,-0.61155856,-0.22866276,454,seg_2a4s,NORM
-0.94076234,-3.7150862,-2.1397498,-1.5147953,5.0939803,-0.6111038,-0.18946603,1.4342588,0.2678083,-2.6128821,0.40677407,-4.876496,0.39185715,0.24674901,0.1603325,454,seg_4a6s,NORM
-1.4345233,-2.9902053,-2.533063,-1.2560463,2.0606353,-0.25445893,1.1494336,1.0305221,0.28913012,-2.3008149,1.193648,-4.3981304,-0.15179509,-0.78548884,-0.3434418,454,seg_6a8s,NORM
-0.26343024,-3.4222171,-2.6530142,-2.06196,3.5222743,-0.66838634,-0.090459086,0.27448392,0.28356454,-3.0725799,1.1721685,-4.7098017,0.037683703,-0.5038564,-0.15556714,454,seg_8a10s,NORM
-1.396868,-7.8748236,-7.2312694,-3.75428,6.439546,-1.0579634,-5.8689284,1.4574894,-6.313095,-3.9521098,2.7231352,-4.297675,-2.9265306,-2.370553,-1.904914,455,seg_0a2s,MI
-1.1362579,-7.6314816,-8.264081,-4.0973463,8.827095,-0.81652546,-6.971028,1.6634464,-7.3254504,-4.0068016,1.8243647,-5.1087894,-3.6887338,-1.5198892,-1.7799848,455,seg_2a4s,MI
-1.3099217,-7.752882,-7.314853,-3.8074915,6.384708,-0.9832984,-5.8629284,1.2969186,-6.427178,-3.8162146,2.6714814,-4.2624297,-2.9173043,-2.3503265,-1.9062535,455,seg_4a6s,MI
-1.2920486,-7.53299,-8.043733,-4.0021873,8.813456,-0.6464633,-6.920254,1.6965661,-7.3261085,-3.8300033,1.7916754,-4.8781857,-3.557357,-1.5710058,-1.6784639,455,seg_6a8s,MI
-2.2427216,-8.201734,-6.846477,-3.135456,8.299244,-0.37962052,-6.505524,2.823545,-6.3560467,-2.915848,1.4125946,-4.9810395,-3.1899326,-1.2942623,-1.2271408,455,seg_8a10s,MI
0.07025884,-2.3573802,-2.9527688,-1.9647248,3.5927544,0.2866065,-1.155976,-0.09648684,-0.8738391,-4.12851,0.779971,-2.3508174,-0.94432485,-0.86737967,0.42761832,457,seg_0a2s,NORM
-0.18739296,-2.5756826,-2.3378577,-1.0658252,3.150332,-0.08000147,-0.91026616,0.5362922,-0.8153531,-4.874164,1.64231,-2.4081786,-0.38123226,-0.98402894,-0.097709835,457,seg_2a4s,NORM
-1.1095654,-2.9169457,-1.791647,-0.36497155,4.785238,0.16729367,-1.296078,2.0468593,-0.9328626,-4.361902,0.93308353,-2.7537675,-0.30619037,-0.2102298,0.120617434,457,seg_4a6s,NORM
-0.8606905,-2.7878084,-1.9776812,-0.6481872,4.7929,0.30422586,-1.24898,1.8409228,-0.91154486,-4.0152307,0.7119532,-2.6281583,-0.23925267,-0.22210355,0.39862484,457,seg_6a8s,NORM
-0.8573964,-2.0882828,-2.6367884,-0.7944936,1.7883126,0.2050238,0.13162026,0.78925276,-0.9158338,-3.461517,1.3965257,-1.9356029,-0.7007548,-1.3532456,-0.25894374,457,seg_8a10s,NORM
-1.8672099,-4.7297273,-2.749628,-2.4593036,5.4353247,-0.32748714,1.4531133,3.2081797,1.1634979,-4.0922894,-0.4622902,-2.8959758,1.1653422,-0.18420263,0.1801571,460,seg_0a2s,NORM
0.18118612,-3.8839638,-3.3163218,-2.7682528,3.0731876,-0.78689134,1.7080442,1.3811593,0.38016284,-5.1499195,0.8725605,-1.9648786,1.1966455,-1.2705742,-0.39807418,460,seg_2a4s,NORM
0.9055331,-3.789989,-3.2180967,-2.5458777,4.9968514,-1.1163356,0.9593669,1.6997616,-0.49273324,-5.29596,0.2234841,-2.0711715,1.2942637,-0.34575933,-0.3858883,460,seg_4a6s,NORM
-0.85572827,-3.9763422,-1.9725949,-1.2770627,3.781059,-0.021064907,0.53701776,2.6185315,0.2387336,-3.7374904,-0.39224195,-2.4058354,0.22141881,-0.0067575574,0.27235234,460,seg_6a8s,NORM
0.87879777,-3.6964226,-3.1482396,-2.723358,3.5205526,-0.7405957,1.4195616,0.90950215,-0.47231352,-5.521176,0.5066173,-1.8086227,1.0958267,-0.9032116,-0.27805367,460,seg_8a10s,NORM
-1.1471964,-3.3509488,-3.0103936,-1.5113618,5.09966,0.021867424,0.6197743,0.32602096,1.3306346,-5.2507143,1.4004934,-5.119528,0.23664431,-1.0108414,-0.60426056,463,seg_0a2s,NORM
-0.76537627,-2.85193,-2.376585,-0.8892034,4.027901,0.052838817,0.4321933,-0.15656629,1.0766811,-4.617689,1.1322687,-4.798934,-0.255598,-0.72520906,-0.39454105,463,seg_2a4s,NORM
-0.7402086,-2.8257248,-2.6108384,-1.028034,4.3913035,0.21858218,0.07200522,-0.28730154,1.1143239,-4.8967943,1.203021,-4.7170553,-0.27349305,-0.76990175,-0.4384285,463,seg_4a6s,NORM
-1.7897432,-2.517488,-2.4210334,-0.13566066,2.8613374,0.4030961,1.0292618,0.31181455,0.8585012,-3.7895288,1.2903547,-4.0525684,-0.2939872,-0.9945594,-0.4832451,463,seg_6a8s,NORM
-0.85096216,-3.004788,-2.5046816,-0.9379067,4.306716,0.03683375,0.34154052,-0.11650132,1.1689148,-4.9326754,1.238561,-4.830602,-0.12958838,-0.73727465,-0.47858498,463,seg_8a10s,NORM
1.1935025,-3.0595002,-2.6391377,-0.9661496,2.1131923,-0.56482303,-1.3505042,1.0726761,-0.9923926,-1.9921054,0.5474121,-1.0364465,-0.021844879,-0.5210313,0.5423299,464,seg_0a2s,MI
1.2959946,-3.1537325,-2.7148004,-0.73576355,2.408929,-0.43180957,-1.1457024,1.2202338,-0.94153076,-2.4928641,0.5379883,-1.3148452,0.047367446,-0.49013984,0.730474,464,seg_2a4s,MI
0.81704867,-4.9662538,-3.06146,-1.6673317,3.9411488,-0.6478138,-0.71106416,2.7197342,-1.4825039,-3.9216182,-0.7034243,-2.409553,-0.41556835,0.24866274,2.1184688,464,seg_4a6s,MI
1.1223524,-2.8901775,-2.5893717,-0.9607119,2.142023,-0.5870321,-0.6827221,0.81338084,-0.88392705,-2.4430525,0.38470012,-1.2754121,0.20249693,-0.24442591,0.57561266,464,seg_6a8s,MI
0.9074836,-3.3213203,-2.8961291,-1.6359236,1.1609572,-0.4229305,-0.407297,0.123286515,-0.85780424,-2.2886395,0.64282393,-0.90841424,0.004100278,-1.1650014,0.5816606,464,seg_8a10s,MI
-0.31034124,-3.7191944,-2.71691,-1.2504048,4.1721983,-0.4308091,0.62077105,2.4638789,-1.9710162,-4.1556263,-1.4335264,-2.2169666,-0.60706,0.88656604,-0.8437711,465,seg_0a2s,STTC
0.40683883,-3.2266219,-3.1065865,-0.2965525,3.8427095,-0.4364846,0.25268316,1.8415065,-1.8446162,-3.001322,-0.21083352,-1.9131591,0.5776094,0.24973887,-0.877607,465,seg_2a4s,STTC
-0.15336369,-3.134792,-3.6751294,-0.6896309,3.7652106,-0.49658355,0.060383104,1.3283352,-1.4464774,-2.439855,-0.6511529,-2.0031152,-0.026634697,0.531544,-0.7086363,465,seg_4a6s,STTC
-0.06866892,-3.3218236,-3.1511984,0.030264452,3.7609146,-0.5194043,0.39458832,1.9768493,-1.3477831,-3.1656106,-0.06851506,-2.0597262,0.27749544,0.04117857,-0.6907369,465,seg_6a8s,STTC
-0.38750723,-3.5593014,-3.3482819,-0.8027972,4.125451,-0.71719694,0.4817249,1.423789,-1.6355906,-3.0569534,-1.282481,-2.0028064,-0.2497848,0.8427583,-0.26889426,465,seg_8a10s,STTC
0.386831,-2.779877,-2.2419915,-1.0468652,4.7969966,-0.5191928,-0.529439,1.6926917,-1.3827555,-4.6306844,0.8895195,-3.7451525,-0.27406472,-0.18099959,0.21198243,466,seg_0a2s,NORM
-0.59520733,-3.1726546,-1.6473039,-0.79730344,4.3450117,-0.03772685,-0.24382357,2.6449504,-0.78988886,-3.9027994,0.4301658,-3.184887,-0.18166292,-0.1947005,0.47792318,466,seg_2a4s,NORM
0.35184425,-2.718748,-2.2257876,-1.464432,2.7005317,-0.29865006,0.16108575,1.0757728,-0.80608094,-4.5934057,1.3268329,-2.8590136,-0.011819415,-0.87110555,0.002602458,466,seg_4a6s,NORM
0.1835564,-2.896217,-2.2963152,-1.5003245,2.403917,-0.46113107,0.076519914,1.2888372,-0.39461297,-4.212529,1.3342302,-2.7422807,-0.28465533,-1.0846392,0.24705312,466,seg_6a8s,NORM
0.53609675,-2.8014967,-2.3058548,-1.8805144,3.1227891,-0.23560342,-0.04738944,1.0341283,-0.9408094,-4.529222,1.121696,-2.6544306,-0.034797028,-0.95679605,0.26126772,466,seg_8a10s,NORM
-1.81728,-3.3752072,-2.996128,-1.7751119,4.2556,0.24762365,0.21606436,1.8280706,-0.685975,-3.639488,-0.64912385,-4.0259557,-1.0601355,0.72536695,-0.526371,467,seg_0a2s,NORM
-0.89215183,-2.824646,-3.142239,-1.6128271,3.460273,-0.64649785,0.23630366,1.1867871,-0.84107023,-3.3483202,-0.10368948,-3.9110742,-1.2688476,0.4180771,-1.42058,467,seg_2a4s,NORM
-1.2509395,-3.0482175,-3.0010386,-1.7923803,5.1033835,-0.98958683,-0.185938,2.127124,-0.8325705,-2.5942855,-1.4301839,-4.3436866,-1.969531,1.2446123,-1.1966577,467,seg_4a6s,NORM
-1.8633933,-3.5288193,-2.8451357,-1.2889807,3.9710746,-0.12299466,0.011073403,1.8564613,-0.70975757,-2.9251342,-0.28096333,-4.0525637,-1.1309887,0.39917445,-0.52261245,467,seg_6a8s,NORM
-0.9033443,-2.9190848,-3.9651842,-1.9057407,4.355901,-0.60512996,-0.51244944,1.5833659,-1.426918,-3.9511387,0.60783637,-4.790847,-1.3624706,0.3989594,-0.7340089,467,seg_8a10s,NORM
-0.82021284,-3.8903375,-2.594038,-2.1165287,2.27835,-1.6213979,0.05105225,1.8207958,0.66815287,-3.6969295,1.1128255,-3.2258806,-0.96560776,-0.8285178,0.091822706,468,seg_0a2s,MI
-0.8307952,-3.232199,-2.2663655,-1.218569,3.3152578,-1.3593619,-0.18995577,2.5570765,0.80984354,-2.8679633,0.7349821,-3.197679,-0.7890269,-0.45435125,-0.23592898,468,seg_2a4s,MI
-0.06977247,-3.2923155,-2.734788,-1.8011439,3.5702908,-1.7372184,-0.26904023,2.2248538,0.40503022,-3.5132315,0.5921766,-3.3585858,-0.97521216,-0.25875795,-0.34748057,468,seg_4a6s,MI
-0.9129921,-3.623701,-2.3963165,-1.6967254,1.9130514,-1.5700995,0.061391868,1.8481941,1.0267365,-3.2429814,1.3207805,-3.2107453,-1.1237267,-1.1315552,-0.3491408,468,seg_6a8s,MI
-1.1424552,-3.6819594,-2.815803,-2.2373018,2.3671327,-1.4225942,-0.02814693,1.8985577,0.7838939,-3.3769584,1.1448388,-3.4445953,-1.2298416,-0.973004,0.020659953,468,seg_8a10s,MI
-0.49264652,-2.4814045,-7.111257,-4.045106,3.7481515,-0.5065398,-0.74323636,-1.1685119,-2.3205004,-4.006321,-0.777921,-2.9292345,-3.472887,-0.55676436,0.73255813,469,seg_0a2s,STTC
-1.2228285,-1.9783938,-4.723347,-1.6853693,3.9795523,0.9337976,-0.8979086,0.17137623,-1.2563593,-2.1697497,-1.3547726,-1.8740094,-2.098135,0.13038868,1.3068835,469,seg_2a4s,STTC
0.06456457,-0.9779114,-4.840066,-1.9370296,3.3283613,0.3849818,-0.42150044,-0.53981525,-1.1461308,-3.2060616,-0.73761994,-1.5560868,-1.6807263,0.1356659,0.87764764,469,seg_4a6s,STTC
0.075950995,-1.1966373,-3.5603757,-0.7979319,2.165897,-0.069039434,-0.47409746,0.07441461,-0.7843013,-3.0745926,0.37814385,-1.1896223,-0.67354876,0.05328638,0.45979166,469,seg_6a8s,STTC
-1.5541598,-1.7413669,-3.810964,-1.2818604,3.6252673,1.1880431,-0.5074464,0.42007834,-0.773897,-1.9734348,-1.3789546,-1.5362865,-1.6051725,0.24810307,1.2980783,469,seg_8a10s,STTC
0.19817425,-2.9886322,-3.3748407,-1.9476101,2.2069688,-0.75623655,-0.13474864,0.34567398,0.7912988,-3.413407,0.6459222,-3.220596,-0.9636497,-0.5693829,0.68619287,470,seg_0a2s,NORM
0.038937375,-2.742704,-3.437808,-1.904253,2.4303412,-0.47745666,-0.26322323,0.1990456,0.7165004,-3.407881,0.508361,-3.4669704,-1.2528318,-0.4686154,0.7555318,470,seg_2a4s,NORM
0.49527407,-2.4959543,-3.5455575,-1.6273971,3.6435745,-0.87796795,-0.68065035,0.9011283,0.35750055,-3.2653482,0.11299958,-3.6069977,-1.1979605,0.25236723,0.7078221,470,seg_4a6s,NORM
-0.61450166,-2.9655576,-2.9250011,-1.2995942,3.6876104,-0.2865503,-0.2860044,1.5923549,0.7407768,-2.717003,-0.39068565,-3.5487297,-1.044299,0.30722356,1.1348828,470,seg_6a8s,NORM
-0.74858487,-3.3585455,-2.9675808,-1.3052166,3.791789,-0.34582046,-0.6593231,1.5681347,0.6572515,-2.5148242,-0.3201977,-3.3334584,-0.9858064,0.22298418,1.1056294,470,seg_8a10s,NORM
-2.1196399,-4.04208,-6.486375,-5.180489,3.3665774,1.9754046,-3.8186255,5.5415134,-2.0185053,-5.783496,1.5382584,-8.01626,2.7905886,6.5016227,-2.8507648,472,seg_0a2s,NORM
-2.3425572,-3.186941,-4.403865,-2.6047144,3.752562,1.3119487,-2.2453973,4.190685,-0.8766512,-4.343699,1.5020578,-4.578585,1.6149771,2.6986055,-1.4026824,472,seg_2a4s,NORM
-1.5097659,-3.6468124,-5.057156,-3.5361695,3.4134772,1.5125337,-3.0690038,4.0751224,-1.6006782,-5.3313065,1.3549567,-5.0600257,2.1604311,4.16188,-1.8870212,472,seg_4a6s,NORM
-2.4105759,-2.491076,-3.9189363,-1.2630444,4.859232,1.1934152,-2.1653278,4.4134564,-1.2919817,-3.7237804,0.8461312,-3.8643568,0.5864425,2.2220466,-1.1963427,472,seg_6a8s,NORM
-1.7491051,-2.86528,-5.0150876,-1.9896595,4.0685897,1.1182889,-1.7939197,4.9898562,-2.471893,-4.6183977,1.0852989,-4.3037996,1.572851,3.2361548,-1.8218604,472,seg_8a10s,NORM
-7.2058334,-13.5099945,-10.157155,-8.854483,14.366663,-3.5777857,8.2566,11.17436,6.3646684,-11.812773,4.3148875,-9.476447,8.015941,-4.787093,-2.0144951,473,seg_0a2s,NORM
0.69641715,-2.7194197,-4.576897,-2.5444698,3.6055691,-0.7408484,0.08251863,0.8842753,1.0656475,-5.230098,1.2729322,-4.619886,-0.5938322,-0.61521584,1.1108723,473,seg_2a4s,NORM
0.8434801,-2.4881403,-3.6066494,-1.6813917,3.3303988,-0.5707922,0.050725274,0.45121235,0.5944655,-5.4032073,1.2151877,-4.7687893,-0.75379384,-0.3665192,0.8013388,473,seg_4a6s,NORM
0.33931553,-1.9726273,-3.2810764,-1.5723183,3.024394,-0.19621453,-0.21058579,0.2834682,0.5636625,-4.703765,1.2619325,-3.9024158,-0.5768642,-0.4452682,0.7390653,473,seg_6a8s,NORM
0.21720327,-2.0930154,-3.5249205,-1.6404274,3.3500307,0.11413352,-0.8650293,0.66281813,0.2729747,-4.5768986,1.353552,-4.441296,-1.0634315,-0.44373947,0.8423799,473,seg_8a10s,NORM
-0.07788485,-1.8566772,-3.084496,-0.7743388,1.7754098,0.5796709,0.4267349,-0.50387585,-0.29169223,-4.312475,0.9718381,-2.1142135,0.35906672,-0.29044563,1.014394,474,seg_0a2s,NORM
-0.6785553,-1.0755326,-3.2572908,0.8502645,2.7576978,0.7256488,1.0738468,1.9435387,-1.4070635,-3.2244163,0.1577008,-2.212316,0.41810888,0.6986093,0.58720773,474,seg_2a4s,NORM
-0.7656131,-2.3202262,-2.801567,-0.30457425,3.7261498,1.0856403,0.072726585,1.0100884,-0.53977084,-3.8963308,-0.051407654,-2.6957386,0.38596362,0.5848449,1.4499605,474,seg_4a6s,NORM
-0.7731126,-1.7300178,-2.6825824,0.42752835,4.1066546,0.92822254,0.18973428,1.8705769,-0.75900465,-3.245073,-0.43261915,-2.4457376,0.42019516,1.0556612,1.2925721,474,seg_6a8s,NORM
-1.3119711,-1.7095935,-3.3978996,0.13690887,1.674056,0.81516254,1.5435357,1.3930504,-1.2971032,-3.4355156,0.07255634,-2.3684964,-0.17925596,0.30144742,0.75561035,474,seg_8a10s,NORM
0.7862551,-2.50288,-5.484077,-3.5978396,4.44362,-0.27911374,0.48133573,1.8858979,-5.371349,-5.58773,1.5333143,-11.054824,0.7736086,3.7518036,-2.8694673,475,seg_0a2s,NORM
0.57782805,-3.1498244,-4.50768,-2.329703,3.4880404,-0.5006871,-0.6267174,1.062355,-2.826534,-3.9330945,0.32141984,-5.7411175,-0.70889974,1.6987132,-1.3991963,475,seg_2a4s,NORM
-0.087080225,-1.5199585,-3.658298,-1.2904849,2.8517356,0.34413245,-0.3721946,0.77538633,-1.4324965,-2.6411784,0.6086531,-3.2319775,-0.26326752,0.46835023,-0.32408437,475,seg_4a6s,NORM
-1.090649,-2.0430453,-3.0357265,-1.1740041,2.6682508,0.740701,-0.87553436,1.6738942,-1.4644468,-2.1707711,0.39020747,-3.784692,-0.050822333,1.4034265,-0.34517327,475,seg_6a8s,NORM
1.0704406,-3.977525,-3.9214554,-1.1905344,4.04853,-1.2013534,0.4596716,1.2404873,-3.9504154,-5.887134,1.0953908,-6.2882566,-0.30625764,0.9262043,-0.7390356,475,seg_8a10s,NORM
-0.17800592,-2.6842494,-1.001195,-1.1063511,4.563004,-0.7415875,-1.8024603,1.6926754,-1.0918603,-1.2576259,0.9130788,-4.1529236,-1.1649368,-0.6300327,-0.7545781,476,seg_0a2s,STTC
-0.44735003,-2.9296613,-1.1360177,-1.300602,2.8843076,-1.0131176,-1.2380382,1.1497105,-0.67926085,-2.176852,1.990554,-4.512179,-1.0674121,-1.1737822,-0.7084416,476,seg_2a4s,STTC
-0.0597433,-3.9005325,-1.4819198,-2.0647523,2.609947,-1.5433775,-1.5938156,1.8404818,-0.6600779,-2.3498337,1.9291013,-4.963487,-0.89032686,-0.56549233,-0.45046625,476,seg_4a6s,STTC
-0.3723585,-3.306887,-1.1037586,-1.1741776,2.9554548,-1.5370784,-1.3502386,1.2726561,-0.5300095,-2.2839816,2.1646173,-4.624203,-1.2460996,-1.3419133,-0.7779838,476,seg_6a8s,STTC
-0.23711327,-3.322818,-1.7842354,-2.4125252,2.581078,-0.8549273,-1.7723813,1.6035444,-0.73262805,-2.7388573,2.04715,-5.3275337,-0.11608793,0.36509532,-1.3511434,476,seg_8a10s,STTC
-2.7706852,-6.406778,-7.423036,-3.161655,-0.32227185,-1.3944017,2.0121427,2.8661404,-3.672889,-4.2954936,1.1211863,-3.0272138,-2.2950664,-2.3412366,0.5257106,477,seg_0a2s,MI
-3.2295094,-6.5455914,-7.161312,-2.821438,-0.5806515,-1.6697277,2.3214178,2.6550303,-3.232706,-4.017845,1.1490253,-2.8608365,-2.43069,-2.6496055,0.46157736,477,seg_2a4s,MI
-3.043053,-6.90335,-7.8177533,-3.5701883,-1.089,-1.8511202,2.875403,2.5778208,-3.1666422,-4.8758345,1.3052772,-3.3119693,-2.7834897,-3.0404317,0.6707146,477,seg_4a6s,MI
-3.2764816,-6.663048,-7.163533,-2.7724144,-0.5476028,-1.6749389,2.2188046,2.7628396,-3.178942,-3.9707417,1.2237895,-2.9457731,-2.4213736,-2.6645997,0.275778,477,seg_6a8s,MI
-3.0323875,-6.3483934,-7.3078957,-2.9943643,-0.7242743,-1.4702778,2.3059669,3.0542006,-2.976472,-4.036056,1.166001,-3.0324476,-2.3829067,-2.5173736,0.42708427,477,seg_8a10s,MI
-1.0322874,-4.6043377,-3.914154,-1.1252232,4.734049,-1.0010064,-2.388991,0.940084,-0.49740303,-1.3750144,0.68529624,-4.683714,-0.92219454,0.2856096,-0.9661931,478,seg_0a2s,NORM
-1.6711686,-5.196974,-4.112366,-1.3746879,5.009898,-1.0165702,-2.4573152,1.5232075,0.0152335465,-1.4693468,0.43511683,-5.192458,-1.1591928,0.5350656,-0.83083403,478,seg_2a4s,NORM
-0.60279995,-4.46378,-4.3445854,-1.7666645,3.2504673,-1.4546672,-2.328911,-0.3888742,0.5410248,-1.910236,1.7191366,-4.52383,-1.1382852,-0.64180213,-1.4195483,478,seg_4a6s,NORM
-1.4880553,-4.680458,-4.4091883,-1.4390037,4.2436376,-1.4518679,-2.480696,1.3280951,0.012604013,-1.6232371,0.8839602,-4.8195515,-1.2835896,0.4646864,-0.8483851,478,seg_6a8s,NORM
-1.1601822,-4.9349537,-5.1981583,-2.3460498,2.7837474,-2.0014222,-1.7674253,0.4080311,-0.5026553,-2.3917704,1.6629121,-4.618566,-1.3282326,-0.3714618,-1.0317738,478,seg_8a10s,NORM
-1.0944635,-2.947311,-2.3862424,0.2817916,3.5323431,1.024418,-0.68910855,0.95675087,-0.5536557,-3.2207317,0.17702958,-1.6038394,0.2527691,0.006433293,0.47755545,479,seg_0a2s,CD
-1.6378094,-2.90304,-3.1065412,0.61425835,2.6764324,1.0901657,0.29606566,1.5816824,-1.497792,-3.3344524,0.2328637,-1.6286734,-0.04035223,-0.21363078,-0.0344162,479,seg_2a4s,CD
-0.60754937,-2.4666936,-2.6358252,0.9280621,3.957826,0.70564175,-0.4466554,1.8212287,-1.4964163,-2.9942124,0.04844495,-1.4412626,0.5157838,0.3631661,0.01805386,479,seg_4a6s,CD
-1.1008394,-3.041144,-2.3126588,0.9049572,4.942667,0.82723045,-1.0234503,1.8445413,-1.0041215,-3.1002917,-0.13679786,-1.6228997,0.52801085,0.50778484,0.19176301,479,seg_6a8s,CD
-0.3256556,-3.6956248,-2.8267365,-0.09047516,5.5489535,0.69948494,-0.9475241,2.1646392,-1.7233579,-4.135366,-0.63655794,-2.3858624,0.36672527,0.979622,0.58276224,479,seg_8a10s,CD
-2.3413343,-1.8121525,-2.6102252,-0.58705986,4.0936832,0.8586662,-0.8318626,1.6389105,-1.6484497,-3.6642196,0.082652874,-2.7413983,-1.8098918,0.17576586,-1.2396303,480,seg_0a2s,NORM
-1.5369006,-2.0642338,-2.7270975,-0.6725098,4.0556808,0.47147518,-1.2940127,1.9305625,-1.9963667,-4.6002674,0.7515121,-3.185332,-1.7676654,0.20117065,-1.3238981,480,seg_2a4s,NORM
-2.3626578,-2.0493033,-2.4663877,-0.31873575,4.382496,1.0950923,-1.2577087,1.7881444,-1.3743155,-3.4999418,0.26319978,-2.9898384,-1.6252912,0.1545693,-0.6664218,480,seg_4a6s,NORM
-1.7729278,-2.1953304,-2.821951,-0.93389004,4.5913606,0.76018107,-1.5881865,1.5765829,-1.8922207,-4.1888704,0.2547837,-3.1902893,-1.994451,0.28657502,-1.1300745,480,seg_6a8s,NORM
-1.7331728,-2.0492997,-3.2304845,-0.8319799,4.0809937,0.9718052,-1.1731766,1.7406847,-2.506538,-5.0303235,0.48805472,-2.9771807,-1.9628726,0.22986639,-1.5828365,480,seg_8a10s,NORM
0.14262973,-2.0116549,-2.1824899,-1.1765606,2.0378761,-0.14907694,0.038259886,1.0687356,-0.95226926,-3.9223695,-0.33509597,-0.79608023,-0.7041482,0.23694947,0.026270106,481,seg_0a2s,NORM
0.040057376,-2.3803887,-2.4701548,-1.0020463,2.080569,-0.6391499,-0.3982093,1.3028692,-1.1134658,-3.9638193,0.2228396,-0.8029479,-0.85533774,-0.11505957,-0.30116752,481,seg_2a4s,NORM
-0.12249327,-2.2967525,-2.0234303,-0.8466617,2.430102,-0.47920743,-0.43198842,1.4228992,-1.1485271,-4.0502224,0.2622832,-0.9879086,-0.80575144,-0.10748683,-0.35650668,481,seg_4a6s,NORM
-0.6375311,-2.1326342,-1.8218304,0.055843588,3.2063067,-0.1712996,-0.56534284,2.454151,-0.9342088,-2.7682722,-0.36371613,-0.8401338,-0.4209655,0.4799013,0.10599254,481,seg_6a8s,NORM
-0.11865339,-2.439868,-2.2174644,-1.0405538,2.5899818,-0.41703036,-0.6927022,1.3171419,-1.2248919,-3.8947995,0.17077115,-1.1335531,-0.9394301,-0.054735065,-0.32456598,481,seg_8a10s,NORM
-0.5745167,-4.1733685,-3.509375,-3.65413,5.3481903,-1.0249697,-0.74197596,2.0326598,-1.3001876,-5.179446,1.8785619,-3.223998,-0.01774361,-1.7361583,-0.059108496,484,seg_0a2s,STTC
-1.4329745,-4.0873446,-2.1852312,-1.7460053,6.351421,-0.5947938,-1.4556887,3.3258698,-0.81038564,-3.4476352,1.2894279,-3.4740355,-0.04486916,-1.1086484,0.05936636,484,seg_2a4s,STTC
-1.5215958,-3.3847861,-1.9810778,-0.6980747,4.821746,-0.7511891,-1.0361711,3.166408,-0.29743817,-2.4252124,2.143467,-2.872401,0.32082635,-1.7319882,-0.38093373,484,seg_4a6s,STTC
-1.5008479,-3.2400649,-3.0677924,-1.0808973,3.491189,-0.75374186,-0.0138627365,3.6581576,-2.297857,-3.4285386,1.6235209,-3.3436618,-0.993946,-1.3280659,-0.84365726,484,seg_6a8s,STTC
-2.7591703,-5.176283,-2.1512375,-2.3218644,6.95375,-0.15256163,-1.0791814,4.3228154,-0.86354107,-3.5351417,0.6365098,-3.8119411,-0.08247334,-0.91755605,0.67241615,484,seg_8a10s,STTC
0.053942844,-2.90892,-2.9480934,-1.6734474,3.8123825,0.007182747,0.9800322,0.5700158,-1.1331081,-5.0108747,-0.64570636,-2.4433084,-0.24400932,0.3702718,-0.19531879,485,seg_0a2s,STTC
-1.1600453,-3.2009594,-2.9666538,-1.1333654,4.0408483,0.7613076,0.5422302,1.0540389,-0.9811736,-3.3135912,-0.79303694,-2.4094067,-0.3274442,-0.0150619,0.90699804,485,seg_2a4s,STTC
0.06752165,-2.4980745,-3.2326493,-1.4424975,4.020677,0.213464,0.6497203,0.12976697,-0.877937,-4.24171,-0.51185,-2.189399,-0.14735895,0.094893396,0.32824147,485,seg_4a6s,STTC
-0.25761908,-2.261537,-2.7925649,-0.5832624,4.624216,0.026090711,0.2867,1.2424972,-0.8403667,-2.8564262,-0.8918535,-2.097393,-0.18320829,0.4320997,0.5980004,485,seg_6a8s,STTC
-1.4630358,-3.759221,-6.1651564,-1.9901357,8.046556,0.5082714,-2.0195336,1.5441879,-4.926788,-4.299682,-0.69314456,-5.194805,-2.8652391,0.359087,-0.92762184,485,seg_8a10s,STTC
-1.2036407,-4.705391,-2.486764,-0.67550224,7.438312,-1.4002619,0.36387253,2.5106153,-4.888372,-6.7831616,0.36391535,-4.905691,0.48189247,1.1596864,1.6044677,486,seg_0a2s,MI
-2.172023,-6.4279685,-2.7249765,-2.247442,7.408457,-2.7107863,0.9914868,3.155695,-5.0640764,-8.897781,0.47492215,-5.768428,-0.0038817823,1.2716786,3.9047787,486,seg_2a4s,MI
-2.2233744,-5.6656556,-3.2771492,-1.8358269,5.551669,-3.3270726,1.5956942,3.157422,-5.426369,-9.185334,1.3374287,-4.981043,0.093288794,1.185398,3.258231,486,seg_4a6s,MI
-0.7462654,-4.395129,-3.659985,-1.2718704,4.941342,-1.4197656,0.9223771,2.3796582,-3.6817732,-7.5998697,0.948362,-4.3541517,-0.4359867,0.3157456,1.5420872,486,seg_6a8s,MI
-2.155872,-5.965707,-4.035634,-2.1748426,7.44476,-3.700402,1.3968083,4.150515,-5.919925,-10.07252,0.7828887,-6.3929124,-0.51516384,1.9761364,3.5421143,486,seg_8a10s,MI
-0.9167107,-3.976919,-2.8967943,-1.2537496,3.6536844,0.0650654,-0.3450461,1.1463356,-1.291652,-6.247674,1.493234,-2.216834,-0.15398175,-1.1309096,-0.44124302,488,seg_0a2s,NORM
-1.6554843,-4.0845656,-2.6263871,-0.44396752,5.2985406,0.23257226,-1.1385647,2.1536245,-1.4674888,-5.6376185,0.98644817,-2.5144632,-0.25856832,-0.40407848,-0.5076308,488,seg_2a4s,NORM
-0.69758296,-3.9547424,-3.1905203,-1.2284582,5.493058,-0.10380268,-1.120892,1.72522,-2.005692,-6.3006635,0.85144985,-2.5727222,-0.51463366,-0.34014773,-0.70086706,488,seg_4a6s,NORM
-1.780467,-4.335929,-2.4495883,-0.43519115,5.1698203,0.19771078,-0.8957502,2.6399236,-1.5851772,-5.4900846,0.89908177,-2.6075783,-0.2700892,-0.44682175,-0.31550127,488,seg_6a8s,NORM
-1.1757846,-4.0486407,-3.0928097,-1.2809861,3.8149161,0.124054804,-0.50835216,1.1335504,-1.4665956,-6.3698792,1.4993966,-2.3093367,-0.39890468,-1.1093212,-0.7010405,488,seg_8a10s,NORM
-2.6680326,-5.762572,-4.445187,-1.7233775,7.23572,0.16935584,-2.5771377,1.5344927,-2.408482,-5.7645273,1.0821937,-5.054183,-0.015919939,0.9516693,-0.7192515,489,seg_0a2s,CD
-2.6570997,-4.5866113,-3.9316244,-0.24643734,5.6523585,0.7530249,-1.8558323,1.7606254,-1.2721059,-4.575635,1.3930362,-4.3699055,-0.050710883,0.25676683,-1.4006847,489,seg_2a4s,CD
-2.5455222,-5.6426826,-4.6448503,-1.5369656,7.718167,1.1060019,-2.7878811,1.6039486,-2.074661,-5.411523,0.63676953,-5.1396613,-0.40241134,0.6810956,-1.0416234,489,seg_4a6s,CD
-1.033355,-5.1946077,-5.007602,-2.2555773,5.729742,0.2467068,-2.5383973,-0.09950128,-2.0208309,-6.2416687,1.7696544,-4.6219125,-0.2425233,-0.029397205,-1.7463814,489,seg_6a8s,CD
-3.102019,-6.18438,-4.017583,-1.4903717,7.9157395,1.3113675,-2.4728265,2.2509875,-2.0660717,-5.088933,0.12444187,-4.987995,-0.0062675104,0.9624589,-0.58854103,489,seg_8a10s,CD
-0.39714998,-5.0669794,-4.85764,-3.2526119,7.124407,-0.88587236,0.9101536,3.935,-2.6996984,-6.679779,-1.1010654,-7.5969844,-0.7120795,2.426417,-1.2184976,490,seg_0a2s,NORM
-1.4184153,-5.412572,-4.1416564,-3.0816622,5.5677004,-0.92533696,0.8330094,3.5831816,-1.6773491,-4.646136,-0.4573578,-7.785593,-0.9504063,1.5125916,-1.1886255,490,seg_2a4s,NORM
0.66543984,-4.3735933,-5.017884,-3.9529462,5.562892,-0.6064298,0.8169397,2.011254,-2.7559114,-6.1861687,-0.8066115,-6.9993043,-0.7595328,1.8927397,-1.4840307,490,seg_4a6s,NORM
-0.8613124,-2.4150643,-2.869667,-1.3441677,4.909491,-0.6590241,0.41968003,2.2884865,-1.5346193,-2.9658535,-0.4730049,-4.5758214,-1.0923208,0.78069985,-1.0385876,490,seg_6a8s,NORM
-0.11127089,-3.9142067,-3.9802947,-2.728706,4.047995,-1.0308313,0.9103576,2.329398,-1.1680565,-4.739978,-0.42252225,-5.321932,-1.2662463,0.7530496,-0.7899959,490,seg_8a10s,NORM
-0.67388004,-1.8907168,-3.1125631,-2.4367492,3.0386515,-0.08415565,0.1216343,1.3925412,0.0040403605,-2.921786,0.03889467,-3.2082462,0.3236519,1.2404603,-0.5871875,491,seg_0a2s,NORM
-1.0333513,-2.2875328,-3.048458,-2.3887634,1.6107111,-0.2511886,0.20415044,0.91267717,0.87868977,-2.808186,0.88911116,-2.9125094,0.07292642,0.11437866,-0.4340116,491,seg_2a4s,NORM
-1.1836339,-2.0535812,-2.7340322,-1.9000356,3.0314586,-0.03730151,-0.33872274,1.6782991,0.61791885,-2.2765512,0.37132984,-2.9300098,0.28287375,0.76838815,-0.3721389,491,seg_4a6s,NORM
-0.3572706,-1.7723402,-2.9611454,-2.467982,3.227714,-0.18076971,-0.3342827,1.0917454,0.43922132,-2.8372097,0.19350648,-3.0750606,0.5541856,1.2648824,-0.5512966,491,seg_6a8s,NORM
-1.6207961,-2.536026,-2.6470065,-2.0170243,3.3467681,0.1292956,-0.28875625,1.9392383,0.7757544,-2.0267558,-0.05660329,-3.0706494,0.17083418,0.8566903,-0.18815544,491,seg_8a10s,NORM
0.89928555,-2.0084307,-3.0582747,-0.89083695,2.8319771,0.3940392,0.045325764,0.7539662,-0.109710574,-2.9008548,0.065020084,-2.130852,0.3327496,0.03975489,0.98051465,492,seg_0a2s,MI
-0.9990882,-2.6671634,-2.8354592,-0.5303928,3.1083055,0.8527366,0.61816305,1.3098128,-0.18017948,-3.2171388,0.006947506,-2.4848344,0.95315397,0.45558417,1.6523749,492,seg_2a4s,MI
0.45214438,-2.1218867,-3.1177053,-0.24107337,2.5472562,0.4495765,0.12609938,1.1147667,0.07405321,-3.338897,0.6709815,-2.272414,0.7669645,0.028695852,1.035993,492,seg_4a6s,MI
-0.2550048,-1.9948711,-3.1138153,0.36864716,3.6649964,0.52937514,0.19010386,2.0776196,-0.21616474,-2.9178457,0.35871172,-2.326826,1.1008979,0.49347812,0.87581587,492,seg_6a8s,MI
0.16253074,-2.3657806,-3.5396533,-0.61102754,2.8977253,0.4763716,0.55180824,1.2739366,-0.15788716,-3.7673361,0.6834192,-2.5191748,0.97159517,0.021117866,0.67829514,492,seg_8a10s,MI
0.8488153,-2.9424453,-2.824276,-2.2261727,3.4529781,-0.15313652,0.62985545,1.1661881,-0.49630177,-3.3962693,-0.5548976,-2.0485203,0.7416852,0.3803967,-0.30427516,493,seg_0a2s,NORM
0.12207736,-2.8816078,-3.1129947,-1.7629168,3.064351,-0.4331952,0.8954594,1.0373019,-0.020547122,-3.6028008,-0.28656256,-2.6168916,0.27089345,0.4412173,-0.37906393,493,seg_2a4s,NORM
-1.3540617,-3.524944,-2.4717593,-1.5014615,3.2330656,-0.032787204,0.7667309,1.9225106,0.32842278,-2.7555213,-0.751002,-2.3466651,0.23283829,0.51596516,0.18628222,493,seg_4a6s,NORM
-0.29915866,-2.721632,-3.4283838,-1.8819504,2.6093214,-0.4717627,0.56785595,1.2489421,0.49917468,-3.2533815,-0.17713803,-2.404574,0.10338436,0.569861,-0.26598668,493,seg_6a8s,NORM
-0.33569923,-2.7932231,-3.427032,-2.014866,2.7314575,-0.5287478,0.76740974,1.2999187,0.4495286,-3.5151715,-0.22200838,-2.4833117,0.17447631,0.6262278,-0.35719988,493,seg_8a10s,NORM
-0.55444485,-2.275768,-3.0790582,-0.2898677,3.1555498,0.40846342,-0.5179922,1.0367162,-0.39848185,-3.8217516,0.9030065,-2.0740244,0.17576976,-0.064293295,0.046007454,494,seg_0a2s,NORM
-1.6421173,-2.786968,-2.6300616,0.09135353,3.362659,0.80067396,-0.40942162,1.58822,-0.11244607,-3.3628657,0.63259655,-2.0853481,0.16454642,-0.12609471,0.27862716,494,seg_2a4s,NORM
-1.01064,-2.2898734,-2.6149988,0.03898246,2.9757392,0.6002792,-0.4332285,1.2723824,0.024300352,-3.225925,0.8006124,-1.9071457,0.28019762,-0.14379631,0.2891779,494,seg_4a6s,NORM
-0.43245918,-2.2133107,-2.886949,-0.20538887,3.1822088,0.333207,-0.70681643,0.84705794,-0.22053629,-3.6718848,0.98092294,-2.0277274,0.2087345,-0.12233667,-0.018166155,494,seg_6a8s,NORM
-1.4789202,-2.5100472,-2.6082478,0.54335415,4.2962174,0.64718294,-0.5263537,2.355552,-0.36223704,-3.1812625,0.20689431,-2.02514,0.37803555,0.50206983,0.20837042,494,seg_8a10s,NORM
-0.15691197,-2.5993452,-2.6439304,-1.2185025,2.5312142,0.28560215,0.0608825,-0.5590513,0.23334715,-3.9433439,0.6906744,-2.2435627,0.2493821,-0.45508665,0.60604453,495,seg_0a2s,STTC
-0.51426524,-3.0080097,-2.7773557,-0.6648729,2.5976915,0.31556028,-0.046779633,-0.14120364,0.4004803,-4.0640464,1.2814356,-2.553062,0.5251843,-0.7413604,0.42557672,495,seg_2a4s,STTC
-0.1957248,-2.452324,-3.354589,-1.646966,2.571873,0.17410108,0.24220252,-0.77853334,0.3152104,-3.4718566,0.6376342,-2.1914294,0.1377219,-0.6905952,0.676659,495,seg_4a6s,STTC
-2.3476567,-3.8937416,-2.1069689,-0.26499653,4.4466577,0.93249834,-0.008699909,1.8099973,0.2875461,-3.1270807,-0.28807577,-2.8915722,0.45048982,0.28068203,1.2359741,495,seg_6a8s,STTC
-0.37135774,-2.7813995,-3.1450763,-1.3589823,3.0681472,0.47085518,-0.2453644,-0.56098014,0.10400265,-3.90722,0.90142155,-2.4605699,0.31794405,-0.6528054,0.61450386,495,seg_8a10s,STTC
-2.5259907,-2.6001284,-3.5599637,0.24351266,2.9927225,0.21419284,0.9126525,3.4711618,-1.9948597,-4.7755947,2.0281584,-3.3844275,-0.29895782,-0.8526114,-1.6644948,496,seg_0a2s,MI
-2.7802854,-2.7871954,-3.3921604,0.3557396,3.2251241,0.40707722,0.49455336,3.3625305,-1.8345826,-4.366116,1.830407,-3.3774416,-0.56133735,-0.8601316,-1.4616377,496,seg_2a4s,MI
-1.8458765,-1.9054047,-3.3863535,0.8382925,4.0033245,0.16053312,0.23217866,3.7876725,-2.070285,-4.2057576,1.5934787,-3.2543821,-0.38753837,-0.32800227,-1.5644748,496,seg_4a6s,MI
-2.2650063,-2.421211,-3.5327587,0.9143221,4.354137,0.18865293,0.04443293,3.9630432,-2.281859,-4.3347096,1.6079357,-3.471889,-0.3744133,-0.23755537,-1.553206,496,seg_6a8s,MI
-2.2495935,-2.5038683,-2.8236198,0.49880052,5.260859,0.5492054,-0.36873853,3.6524565,-1.384516,-3.9188333,0.8712597,-3.2091644,-0.26114967,-0.017482147,-1.0362508,496,seg_8a10s,MI
-0.10150683,-4.0884356,-2.2003236,-1.3971066,4.9456577,-1.953284,-0.25850654,3.9161968,-2.7015293,-7.2591624,1.8077209,-4.1387334,-0.8549688,-0.51765496,1.2077324,497,seg_0a2s,NORM
-0.76116216,-3.9091434,-1.6661897,-0.43921065,4.552942,-0.5460099,-0.057029013,3.9491463,-1.4588909,-5.5945196,1.0409776,-3.8632042,-0.8759439,-0.68331486,0.82903445,497,seg_2a4s,NORM
0.04884194,-3.6277816,-2.1621575,-1.2078376,3.1712554,-0.8301039,0.1141601,2.5660112,-1.4594016,-6.0509295,1.7965027,-3.5446877,-1.1223867,-1.5725186,0.46636283,497,seg_4a6s,NORM
0.5509039,-3.561102,-2.1066332,-0.9860843,4.462673,-1.0920745,-0.1381306,3.5795844,-1.8706882,-6.4852347,1.3420691,-3.9524784,-0.97475904,-0.6852335,0.6228736,497,seg_6a8s,NORM
-0.5301277,-3.9685438,-1.9429307,-0.8755648,4.814872,-0.61047816,-0.2594267,3.8578005,-1.9198265,-5.453652,0.794984,-4.1526165,-1.1797849,-0.49618495,0.8275058,497,seg_8a10s,NORM
-0.6327835,-1.1608934,-5.0775414,-3.0280614,3.028661,1.0968779,-2.257123,1.963002,-0.10415083,-5.0849824,3.001153,-5.1587424,0.8571274,1.1129787,-1.24049,499,seg_0a2s,STTC
-2.2639134,-2.9132655,-3.4130263,-1.1803825,5.4474516,1.2153697,-1.7979983,3.3164463,0.27962047,-4.3478355,1.040022,-4.272371,0.020680308,0.629676,0.405201,499,seg_2a4s,STTC
-2.5319452,-1.2536929,-3.998673,0.36733183,2.312104,0.57709056,0.5537704,3.336709,-0.6737124,-3.481126,2.0108461,-3.3952203,-0.59647083,-0.5316115,-0.54724836,499,seg_4a6s,STTC
-2.5318139,-2.0605085,-4.13813,-0.4526,3.7483726,1.0168911,-0.15614617,3.7213063,-0.8253323,-4.3620954,1.4923265,-4.0165234,-0.58884764,0.02939304,-0.35858783,499,seg_6a8s,STTC
-2.1100516,-1.3825188,-4.3772964,0.09370478,4.164812,0.7702033,-0.24271855,4.500404,-1.11589,-4.0987167,1.5732993,-4.0775814,-0.16244525,0.6046285,-0.71291053,499,seg_8a10s,STTC
-2.599326,-6.2668514,-2.4274068,-6.8274064,9.668497,-0.018271714,-0.27927884,6.5579667,-3.654262,-8.951135,-1.8879622,-9.1597805,-1.8755585,3.2154722,-2.210302,500,seg_0a2s,MI
-1.9724087,-6.4049096,-3.4651961,-6.2584,8.235951,-0.41273633,1.1907966,6.0905614,-4.3547387,-9.63014,-1.8936747,-8.239688,-2.1218574,2.393279,-2.2694156,500,seg_2a4s,MI
-0.89633054,-4.5949,-5.349971,-7.82923,6.826768,-0.5562465,0.04114493,6.2346706,-4.9266934,-9.477492,-0.3550313,-9.409974,-1.1853199,3.9875245,-4.1169353,500,seg_4a6s,MI
-2.1782255,-7.0656834,-2.2976093,-6.171245,10.096509,-0.59858906,0.66896766,5.3556685,-3.09085,-9.442249,-2.9071975,-7.7042904,-2.7095642,1.9701093,-1.16148,500,seg_6a8s,MI
-0.7462083,-5.2801747,-3.3381643,-5.894979,7.276319,-1.1782861,1.438386,4.899906,-3.9216783,-9.13736,-1.423783,-7.2608094,-2.1962266,1.6746058,-2.534994,500,seg_8a10s,MI
-0.49845654,-4.7494264,-1.7681118,-1.4579453,3.5381675,-1.6302892,-0.14789423,3.2862647,-1.0520265,-3.3863285,0.06696901,-2.7044375,-1.3061649,-0.93354714,1.1670368,501,seg_0a2s,STTC
0.7440206,-4.423096,-2.6608515,-2.2620783,4.3157167,-2.0812879,0.32431218,3.8901615,-1.0492563,-6.03501,0.14561075,-3.873757,-2.1739523,-0.8289833,1.262885,501,seg_2a4s,STTC
-0.113426924,-5.5201874,-2.3887687,-1.559525,4.203591,-1.7875767,0.11413474,4.6408844,-0.653993,-5.303991,0.027440846,-3.81874,-2.0250425,-0.99958193,1.5225246,501,seg_4a6s,STTC
0.61487454,-4.6006546,-2.482078,-2.1599872,4.2122407,-2.2496176,-0.0050464645,3.2659333,-1.5468392,-5.0237055,0.21198085,-3.4599092,-1.8953573,-0.95580554,1.0641416,501,seg_6a8s,STTC
-0.19511095,-4.0793066,-1.8478892,-1.9731467,2.2264373,-1.7431049,0.5987016,2.532932,-1.0084827,-4.652933,1.1509464,-2.679511,-1.1913346,-1.6016854,0.6304006,501,seg_8a10s,STTC
-1.7107688,-3.9139862,-7.813644,-4.104371,7.1605606,-0.6979641,2.569475,2.6582859,0.045474604,-6.6623697,2.318725,-2.6411645,3.5875432,-1.7792557,-0.7761301,502,seg_0a2s,HYP
-1.1663212,-3.528205,-6.0069194,-2.7150874,4.0961075,-0.038198948,1.0268053,1.295345,-0.5089388,-6.291351,2.2402258,-2.667953,1.4292836,-1.4208497,-0.1509864,502,seg_2a4s,HYP
-0.38227332,-2.3898182,-5.3173156,-1.2792153,3.653923,0.2313152,0.15540114,1.533457,-1.3205726,-5.344504,1.3584327,-2.281299,0.5533729,-0.22087632,0.40731806,502,seg_4a6s,HYP
-0.6212764,-2.3161333,-4.0876985,-0.29647103,3.448764,0.56785494,-0.82389975,1.4194813,-0.55754715,-4.018927,1.1913284,-2.1289055,0.19569032,-0.20050292,0.8831347,502,seg_6a8s,HYP
-2.204349,-3.9437742,-5.5037665,-2.5576777,6.361537,0.62227035,0.9137883,3.1270144,-0.3271403,-5.340887,0.60849005,-2.780729,1.7706355,-0.29382384,1.2581538,502,seg_8a10s,HYP
-0.9430627,-3.8098638,-4.38435,-0.68871486,6.322838,0.40414926,0.4609646,3.2620788,-2.703223,-5.9438434,0.356163,-3.0136545,1.4573556,0.7389726,0.5730536,503,seg_0a2s,STTC
-1.044337,-3.1341422,-4.499757,-0.521757,3.6415722,0.175176,1.1356115,2.4292057,-1.1972525,-5.943583,1.4219265,-2.9829388,0.6334066,-0.38756174,-0.24141932,503,seg_2a4s,STTC
-1.2341642,-2.7986643,-4.3257837,-0.16039875,3.2783241,0.4817206,0.83111143,2.102293,-1.017504,-5.423766,1.2591583,-2.8716943,0.28888488,-0.23928635,-0.08694425,503,seg_4a6s,STTC
-2.3349774,-4.0188394,-3.108831,-0.3735876,6.0941343,-0.7771274,1.1953512,4.3321567,-2.2247982,-6.2628922,1.1012876,-4.375736,0.37297422,0.09970419,-1.199584,503,seg_6a8s,STTC
-1.3849802,-5.2885666,-4.082349,-2.9138353,6.959927,-0.22099635,0.17786682,3.3524032,-1.9699721,-5.5502234,-0.81162643,-5.6272316,-0.89318925,0.8061169,0.5909924,503,seg_8a10s,STTC
-0.073059455,-2.6534321,-2.7885084,-0.62656707,2.785208,-0.60172546,-0.39830256,0.18886757,0.0685946,-3.0815241,0.014087081,-2.3842897,-0.5923345,0.4265303,-0.0800069,504,seg_0a2s,NORM
-0.183071,-2.9681013,-2.7516632,-1.0947247,1.6965832,-0.5449294,-0.2591671,-0.57976484,0.5103821,-3.328046,0.5758763,-2.154413,-0.75116044,-0.46714747,-0.038528115,504,seg_2a4s,NORM
-0.1776581,-2.990169,-2.7338238,-1.129451,1.530028,-0.49790683,0.01504346,-0.5229118,0.52515817,-3.4612749,0.43986621,-2.0705433,-0.63908577,-0.36278814,0.0066660196,504,seg_4a6s,NORM
0.09026207,-2.678911,-2.9232898,-0.7846021,2.891949,-0.6488886,-0.44324097,0.14159799,0.037757464,-3.294869,-0.045898978,-2.34829,-0.7196544,0.38913292,-0.18977031,504,seg_6a8s,NORM
-0.19796497,-2.9378285,-2.7513952,-1.156548,1.4600148,-0.4756296,0.16569495,-0.5036767,0.5472076,-3.499065,0.38417953,-2.0025058,-0.6260111,-0.3589673,-0.039923325,504,seg_8a10s,NORM
-0.16575357,-2.5348456,-3.996604,-2.2773674,1.59481,-0.4111142,-0.11419165,0.7818346,0.5364944,-2.9359891,0.81737244,-2.9506981,-0.6453206,-0.3164776,1.0060629,505,seg_0a2s,NORM
0.25948125,-2.3031025,-3.8932605,-2.0195298,2.9696362,-0.31029883,-0.28037298,1.626571,0.06586314,-3.2448132,-0.16025043,-3.105967,-0.67472786,0.7524165,1.1912291,505,seg_2a4s,NORM
-0.12103188,-2.3299904,-3.769238,-2.092779,1.2917702,-0.29285142,0.35619605,0.9310987,0.37510824,-3.3072896,0.72028714,-2.7438705,-0.66943896,-0.34725803,0.98941445,505,seg_4a6s,NORM
0.39999276,-2.216135,-3.7906542,-1.9356475,3.1010363,-0.4509618,-0.5860619,1.5164717,0.25023064,-3.1127505,0.1389113,-3.166493,-0.5961969,0.58898294,1.204349,505,seg_6a8s,NORM
-0.32895538,-2.4998147,-3.3510618,-1.800962,3.1923966,-0.061440796,-0.43385822,1.835319,0.40494588,-2.6586857,-0.23458606,-3.0566125,-0.5901909,0.59170914,1.3799258,505,seg_8a10s,NORM
0.046915278,-2.2048151,-2.6807828,-1.9157021,1.4720695,-0.23975489,0.2067782,0.73805,-0.3430238,-3.425533,0.5465575,-2.6789923,-1.0421007,-0.40697008,0.43534574,506,seg_0a2s,NORM
0.340244,-2.3579822,-2.036972,-1.4801064,1.9625415,-0.3468896,-0.39725018,0.32025594,-0.076160476,-3.044784,0.84095216,-2.9281847,-0.7369645,-0.56500167,0.6056404,506,seg_2a4s,NORM
0.57162684,-1.981434,-2.3400183,-1.3592172,3.196617,-0.34127125,-0.4587563,1.2028477,-0.7745774,-3.5029688,0.09063051,-3.0737755,-0.851053,0.4318596,0.50768745,506,seg_4a6s,NORM
-0.40264416,-2.5175683,-1.6869589,-0.97111815,3.5382829,0.034719795,-0.5691635,1.5597659,-0.33645073,-2.6551828,-0.10124186,-3.1669323,-0.6034185,0.34931606,0.9088546,506,seg_6a8s,NORM
0.12114461,-2.2072847,-2.553392,-1.6328211,1.7044342,-0.19523844,-0.0274821,0.5952872,-0.26261008,-3.432428,0.7880319,-2.7225273,-0.8197916,-0.526275,0.55409575,506,seg_8a10s,NORM
1.1286602,-3.293645,-3.2774506,-1.3734016,3.3094602,-0.67781866,-3.0528843,-1.3198047,1.9300141,-2.6483126,1.4053651,-2.7660444,-0.2614196,-0.6104056,0.70176363,507,seg_0a2s,MI
0.26985264,-2.2514172,-3.709188,-0.24511606,2.3728619,-0.39535257,-1.3114746,0.24049377,0.6660504,-2.1016166,0.907805,-2.5007856,-0.3946603,0.00019648671,0.40735206,507,seg_2a4s,MI
0.8611654,-3.3438213,-3.7280154,-1.5547397,2.8735375,-0.64146304,-2.4873552,-0.91672313,1.5152452,-2.783609,1.2268151,-2.77489,-0.45787334,-0.52027726,0.6394714,507,seg_4a6s,MI
0.6201432,-3.0458736,-3.687492,-1.2027695,2.3165772,-0.45407602,-1.9684845,-0.8578936,1.3708577,-2.5954237,1.2137887,-2.4346862,-0.46077806,-0.68058205,0.6925497,507,seg_6a8s,MI
-0.36696187,-3.3606145,-4.035739,-1.0079374,1.1715326,-0.57297397,-0.66457254,0.14672512,0.8688602,-2.6699116,1.1256638,-2.3173828,-0.6705752,-0.69546723,0.48758036,507,seg_8a10s,MI
-4.2472887,-4.733176,-5.033231,-1.1489787,3.9447203,-0.20682847,0.835484,3.7035942,-0.49655497,-4.192431,2.8564305,-6.5654135,-1.0091584,-1.6935723,-1.2505459,508,seg_0a2s,CD
-2.763682,-4.6205378,-5.517954,-1.7137074,6.1114836,-0.44255045,0.06612029,3.9981766,-0.6612141,-5.006158,2.2694962,-7.130695,-0.7392979,-0.8407629,-1.0934684,508,seg_2a4s,CD
-4.4924016,-4.980742,-5.159293,-1.1685271,4.0153418,-0.31823114,0.83768815,4.066854,-0.5118339,-4.4592557,2.9989598,-6.7009206,-1.1561241,-1.8160025,-1.3066149,508,seg_4a6s,CD
-3.5481343,-5.186673,-5.642751,-1.6412854,6.787292,-0.22221312,-0.33944166,4.249244,-0.7431458,-4.8684216,2.2256684,-7.308126,-0.8667552,-0.91135275,-1.1518655,508,seg_6a8s,CD
-3.488614,-4.1394596,-4.9784,-0.5932273,4.9061537,-0.43379208,0.45602188,3.9789033,-0.507247,-3.9419029,2.702651,-6.469079,-0.4995901,-1.1175562,-1.1929821,508,seg_8a10s,CD
-1.1796813,-3.4928656,-4.143294,-1.7934203,6.050117,0.25769973,-0.7841115,2.2264934,-1.6843419,-3.1638758,0.69230056,-5.8107657,-0.49081272,0.12733665,0.34750307,509,seg_0a2s,NORM
-1.7788366,-2.6725178,-4.134428,-0.7197406,4.7558928,0.36156237,-0.5771431,1.8658011,-0.65404016,-2.422699,1.1304313,-5.556649,-0.8044604,-0.1078185,-0.22094631,509,seg_2a4s,NORM
-1.4481369,-2.499068,-3.9663787,-0.7026934,4.8322854,0.1812025,-0.7343733,1.4330714,-0.47001874,-2.4010048,1.2777705,-5.368963,-0.57109356,-0.16515182,-0.33887228,509,seg_4a6s,NORM
-0.6069232,-2.2341516,-4.872311,-1.1619337,4.964379,0.038794145,-0.81399566,1.1601712,-0.9386516,-3.3537586,1.3751532,-5.8707066,-1.0305108,-0.038900882,-0.9101906,509,seg_6a8s,NORM
-2.0240521,-3.0214105,-3.9708776,-0.6953374,5.1717315,0.30334064,-0.7233722,1.8621242,-0.5114296,-2.631599,1.0718875,-5.731095,-0.79417306,-0.02771476,-0.3452386,509,seg_8a10s,NORM
-4.046403,-6.3921432,-4.242609,-2.1596584,8.913728,0.5174157,-1.2531867,4.048479,0.39126745,-4.8025794,0.87712604,-7.0548873,-0.09239703,-0.29813063,0.51458323,510,seg_0a2s,MI
-3.3602355,-4.19834,-4.565048,-0.21866763,5.318667,-0.2689502,0.105327405,3.5143387,-0.2808207,-3.8524356,2.7000208,-5.8626437,-0.13619396,-1.3560162,-0.9781139,510,seg_2a4s,MI
-3.690567,-5.083644,-5.214292,-1.431606,6.5626473,0.27131042,0.13338086,4.031551,-0.73657143,-4.6622243,1.6849656,-6.626785,-0.53030765,-0.8006672,-0.67968047,510,seg_4a6s,MI
-3.0770056,-3.8761306,-4.791897,-0.19695222,5.223213,-0.35641357,0.20344245,3.2922363,-0.5314773,-4.035164,2.9477844,-5.876938,-0.10051081,-1.4490256,-1.2636969,510,seg_6a8s,MI
-3.8904624,-5.1186333,-4.903211,-2.05803,7.5112257,0.030706301,0.20404634,4.6846924,-0.40986675,-4.5216904,1.7084368,-7.300534,-0.20190218,-0.7888944,0.00890252,510,seg_8a10s,MI
-3.2394674,-3.8467946,-0.67943895,-1.0372541,5.738887,0.45519742,-0.6343161,3.5951269,0.5208714,-4.400387,-0.49397367,-3.4774587,-1.1808861,0.22702776,0.053305447,511,seg_0a2s,STTC
-0.7311266,-2.753196,-1.8218969,-1.768132,3.0843465,-0.63862216,-0.85619026,0.8880867,-0.25020102,-5.4259787,1.5168439,-2.9475906,-0.4818536,-0.24259858,-1.1793736,511,seg_2a4s,STTC
-0.93956745,-2.5021393,-1.856833,-1.763488,3.241771,-0.4745097,-0.6561882,0.6848164,-0.19937712,-5.4875693,1.2071649,-2.6003485,-0.86432624,-0.43770838,-1.1125257,511,seg_4a6s,STTC
-0.7127622,-2.6946871,-1.7866445,-1.3890281,3.1125917,-0.4637154,-0.45803246,0.90552855,-0.01847376,-5.4513884,1.3955066,-2.7076128,-0.6653778,-0.71644944,-1.1030988,511,seg_6a8s,STTC
-4.048742,-4.0412745,-4.2604117,-1.3579395,-1.5661372,-0.9506682,4.6686807,3.8643432,-2.600443,-6.5564227,1.4405713,-3.810756,-1.6158617,-1.0862396,-2.102569,511,seg_8a10s,STTC
-2.0772479,-3.7244618,-2.6089,-1.1086738,5.6128325,-0.8514472,-0.41930687,5.492008,-1.1533201,-4.5857296,2.103271,-6.358279,-0.8893774,-0.6916769,1.9474554,512,seg_0a2s,CD
-1.6679448,-3.7164485,-3.2530026,-0.9703452,6.179494,-1.8745961,-0.23039988,6.765104,-2.0782514,-5.638243,2.3569746,-6.7827516,-0.91130614,-0.119572,1.6546042,512,seg_2a4s,CD
-1.979706,-3.8415172,-2.468382,-1.3361545,5.8132186,-0.84485924,-0.43349522,5.402426,-1.3786285,-4.5748954,1.9958562,-6.2195177,-0.741963,-0.7161516,2.1537697,512,seg_4a6s,CD
-1.9079168,-2.5989165,-2.8980074,-0.49061573,3.4013674,-1.3194147,0.77415085,5.6392,-1.9685042,-4.1439934,3.0484636,-5.4353786,-0.929612,-1.4424137,1.0843266,512,seg_6a8s,CD
-1.2108586,-3.801837,-3.512867,-1.726635,6.9015083,-1.4397465,0.03745731,6.9239416,-2.824722,-6.330405,1.647325,-7.294584,-1.1154413,0.25438467,1.921429,512,seg_8a10s,CD
-1.8751274,-2.3631778,-1.7531712,-0.63308966,4.483395,0.05955422,-0.76665807,2.757836,-0.81291896,-4.8259363,0.9572252,-3.317112,-1.1315525,-0.08547388,-1.2694714,513,seg_0a2s,MI
-0.95089847,-2.1485157,-2.7314749,-1.5609004,4.1429605,-0.4487737,-0.16812049,2.5937767,-1.515434,-5.9045167,0.97293186,-3.569785,-1.353857,0.09102321,-1.6596597,513,seg_2a4s,MI
-1.4196197,-2.3358247,-2.3259525,-1.2979286,2.6180701,-0.34819922,0.07071196,1.7643623,-0.82809216,-5.4101357,1.7284381,-3.0301843,-1.1803344,-0.94236195,-1.5624479,513,seg_4a6s,MI
-1.6774068,-1.9651898,-1.864004,-0.58236486,3.8689132,-0.09303686,-0.37656915,2.689957,-0.7648308,-4.3913474,1.0216857,-3.268069,-1.2013779,-0.19899254,-1.2627455,513,seg_6a8s,MI
-0.99418765,-2.075411,-2.4104366,-1.4409051,4.2728906,-0.28016028,-0.3088873,2.4987066,-1.3067474,-5.8037033,0.8644294,-3.4806182,-1.2950581,0.14277737,-1.5455748,513,seg_8a10s,MI
-2.789147,-4.6062407,-5.283542,-1.9534757,7.2296147,-0.47076514,-1.9698136,2.37546,-4.661696,-8.017749,2.037644,-4.0602794,-0.77282417,0.2717678,-1.1980832,514,seg_0a2s,MI
-3.638416,-4.506083,-4.1175346,-0.22910058,6.4280715,0.6094359,-1.9914649,2.8901482,-2.9291198,-5.8335867,1.742534,-3.7873983,-1.0519354,-0.35801232,-1.6840863,514,seg_2a4s,MI
-2.5161383,-4.3163743,-4.7134976,-1.2817786,6.9280105,0.25917345,-2.279433,2.5265584,-4.198946,-6.9879894,2.0915117,-3.8818974,-0.9801014,-0.3548414,-1.6302998,514,seg_4a6s,MI
-2.8886487,-4.2323465,-4.339943,-0.90760833,6.7029204,0.0660418,-2.2650433,2.6666129,-3.9672506,-6.662976,2.1930819,-3.7431822,-0.9878284,-0.373075,-1.4506146,514,seg_6a8s,MI
-2.6512375,-4.351964,-4.7040105,-1.0786946,6.665953,-0.19799379,-2.287617,2.4650319,-4.2284575,-7.1384587,2.354563,-3.984249,-0.9164446,-0.17240922,-1.5174814,514,seg_8a10s,MI
-0.6927749,-3.2560065,-2.7270803,-1.6000655,1.9120485,0.44911367,0.017268904,0.13215849,-0.4260221,-4.9833946,0.0881739,-0.44441494,-0.27406842,-0.38813132,-0.8146055,515,seg_0a2s,MI
-1.0074831,-3.642233,-3.0590887,-0.67173874,1.9951206,0.25192642,-0.4507417,0.27594113,0.055608787,-4.537825,1.174602,-0.42767587,0.38178897,-0.97141945,-0.44097015,515,seg_2a4s,MI
-0.7889391,-3.0501614,-2.872727,-0.5360168,3.505957,0.47949034,-0.9824348,0.69365877,-0.25514492,-4.1457253,0.33087564,-0.55346274,0.25661564,-0.101324394,-0.40788957,515,seg_4a6s,MI
-1.629452,-3.1848383,-2.0459297,0.023011647,3.0517068,0.75638115,-0.5724481,1.5181973,-0.25657234,-3.206712,0.12450392,-0.5928794,0.3902266,-0.06985298,0.030651972,515,seg_6a8s,MI
-0.994007,-3.250368,-2.4181042,-0.5583783,3.4814885,0.595273,-0.7504474,1.0398471,-0.3468048,-4.00712,0.0107956305,-0.63691187,0.28995806,0.06286674,-0.41579524,515,seg_8a10s,MI
-1.8792464,-15.140408,-9.491048,-11.097749,16.414099,-5.546844,2.620907,12.175196,-5.764463,-16.577665,1.3081897,-21.299694,-3.8255546,0.70361567,-7.4922695,516,seg_0a2s,HYP
-1.3463972,-16.455347,-8.161869,-10.517061,16.349041,-5.5200205,3.2313483,10.964945,-6.5383706,-17.666527,0.39366373,-18.603819,-2.8835726,0.20568596,-7.337064,516,seg_2a4s,HYP
-3.501831,-14.817519,-4.1383057,-7.4256268,16.441435,-5.847573,3.0481532,8.409882,-7.5308533,-12.434817,1.0671424,-15.699894,-2.537857,-2.2626739,-6.8887787,516,seg_4a6s,HYP
-3.7674723,-14.667316,-3.7218094,-7.1595926,16.712343,-5.826312,2.8489192,8.120434,-7.9639664,-11.752235,1.3434829,-15.250186,-2.349678,-2.7615848,-7.203694,516,seg_6a8s,HYP
-3.9673917,-14.704456,-5.3283143,-8.431373,17.455732,-5.0939035,2.7303104,7.99455,-7.7961407,-13.021362,0.3574937,-15.812448,-3.0479639,-1.820581,-6.8169703,516,seg_8a10s,HYP
-1.1796895,-3.8734574,-3.4946957,-1.3203411,6.339509,-0.27878127,-0.2520591,2.8464367,-1.2722182,-6.0141554,1.8541425,-6.6119924,-0.23800363,-0.17647348,-2.176102,518,seg_0a2s,MI
-2.2287347,-4.0406246,-2.9772592,-0.66098076,5.9844356,-0.07404569,-0.02532792,3.4101007,-0.76170224,-5.1547894,1.9746214,-6.371921,-0.066125944,-0.4919538,-1.7974705,518,seg_2a4s,MI
-2.0996997,-3.7513008,-2.9032683,-0.6135962,5.709819,0.022049189,0.017517604,3.2262626,-0.64566886,-4.7344403,1.7805635,-6.1188426,-0.13955197,-0.481533,-1.534136,518,seg_4a6s,MI
-1.9772732,-4.1476135,-3.362453,-1.3542376,4.6784534,-0.14556274,0.10818917,2.3621953,-0.6236945,-5.396447,2.4295518,-6.3219967,-0.46536738,-1.0958334,-1.9086422,518,seg_6a8s,MI
-2.6438634,-4.0727525,-2.8544292,-0.975292,5.840848,0.3521616,0.40179053,3.4784493,-0.62280065,-4.6905365,1.063506,-6.064081,-0.21968557,-0.17825423,-1.0287383,518,seg_8a10s,MI
-3.1924894,-4.155146,-5.261779,-1.3499963,5.9487596,-0.119261205,0.80601025,4.318954,-1.9216068,-5.190264,2.5411432,-7.1464357,-0.72140795,-1.1668425,-1.4091132,519,seg_0a2s,STTC
-3.4255898,-5.348561,-4.1945157,-2.4267642,8.569055,0.120863795,-1.1886086,3.814796,-0.82590014,-4.9740896,1.3983444,-7.3136535,-0.9346385,-0.7063776,-0.57857823,519,seg_2a4s,STTC
-4.45104,-4.170864,-4.646055,-0.91530734,3.6668553,0.011724591,1.6176071,3.9202576,-1.4326575,-4.1231627,2.7171469,-6.6239967,-1.3973067,-2.0248096,-1.4818871,519,seg_4a6s,STTC
-2.9860613,-3.9209082,-5.401375,-0.76235795,7.3134074,-0.521508,0.14319208,5.0109706,-2.204918,-4.804066,2.5439131,-7.3878217,-0.58377016,-0.7633376,-1.5962397,519,seg_6a8s,STTC
-3.9802074,-4.7436147,-5.04869,-1.85463,7.160784,0.2490358,0.25869134,4.4547644,-1.8480523,-4.7652597,1.7495414,-7.4389353,-1.2164246,-0.98083043,-0.88694537,519,seg_8a10s,STTC
-1.1415714,-3.6574025,-5.3478174,-1.4387062,4.7868032,0.24187362,-1.9037433,2.2626755,-2.4619122,-3.9041317,1.3706119,-3.4563122,-1.5607858,-1.0372677,-0.60309184,520,seg_0a2s,CD
-1.3985385,-3.9377785,-5.218635,-1.0925274,4.7633123,0.21205103,-1.9949696,2.5937874,-2.373994,-4.099519,1.77012,-3.5414703,-1.2601306,-1.0612427,-0.68376696,520,seg_2a4s,CD
-1.1327918,-3.6658635,-5.2121673,-1.4097426,4.7648726,0.19328204,-1.9097763,2.3180032,-2.3335505,-3.9603467,1.473207,-3.3989446,-1.3516339,-0.9819268,-0.4340619,520,seg_4a6s,CD
-1.3645487,-3.9308107,-5.354043,-1.2046201,4.714332,0.1618025,-1.8964298,2.5263667,-2.2551637,-4.0298233,1.6544267,-3.5181675,-1.3709599,-1.110222,-0.7541442,520,seg_6a8s,CD
-1.3222436,-3.7791622,-5.362226,-1.1965356,4.6781993,0.22618504,-1.921067,2.4192097,-2.385928,-4.0309496,1.6533511,-3.5146327,-1.3941574,-1.0546381,-0.76599276,520,seg_8a10s,CD
-0.2865518,-4.889828,-3.6075444,-3.3959658,3.0634446,-1.5585045,0.8384016,1.0318726,-1.1375666,-5.0347466,-0.40618008,-4.183735,-1.6251568,-0.049672842,-0.52002084,521,seg_0a2s,NORM
0.39845735,-4.5082483,-4.090659,-2.7695653,4.536058,-1.4612385,0.44006553,1.4133834,-1.3594041,-5.1081657,-0.48336163,-4.262558,-0.74986666,0.66633695,0.020047024,521,seg_2a4s,NORM
0.11849527,-4.3921647,-4.060613,-2.796688,4.775591,-1.1518606,-0.07509839,1.4026059,-1.1617055,-4.638451,-0.4372765,-4.1181235,-0.7449901,0.6301409,0.22316024,521,seg_4a6s,NORM
-0.6667931,-5.125059,-3.5586748,-2.3879912,4.849948,-0.9612428,0.14893451,2.1332245,-0.93153113,-4.463105,-0.77248883,-4.4338765,-0.8461644,0.6983553,0.5259288,521,seg_6a8s,NORM
-0.40205136,-5.1308393,-4.596354,-3.5975084,5.2522206,-1.9840019,0.2543155,1.7533588,-1.8330908,-5.840636,-0.45616433,-4.5838084,-0.925294,0.9578235,0.6880642,521,seg_8a10s,NORM
-0.21343091,-3.6277394,-3.8927102,-3.5580032,4.0890017,-0.19496194,-0.35881948,-0.24190769,0.027294047,-2.7474298,-0.55033827,-3.4424114,-1.3363826,-0.6968267,0.03972727,522,seg_0a2s,CD
-0.30528024,-3.5750706,-3.4290333,-2.8128932,3.7851086,0.15298039,-0.26256895,0.15885973,-0.018079117,-3.279521,0.27820134,-2.9752524,-0.18925369,-0.75923365,0.22445199,522,seg_2a4s,CD
-0.5684481,-3.5978932,-2.6842847,-1.6687624,4.5681624,-0.109049946,-0.32048002,1.5006965,0.025656767,-2.8552828,0.25182706,-2.9719553,0.39440525,-0.3357504,0.2655023,522,seg_4a6s,CD
-0.64679974,-3.663076,-2.4162903,-1.0338798,4.2793283,-0.17182949,-0.2210164,1.9351287,-0.00429292,-3.3285108,0.89953655,-2.970441,0.88646305,-0.4609958,0.15837668,522,seg_6a8s,CD
-1.6971626,-3.7244053,-3.0853162,-0.97617906,2.9241898,-0.1779894,1.4851773,3.0818982,-1.0153391,-3.6176846,0.6316725,-3.1632555,0.40175694,-0.3972574,-0.3734382,522,seg_8a10s,CD
-0.24740043,-3.20592,-3.0691433,-1.451797,2.1333103,-0.041938692,0.44422927,0.15390924,0.29396248,-3.2596443,0.811215,-2.6278596,0.22701515,-0.76725304,0.44854853,523,seg_0a2s,NORM
-1.0823752,-3.8945932,-3.1731453,-1.4325178,4.099588,0.16937461,0.19190827,1.6298692,0.16064762,-2.765531,-0.18659711,-2.9929698,0.48550022,0.11806446,0.7385508,523,seg_2a4s,NORM
-0.33039844,-3.338647,-2.9208522,-1.5325015,2.3314097,-0.014953643,0.47733566,-0.20070091,0.8464213,-3.1650336,0.55240816,-2.4827006,0.40978348,-0.6591564,0.370767,523,seg_4a6s,NORM
-0.2142409,-3.4084873,-2.8760338,-1.0574255,1.9010067,-0.12772068,-0.19838789,0.2714969,0.5220454,-3.028009,1.0397892,-2.5966098,0.09387022,-0.7439572,0.51286376,523,seg_6a8s,NORM
-0.4717989,-3.2780483,-2.9505215,-1.703326,2.1504052,-0.03346899,0.3248811,-0.0019163787,0.53746647,-3.0806696,0.39094642,-2.5412915,-0.16125476,-0.5644713,0.22246867,523,seg_8a10s,NORM
-0.08150956,-6.0924134,-4.8731675,-3.8590462,7.4400597,-2.739087,1.395062,3.726296,-3.6157343,-6.404701,-0.8228889,-6.5377693,-0.7544664,1.1329495,-0.3100791,524,seg_0a2s,HYP
-0.74873394,-7.1200404,-4.4514174,-2.3537068,6.3075542,-2.0423663,2.1855845,3.8712645,-2.244317,-6.6173844,0.5725685,-6.5610595,-0.1716031,-0.79531485,-0.70761764,524,seg_2a4s,HYP
-0.92824554,-6.436985,-4.8634286,-2.4910445,7.374171,-2.6071274,2.014461,4.322433,-2.7191906,-7.057303,0.18895918,-6.9397445,-0.55121887,0.1906518,-0.5567752,524,seg_4a6s,HYP
-0.40535507,-6.3318653,-4.6113467,-2.1292841,7.6057987,-2.4041548,1.8348702,4.4065213,-2.702665,-6.4921923,0.38260463,-6.8071346,-0.22477622,-0.23551045,-0.7849996,524,seg_6a8s,HYP
-0.6704459,-6.846739,-4.843273,-2.9076362,6.599674,-1.6213301,2.0034504,3.891131,-2.7559638,-7.2846518,0.008506324,-6.771961,-0.8791493,-0.34749687,-0.07407969,524,seg_8a10s,HYP
-1.4758376,-4.457761,-2.6807666,-1.8175709,6.6030836,-0.8221054,0.20770061,2.3623679,-1.3023989,-3.422382,-0.94503945,-3.7630346,0.014020503,0.6573414,0.30206773,525,seg_0a2s,STTC
-1.7522486,-4.295799,-2.1056075,-1.155396,4.814794,-0.49904743,0.54028153,1.9274273,-0.29254755,-3.6875591,0.43749568,-3.3928058,0.5530438,-0.36402005,0.3552126,525,seg_2a4s,STTC
-2.0234604,-4.4163194,-1.8337953,-1.0531411,4.639308,-0.45333645,0.5668017,2.1633766,-0.29090655,-3.4432437,0.3053974,-3.3076298,0.5335796,-0.26202536,0.42027852,525,seg_4a6s,STTC
-2.345232,-4.795853,-1.7957019,-1.0548489,4.869176,-0.44872323,0.8103348,2.5385737,-0.15987527,-3.6171002,0.25510842,-3.5823514,0.6066524,-0.29328483,0.53243923,525,seg_6a8s,STTC
-1.3070666,-3.939928,-2.4405098,-1.4432387,4.8747215,-0.5710895,0.39975235,1.4793967,-0.46611065,-3.7553911,0.3131841,-3.2102306,0.25472033,-0.37879878,0.24429858,525,seg_8a10s,STTC
0.28563112,-3.6495924,-3.558353,-1.8890741,3.3821807,-0.17005718,-1.0480111,0.09758726,-0.31342703,-2.9647892,1.2779849,-3.8145702,0.014335468,-0.7207006,-0.1445156,526,seg_0a2s,MI
-0.028841734,-3.3858037,-3.6159654,-1.604368,3.244917,-0.16963807,-0.8419794,0.17336926,-0.15016478,-3.1474018,1.5777304,-4.0262303,0.13782506,-0.70013344,-0.11092216,526,seg_2a4s,MI
-0.3319488,-3.2665026,-3.6762753,-1.3584342,4.8939967,0.14629537,-1.5013645,0.7206668,-0.54753983,-2.0439177,0.5163031,-3.9466548,-0.11030494,-0.011142805,0.28022385,526,seg_4a6s,MI
-0.5860762,-3.28721,-3.2162995,-0.9340283,4.5947227,0.14709015,-1.1541243,1.257865,-0.20335233,-2.4781656,0.89320636,-4.1306763,0.2632782,-0.01064539,0.0053940862,526,seg_6a8s,MI
-0.19830227,-3.6035032,-3.843526,-1.8369288,3.4124062,-0.15521681,-1.1322438,0.14079085,-0.2944223,-2.9853954,1.4440163,-4.0056715,-0.13649961,-0.70258075,0.05106175,526,seg_8a10s,MI
-0.014067173,-2.979914,-3.077804,-0.70827067,2.6358268,0.5839796,-0.28265607,0.9429461,-1.1679122,-4.1447115,1.6226248,-2.4822433,0.17567553,-1.2890539,0.44883072,527,seg_0a2s,STTC
-0.8023089,-2.8214583,-3.0841584,-0.49958056,2.397976,0.3012989,0.03246645,0.9042883,-0.7446403,-4.062229,1.7999458,-2.7337415,0.119515926,-1.1359795,0.39452624,527,seg_2a4s,STTC
-1.0743963,-2.4312222,-1.1934723,0.2670049,2.135923,-2.7329798,-0.5639687,1.9866471,-0.93506116,-4.2031927,1.959272,-3.6173413,-2.374534,-0.5685781,-2.9527123,527,seg_4a6s,STTC
-1.8198473,-3.4528706,-2.4510021,0.0076313317,4.1909065,0.78865695,-0.29020712,2.6398468,-0.94137913,-3.110147,0.69722766,-2.922201,0.2679723,-0.42033833,1.1370609,527,seg_6a8s,STTC
-0.31636593,-3.0209916,-3.491508,-0.9710489,4.260972,0.5881456,-0.53126585,1.7963879,-1.4669943,-4.5844855,0.5611726,-2.9825432,-0.22098847,-0.08887988,0.68461347,527,seg_8a10s,STTC
-1.3117305,-4.5798936,-6.719188,-1.1777124,4.4484515,-0.48197117,-3.0818489,0.45684868,-1.8689821,-4.1009884,0.9098388,-2.6496627,-1.8935468,-0.13910978,0.15784952,528,seg_0a2s,MI
-1.4670691,-5.202473,-6.4300857,-1.2292101,2.8010523,-0.7402681,-2.0168085,0.27865613,-1.1042361,-4.956727,1.6214049,-2.6597998,-1.7777029,-0.9933007,0.21072769,528,seg_2a4s,MI
-0.99008393,-4.3027143,-6.501488,-0.8368325,4.311411,-0.072166055,-3.0562994,0.34241265,-1.3669333,-3.7356727,0.8160727,-2.5515199,-1.9884598,-0.43410993,-0.21837291,528,seg_4a6s,MI
-1.4848398,-4.4094334,-6.3936663,-0.6577553,4.1309533,-0.012041509,-2.9859085,0.6402421,-1.5332673,-3.6173084,0.7692248,-2.5798597,-1.993777,-0.25387633,0.050783858,528,seg_6a8s,MI
-1.006267,-4.2862096,-6.0685697,-0.47129822,4.1494217,0.040079117,-2.906486,0.43279815,-0.914581,-3.5605822,0.8291177,-2.36366,-1.6432394,-0.419657,-0.14744157,528,seg_8a10s,MI
-0.79286253,-4.16567,-3.66819,-1.5414181,3.0766613,-1.272406,-0.5009407,0.82108295,0.69161713,-2.9916272,1.4393076,-4.121729,-1.135231,-1.2907693,-0.31274948,529,seg_0a2s,STTC
-1.0551953,-4.133985,-3.4183254,-0.8872404,4.450831,-1.1026524,-0.89961815,1.6819061,0.74099547,-2.4831455,0.80689013,-4.196108,-0.92114425,-0.59000206,-0.1417861,529,seg_2a4s,STTC
-0.15462118,-3.8293638,-4.0191836,-1.5644269,4.7119684,-1.5041825,-1.1131321,1.0648633,0.37833345,-2.910471,0.8182386,-4.337408,-1.0902323,-0.4296416,-0.4495128,529,seg_4a6s,STTC
-1.3701409,-4.2414856,-3.2323065,-0.8740391,4.4499063,-0.9818789,-0.8982469,1.9561098,0.60433364,-2.3835666,0.78394216,-4.1958675,-0.81119424,-0.49191874,-0.20332617,529,seg_6a8s,STTC
-0.7577602,-4.1943593,-3.7103066,-1.5832441,3.1025217,-1.2546532,-0.48449254,0.82928085,0.8031347,-3.157354,1.4470952,-4.170337,-1.0915085,-1.2635385,-0.32088694,529,seg_8a10s,STTC
-1.5687523,-4.4625545,-4.847665,-1.7275434,6.238326,0.17316873,-2.717326,2.838613,-2.7868109,-3.92866,1.5467621,-5.3560166,-1.2709337,-0.22240071,0.4708219,530,seg_0a2s,MI
-1.4945863,-4.427276,-4.8331814,-1.8700483,6.361767,0.4052373,-2.8513637,2.7857833,-2.6884778,-3.8393633,1.4379411,-5.25009,-1.195796,-0.22828646,0.54140985,530,seg_2a4s,MI
-0.7548412,-4.238023,-5.397553,-2.3637812,4.783672,-0.043159932,-2.4297802,1.5011514,-2.6726248,-4.724252,2.4466767,-5.232737,-1.3411231,-1.0222383,-0.020363376,530,seg_4a6s,MI
-0.79454327,-4.472308,-4.6252217,-1.3825054,4.6573114,-0.70678484,-2.7965767,1.6769001,-1.4664438,-4.658956,3.1394937,-5.4372897,-1.2624493,-1.3804901,-0.034215182,530,seg_6a8s,MI
-0.7870504,-4.27537,-5.576867,-2.5984557,4.690865,-0.23194227,-2.064387,1.5715696,-2.758387,-4.96665,2.2591226,-5.069806,-1.408923,-0.96706223,0.17999823,530,seg_8a10s,MI
0.51955897,-2.3872495,-3.768465,-1.0705895,4.506567,0.28874978,-0.30391,1.1292711,-0.104523405,-3.4468746,0.8899224,-4.525869,0.24806969,-0.102020964,0.3249044,531,seg_0a2s,NORM
-1.5960702,-1.7549934,-3.7120667,0.23387715,4.592205,0.574077,0.69930655,1.8929539,-0.46091288,-2.4253073,0.37076113,-3.7660801,0.45136505,0.3853205,0.3168887,531,seg_2a4s,NORM
-1.258265,-1.9442142,-3.605383,-0.7059624,4.389167,0.95475006,0.050901227,0.39797777,0.28915715,-2.6052775,0.35623643,-3.69402,0.14264551,-0.03957741,0.7983444,531,seg_4a6s,NORM
-1.4248013,-2.3736122,-3.167467,-0.1268287,3.645868,0.55762,0.43279478,1.4341091,0.14687738,-2.7125974,0.83950007,-3.950623,0.364936,-0.085652605,0.61553735,531,seg_6a8s,NORM
-0.9651054,-2.4299228,-3.6290674,-1.0135427,2.9012003,0.46572375,0.43742803,0.43808794,0.36529422,-3.2572274,1.3742512,-4.1583233,0.010785349,-0.77673966,0.64660275,531,seg_8a10s,NORM
-0.3083939,-2.1442573,-3.1559854,-1.2286148,3.2908514,0.37873176,0.09075656,2.138146,-1.0643418,-5.0584245,0.9264581,-2.6051915,0.3348121,0.26511747,-0.44115946,533,seg_0a2s,NORM
-0.9065323,-2.058734,-2.6082973,0.05285992,4.1257296,0.302188,-0.31420627,3.3168566,-0.8649512,-3.9342074,0.7918565,-2.606339,0.588424,0.6231584,-0.31280515,533,seg_2a4s,NORM
0.0010615885,-2.1690795,-2.904067,-1.2015064,3.5483067,0.47828412,-0.15787497,1.9737971,-1.096858,-5.031935,0.9570844,-2.448034,0.6020947,0.20930628,-0.4993417,533,seg_4a6s,NORM
-1.1535261,-2.7599206,-2.4836402,-0.92240566,3.5113397,0.7302548,-0.1441854,2.75936,-0.45829022,-3.9894662,0.42530906,-2.5484617,0.36301482,0.32427025,0.47669682,533,seg_6a8s,NORM
0.2730404,-2.5492868,-3.4020276,-1.6443651,3.5152273,0.18557636,0.10934026,2.3024848,-1.2170062,-5.5865507,0.96746266,-2.9846623,0.830453,0.57188207,-0.45896432,533,seg_8a10s,NORM
-1.6716175,-4.608277,-1.9751397,-3.3223355,7.0091186,-1.7524917,-0.5020735,3.5500531,-0.6467729,-6.201056,2.2534907,-6.6558557,-1.3422703,-1.654554,-2.0037796,534,seg_0a2s,STTC
-6.214379,-5.40212,-3.6662688,-1.9948366,1.1258936,-1.6301109,4.775332,6.9742036,-2.5343146,-5.7966237,2.892697,-7.227588,-2.9083135,-3.3092432,-3.1329327,534,seg_2a4s,STTC
-2.0822759,-4.910748,-2.1387298,-3.3314838,6.826584,-1.935627,-0.19432217,4.321193,-0.95404595,-6.2966833,2.430765,-6.93565,-1.7473227,-1.9397876,-2.3554983,534,seg_4a6s,STTC
-1.9249643,-4.6957116,-1.860259,-3.2017329,6.8521414,-1.8332863,-0.29893282,4.1291876,-0.7987687,-6.211909,2.463878,-6.794299,-1.5563114,-1.9390752,-2.3204038,534,seg_6a8s,STTC
-5.9662504,-5.324378,-3.452057,-1.9412141,0.7722403,-1.8541608,4.825879,6.9312906,-2.2020755,-5.3084188,2.8340466,-6.9206424,-2.779081,-3.354062,-2.8426733,534,seg_8a10s,STTC
-2.1304703,-4.4731803,-3.8645663,0.17258197,5.9254813,0.066893205,-1.6293116,3.27648,-1.0913031,-3.0648878,0.952934,-3.0099099,0.24294217,-0.20693953,0.15569936,536,seg_0a2s,MI
-1.902496,-4.6678796,-3.965963,-0.9077216,5.2635193,0.31692624,-1.5970783,2.3097126,-1.1196079,-3.3945694,1.0132371,-3.079649,-0.073298775,-0.625025,0.5072703,536,seg_2a4s,MI
-2.033671,-4.810785,-4.0437765,-0.7821297,5.43711,0.23780093,-1.6288654,2.2611723,-0.6981164,-3.5635226,1.0690315,-3.2040277,-0.046423674,-0.60106134,0.34146714,536,seg_4a6s,MI
-2.2004821,-4.8484735,-3.6831965,-0.22001806,5.0492635,0.21254829,-1.684004,2.5385964,-0.6996059,-3.4926667,1.430207,-3.19292,0.029015385,-0.72380793,0.23288135,536,seg_6a8s,MI
-2.2095196,-4.6341324,-3.778586,-0.4240926,5.0359883,0.32438904,-1.5949457,2.380691,-0.617635,-3.2452111,1.1016434,-3.1040592,-0.2015675,-0.67067695,0.41127634,536,seg_8a10s,MI
-1.2384454,-3.7735255,-4.7058787,-2.9075756,7.650159,-0.916196,0.18078813,3.898387,-1.9007485,-7.1965985,1.9370562,-6.823943,-0.560295,-0.57399344,0.02850233,537,seg_0a2s,MI
-3.2611158,-3.8245356,-3.8259296,-1.1420407,5.130491,-0.82412946,1.8870014,5.5510955,-2.2324097,-5.9142647,2.304702,-6.7094836,-0.6012321,-0.7619833,-0.39943203,537,seg_2a4s,MI
-3.882188,-3.8464696,-1.8002298,-0.004689321,3.1447473,-4.382147,1.9008135,6.5645084,-2.109149,-6.649356,3.8429782,-6.810618,-2.6127496,-1.4935298,-4.56286,537,seg_4a6s,MI
-3.1354618,-4.466223,-3.2862744,-1.8284659,7.0551896,-0.45172265,0.66966164,5.008242,-1.0841253,-6.041582,1.6898625,-6.6166716,-0.12150288,-0.4864114,0.36028096,537,seg_6a8s,MI
-2.7982082,-3.625644,-3.887446,-1.2173469,4.9355164,-0.92737865,1.801153,5.3909473,-2.4876854,-6.094043,2.4064496,-6.2867756,-0.64841217,-0.93927324,-0.9608383,537,seg_8a10s,MI
-0.46414912,-1.8981601,-2.6401062,-2.1636186,4.539641,-0.68483484,0.20299649,1.7808516,-0.7627258,-3.6100445,0.3874962,-5.266157,-1.5195404,0.15675034,-0.9348978,538,seg_0a2s,NORM
-1.5418739,-2.4533434,-1.7994677,-1.3565664,4.200659,-0.28338256,0.42455265,2.3369126,-0.046274915,-2.750128,0.2530976,-4.8665075,-0.9886948,0.0538591,-0.40183416,538,seg_2a4s,NORM
-1.655224,-2.1984186,-1.9006268,-1.3937216,4.2013874,-0.16413686,0.211837,1.937088,0.0052738637,-2.064175,-0.07704295,-4.591274,-1.3150682,0.07431884,-0.19879943,538,seg_4a6s,NORM
-2.1699247,-2.80035,-1.4810629,-1.3218114,4.267217,-0.16995084,0.5825207,2.6239858,0.30469108,-2.2432227,-0.22906423,-4.900308,-1.0674188,0.22706926,0.018626243,538,seg_6a8s,NORM
-0.94360274,-2.0491567,-2.0094337,-1.8066385,2.7918286,-0.29250947,0.44884834,0.82100475,0.2203863,-3.1052043,0.8176037,-4.3877635,-1.1964717,-0.57615256,-0.56572306,538,seg_8a10s,NORM
-0.4714263,-2.2259436,-2.5237937,-0.48066133,3.3151598,0.11687964,-0.563825,0.7865977,0.7521164,-2.557534,0.42995235,-2.629328,0.07437931,0.11577244,0.19618656,539,seg_0a2s,NORM
-0.67005044,-2.193882,-2.6903715,-0.49969858,3.0814197,0.101074114,-0.88671833,1.0763403,0.502507,-2.3122578,0.63875103,-2.873539,0.020331748,0.3610595,0.104924686,539,seg_2a4s,NORM
0.18814676,-1.8651172,-2.969955,-0.94117945,3.3632286,-0.0027337372,-0.32970765,0.31198472,0.4679928,-2.9549952,0.21553367,-2.7216249,-0.04888177,0.31185126,0.09581049,539,seg_4a6s,NORM
-1.2752155,-2.6319697,-2.4162607,-0.46230882,3.192916,0.34531364,-0.05115979,1.2629623,0.75642973,-2.4187715,-0.100361615,-2.7523458,-0.13395694,0.34046385,0.37997234,539,seg_6a8s,NORM
-0.28835964,-2.4528618,-3.0906348,-1.2821927,2.084151,0.1939542,-0.2713704,-0.11400956,0.47850078,-2.8092039,0.7797463,-2.5153937,-0.46788073,-0.7196559,0.22796059,539,seg_8a10s,NORM
-2.409052,-3.1841922,-3.5737138,-1.1338022,3.670828,-0.23972765,0.33979762,4.7940197,-1.9027994,-3.603123,1.9868263,-3.9654107,-0.58846635,-1.2364758,-0.29979017,540,seg_0a2s,MI
-1.8892783,-3.4596639,-3.0305762,-1.094944,5.37308,0.02308926,-1.4822103,3.9623528,-0.82475674,-3.9951518,2.144013,-3.9732323,-0.16770378,-1.0354762,-0.06627919,540,seg_2a4s,MI
-1.4281309,-3.4795804,-2.9881463,-1.6132758,4.09425,-0.19577277,-1.4732505,2.8793597,-0.5582069,-4.103062,2.8594596,-3.8664503,-0.38330007,-1.8689277,-0.21595076,540,seg_4a6s,MI
-1.3481408,-3.041524,-3.37047,-2.0103672,4.2827497,0.031233624,-1.4574416,2.2489774,-0.5910491,-3.9058008,2.4066339,-3.7013557,-0.61540115,-1.6952444,-0.20565471,540,seg_6a8s,MI
-1.9462371,-3.552106,-3.0710807,-1.3832636,5.6268682,0.050038695,-1.55314,3.9082236,-1.0501003,-3.952444,1.9492377,-4.0002093,-0.21461087,-0.9332012,0.14037064,540,seg_8a10s,MI
-1.0608934,-2.9225826,-4.039843,-1.9427578,3.0775979,-0.26736113,-1.1124529,1.8932626,-0.8231094,-4.3757825,1.8185267,-3.0777984,-1.5659858,-1.3549243,0.1297535,541,seg_0a2s,STTC
-1.6640452,-2.9910686,-3.4683542,-0.2262739,4.684726,-0.35358754,-1.085644,4.4928036,-1.630471,-3.5136223,1.1341721,-3.013035,-0.8737627,-0.29768246,0.2882594,541,seg_2a4s,STTC
-1.7604151,-3.4735935,-3.9298396,-1.0928292,5.836285,-0.12457448,-1.4599255,4.4509606,-1.6928363,-4.1367707,0.5238525,-3.6582658,-1.2653177,0.1527419,0.50571513,541,seg_4a6s,STTC
-1.923201,-3.510198,-3.4814548,-1.0174828,4.380863,-0.042760342,-1.408378,3.5063353,-0.9411201,-3.6678085,1.1398898,-3.2279446,-1.2290136,-0.6294318,0.7889036,541,seg_6a8s,STTC
-1.4841001,-3.0764735,-3.5132422,-1.089598,4.1669884,-0.3784581,-1.5218844,2.8673406,-0.9520046,-3.6623518,1.2916157,-3.1399443,-1.416437,-0.64347774,0.15390429,541,seg_8a10s,STTC
-0.14225802,-2.7012427,-2.039168,-0.31945708,1.7350291,0.19315168,0.018136673,-0.7152938,0.9849734,-3.7265224,0.77524054,-1.9016654,0.22576325,-0.49735457,0.01485993,543,seg_0a2s,NORM
0.5482854,-2.8388076,-1.695716,-0.6071767,2.9721928,0.11589512,-1.4175124,-1.3098923,1.4802656,-3.9004965,0.8413947,-2.0237522,0.2435941,-0.46819603,0.31638372,543,seg_2a4s,NORM
-0.12695628,-2.6361763,-2.1984186,-0.33142364,1.8342013,0.28681722,-0.10438926,-0.8478582,0.79592603,-3.7365444,0.7214758,-1.9175575,0.08586232,-0.47486126,0.1171773,543,seg_4a6s,NORM
0.66191787,-2.8265076,-1.8223172,-0.7142596,3.059406,0.19747618,-1.1183524,-1.3844141,1.3243182,-4.2446365,0.68625,-2.2087755,0.28599656,-0.32946056,0.35438374,543,seg_6a8s,NORM
-3.05798,-3.9301229,-4.8990664,-0.48154992,-1.4038635,-0.16902348,4.5776553,2.1297984,-1.6717656,-4.8645973,0.48106995,-3.051199,-1.1751738,-1.1969719,-0.3323426,543,seg_8a10s,NORM
0.56794894,-6.8506374,-7.8302455,-6.6824574,11.740015,-1.2237804,1.1168869,12.346592,-6.2088532,-11.193311,2.590451,-13.387233,-0.043677762,0.37549543,0.6537497,544,seg_0a2s,MI
2.2080538,-6.46339,-8.409465,-6.8741803,11.36474,-1.3078436,0.806685,11.590975,-7.3033204,-13.120563,2.3019345,-14.241224,-1.0233614,1.2535257,0.88151133,544,seg_2a4s,MI
1.5138987,-6.2982783,-7.4197574,-6.6311116,9.304451,-1.1318643,1.197524,10.942751,-6.584196,-11.961315,3.1435318,-13.171161,-0.5342918,0.17219587,0.8671955,544,seg_4a6s,MI
1.371858,-6.010032,-7.479102,-6.152711,9.278556,-0.87393296,0.9966934,10.586071,-6.411919,-11.5398035,3.1809423,-12.990294,-0.8193442,-0.09514733,0.57024336,544,seg_6a8s,MI
2.5064077,-6.521751,-8.670745,-6.7640533,11.392471,-1.1562951,0.31283078,11.534241,-7.6452045,-13.112718,2.526774,-14.409908,-1.2512449,1.1265763,0.35280508,544,seg_8a10s,MI
-2.505838,-6.990037,-3.4556093,-4.0665565,8.63305,-0.99067736,1.8685155,4.676462,-3.461998,-10.113193,2.2287674,-7.942792,0.28313655,-1.314553,-3.564936,545,seg_0a2s,MI
-2.7328882,-6.9288716,-3.3225265,-3.736458,8.440653,-1.0029569,1.405612,4.4187856,-3.483606,-9.258203,2.6002672,-7.6813097,0.6389483,-1.3908303,-3.2585309,545,seg_2a4s,MI
-1.8159186,-7.265847,-3.358817,-3.5040045,11.116185,-1.3682433,1.8144331,4.546716,-5.3767724,-10.837153,1.9420722,-9.30597,0.79784554,-0.5176216,-3.602698,545,seg_4a6s,MI
-2.4631226,-7.280497,-2.956616,-3.4010465,9.161332,-1.1776563,1.6739147,4.045256,-4.074226,-9.852412,2.7086627,-8.513583,0.77841,-1.4521253,-3.5917594,545,seg_6a8s,MI
-2.2357628,-7.1297545,-3.1729965,-3.7155898,8.72274,-1.2083148,1.8964604,4.167586,-3.6973624,-9.675507,2.3523457,-8.098128,0.60170573,-1.4206777,-2.944359,545,seg_8a10s,MI
-1.9247111,-2.246297,-3.5012264,1.141424,4.450431,-0.18876263,0.33895853,3.476807,-1.870825,-4.371806,1.7715789,-4.372041,-0.05944951,0.11997509,-0.463811,546,seg_0a2s,STTC
-1.5217911,-1.8770134,-3.4744377,1.4306347,3.968078,-0.07244447,0.31196308,3.0714018,-1.4955959,-3.8646936,1.7837029,-4.188791,-0.18609443,-0.057911143,-0.90935063,546,seg_2a4s,STTC
-2.1168566,-3.2099543,-2.5432153,0.33996573,5.057363,0.6596408,-0.7660131,2.5105114,-0.31057382,-3.9062555,1.2698593,-4.5039706,-0.17849365,-0.25114495,0.3966251,546,seg_4a6s,STTC
-1.5526428,-2.1629567,-3.2718077,1.0117139,5.0386295,0.33674535,-0.34437189,2.927262,-1.2080481,-3.6991258,1.3198882,-4.2916455,-0.12070277,0.10230568,-0.29872316,546,seg_6a8s,STTC
-2.0399175,-1.7923969,-2.7760196,1.6314354,4.0879426,0.27517512,0.0767336,3.2050703,-0.93228906,-3.020915,1.5484345,-3.6718926,0.0142469555,-0.14397757,-0.4483017,546,seg_8a10s,STTC
-3.1547613,-4.4315147,-6.0730834,-3.5469596,5.5649676,0.38829756,2.9750836,3.2332263,-2.818081,-7.842344,1.6675541,-7.3517838,0.64689106,-0.016615793,-0.6870179,547,seg_0a2s,CD
-3.4572778,-4.844775,-5.435547,-0.6908192,4.9700427,0.17292023,-0.017443836,3.8095627,-1.5631571,-5.103649,1.589381,-5.040058,-0.80473113,-0.4587509,-1.1827532,547,seg_2a4s,CD
-1.3523167,-3.4928308,-3.635388,-1.6517069,4.2503157,0.82768583,1.3252099,2.1190407,-0.51637584,-4.3328285,1.5844083,-6.2782617,0.44329715,-0.82394755,-0.8326595,547,seg_4a6s,CD
-2.1103067,-3.021886,-4.498101,-1.3605027,2.5353854,0.47058868,2.2702112,1.958658,-1.2921531,-5.8652444,1.5862793,-3.167012,0.72338414,-0.6972638,-0.65064764,547,seg_6a8s,CD
-2.8339102,-4.036512,-4.32641,-1.7171082,5.9412265,0.95389664,1.0064044,3.2380698,-1.4961057,-5.7322702,0.3966126,-3.6797538,0.8990175,0.25074095,0.042010486,547,seg_8a10s,CD
-0.6475981,-4.842223,-5.055009,-2.0945578,4.104564,-1.4734625,1.4980379,4.7960668,-1.1546915,-7.493903,0.979401,-6.122815,-1.7554793,-0.21966328,-1.5785854,548,seg_0a2s,NORM
-0.92366475,-3.8448412,-3.96799,-1.2441916,5.365717,-1.4428173,0.4791064,3.836791,-2.0218854,-5.1175866,0.61045486,-4.757693,-0.8833629,0.20257619,-1.9534,548,seg_2a4s,NORM
-1.5168893,-3.8353121,-3.5448017,-0.9777892,5.2859855,-0.98307097,0.5089492,4.076794,-1.6332839,-4.3409925,0.23018333,-4.5876136,-1.0022253,0.14788309,-1.3567433,548,seg_4a6s,NORM
-0.8620325,-3.501773,-3.8116746,-1.3781245,5.2400036,-1.1435306,0.7127029,3.5535824,-1.9410868,-5.0156026,0.35561344,-4.461595,-0.6259844,0.36448413,-1.8484327,548,seg_6a8s,NORM
-1.5534245,-3.9040418,-3.6037173,-1.4949281,4.156832,-0.73526955,0.83187324,2.9352944,-1.6030858,-4.857428,0.8964599,-4.214442,-0.6992583,-0.4756266,-1.7238791,548,seg_8a10s,NORM
-0.67643005,-2.6128306,-4.285232,-1.8327086,4.0148125,-0.74200606,-0.3528571,3.5232697,-1.1374128,-2.6150694,-0.2219963,-4.516466,-1.2638191,1.1348702,0.6022562,549,seg_0a2s,NORM
-0.27537903,-2.3830764,-3.941505,-1.9193597,2.2318006,-0.95059216,0.5016235,2.6479344,-0.60663086,-3.2895799,0.6500354,-4.18026,-0.9239677,0.44440293,0.38830405,549,seg_2a4s,NORM
-0.2839978,-2.4298599,-4.133632,-2.115573,2.2104785,-0.9821377,0.4520571,2.844901,-0.5774659,-3.3393967,0.6576053,-4.2236624,-0.9610847,0.49370736,0.56690943,549,seg_4a6s,NORM
-0.3877799,-2.171763,-3.969616,-1.3914082,3.6401596,-0.84845424,-0.07631631,3.6486726,-0.8546622,-2.992643,0.37189677,-4.3929725,-0.7943615,0.99324346,0.40721968,549,seg_6a8s,NORM
-0.2705501,-2.0548387,-3.9890819,-1.3985698,3.491833,-0.8924955,-0.038325965,3.416221,-0.7612874,-2.7752764,0.2074408,-4.2371798,-0.7897891,1.0921392,0.5920099,549,seg_8a10s,NORM
-3.2017903,-7.6745753,-4.708031,-3.185021,9.85876,-0.44645593,-2.3328698,3.5901785,-3.3970814,-5.599644,2.0813615,-6.2246184,0.34286654,-1.1002407,-1.7720828,551,seg_0a2s,HYP
-4.4289846,-8.368005,-4.407514,-3.229037,10.100082,-0.2292786,-1.9860342,4.2474685,-3.255577,-5.4376907,1.4679236,-6.46875,0.24958421,-0.71733147,-1.3412896,551,seg_2a4s,HYP
-3.0619278,-6.89946,-4.284621,-1.747138,7.8309774,-0.96971107,-1.6616096,3.880487,-3.2184124,-5.0197167,3.1249301,-5.5707145,0.4916203,-1.7546599,-2.4631937,551,seg_4a6s,HYP
-4.5458927,-8.640458,-4.5658865,-3.4897864,10.444238,0.057681397,-2.0227175,4.532987,-3.5308506,-5.731222,1.2984256,-6.632981,0.14884093,-0.72583646,-1.3043283,551,seg_6a8s,HYP
-2.7193244,-7.611837,-5.044698,-4.195157,8.642168,-0.60764146,-1.9005821,2.3315868,-3.1264815,-6.648343,2.3832717,-6.1285996,0.020710625,-1.4862969,-2.091483,551,seg_8a10s,HYP
-1.2612556,-3.261684,-4.7016907,-0.88548607,5.995223,0.13501808,0.362609,3.3126323,-1.4069333,-3.9931233,0.58993745,-7.260501,0.0014211908,1.3066908,-0.3928571,552,seg_0a2s,NORM
-0.465985,-3.203294,-5.281434,-2.052684,4.884775,-0.045363277,0.58101964,1.9949741,-1.4497495,-4.9185443,1.0498052,-7.314711,-0.20033705,0.93266714,-0.8182082,552,seg_2a4s,NORM
-0.6713696,-3.18115,-5.124611,-1.8561761,4.75723,0.0036899745,0.3940213,2.0334842,-1.2836432,-4.5072837,1.1327405,-7.0182476,-0.17838416,0.7853092,-0.5713388,552,seg_4a6s,NORM
-1.7888879,-3.745402,-4.576601,-1.6096098,5.1179605,0.47281224,0.30292064,2.6923716,-0.98084563,-3.7555804,0.5625953,-7.1727524,-0.4705441,0.84668875,-0.03887713,552,seg_6a8s,NORM
-0.504318,-3.1595683,-5.197212,-2.0620878,5.0805106,-0.05703944,0.24399328,1.6923254,-1.3948343,-4.415616,0.99988234,-7.160137,-0.33991432,0.81037134,-0.7989615,552,seg_8a10s,NORM
0.20328157,-1.5356131,-2.7515192,-0.69677746,3.301187,0.033886492,0.317689,1.0309633,-0.5394778,-2.7932205,0.3180792,-3.7324529,-0.80064714,-0.11910926,0.27037722,553,seg_0a2s,NORM
-1.0062613,-1.8169633,-2.238326,-0.41042632,2.9440255,0.6371188,0.38548073,1.3861005,-0.023783877,-1.940301,-0.15622982,-3.067986,-0.6417022,0.002045706,0.6295397,553,seg_2a4s,NORM
0.40830594,-1.1941102,-2.4207397,-0.54929525,3.0406764,0.32830265,-0.09357774,0.55048174,-0.38960296,-2.461267,0.24777451,-3.0162973,-0.5854102,-0.044278637,0.20399503,553,seg_4a6s,NORM
-0.7136557,-1.6636617,-2.106564,-0.4731269,3.0905821,0.8033204,0.09299498,1.3726052,-0.45821577,-1.7696855,-0.10430774,-2.7417989,-0.46417505,-0.09503199,0.7169864,553,seg_6a8s,NORM
-0.45306596,-1.5995198,-2.7830753,-1.0555882,1.5294094,0.35641,0.69483197,0.20896286,0.025757924,-2.6593537,0.8856745,-2.8111472,-0.49776268,-0.8162778,0.30379272,553,seg_8a10s,NORM
-0.5547698,-3.0121627,-3.1556263,-1.1100638,5.650224,-1.1408783,0.4519603,2.518389,-3.2313516,-5.0659623,0.08116507,-4.8453546,-1.2116607,0.6261599,-1.3272876,554,seg_0a2s,MI
-1.1655215,-2.9715931,-3.006425,-1.2085745,3.7855082,-1.143377,0.9298793,2.150627,-2.3841777,-4.466232,0.743419,-4.445011,-1.4483865,-0.34248912,-1.2331177,554,seg_2a4s,MI
-1.4278078,-2.9578805,-2.560141,-0.56957436,5.3182936,-0.77177215,0.80380607,2.7741458,-2.7093503,-4.4146,-0.16276948,-4.535222,-1.0278966,0.6491216,-1.045789,554,seg_4a6s,MI
-0.7034426,-2.732228,-2.6933622,-0.9547716,5.377351,-1.0294689,0.7745743,2.3413122,-3.1520975,-5.007073,-0.09379709,-4.476106,-1.0824902,0.6846479,-1.5304893,554,seg_6a8s,MI
-1.1677868,-2.9970582,-2.8671556,-1.2328167,3.9635415,-0.7485037,1.2668277,1.8615868,-2.7038352,-5.028859,0.42546603,-4.2812753,-1.1098129,-0.075539485,-1.4112917,554,seg_8a10s,MI
-0.35743856,-0.92688656,-2.9833097,-0.9416732,3.2870796,-0.30844882,0.58448595,3.6638684,-1.6922135,-4.3962626,2.0498757,-5.4526243,-0.6816344,-0.20003648,1.178208,555,seg_0a2s,STTC
-0.38934946,-0.8150344,-2.771903,-0.7790418,3.2095518,-0.31332877,0.42027065,3.5865684,-1.5817835,-4.123114,2.1062179,-5.2758064,-0.6314089,-0.22375457,1.1518953,555,seg_2a4s,STTC
-2.6335793,-5.875868,-7.0689363,-3.5476592,8.756469,-0.14366779,-1.3072326,7.15892,-3.6294355,-7.355201,2.6670651,-10.284259,-2.1552696,-0.5053637,-0.03248179,555,seg_4a6s,STTC
-0.96642023,-1.0388303,-2.4462762,-0.979824,1.5975271,-0.07454711,0.92668915,2.8831668,-0.95714074,-3.369863,2.526572,-4.535587,-0.68889457,-1.3509263,1.1791747,555,seg_6a8s,STTC
-0.44355002,-0.74905837,-2.8339677,-0.95873386,3.0493891,-0.25915578,0.4897898,3.5668638,-1.4881215,-3.8376586,1.9788693,-5.1619406,-0.589291,-0.16277258,1.2150033,555,seg_8a10s,STTC
-2.0606692,-3.1426556,-3.2049198,-0.6951623,5.803093,0.20296879,-0.55069304,4.438726,-2.6272357,-5.4996643,0.9184301,-4.460339,-0.43837082,0.8159312,-1.1874425,556,seg_0a2s,MI
-2.6210082,-3.4740646,-2.5585198,-0.676074,4.2692275,0.39024752,0.0050645024,4.0888762,-1.7368846,-4.786437,1.0582799,-3.936082,-0.45307016,0.042708248,-0.565704,556,seg_2a4s,MI
-1.1824079,-2.6208777,-3.7612615,-1.4042919,4.145318,0.0035883188,0.004122086,3.0099576,-2.5426931,-6.417197,1.5487914,-4.231108,-0.584091,0.2774297,-1.4312878,556,seg_4a6s,MI
-1.1601543,-2.7843828,-3.6471243,-1.451896,4.1399384,-0.08837175,0.0029844046,3.0920634,-2.46834,-6.1775928,1.5503719,-4.140865,-0.502758,0.1609277,-1.3387674,556,seg_6a8s,MI
-1.1158447,-2.5885978,-3.4570189,-1.2876177,3.8805814,-0.062071145,0.055582352,2.875476,-2.471875,-6.1036777,1.5015883,-3.8900986,-0.4723271,0.20844518,-1.3092483,556,seg_8a10s,MI
-0.7231488,-3.0919108,-2.920106,-0.5951767,3.662464,0.13394699,-0.4915629,0.62111104,-0.56049347,-2.620216,-0.123386204,-2.7556784,-0.35455483,0.2338137,0.9202354,557,seg_0a2s,STTC
-1.4547062,-2.510007,-3.4136477,0.27693278,1.6660516,0.26553962,0.99154043,1.4274173,-0.95505077,-2.3162982,0.23063898,-2.5795326,-0.5921168,-0.20771025,0.13026586,557,seg_2a4s,STTC
-1.098104,-3.4655633,-2.9897542,-0.54572576,3.634768,0.16639975,-0.32924548,1.0086975,-0.50697166,-2.604744,-0.27964902,-2.989503,-0.527004,0.24821132,0.7962545,557,seg_4a6s,STTC
-1.4976274,-2.7294672,-3.057056,0.22328714,1.9920107,0.26892248,0.69099027,1.3798437,-0.74667585,-2.103481,0.09345757,-2.5242758,-0.5505769,-0.1696452,0.22340794,557,seg_6a8s,STTC
-0.4066221,-2.3101125,-3.7177587,-0.45049083,2.4921658,0.007873744,0.54272014,0.5498157,-0.9839857,-2.986629,0.16354704,-2.76561,-0.5955116,0.00484322,0.034015894,557,seg_8a10s,STTC
-0.34129775,-2.0052683,-7.501701,-5.414654,7.0085087,-0.4831085,0.023762621,-0.09236996,-1.9882526,-4.5745125,-2.4898078,-6.2092867,-4.947169,0.45185435,-1.4103801,558,seg_0a2s,MI
-1.2643995,-2.9655948,-4.4469233,-1.90834,5.204528,-0.4293771,-0.15764853,1.9020243,-1.3294961,-4.9336147,0.58712715,-5.3437204,-1.8797143,0.06794776,-1.500855,558,seg_2a4s,MI
-1.5896603,-2.1194634,-7.1674123,-4.568793,7.604716,0.75941086,-0.08280627,0.5903397,-1.5938315,-3.2501538,-1.9386489,-5.5642123,-3.4479325,-0.09754884,-0.03932567,558,seg_4a6s,MI
-0.98686796,-3.846762,-7.088479,-4.7099223,5.794487,-1.1427363,-0.6772918,0.4210626,-2.0702443,-4.758212,-0.1907421,-6.48828,-4.0798965,-0.6550088,-1.7722373,558,seg_6a8s,MI
-1.4552763,-2.6513214,-5.7757597,-3.0841403,7.0180006,0.8061396,-0.56100595,1.0939785,-2.5732849,-4.1401815,-0.6312125,-5.412922,-2.608868,-0.20821841,-0.46406385,558,seg_8a10s,MI
-1.2168597,-3.3732333,-2.9766464,-1.263093,4.571676,-0.082849026,-0.77046514,1.5980142,-0.37289256,-6.5762987,2.1743295,-3.9217305,-0.47280908,-1.0717719,-0.967873,559,seg_0a2s,NORM
-1.1993321,-3.3605404,-3.0039368,-1.2366352,4.5044484,-0.11281335,-0.72865945,1.8442998,-0.401335,-6.5519695,2.2850158,-3.96978,-0.47289526,-1.1636606,-0.81774664,559,seg_2a4s,NORM
-1.2793621,-3.1301312,-2.807952,-1.1068926,4.0934463,-0.06735581,-0.6113992,1.9409108,-0.34418833,-6.256521,2.2518246,-3.743755,-0.5570448,-1.2038063,-0.73382497,559,seg_4a6s,NORM
-2.2557282,-2.9327385,-3.1358232,0.25466675,5.5872364,-0.014858127,0.0451783,4.318878,-1.4706535,-5.523081,1.2980409,-4.0191536,-0.3328743,0.046506494,-1.1227744,559,seg_6a8s,NORM
-1.7967587,-3.3150446,-2.5722218,-0.7405994,5.3753448,0.25138342,-0.4023226,3.143058,-0.47491413,-5.6249995,1.1867152,-3.9561234,-0.22701429,-0.28520262,-0.14851522,559,seg_8a10s,NORM
-0.24373436,-3.2470272,-1.8668258,-1.4854674,2.8852289,-0.70311236,0.7710086,1.1839821,-1.0037014,-4.6039915,-0.40230373,-1.039756,0.05893819,0.14519432,0.1303843,560,seg_0a2s,NORM
-0.39263472,-3.247275,-1.761344,-1.3696737,3.0075867,-0.67770064,0.64319676,1.3127347,-1.0493126,-4.616424,-0.29017138,-0.982393,0.03988772,0.056168415,0.071548015,560,seg_2a4s,NORM
-1.3249077,-3.8192377,-1.2290926,-0.90481585,3.182474,-0.116693705,0.57243246,1.9448736,-0.6950551,-3.6113324,-0.690149,-1.273997,0.18327163,0.17996596,0.5631358,560,seg_4a6s,NORM
-0.23191772,-3.2591174,-1.6877667,-1.4257183,3.0282686,-0.76180625,0.64813393,1.2154393,-0.9546563,-4.6543136,-0.32258317,-1.0681297,0.073325634,0.12624592,0.10183558,560,seg_6a8s,NORM
-1.1263467,-3.4499557,-1.2320224,-0.79753363,2.9443564,-0.22628495,0.5376432,1.685157,-0.78579694,-3.6295793,-0.40663362,-1.053118,0.14218697,-0.0072321,0.21122864,560,seg_8a10s,NORM
-1.2878811,-3.7147143,-3.877369,0.19926971,4.3643293,0.14038481,-1.092551,2.3381712,-1.5201857,-3.7476923,0.08894775,-2.020008,-0.8313009,0.056654125,-0.2980351,561,seg_0a2s,NORM
-0.54966134,-3.9051883,-4.2048616,-1.068008,3.5366666,0.41498047,-0.60389245,0.9928962,-1.0714321,-4.3231883,-0.18339726,-1.9234855,-0.72647494,-0.14401813,0.40339082,561,seg_2a4s,NORM
-0.07670419,-3.6918595,-3.8473601,-0.3724459,2.9396,-0.38608655,-0.68914056,0.34963894,-0.0049414486,-3.4230506,0.2558203,-1.5327812,-0.2811009,-0.3000939,0.5187986,561,seg_4a6s,NORM
-1.8137746,-4.7323585,-4.0802803,-1.1309457,4.351805,0.8472322,-0.8415083,1.8042197,-1.4794493,-4.777354,-0.33343285,-2.21787,-1.1341817,-0.25672042,0.09731866,561,seg_6a8s,NORM
-0.27723876,-3.6268325,-3.7494059,-0.1795533,2.6982605,-0.5458381,-0.36804187,0.6920796,-0.20061833,-3.6993718,0.53630483,-1.6074148,-0.3040405,-0.44585776,0.1275577,561,seg_8a10s,NORM
0.15823288,-3.2842975,-3.1227236,-1.5443854,2.5621843,-0.27099875,0.20100385,0.77124536,-0.027653277,-4.9811444,1.0300093,-2.9980748,-0.19728035,-0.6529907,0.52994835,562,seg_0a2s,STTC
-0.0913156,-2.9603858,-2.558034,-0.58552283,3.5262616,-0.20549801,-0.4975962,1.5178734,-0.38384748,-3.5456336,0.58988667,-2.7740602,-0.020404141,-0.05590251,0.81398594,562,seg_2a4s,STTC
0.5958314,-2.8363593,-2.978375,-1.0084887,3.992606,-0.48346236,-0.5197658,1.4087532,-0.33738363,-4.6253233,0.7528969,-3.2333634,-0.1846753,-0.03866382,0.67146194,562,seg_4a6s,STTC
0.3254122,-3.2922873,-3.3042107,-1.5892942,2.6216328,-0.34667364,-0.1279628,0.5769862,-0.23019087,-4.6807666,1.0949941,-3.054919,-0.2638799,-0.6592426,0.7635443,562,seg_6a8s,STTC
-0.61637884,-3.4319732,-2.3743262,-0.6580473,4.100259,-0.008138627,-0.3732328,1.936719,0.028624326,-3.8095384,0.43924683,-3.0813289,0.26420057,0.045942612,0.98539674,562,seg_8a10s,STTC
-1.8712516,-4.7774878,-1.9215084,-0.5933799,4.1268673,0.14492995,0.5385269,1.1321027,-0.64007056,-2.5941713,-0.60822046,-2.1823845,0.8171261,0.02263321,0.115676954,564,seg_0a2s,MI
-0.44633466,-4.0016627,-2.4009967,-0.7250464,3.852094,-0.38649896,0.20668334,0.16394272,-0.88191193,-3.1709666,0.25603342,-2.031768,0.97037375,-0.23720874,-0.55035794,564,seg_2a4s,MI
-0.86968213,-4.654629,-2.3939948,-0.7956521,2.668635,-0.48386928,0.6257795,-0.069960654,-0.4733464,-3.559478,0.80071276,-2.0333142,0.751779,-1.019619,-0.33849224,564,seg_4a6s,MI
-0.5063343,-4.1056433,-2.4568915,-0.67787796,3.9840837,-0.49820182,0.16106194,0.20915195,-0.8782397,-3.2762787,0.28491017,-2.2675695,0.7885789,-0.24462993,-0.559865,564,seg_6a8s,MI
-0.89679116,-4.754302,-2.654913,-1.0306246,2.564175,-0.36722133,0.685405,-0.105836004,-0.35835963,-3.6180103,0.5443299,-2.180099,0.43674535,-0.9706532,-0.3316979,564,seg_8a10s,MI
0.15848352,-3.1156256,-2.0372615,-1.0067816,3.3331482,-0.81974316,-0.20223811,0.13586748,0.8438755,-3.4142203,-0.46415934,-1.6577531,-0.59073234,-0.05807066,-0.25746673,565,seg_0a2s,NORM
-0.2764543,-3.4919767,-2.056717,-1.1571732,1.7437104,-0.61305153,0.021405451,-0.2571224,1.0607218,-3.3455806,0.18404874,-1.4496354,-0.6947542,-0.834873,0.0036919713,565,seg_2a4s,NORM
-0.8667791,-3.5856516,-1.4931219,-0.4543044,3.2859437,-0.43539682,-0.10631829,0.9802401,1.0451229,-2.8262794,-0.44659883,-1.6081895,-0.28918564,-0.16700254,0.09445299,565,seg_4a6s,NORM
-0.27313885,-3.3224168,-2.101222,-1.1014307,1.8095897,-0.51805604,0.049108766,-0.48384374,1.0477481,-3.2478793,0.10994252,-1.4128952,-0.7379283,-0.8554374,-0.01361464,565,seg_6a8s,NORM
-0.50741285,-3.4309082,-1.958527,-1.1489594,1.5006342,-0.4692739,0.6078985,-0.082877204,1.0625628,-3.571548,-0.05128226,-1.414912,-0.5863828,-0.676011,-0.22647133,565,seg_8a10s,NORM
0.029409781,-2.8691003,-2.4718204,-1.4366393,2.2426028,-0.38903412,-0.045716323,-0.28478885,-0.051411167,-3.988893,0.56048274,-1.6369623,-0.4771514,-0.7640138,-0.33320168,566,seg_0a2s,NORM
0.6525517,-2.373521,-2.4556031,-1.166173,3.5352824,-0.60948753,-0.585382,0.29006314,-0.36972666,-3.6839275,0.10861931,-1.7870754,-0.5424482,-0.13716479,-0.3170448,566,seg_2a4s,NORM
-0.6066991,-3.0938542,-1.9733734,-0.94878465,3.7606173,0.06385858,-0.58522695,1.0812144,0.009272844,-2.6148136,-0.56183904,-1.944159,-0.4269709,0.1470396,0.48345017,566,seg_4a6s,NORM
-0.8307716,-2.9825315,-1.7735648,-0.67230064,3.8060067,0.006152481,-0.44332218,0.9368862,0.103318945,-3.0857165,-0.3592045,-1.8953941,-0.45171535,0.040458933,0.120593734,566,seg_6a8s,NORM
-0.0687702,-2.7776196,-2.6740637,-1.4451346,1.859861,-0.4089447,0.11620613,-0.23494908,0.11051568,-3.705541,0.5401671,-1.6337204,-0.5603311,-0.76348126,-0.12120503,566,seg_8a10s,NORM
-3.1535642,-4.8676844,-6.274901,-1.8034708,7.722881,0.81605756,-1.2596718,4.1761866,-5.224181,-8.903153,-0.024367707,-4.0927954,-2.7796197,0.50147223,-2.8541346,567,seg_0a2s,MI
-3.1440132,-4.4292045,-5.103543,-1.1226978,6.531736,0.45604628,-0.7610567,4.233936,-4.0196805,-7.7388344,0.20688283,-3.7477298,-2.4526787,0.21201515,-2.7869034,567,seg_2a4s,MI
-2.569703,-3.0892923,-6.2202787,-1.6068242,8.465753,1.2699472,-1.6616082,3.5380347,-5.3386497,-7.3987613,-0.60369873,-3.3471332,-2.5411937,0.9177944,-3.684911,567,seg_4a6s,MI
-3.0431232,-5.0364285,-4.8783317,-2.0762618,8.727343,1.1916596,-1.7468858,4.0646834,-4.304664,-8.489233,-0.44574758,-4.0255537,-2.1502123,0.7589114,-1.9761325,567,seg_6a8s,MI
-3.1665988,-3.5576286,-5.4501452,-1.4600873,6.71236,1.2209449,-0.95399857,3.117569,-4.3342633,-7.0055146,-0.3797368,-3.2015514,-2.5307963,0.4219758,-3.3879683,567,seg_8a10s,MI
0.9929038,-2.6367266,-2.663766,-0.51583827,3.8698103,-0.9325447,-0.9473096,0.43659067,-1.2948656,-6.869486,2.8385494,-4.4540076,-0.03295923,-0.7476056,-0.41950747,568,seg_0a2s,NORM
-0.56663513,-1.8512366,-2.6500587,0.117121965,2.0632992,-0.45941338,-0.44571188,1.0117159,-0.47194672,-4.723872,2.878522,-2.84288,-0.26783353,-1.4033171,-0.3092133,568,seg_2a4s,NORM
0.725567,-2.440356,-3.19523,-1.3694873,3.62722,-0.526538,-1.4969473,1.0213952,-0.16616139,-6.109799,2.7220547,-3.5405538,0.07967578,-0.89445925,-0.19424123,568,seg_4a6s,NORM
-3.0755446,-2.8618743,-4.965916,-0.5768903,-1.6406785,-0.6714803,4.935577,3.4031029,-2.7504106,-5.7492666,2.2610133,-3.5779934,-1.3789169,-2.2663898,-0.62885344,568,seg_6a8s,NORM
1.3301196,-3.2882416,-2.6373134,-0.29492494,5.0540547,-1.3055629,-0.02644705,0.24059635,-1.8639622,-8.178527,2.8959882,-5.682422,-0.053710364,-1.1264466,-0.8654833,568,seg_8a10s,NORM
-1.235328,-2.0126913,-3.059103,-1.3464873,5.9475236,-0.12627295,-0.36867455,4.6959205,-4.2381396,-4.2947702,1.1825043,-5.246134,-1.065306,0.142725,-0.29113153,569,seg_0a2s,CD
-1.5926533,-2.8623338,-1.9929109,-1.0193825,4.6990724,-0.07995841,-0.049389556,3.9336438,-3.6108675,-4.2999673,1.4520632,-4.371424,-0.9878275,-0.8166739,-0.28286394,569,seg_2a4s,CD
-0.8147187,-2.295483,-2.8738422,-1.4587929,6.1595163,-0.3142263,-0.024260141,4.487698,-4.687718,-5.085814,1.0241362,-5.7359457,-1.0743738,0.35521182,-0.26864755,569,seg_4a6s,CD
-1.7116816,-3.0397978,-1.7442238,-0.6260633,4.69365,-0.07605085,0.28508532,4.0878825,-3.577844,-4.696204,1.4995438,-4.4935546,-0.9021351,-0.86931694,-0.28491062,569,seg_6a8s,CD
-1.4375002,-2.3969023,-2.5543122,-1.2782183,4.5874667,-0.0998351,0.22712517,3.9256053,-3.763959,-4.5087214,1.5898546,-5.086663,-1.2887869,-0.70386016,-0.17646623,569,seg_8a10s,CD
-0.3960545,-2.7100716,-2.4711657,-1.8331764,3.2631564,-0.61623085,-0.3880502,0.64090693,-0.98090714,-4.0759735,1.1427557,-5.4183855,-1.5190192,-0.12630855,-0.38961008,570,seg_0a2s,NORM
-1.0122302,-2.7344832,-1.0750368,-0.6952194,5.177931,-0.37804595,-0.18379648,1.2473385,-0.6641709,-3.6476486,-0.0074766353,-5.377636,-1.2768041,0.40330797,0.16421862,570,seg_2a4s,NORM
-1.0564253,-2.1896527,-1.3299394,-0.25675178,4.0497575,0.0013573468,-0.27638358,1.4239124,-0.95310193,-3.6611292,0.6107399,-4.9178996,-1.111324,0.3244957,-0.5949011,570,seg_4a6s,NORM
-0.052368492,-2.5210288,-1.3967656,-1.2699602,3.6398137,-0.2955015,-0.6089386,-0.021085232,-0.9056148,-4.7776017,1.0603169,-5.075362,-1.1333147,0.016762152,-0.64741516,570,seg_6a8s,NORM
0.113101736,-2.3486807,-2.3326025,-2.319671,3.6789749,-0.010722995,-0.8673116,0.06931278,-1.1356177,-4.600922,0.8480933,-5.659415,-0.98613656,0.749802,-0.8026433,570,seg_8a10s,NORM
-0.7620348,-1.4836061,-1.999038,-1.3642185,3.9152772,-0.74393237,0.05823002,2.6188736,-2.2919655,-1.6911421,1.8658844,-6.5272694,-0.8271304,-0.29214096,-0.8155906,571,seg_0a2s,STTC
-1.7902739,-2.1914787,-1.112165,-1.2788229,4.0597315,-1.0603237,-0.13176933,3.6149287,-2.9559348,-0.86525106,1.9929417,-6.169319,-0.4629327,-0.4104733,0.27790827,571,seg_2a4s,STTC
-0.3993357,-1.7454885,-2.3237906,-2.2535307,4.1757846,-1.4273292,-0.3520033,2.5770364,-2.8933334,-2.054281,1.720492,-6.6128855,-0.8599706,0.2716847,-0.00846386,571,seg_4a6s,STTC
-1.0531784,-1.7127011,-1.7719359,-0.5875735,4.98327,-0.99891996,-0.60452616,3.415832,-2.6688843,-1.201554,1.7593521,-6.118802,-0.41242588,0.07555822,-0.7178029,571,seg_6a8s,STTC
0.04628481,-1.5374591,-1.7602116,-1.6896307,4.1541123,-0.83972394,-0.39493576,2.8205767,-2.637815,-1.3808355,1.9400645,-6.4489326,-0.7250434,-0.5082588,-0.5945983,571,seg_8a10s,STTC
-1.1959448,-2.64006,-3.7064805,-2.138992,3.844339,-1.0414296,-1.4097191,-0.33127713,-1.338273,-5.801953,1.9700629,-3.3846848,0.5866806,0.92255074,1.669596,572,seg_0a2s,NORM
-6.0334353,-5.95774,-3.9544888,-5.2463737,6.519065,-6.80735,0.10877057,5.376012,-7.707192,-9.89742,3.9635653,-6.3828506,0.8655978,2.5970316,7.486187,572,seg_2a4s,NORM
-11.337246,-10.835237,-8.20191,-10.26235,11.006379,-15.371605,2.5362103,10.255428,-13.814588,-20.741983,4.9894986,-11.053018,1.695513,8.326991,13.616207,572,seg_4a6s,NORM
-4.0786114,-3.4115534,-4.3790536,-1.7752016,3.396297,-1.5812614,0.54774207,2.536705,-2.994873,-5.9181633,1.2211895,-4.1130314,0.13144118,2.1981592,2.4499092,572,seg_6a8s,NORM
-2.3758514,-3.116737,-4.8483343,-2.7353468,5.563673,0.120491534,-0.0829922,1.860049,-2.8851452,-6.2609663,0.6269801,-4.4259615,0.4162681,1.6637175,1.4826977,572,seg_8a10s,NORM
-0.24557799,-3.2815514,-4.451658,-1.1983426,2.928247,-0.5005648,-0.5709524,2.1729908,-0.563918,-3.8170178,0.71489733,-2.9155111,-0.86049294,-0.14652951,0.9281876,573,seg_0a2s,STTC
-0.907667,-6.9197893,-5.698206,-2.6325164,4.8940935,-4.007951,-4.018572,2.018751,-2.5642195,-0.95226157,1.5582776,-5.410363,-3.8264363,-1.5232664,-2.1324341,573,seg_2a4s,STTC
-1.5228463,-7.7469506,-6.9893017,-2.0836859,5.870635,-4.6238027,-6.6209645,2.376318,-2.8412127,-1.1847557,1.7566993,-6.3923316,-6.4812737,-1.581982,-1.892872,573,seg_4a6s,STTC
-1.0382428,-7.117225,-5.2823515,-3.037497,3.5867743,-4.2129736,-3.5181823,0.95978665,-2.2773495,-1.2087543,1.9883546,-5.077935,-3.8111024,-2.1318278,-2.127559,573,seg_6a8s,STTC
-1.2428744,-7.1826124,-5.5865026,-2.551447,5.17411,-3.9174368,-4.3798037,2.2486887,-2.5687191,-0.6957553,1.4444721,-5.579161,-4.007813,-1.4262722,-1.8931109,573,seg_8a10s,STTC
-1.1728803,-4.358529,-2.5432944,-1.3131273,5.158537,-0.33990458,-2.15959,1.3865463,-1.159276,-6.1243825,2.4494357,-3.4692113,-0.53234434,-1.3624746,-1.6308507,574,seg_0a2s,NORM
-0.99741143,-4.1146536,-2.2665157,-1.1161592,4.9154496,-0.394775,-1.9133576,1.5324326,-1.005312,-6.0155687,2.5522974,-3.1810956,-0.37815225,-1.5917004,-1.491598,574,seg_2a4s,NORM
-1.9643012,-4.11993,-2.6427388,-0.33832657,3.2691748,-0.5510156,-0.697723,2.123679,-1.2247,-5.258891,2.8060029,-3.1729453,-0.50985134,-1.7657144,-1.8466452,574,seg_4a6s,NORM
-1.1816006,-4.266379,-2.597745,-1.1379156,5.0348754,-0.38487235,-2.0161564,1.5377529,-1.2659144,-6.128579,2.641703,-3.4772048,-0.49491036,-1.5106804,-1.630679,574,seg_6a8s,NORM
-1.1897765,-4.378814,-2.4614897,-1.1975338,5.1974993,-0.36018977,-2.1979983,1.36865,-1.0487838,-6.159257,2.5116057,-3.394521,-0.46641994,-1.4137946,-1.6950495,574,seg_8a10s,NORM
-0.73134005,-3.7411056,-3.6237197,-1.1129987,2.9499054,-0.9179611,1.7953489,2.3206725,0.6594892,-4.7742147,-0.52696806,-3.3984523,-1.4015871,-0.2676559,0.027054697,576,seg_0a2s,STTC
-0.62463874,-3.7317839,-3.4545217,-1.1714547,3.1266673,-0.9592885,1.5800985,2.1581488,0.7901401,-4.773263,-0.3514945,-3.2383885,-1.0434341,-0.2383549,-0.016910627,576,seg_2a4s,STTC
-0.5078572,-3.6283484,-3.3923283,-1.3228667,3.069504,-0.95473206,1.4896514,1.9625163,0.82253,-4.750486,-0.63334763,-3.1670406,-1.3073103,-0.08771719,-0.07920322,576,seg_4a6s,STTC
-0.563285,-3.7638848,-3.435389,-1.4170892,3.489102,-0.8995316,1.1972698,1.840158,0.78008157,-4.5726266,-0.58736,-3.3263493,-1.3437135,-0.1970359,-0.0015075505,576,seg_6a8s,STTC
-1.2472546,-3.7052264,-2.9717317,-0.8113154,2.87396,-0.5827594,1.0632526,2.1628358,1.2014372,-3.4006867,-0.42890346,-2.9659548,-0.95648336,-0.22412075,0.27405158,576,seg_8a10s,STTC
-0.99567586,-4.5152225,-5.2841997,-0.83110964,4.3305106,-0.30610034,-0.6254291,1.8789179,-0.4681725,-5.157331,1.12916,-3.6797993,-0.54114777,-0.34930348,-0.32005045,577,seg_0a2s,MI
-1.5940621,-4.5640936,-4.360827,0.32773176,5.261561,-0.10775682,-0.5418973,3.1252856,-0.39407462,-4.5828753,0.6334174,-3.4275436,-0.045914415,0.11705552,-0.5851296,577,seg_2a4s,MI
-1.04116,-4.3671064,-5.4603047,-0.98858434,4.3972173,-0.11269528,-0.49050024,1.6074084,-0.5424968,-5.008604,0.98315513,-3.7535872,-0.50570846,-0.28816247,-0.4079478,577,seg_4a6s,MI
-0.87775385,-4.8539863,-5.066535,-0.8538594,4.4057307,-0.26457092,-0.30520543,1.9467106,-0.44860357,-5.501158,1.0510247,-3.4382133,-0.20169705,-0.48373222,-0.6958375,577,seg_6a8s,MI
-1.8533016,-4.4037457,-4.700694,0.12677631,5.2282877,-0.10752085,-0.81354237,2.7927444,-0.7336665,-3.9499154,0.74898523,-3.4526997,0.16078672,0.33923575,-0.34723964,577,seg_8a10s,MI
1.5265028,-5.088244,-3.4237142,-4.0983725,7.95517,0.575139,0.20948389,1.3946079,-3.487643,-6.473966,-1.235019,-2.0489993,2.8432064,1.1315566,-1.2392298,579,seg_0a2s,MI
2.2035737,-5.340071,-2.5008469,-2.673425,7.870402,0.88424945,-0.31925395,2.4039736,-3.6413133,-4.160949,-0.6491689,-1.1790327,2.8111632,-1.0640692,-0.25378877,579,seg_2a4s,MI
-1.5475202,-4.560792,-3.5265656,-2.9810958,5.174873,0.26897785,0.79101235,2.3385754,-0.9982843,-4.917298,0.2832415,-2.6694314,1.6727387,0.04379619,-1.7118695,579,seg_4a6s,MI
-1.9160706,-4.0180655,-4.2466307,-3.3856697,5.706415,0.65264547,0.23341244,1.7236044,-1.3614008,-4.2651286,0.14862353,-2.763534,1.0879161,-0.024541676,-1.8881072,579,seg_6a8s,MI
0.6929945,-4.7360744,-5.0108056,-4.524737,9.520237,1.3322294,-1.0974236,2.018128,-4.541812,-4.6491923,-1.7535723,-2.3580155,1.3748053,0.5831609,-0.76960444,579,seg_8a10s,MI
-2.2180688,-7.1665506,-4.055416,-3.420626,6.6360826,-3.2884624,1.4916933,3.545626,-0.85958105,-4.326123,0.7026627,-7.432785,-1.0698539,-0.929901,-2.7540605,580,seg_0a2s,NORM
-1.9909536,-7.137752,-3.5824752,-3.4479895,6.439549,-3.2087948,1.4179895,3.2232966,-0.07374224,-3.7759233,0.24586728,-7.016779,-0.82396716,-0.66052,-2.2898824,580,seg_2a4s,NORM
-2.9728546,-7.1301227,-2.8306704,-2.5086005,5.879781,-2.7473032,1.3413049,3.8728652,0.42616495,-2.9475048,0.54035574,-6.6120186,-0.6161649,-0.96226895,-1.9373878,580,seg_4a6s,NORM
-1.8463246,-6.995118,-3.8187842,-3.290946,6.591897,-3.2895973,1.1782248,3.1342902,-0.324321,-3.8485973,0.6469112,-7.2311363,-0.86369103,-0.8310159,-2.3703964,580,seg_6a8s,NORM
-1.6603568,-6.916156,-3.8159728,-3.377626,6.2483716,-3.588317,1.6054133,3.0971131,-0.4198687,-3.9029393,0.6165869,-7.226345,-0.8448866,-0.8226919,-2.4868429,580,seg_8a10s,NORM
0.625579,-3.5173607,-3.0983825,-0.8938974,1.8256804,-0.2932171,-1.3229909,-1.0498042,0.36627722,-3.2891123,0.671153,-1.018001,-0.33209187,-0.77693105,0.7327527,582,seg_0a2s,NORM
-1.1836276,-4.2862587,-2.1160116,-0.28948036,3.6639538,0.23640117,-1.5381021,0.7747879,0.32395494,-2.0595298,-0.81656516,-1.3070952,-0.44793153,0.20677611,1.2993838,582,seg_2a4s,NORM
-0.26547801,-3.6595678,-2.760909,-0.32502827,3.103244,-0.055920392,-1.5527915,0.28016633,0.1930576,-2.5849876,-0.33949643,-1.2749802,-0.57696134,0.12977952,1.0226319,582,seg_4a6s,NORM
0.35147387,-3.3285227,-3.0804448,-0.7508344,1.5313731,-0.17456463,-1.0270945,-0.96280974,0.2561041,-3.0111287,0.7361016,-0.8085935,-0.22114326,-0.8778937,0.64615995,582,seg_6a8s,NORM
0.4598434,-3.417698,-3.002789,-0.8162011,1.7382226,-0.21543175,-1.1952477,-1.0575535,0.33525252,-3.1433215,0.6992668,-0.9207921,-0.20889764,-0.7855863,0.64013064,582,seg_8a10s,NORM
-0.24661145,-3.2944884,-2.3959494,-0.10581456,3.9841573,0.74693143,-1.0845418,0.7706708,-1.0953193,-2.3443666,0.46820018,-2.1782937,0.6380839,-0.31795418,0.6561473,583,seg_0a2s,NORM
0.8231189,-3.342999,-3.0843248,-0.6778303,2.743804,0.36993894,-0.2969421,0.25517744,-0.09751956,-3.739916,1.091113,-2.808994,-0.008358121,-1.3176656,0.7130635,583,seg_2a4s,NORM
0.97911704,-3.412536,-3.1155896,-0.7725046,2.8379216,0.3016683,-0.3716869,0.1868386,-0.4173941,-3.9167647,1.1157229,-2.6934674,0.08620967,-1.2844712,0.7289562,583,seg_4a6s,NORM
1.0107355,-3.3563411,-3.4778323,-0.71789247,2.7561576,0.36809894,-0.26464254,0.445979,-0.09809348,-4.166501,1.0363888,-3.0227296,-0.4081626,-1.366569,0.83453393,583,seg_6a8s,NORM
1.0397518,-3.796911,-3.5356026,-0.85742915,2.987234,0.31176046,-0.29927087,0.74799526,-0.026167676,-4.457706,1.0532224,-3.1271567,-0.31556875,-1.4201462,0.88276505,583,seg_8a10s,NORM
-1.5284766,-3.2531664,-2.5634632,-0.9215949,3.908629,-0.10335976,0.35958222,2.9665093,-1.1980195,-3.8310351,0.53957486,-4.359552,-0.7668475,0.02856756,0.15935865,584,seg_0a2s,NORM
-0.28113255,-2.7228217,-3.0794082,-1.108258,3.9664273,-0.494045,0.17875269,1.9575634,-1.5834334,-4.626498,0.97683966,-4.245898,-0.6133812,-0.029800504,-0.35847417,584,seg_2a4s,NORM
-0.5556256,-2.4845026,-3.0082335,-0.9806803,3.5362492,-0.35015044,0.35358146,2.2214072,-1.4296134,-4.1130276,0.9069499,-4.0972414,-0.70133525,-0.068930164,-0.07851401,584,seg_4a6s,NORM
-0.97879696,-2.5899472,-2.756742,-0.13348505,4.62123,-0.5245414,0.06512459,3.4352806,-1.5012174,-3.563163,0.685896,-4.3307247,-0.46702725,0.40747255,-0.25071323,584,seg_6a8s,NORM
-1.2127852,-3.1672437,-2.7199717,-1.1744261,4.178428,0.029462636,0.4113213,2.5682986,-1.4974384,-4.0080743,0.2579608,-4.333012,-0.75856715,0.15255462,0.15302998,584,seg_8a10s,NORM
-1.9107761,-2.0038822,-2.1278672,-1.6529157,4.1323833,-0.47838798,0.06296279,2.1017938,-1.5907226,-4.7334576,0.6012109,-4.163678,-1.73887,0.27748534,-3.000041,585,seg_0a2s,HYP
-2.9588406,-2.481481,-0.9541191,-0.6636594,3.7545924,-0.21929154,0.4127371,2.7229538,-0.74640954,-3.59518,0.26325622,-3.7432637,-1.5030569,0.06573268,-2.1005306,585,seg_2a4s,HYP
-1.9901928,-2.034412,-1.6553235,-1.1872718,4.0882745,-0.53427315,0.1374546,2.0741825,-1.4298081,-4.84842,0.7264481,-3.919279,-1.6085525,0.12577467,-2.9885697,585,seg_4a6s,HYP
-1.8597816,-2.093892,-1.7436653,-1.2977779,3.8997793,-0.584533,0.39419666,2.017272,-1.289633,-4.68168,0.5396774,-3.8539462,-1.5624316,0.11697396,-2.739612,585,seg_6a8s,HYP
-3.7801304,-2.980321,-0.6239964,-0.488468,4.1652136,-0.07956287,0.33087447,3.3091748,-0.744099,-3.5167208,0.09938479,-3.9630184,-1.6628537,0.078121565,-2.1017933,585,seg_8a10s,HYP
-1.2429619,-2.0212324,-2.5546956,-0.7041534,3.4800541,0.3645522,0.42116597,2.2896342,-0.56981593,-3.5855875,0.4151009,-4.5255513,-0.59832054,0.53546524,0.8287686,586,seg_0a2s,NORM
-0.60834205,-1.765114,-2.9930177,-1.274976,2.484479,0.29217154,0.28189123,0.75345314,-0.6065664,-4.3655295,1.2927042,-4.2592187,-0.908145,-0.36624622,0.23263803,586,seg_2a4s,NORM
-0.29378614,-1.1691389,-3.4598827,-1.9796932,3.0644891,0.46029657,0.1625903,-0.34585786,-0.538383,-3.3856678,0.32129318,-3.7786698,-1.7294301,-0.59136176,0.8317859,586,seg_4a6s,NORM
0.51767683,-1.2962451,-2.9887023,-1.3714068,4.2983694,-0.2254425,-0.24675709,0.3191706,-0.94147784,-3.9495723,0.040414296,-4.2282996,-1.6015161,0.27405852,0.41599917,586,seg_6a8s,NORM
-0.27172083,-1.2523929,-3.4940844,-2.1411874,3.133618,0.25880912,0.27677995,-0.54446375,-0.55607253,-3.2870266,0.04799117,-3.815293,-2.0748792,-0.59783083,0.77121186,586,seg_8a10s,NORM
-1.0280027,-2.6490657,-2.5259848,-1.2499278,2.699656,0.16866356,-0.08224764,0.6671649,-0.80215645,-4.5733795,1.4455295,-2.635732,-0.178133,-0.73354465,-1.3249868,587,seg_0a2s,NORM
-1.3005048,-2.6467013,-2.209301,-0.6585701,4.2637405,0.28904969,-0.52479535,1.699328,-1.40204,-4.695114,0.80955625,-2.845372,-0.20023099,0.16563217,-1.580381,587,seg_2a4s,NORM
-2.1536286,-2.8741257,-2.324047,-1.0607228,4.6397696,0.97432125,-0.37210408,1.8970597,-1.3596351,-3.4645674,-0.35852325,-2.8912632,-0.5376528,0.4740275,-0.603526,587,seg_4a6s,NORM
-1.132753,-2.4204073,-2.2804542,-0.6452422,4.1446404,0.10640097,-0.5944869,1.5467864,-1.3195698,-4.6584535,0.99591804,-2.849268,-0.15024024,0.16984788,-1.6258873,587,seg_6a8s,NORM
-2.1405127,-3.1000986,-1.7106545,-0.34626853,4.218619,0.53192186,-0.12293345,2.3871975,-0.9910632,-4.098702,0.39345425,-3.0469632,-0.003546901,0.36839455,-0.93863404,587,seg_8a10s,NORM
-0.3791779,-2.9494305,-2.9587593,-0.9494595,3.0509813,-0.2180391,-0.9631897,2.5672252,-0.49788433,-3.3487248,0.8014614,-2.5479474,-0.75304824,-0.3159923,0.38115346,588,seg_0a2s,CD
0.35461444,-3.103711,-3.011887,-1.2278547,3.2730906,-0.7127973,-1.0239797,2.3043811,-0.5260759,-4.438611,0.99519527,-2.596774,-0.5351231,-0.13367592,0.15930323,588,seg_2a4s,CD
-0.02466935,-3.840764,-3.4042382,-1.8379028,2.0848067,-0.3624309,-0.5379651,1.5376762,-0.43228412,-4.3358808,1.0559434,-2.382945,-0.7669518,-0.95321345,0.57654715,588,seg_4a6s,CD
0.39553452,-3.0337813,-3.1076574,-1.3587363,3.0626206,-0.6027862,-0.90891606,2.3852313,-0.45403332,-4.306683,0.7966414,-2.6675603,-0.59255844,0.037332587,0.37071067,588,seg_6a8s,CD
-0.95648223,-3.6232219,-2.4971504,-0.8718276,3.4560103,-0.06379321,-0.8286542,3.0241249,-0.26006058,-3.5812008,0.4641405,-2.6851559,-0.54827267,-0.07094045,0.6067811,588,seg_8a10s,CD
-1.0176233,-2.1290445,-2.383843,-1.0490346,3.6318016,0.36615428,0.12341768,1.1162169,-0.8189788,-3.7614765,0.02731935,-2.55095,-0.22198147,0.43561727,-0.7449337,589,seg_0a2s,NORM
-1.527474,-2.6595268,-1.85397,-0.8243982,3.5456731,0.6167176,0.3524863,1.2710505,-0.35044062,-3.47299,-0.5182543,-2.4710555,-0.06590389,0.6989122,-0.3985614,589,seg_2a4s,NORM
-0.6544831,-1.9798957,-2.3307009,-1.1547313,3.278691,0.26751408,0.40268877,0.87994957,-0.6959906,-3.8528721,-0.18269661,-2.391759,-0.20400839,0.56666803,-0.78283775,589,seg_4a6s,NORM
-1.7062193,-2.7053525,-1.7332833,-0.4078226,3.3630402,0.5393862,0.3890343,1.6902345,-0.44461983,-3.6807387,-0.06045633,-2.5975776,0.09052132,0.5624804,-0.499162,589,seg_6a8s,NORM
-0.7435791,-1.9682796,-1.8748593,-0.52512103,2.9428475,0.1950418,0.18732604,0.98684883,-0.2502523,-3.5133734,0.29643747,-2.2330675,0.1333035,0.3582765,-0.80327487,589,seg_8a10s,NORM
0.1319422,-3.5335753,-1.483586,-1.0690901,2.6430767,-0.09126198,-0.57383263,-0.16112618,0.85525346,-5.080483,0.5788834,-1.0727255,0.18005316,-0.6656186,-0.382346,590,seg_0a2s,NORM
-0.06109664,-3.3637788,-1.4803607,-0.82319593,2.3845003,-0.059792876,-0.46406424,-0.044616,0.8711576,-4.7970343,0.72081757,-0.91006577,0.18365575,-0.82648295,-0.368683,590,seg_2a4s,NORM
-0.6285451,-3.1199813,-1.2322584,0.32922083,2.9743571,0.07164925,-0.49271786,1.2787284,0.52882904,-3.8047607,0.5345031,-1.0606165,0.35833907,-0.36415458,-0.38522843,590,seg_4a6s,NORM
0.027808234,-3.382401,-1.4984137,-0.9091082,2.606151,-0.022337586,-0.48259562,-0.07698673,0.6858589,-5.2279105,0.71493745,-1.0419651,0.16107163,-0.7531958,-0.49724862,590,seg_6a8s,NORM
0.3497191,-3.4724765,-1.324887,-1.0871952,3.022841,-0.041761696,-0.9841569,-0.3665621,1.1429629,-5.091183,0.6292042,-1.0869657,0.24912001,-0.70565546,-0.2146833,590,seg_8a10s,NORM
0.36287546,-2.1602383,-3.1020808,-1.2073305,2.7280085,-0.077819884,0.12797454,0.96883476,-0.44442284,-3.8638992,0.10580281,-1.9806573,0.035557687,0.35384542,1.2516247,591,seg_0a2s,NORM
-0.61808133,-2.5992122,-2.796855,-1.1564672,2.9392238,0.48449636,0.35668305,1.3682133,-0.34602714,-3.4796078,-0.5390968,-1.883877,0.00096096843,0.5585127,1.5659479,591,seg_2a4s,NORM
0.25015932,-2.2670171,-3.0391436,-1.029819,2.8122246,0.08498798,0.027425341,0.92678475,-0.4583887,-4.028718,0.11358174,-1.8685256,0.06556833,0.33272353,1.1396805,591,seg_4a6s,NORM
-0.6582737,-2.6503632,-2.6783457,-1.0676613,3.0737941,0.49238014,0.31068614,1.4250017,-0.2866143,-3.6496108,-0.49738526,-1.9317205,0.07398096,0.58280677,1.6311659,591,seg_6a8s,NORM
-0.037825137,-2.4224625,-2.956833,-1.43501,1.6417618,0.30741125,0.5425391,0.22323209,-0.042776003,-4.2325106,0.520158,-1.693295,0.12771378,-0.3621874,1.3049872,591,seg_8a10s,NORM
-0.068638295,-2.7951083,-3.5720053,-0.8757325,4.2048435,0.12180269,-0.021516182,3.8697991,-1.6241043,-4.786934,-0.23413265,-1.8608408,-0.79661757,-0.024992794,1.2583406,592,seg_0a2s,MI
-0.030992746,-3.0435586,-2.8917608,-0.74700254,4.2444024,-0.1709683,-0.27155074,3.5658202,-0.8405582,-4.0318446,-0.3687072,-1.4357641,-0.3056209,0.06422217,1.7788234,592,seg_2a4s,MI
-0.9778725,-3.5959,-2.7795377,-1.3092141,3.6328623,0.60301185,-0.26003715,3.1714807,-0.60738695,-3.9847896,-0.31096348,-1.5296497,-0.2648904,-0.16734745,2.0230856,592,seg_4a6s,MI
-0.12649937,-2.2380407,-3.5908318,-0.51959175,3.117537,0.07355653,0.2818241,3.895863,-1.6500037,-4.0400233,0.22309846,-1.3593181,-0.20381871,-0.06175475,1.0595586,592,seg_6a8s,MI
-0.52990025,-4.1306086,-3.1019115,-1.4899733,3.896516,0.42920083,-0.04222645,3.498668,-1.0490429,-4.838814,-0.46284488,-2.084272,-0.79327387,-0.34551477,2.129814,592,seg_8a10s,MI
-0.80299234,-2.3371081,-1.281027,-0.5120287,3.006068,-0.99477124,-1.2432227,1.9847729,-1.21031,-3.9101055,2.7920551,-4.1675596,-1.5908363,-1.6986681,-1.4007218,593,seg_0a2s,STTC
-0.83134013,-2.7508419,-0.9188811,-0.88824034,3.400625,-1.4009397,-1.3961308,2.3796928,-2.12576,-4.1079264,3.0102143,-4.0053368,-1.149404,-1.64658,-1.0704356,593,seg_2a4s,STTC
-0.8273937,-2.2596807,-1.3473979,-0.6305763,3.1813598,-0.82243836,-1.3585782,1.8182878,-1.3654981,-3.7754629,2.6783094,-4.235199,-1.592324,-1.5751258,-1.5442142,593,seg_4a6s,STTC
-1.0799651,-2.3781333,-1.1908684,-0.54456085,3.0106225,-1.1891627,-1.2917126,2.0744212,-1.2574618,-3.7101011,2.892121,-4.332095,-1.7004472,-1.7002006,-1.3858131,593,seg_6a8s,STTC
-1.0041244,-2.2821684,-1.2412567,-0.5373811,2.9712203,-1.1086373,-1.1017158,1.9696789,-1.2361128,-4.023137,2.7731254,-4.214394,-1.7287474,-1.6650105,-1.5330373,593,seg_8a10s,STTC
-1.5014329,-2.6275072,-3.1949167,-1.015816,4.4635215,0.51712537,-0.3831936,2.2251859,-1.1904104,-5.4870505,1.0173776,-2.9829562,-0.3648395,-0.027895182,-1.1689559,595,seg_0a2s,NORM
-2.6453466,-3.2124946,-2.4868345,-0.65490526,4.4376206,0.80676055,-0.09678505,2.7899747,-0.7790973,-4.666635,0.5294531,-2.7909672,-0.28321773,-0.015603423,-0.6860149,595,seg_2a4s,NORM
-1.4191291,-2.5529456,-3.2030392,-1.0918045,4.3738146,0.44473368,-0.30314013,2.0429602,-1.3551927,-5.3947973,0.96885824,-2.7999456,-0.37733686,-0.07577248,-1.2526921,595,seg_4a6s,NORM
-2.6126494,-3.1679864,-2.5861073,-0.6232368,4.2580223,0.7234076,-0.004586309,2.927636,-0.8536884,-4.662649,0.5647974,-2.8086014,-0.38241082,-0.03375943,-0.6476108,595,seg_6a8s,NORM
-2.3370404,-2.8976147,-2.7544827,-0.62583756,4.365603,0.51480305,-0.4268939,2.5780287,-0.98194295,-4.6811285,1.037408,-2.9142506,-0.26183158,-0.083529904,-0.8923477,595,seg_8a10s,NORM
-0.5955265,-2.9560962,-2.3315158,-1.0927613,2.4935014,0.022456676,1.0573094,-0.21410063,0.5739322,-3.945071,0.6362446,-2.6152606,0.42865467,-0.6565664,0.051262334,596,seg_0a2s,NORM
-0.84294355,-2.9210865,-2.4576988,-0.95918447,2.4887757,0.30011183,1.2067999,-0.13530746,0.48638892,-4.1758437,0.6336689,-2.60744,0.44694805,-0.6589639,0.16315341,596,seg_2a4s,NORM
-0.2527152,-2.8187811,-2.3881912,-0.40836906,3.7621899,-0.17402497,0.6259537,0.76374876,0.0024578273,-4.1555424,0.42504877,-2.8864877,0.5496299,0.028744802,-0.15316045,596,seg_4a6s,NORM
-1.2866161,-3.173357,-2.0099344,-0.45031822,4.1295047,0.3166672,0.8243132,1.0364808,0.4041294,-3.5465379,-0.039495397,-2.8755865,0.7225727,0.060580865,0.39102668,596,seg_6a8s,NORM
-1.2683353,-2.9574406,-2.060604,-0.24354556,3.6091192,0.14618108,0.8178578,1.1270592,0.24057171,-3.5319004,0.10273682,-2.730406,0.45788038,0.071563475,0.26852635,596,seg_8a10s,NORM
-0.40375987,-3.3416142,-2.5377045,-2.3266585,2.7887905,-0.7829242,0.33718976,1.356821,0.7066049,-4.8341656,0.52573985,-2.9382126,-0.88366,-0.6208662,0.33177888,597,seg_0a2s,NORM
-0.23524655,-3.3896794,-2.0596745,-2.2130313,3.234927,-0.9186554,0.18899578,1.0927533,0.97996837,-5.2521815,0.59724915,-2.8980377,-0.6240837,-0.6041624,0.013238132,597,seg_2a4s,NORM
-0.14329265,-3.3832746,-2.3257852,-2.2373712,2.8263886,-0.9575199,0.2207816,1.2655623,0.8759036,-4.948412,0.6179573,-2.815179,-0.71881706,-0.63990045,0.2543261,597,seg_4a6s,NORM
-0.27051595,-3.418819,-2.1392608,-2.1912541,3.1538093,-0.9476502,0.23590782,1.2050915,0.9842931,-5.273806,0.66661084,-3.0018246,-0.6169808,-0.59174424,0.030629322,597,seg_6a8s,NORM
-0.15603112,-3.3824036,-2.2347627,-2.1638613,2.871463,-1.0006703,0.16334909,1.3114316,0.8011639,-4.9993515,0.703247,-2.821699,-0.7630504,-0.7080058,0.17344989,597,seg_8a10s,NORM
-0.8045238,-6.4027996,-9.623977,-4.0072694,5.9898643,-0.5559479,-1.3868065,2.9507263,-2.7292998,-7.5646815,1.5457056,-9.246967,-3.5441313,-0.31893313,-1.2268856,598,seg_0a2s,CD
-0.76222575,-6.0140963,-7.499476,-2.768417,7.85798,-0.078588635,-3.0038707,3.4745142,-1.4514451,-5.295997,0.6737643,-8.531788,-3.122524,0.20996502,-0.48202184,598,seg_2a4s,CD
-0.6433841,-5.0307016,-5.6372833,-2.314503,5.769984,-0.94545496,-3.556636,1.5482687,-0.9997687,-4.5452986,2.985953,-6.53576,-1.7859937,-1.2560198,-0.3664851,598,seg_4a6s,CD
-1.8627306,-6.420431,-8.503675,-3.0559137,7.4686475,-0.1437558,-2.017042,4.3299904,-2.3913655,-6.1055913,0.5654707,-9.4985485,-3.6284857,0.5537978,-0.78457487,598,seg_6a8s,CD
-0.8723074,-5.622535,-8.233803,-2.7487252,7.172783,-0.2182787,-2.6148193,3.4014363,-1.8667808,-5.579614,0.97401845,-8.735244,-3.319016,0.29801857,-0.83038425,598,seg_8a10s,CD
0.37038416,-4.0663457,-3.986341,-1.7665348,3.7177746,-0.31439182,-1.705936,0.9289466,-0.600611,-4.935755,1.5453615,-3.266764,-0.79803956,-1.0833482,1.1772516,599,seg_0a2s,MI
-0.06882888,-3.7113419,-3.2768173,-1.1818917,3.307723,-0.13170597,-1.7914246,0.9474461,-0.7699632,-4.281043,2.053489,-2.818828,-0.16564655,-1.1839932,0.82532334,599,seg_2a4s,MI
-0.25658566,-4.000284,-3.3937273,-1.871407,3.6250873,-0.6936501,-1.718182,1.0067931,-1.4159083,-4.57474,1.8849939,-2.9267256,-0.121315606,-0.7867379,1.5752001,599,seg_4a6s,MI
0.30948222,-3.914568,-3.3072166,-1.4864473,3.2262564,-0.44220164,-1.763655,1.1183983,-0.6095763,-4.209778,1.9294294,-2.7366033,-0.17024687,-1.2037635,1.0226316,599,seg_6a8s,MI
0.60449326,-4.3250484,-3.329751,-1.7341208,3.8534424,-0.6299262,-1.6732625,1.370957,-1.1540649,-5.171055,1.8625176,-3.2062163,-0.16793144,-1.0466174,1.38348,599,seg_8a10s,MI
-2.0250547,-3.9037306,-3.7531104,-0.068060726,3.5396838,0.9482789,-0.42546192,1.2646569,-0.63872963,-3.6184206,0.12180627,-1.9581983,0.12036462,0.1381582,0.55685216,600,seg_0a2s,MI
-0.8031132,-3.2848318,-3.9788804,-0.012251265,3.2770662,0.6677675,-0.5202189,0.5353654,-0.81609505,-4.2821903,0.72140384,-1.7942309,0.30427313,-0.051700264,-0.20280215,600,seg_2a4s,MI
-0.81579787,-3.2178493,-4.016345,-0.033471897,3.2480853,0.59744763,-0.56270534,0.523759,-0.83945316,-4.296151,0.79574126,-1.7594912,0.26983738,-0.071003124,-0.32386884,600,seg_4a6s,MI
-1.2457036,-3.2351182,-3.9153652,0.43772545,4.459471,0.6031811,-0.87652093,1.8798232,-1.0895684,-3.4744754,0.33203232,-1.997195,0.40024716,0.44759238,0.17045957,600,seg_6a8s,MI
-1.9676465,-3.9271622,-3.737534,0.050477248,3.372251,0.93062115,-0.39460328,1.5906686,-0.5548508,-3.496645,0.28258574,-2.1807337,0.12839103,0.074113965,0.51073444,600,seg_8a10s,MI
1.382009,-4.9257445,-7.9253373,-5.8584137,5.044718,-0.06023109,0.016116701,4.6780915,-8.511719,-10.879085,4.5129,-19.050587,6.855207,9.76966,-7.3952065,601,seg_0a2s,MI
0.65876544,-3.6992555,-5.114483,-2.2987015,3.183052,0.4525053,0.15164602,1.8956819,-3.1016986,-6.9909296,1.9154503,-6.6583295,3.1111495,3.1639411,-2.6846073,601,seg_2a4s,MI
-0.9735437,-4.3304496,-3.9524693,-1.0477617,5.0539584,1.2222264,-0.95580363,3.7421346,-3.0296407,-5.580109,0.6020217,-7.2999754,2.9457996,4.6221886,-2.017623,601,seg_4a6s,MI
-0.13443136,-1.6008865,-3.8542438,-1.1551428,3.1510065,1.0787745,-0.29027182,0.6677929,-1.998076,-3.5829637,1.2899227,-4.066953,1.4259318,1.200712,-1.6535265,601,seg_6a8s,MI
-0.60005987,-2.2242434,-3.4717603,-0.4133103,5.134333,1.2599944,-0.5810162,1.9219494,-2.4942257,-3.5160158,0.2887617,-4.4663677,1.9379069,2.4030018,-1.1017818,601,seg_8a10s,MI
-0.57478285,-2.916844,-3.372075,-1.5971477,2.8271887,0.44640106,0.89811015,0.72296476,0.16333623,-5.56872,0.22347137,-3.1825752,-1.2071209,-0.6095148,-0.5826564,602,seg_0a2s,NORM
-0.39755702,-2.9559264,-3.178862,-1.0670929,4.4700103,0.25399667,0.2557989,1.9520361,-0.2508257,-5.842896,-0.022136327,-3.792041,-1.288592,0.07105183,-0.75605476,602,seg_2a4s,NORM
-1.2191812,-3.7037256,-2.708902,-1.2964401,4.8291273,0.80031633,0.24548101,1.9721658,0.06298375,-5.030804,-0.9665841,-3.349843,-0.8884003,0.45795417,0.0824891,602,seg_4a6s,NORM
-0.12571023,-3.13101,-2.1616225,-1.2358661,3.7394516,0.21052703,-0.75623524,-0.12656723,0.6350053,-5.5737653,0.9158777,-2.7893944,-0.19380759,-0.51075035,-0.78803813,602,seg_6a8s,NORM
-0.8161659,-2.2850316,-1.9935406,-0.7804859,3.9745774,0.6499045,-0.08310333,0.7363163,-0.05625473,-4.0493884,-0.059798803,-2.2977023,-0.02838936,0.23352748,-0.6765965,602,seg_8a10s,NORM
0.2633378,-3.1599295,-2.0127783,-0.8747732,4.972094,-0.0032002628,-0.27610323,1.2568638,-1.2661419,-3.9808538,-0.11383134,-3.6365411,-0.08547429,0.30787322,0.38184014,605,seg_0a2s,NORM
-0.6343197,-3.014163,-2.271431,-0.80599475,4.2749248,-0.16393626,-0.2680055,1.3910162,-0.22957385,-3.5096738,0.11324934,-3.7442079,-0.4343837,0.28047472,0.474805,605,seg_2a4s,NORM
-0.46194497,-3.3400612,-2.323584,-1.0437646,4.3121066,-0.24640986,-0.4328756,1.6048393,-0.40763438,-3.7238092,-0.13588919,-3.6058388,-0.5654034,0.47468567,0.50132525,605,seg_4a6s,NORM
-0.10551445,-2.88578,-2.7166295,-1.3786328,2.7118642,-0.45337704,0.024119161,0.34929788,-0.19254506,-4.3848553,1.0379637,-3.3737273,-0.61108875,-0.5859473,0.071333036,605,seg_6a8s,NORM
0.09459905,-2.944081,-2.7080836,-1.4114938,2.756771,-0.6357411,0.1099352,0.20431793,-0.06763457,-4.463585,0.98244727,-3.5409334,-0.633305,-0.55107945,0.1659106,605,seg_8a10s,NORM
-0.65510637,-4.5125227,-3.9620566,-1.2762234,5.036547,0.24467018,-2.11323,2.7588644,-1.6527133,-3.0966043,1.031882,-3.4948812,-0.011222161,-0.23675217,0.1500101,607,seg_0a2s,MI
-1.2841673,-3.7283225,-3.5896645,-0.32224813,5.0142684,0.15150589,-2.518303,3.1704328,-1.7654622,-2.2246668,0.73242754,-2.5695064,-0.5053335,-0.023218498,0.032624975,607,seg_2a4s,MI
-0.035200283,-3.4493022,-4.8366303,-1.6196198,4.265724,-0.5830662,-1.9545138,1.7015437,-1.762578,-3.7068279,1.7356337,-2.505568,-0.4933815,-0.9979614,-0.3066019,607,seg_4a6s,MI
-0.92496955,-3.3108273,-3.6705894,-0.2555761,4.8316913,-0.17242917,-2.3525763,2.8191364,-1.4830985,-2.3099575,0.913633,-2.3052194,-0.46542943,-0.17640771,-0.018792585,607,seg_6a8s,MI
-0.4356879,-4.265854,-5.9971447,-3.1959403,5.4643764,0.7567136,-2.7719948,1.8845773,-2.9458826,-4.785223,0.5078333,-3.8254888,-1.380662,0.2447254,-0.33053216,607,seg_8a10s,MI
0.005478412,-3.5889452,-3.7940054,-2.18744,6.040337,0.31393254,0.6382553,1.2159821,-2.3576458,-5.479795,-0.5035474,-6.203258,-0.08258774,1.3653396,0.7252605,608,seg_0a2s,MI
-0.8638268,-4.937388,-3.5810437,-2.1713161,6.3649163,0.3643012,-0.40701187,2.393227,-2.5894732,-4.3389406,-0.33872932,-6.3301306,-0.5513942,0.8636252,0.4861189,608,seg_2a4s,MI
-1.5540036,-5.7633843,-3.0583887,-1.6972487,8.022749,0.61183697,-1.3569185,3.4806678,-2.1159801,-5.873063,0.2448214,-7.1692796,-0.08600843,1.0006477,1.5449551,608,seg_4a6s,MI
-0.7380528,-3.5707583,-3.520896,0.14907491,4.9900336,-0.44842145,0.6816528,3.6782956,-3.6184297,-4.754421,1.0911068,-5.825666,0.2644437,0.8301548,-0.6584052,608,seg_6a8s,MI
-0.68615484,-4.31314,-4.4203386,-1.6386828,6.6123486,-0.09224424,-0.5409219,2.5819018,-3.1255653,-5.8062277,1.5543276,-6.389622,-0.049622413,0.036655694,0.014439404,608,seg_8a10s,MI
-0.6742591,-4.8933387,-2.7058125,-1.9907331,4.023827,-1.8918207,-0.9528666,1.7355924,-1.3249886,-3.7376552,1.8930527,-4.556845,-1.3152703,-1.5999012,0.08900992,609,seg_0a2s,HYP
-0.63452655,-4.85983,-2.8151078,-1.9707601,3.925746,-2.0121264,-0.9208896,1.6937479,-1.3300452,-3.7246668,1.9109887,-4.4411,-1.4156721,-1.6968416,0.08784908,609,seg_2a4s,HYP
-0.61048144,-4.634076,-2.6474495,-1.9299932,3.8339815,-1.777045,-0.8220695,1.6535976,-1.460973,-3.7311954,1.8120391,-4.3969154,-1.3396605,-1.5668702,0.089480095,609,seg_4a6s,HYP
-0.785576,-4.6045547,-2.437449,-1.258065,5.04992,-1.8325763,-1.1337435,2.5652494,-1.4350843,-3.2921348,1.3230386,-4.404705,-1.102112,-0.95683527,0.23713768,609,seg_6a8s,HYP
0.120350674,-4.640058,-3.2988324,-2.2849674,6.113949,-2.0047002,-1.1752757,1.873661,-2.4396923,-4.3596387,0.7708512,-5.0247345,-1.6623117,-0.6431604,0.23975873,609,seg_8a10s,HYP
4.838131,-7.396889,-4.5967655,-4.143957,10.851314,2.2514377,-3.2524786,3.3220222,-7.662663,-9.301403,-0.92948055,-1.5369701,1.23792,-0.84167236,-0.44325796,610,seg_0a2s,MI
0.22498278,-4.3277125,-4.139953,-1.2410324,4.9032817,1.1438065,-0.5369459,0.26798272,-3.2383585,-6.825653,0.7908618,-1.7875339,0.3954401,-0.8132709,-0.5695704,610,seg_2a4s,MI
-1.6617947,-4.0652385,-3.8641963,-0.05294828,6.602061,1.4929069,-1.1208817,2.669909,-3.0330424,-5.8828354,0.25702405,-2.5266182,0.10612735,0.24749915,-1.0101787,610,seg_4a6s,MI
-1.2057639,-3.9636323,-3.785935,-0.38759908,5.2569447,1.3679831,-0.95758075,1.7406778,-2.6153958,-6.0958366,0.98441064,-2.3689141,-0.038663507,-0.5356751,-1.0735147,610,seg_6a8s,MI
-0.8820782,-3.779765,-3.3512468,0.56103015,6.316047,1.2329425,-1.2953194,2.4026983,-3.1609428,-5.1378384,0.42264396,-2.0284967,0.6330113,0.22085181,-0.9156678,610,seg_8a10s,MI
0.19313465,-2.4151022,-1.4963136,-1.328383,4.3199964,-0.55446756,-1.5881536,1.5224757,0.6553538,-4.5324736,2.607237,-3.5167468,0.19242309,-1.5269128,-0.07820538,611,seg_0a2s,NORM
0.7561783,-3.0227752,-2.1831498,-2.538364,5.390063,-1.128085,-2.066029,1.0854993,0.6428441,-6.118107,2.1146708,-4.3472276,-0.16767228,-0.65548223,0.28390226,611,seg_2a4s,NORM
-0.8381075,-2.5095768,-2.3742328,-1.2244875,2.5238936,-0.76677454,-0.040736027,2.0915527,0.14008272,-4.0893893,2.2226439,-3.5091107,-0.56682,-1.3958908,-0.24453917,611,seg_4a6s,NORM
0.80440414,-2.7830017,-2.0221694,-2.4524941,5.1409736,-0.93505657,-2.1924345,1.0181206,0.8184908,-5.564977,2.0221903,-4.0312834,-0.2615548,-0.78642684,0.24398717,611,seg_6a8s,NORM
-0.33778408,-2.55537,-2.1914134,-1.3290026,3.4006574,-0.73554194,-0.71170926,1.8513947,0.33751455,-4.7475014,2.4478214,-3.8225176,-0.21655248,-1.254664,-0.11475474,611,seg_8a10s,NORM
-2.6262326,-3.4133399,-5.3344855,-1.6791794,-0.8121911,-0.15469292,5.868346,1.3901423,-2.3706882,-5.8245277,-0.4379361,-3.4340234,-1.4601185,-1.0061535,-0.8697641,612,seg_0a2s,STTC
-1.8107144,-2.021902,-4.3455706,-0.8377664,0.7936002,0.946306,2.9254053,0.32698774,-0.53737336,-4.516105,-0.06108067,-1.8935628,-0.18945229,-0.3112111,0.16343051,612,seg_2a4s,STTC
0.3072914,-1.8095604,-2.7240977,-1.4076121,3.537868,0.57364976,-0.8672834,-2.0494092,1.3622079,-4.326067,0.6423687,-1.7998492,0.59423214,-0.24936675,0.31766886,612,seg_4a6s,STTC
-0.6550381,-0.9656355,-3.3173413,-0.3803898,2.0196185,1.3890839,1.1843705,-0.25160217,-0.73412126,-3.2795913,-1.0277389,-1.1935859,-0.3843521,0.6594106,0.28387138,612,seg_6a8s,STTC
-1.5582569,-2.6126268,-4.8610845,-3.0788157,2.4617245,0.024050623,3.5398028,0.21913528,-0.5318091,-5.267994,-1.5099356,-2.4607968,-1.0495881,-0.06239982,-0.7027383,612,seg_8a10s,STTC
-0.021150887,-1.7096362,-1.6163901,-0.98536223,4.6233664,-0.26205358,-1.7284032,2.6477597,-2.2561173,-2.997072,1.5220344,-4.9985003,-2.3011117,-0.92862844,-2.1771023,613,seg_0a2s,STTC
-1.6248791,-2.1491559,-0.7210088,-0.22460642,4.4117928,-0.07215834,-1.3794652,3.4936898,-1.4872086,-1.9667351,1.3555336,-4.878454,-2.0650387,-0.9704447,-1.804597,613,seg_2a4s,STTC
-2.387717,-2.6383824,-0.2955814,-0.15629587,4.4843807,0.16530997,-1.1330969,4.0456233,-1.3417552,-1.6362245,0.97978914,-5.099744,-1.9492995,-0.74724364,-1.5178796,613,seg_4a6s,STTC
-0.7085019,-2.0790455,-0.86458826,-0.5769955,2.7616985,-0.5823498,-0.6753072,2.3101628,-1.4993286,-3.0894277,2.4894607,-4.637879,-1.7809837,-1.885164,-2.0553253,613,seg_6a8s,STTC
-1.7794244,-2.1033127,-0.7596347,0.7083016,4.770931,-0.27519998,-0.98747337,4.697258,-2.4147718,-2.177675,1.4311557,-5.152843,-1.669635,-0.5633271,-2.3872042,613,seg_8a10s,STTC
-1.0015427,-2.7304246,-4.090692,-0.8393898,4.706524,-0.27536073,0.5241745,2.648856,-1.0754874,-4.694612,1.9640552,-5.772654,0.076778725,-0.31854212,-0.19919059,614,seg_0a2s,NORM
-1.1280884,-2.3400674,-3.9187484,-0.51102257,4.3936715,-0.22553477,0.34087807,2.355691,-1.1114984,-4.4416227,1.9295824,-5.8063593,-0.29772013,-0.17140768,-0.10242364,614,seg_2a4s,NORM
-1.672159,-2.578438,-3.1322346,0.008145891,4.2111306,0.25489992,0.17205778,2.811555,-1.2412078,-3.4723532,1.4917456,-5.199638,-0.37012947,-0.26848936,0.38129053,614,seg_4a6s,NORM
-0.31335548,-2.1877491,-3.6247978,-0.6157124,4.637181,0.07885274,0.10367439,2.1816254,-1.8539746,-4.28309,1.6818767,-5.3966284,-0.039937105,-0.17051248,-0.07335001,614,seg_6a8s,NORM
-1.4276942,-2.6063573,-3.1257248,-0.30950925,4.5692215,0.3741294,0.27873737,2.8212059,-1.5074418,-3.6129677,1.2464767,-5.125728,-0.03219266,-0.076682046,0.47005966,614,seg_8a10s,NORM
-1.4955242,-3.2210865,-3.111383,-3.1559026,5.1930656,1.1190529,-0.2145167,2.5733325,-1.5849538,-4.9749346,-1.730229,-2.7888942,-1.6044005,0.8896215,-0.09863797,615,seg_0a2s,NORM
-0.90501285,-2.5173905,-2.321546,-1.6262615,2.905822,0.3691648,-0.5911807,1.1170591,-0.93019944,-4.421995,1.0053116,-2.1592596,-1.2314858,-1.1259083,-1.0069342,615,seg_2a4s,NORM
-0.26666653,-2.163138,-2.8180237,-1.1594467,4.2001405,0.1915004,-1.315281,1.6533484,-1.691956,-4.1898174,0.96727335,-2.4003458,-0.9060704,-0.45145875,-0.97239923,615,seg_4a6s,NORM
-1.707971,-2.6647043,-2.9610548,-0.56969315,5.83675,1.0228162,-1.7179664,3.69929,-2.809721,-4.70398,0.5998069,-2.4636812,-1.1244534,-0.1505134,-1.1120931,615,seg_6a8s,NORM
-0.69297355,-2.7794695,-3.3015385,-0.7187617,4.8423953,0.18583548,-1.1432709,1.9787581,-2.0808682,-4.6433744,1.3802357,-2.9608848,-0.98307383,-1.0030793,-1.018435,615,seg_8a10s,NORM
-3.342457,-4.009037,-3.3012843,0.11692584,5.4076777,1.0220442,-0.47103968,3.437121,-2.0391555,-5.120421,1.392857,-4.168018,-0.4293391,-0.4008205,-0.75008833,616,seg_0a2s,HYP
-2.965357,-3.3530118,-3.0953336,0.11019694,4.652728,1.0302477,-0.35734782,3.1200106,-1.7561231,-4.4868774,1.2773992,-3.7265666,-0.408629,-0.34541726,-0.53101885,616,seg_2a4s,HYP
-2.8773348,-3.2003675,-2.7076817,0.5700301,4.923741,0.83249044,-0.7517318,2.750525,-1.0659401,-3.743345,1.6114769,-3.6588855,-0.1554626,-0.6918669,-0.4581842,616,seg_4a6s,HYP
-3.4145522,-4.600787,-2.4819832,-0.335179,6.9739556,1.3916028,-1.6699623,3.2011683,-1.2014587,-4.807854,0.78432125,-4.202708,-0.10188459,-0.07650046,0.21834487,616,seg_6a8s,HYP
-3.3275528,-3.79694,-3.296699,-0.1204655,5.451925,1.2282363,-0.579989,3.3622131,-1.7389581,-4.72744,1.2637006,-4.0214577,-0.29444015,-0.3739909,-0.42493805,616,seg_8a10s,HYP
-2.5934505,-5.8022795,-5.9661846,-4.549157,6.393472,0.9437561,1.4800739,5.037547,-0.0028374344,-6.4154887,0.63913906,-6.356726,4.050885,2.372401,-1.749614,617,seg_0a2s,MI
-1.056959,-4.338782,-4.245719,-1.8029535,5.0391192,-0.07898709,1.4534266,2.235283,-0.49545103,-6.178584,0.8474527,-4.189621,1.6263202,0.29534298,-1.2157179,617,seg_2a4s,MI
0.25061935,-4.248599,-4.1358075,-1.143939,4.1497383,-0.23857388,1.3338029,2.2253385,-0.55535305,-7.136202,0.3467769,-4.5354724,-0.012045354,0.3623318,-0.5927359,617,seg_4a6s,MI
-1.6342951,-4.72288,-3.1697946,-0.74296254,4.582262,0.34052143,1.0914879,2.55889,-0.13445318,-5.5300083,0.1377193,-3.87633,0.59396887,0.24174842,-0.21194008,617,seg_6a8s,MI
-0.30794027,-3.44446,-3.5360298,-0.9978009,4.491528,-0.3337187,1.3509861,1.247596,-0.34604585,-5.7537694,0.40146363,-3.5346563,0.18771218,-0.24010684,-0.6497834,617,seg_8a10s,MI
-1.448524,-2.7082582,-2.1704516,-0.106416926,3.3090484,0.7184689,-0.2785604,1.2327074,-0.3517436,-3.4618697,-0.17700186,-1.1543536,-0.29120544,-0.0414173,0.2510599,619,seg_0a2s,NORM
-0.43799323,-2.3824816,-2.7539077,-0.6992302,1.5322092,0.21560842,0.1468147,-0.21069275,-0.13169429,-4.2101192,0.8953752,-0.794024,-0.26885974,-0.9872503,-0.25680774,619,seg_2a4s,NORM
-0.30620757,-2.397885,-2.4897618,-0.48875362,3.2483695,0.3791874,-0.5364601,0.67009294,-0.3837608,-3.9972167,0.040112406,-1.1496056,-0.27737427,0.021510035,-0.0306755,619,seg_4a6s,NORM
-1.360236,-2.3709047,-1.9927549,0.84215385,3.9272242,0.34736013,-0.2979932,2.2122467,-0.50760245,-3.1765468,-0.12536499,-1.1307899,0.1436314,0.3884554,-0.040221095,619,seg_6a8s,NORM
-0.6053225,-2.6566753,-2.8315096,-0.79853094,3.5686998,0.1065063,0.1718685,0.9644315,-0.16986573,-4.5908036,0.28220788,-1.1624706,0.28161663,-0.1928414,-0.38189062,619,seg_8a10s,NORM
-0.6611025,-3.7563543,-3.1442947,-2.4606793,5.641943,-0.34461042,-0.07806097,3.487591,-1.0839658,-4.633818,-0.40770343,-4.0304046,-1.9929961,-0.69870263,0.06534783,620,seg_0a2s,NORM
0.07616745,-3.407725,-3.0626664,-2.3232028,5.8333397,-0.41546592,0.108694546,3.661884,-1.7267177,-6.7701283,0.60322815,-4.227965,-1.3529323,-0.67872864,-0.6966504,620,seg_2a4s,NORM
-1.0526453,-3.8362508,-2.0508628,-1.1736758,5.2780166,-0.20030463,0.2488814,4.399852,-1.2273808,-5.5908346,0.78019315,-3.9900737,-0.9782198,-0.9306618,-0.40127608,620,seg_4a6s,NORM
-0.1474444,-3.78254,-2.7666473,-2.4148462,3.4651666,-0.5626211,1.0955588,3.16333,-0.75471234,-6.3023796,0.92063856,-3.5775616,-1.137266,-1.408547,-0.056694448,620,seg_6a8s,NORM
0.24752693,-3.7501829,-3.1421814,-2.4001708,5.855431,-0.4736595,-0.12768042,3.402997,-1.7664163,-6.247042,0.3835246,-4.26397,-1.3439174,-0.5920632,-0.60701513,620,seg_8a10s,NORM
-0.887995,-2.5749223,-3.4439254,-2.505418,5.19498,0.3125269,-0.012808539,2.416984,0.36558008,-4.484293,0.45217374,-3.4555807,0.64396214,0.24465986,0.23098183,621,seg_0a2s,CD
-0.3122349,-3.069608,-3.731658,-2.5797422,5.4713335,0.7670578,0.80379623,3.5713704,-2.9729073,-4.6469035,0.22757849,-3.3475935,1.1677624,0.16640109,0.03596039,621,seg_2a4s,CD
-0.32839417,-2.73304,-3.0174513,-2.522128,5.411646,0.49688306,-0.23256801,2.2458482,-0.12808341,-4.2467985,0.22409102,-3.077924,0.8682492,0.17082861,0.3505537,621,seg_4a6s,CD
-0.32707992,-2.9435825,-3.6501288,-2.820146,4.2902064,0.2124393,-0.14096896,1.4820887,-0.138767,-5.210048,1.7035854,-3.8647885,0.8723877,-0.5993113,-0.43903753,621,seg_6a8s,CD
0.9661709,-2.7060556,-3.5249233,-3.6862063,4.4946084,0.1533432,-0.094120555,0.98697686,-0.4919834,-5.671216,0.6760982,-2.9389029,1.1365697,0.100285634,0.29606932,621,seg_8a10s,CD
-0.65658826,-3.8955154,-2.7047539,-1.4761274,4.389278,-1.5404179,0.99364257,2.7992678,-1.8245182,-3.6243663,-0.486816,-2.5398505,0.6020708,0.76345515,0.57715476,622,seg_0a2s,STTC
-0.39395148,-3.720633,-2.9050102,-1.7264152,4.1339154,-1.2268621,0.43138227,2.7662199,-2.0629349,-3.4239757,-0.6441199,-2.344784,0.33377886,0.9775043,0.6150537,622,seg_2a4s,STTC
0.5505797,-3.7128992,-2.8566484,-1.3746748,4.8234806,-0.7384895,0.41078773,2.4307246,-2.4940963,-3.5367908,-0.74839866,-2.0578191,1.0131208,0.7979677,0.8157861,622,seg_4a6s,STTC
0.16098921,-3.2277207,-2.7541246,-1.4979389,3.8502831,-1.5679033,0.4910423,2.211566,-2.0756161,-3.4955103,-0.43317944,-2.3105285,0.12586038,0.8276572,0.3368355,622,seg_6a8s,STTC
-0.3681531,-3.7599897,-3.034196,-1.458082,4.2986684,-1.0841349,0.57000923,2.5817623,-2.4486856,-3.7528658,-0.47681004,-2.5031822,0.46722037,0.8741773,0.95943713,622,seg_8a10s,STTC
-1.4940138,-4.727281,-5.319028,-3.0513225,4.240406,0.45852888,-4.033319,3.9413471,-2.7482433,-2.2495673,1.545812,-5.668556,0.54102635,2.5124156,-1.1133722,623,seg_0a2s,MI
-0.09165974,-4.8593345,-5.360039,-1.6871414,4.3319654,-1.0460619,-2.6654887,2.127726,-2.620213,-4.162164,1.9237616,-4.271952,-0.8099757,-0.07906489,-1.002688,623,seg_2a4s,MI
-0.8500023,-4.9017696,-4.0152016,0.12965028,5.669605,-0.97399807,-2.9580529,3.2929192,-2.6954896,-2.9106123,1.5400646,-4.1374607,-0.5485845,0.13299948,-0.8128712,623,seg_4a6s,MI
0.065497085,-4.8761206,-5.866666,-2.485225,3.971159,-0.764611,-3.04396,2.4426231,-2.8370497,-4.161472,1.9664782,-4.7959948,-0.26885122,0.90683305,-1.3437992,623,seg_6a8s,MI
-1.6159222,-4.707143,-6.1831536,-3.8337097,3.2783744,0.6153712,-4.6240396,4.3914514,-2.5950525,-2.8734279,2.1289332,-6.930044,1.3957931,4.160892,-1.954436,623,seg_8a10s,MI
-0.5542949,-2.1001544,-3.1728873,-1.7690828,3.7262347,-0.5746007,0.11407342,2.995323,-1.6086423,-5.2654805,1.187316,-3.3616648,-0.7077269,-0.060960352,0.17227805,624,seg_0a2s,NORM
-1.4444646,-2.4106815,-2.2813163,-0.9293553,3.6936345,0.101306215,0.18639776,3.5310287,-1.0536823,-4.125514,0.86399007,-3.1606786,-0.5661697,-0.29551107,0.52182734,624,seg_2a4s,NORM
-0.44206804,-2.2727606,-3.1032686,-1.6731873,3.7255676,-0.27597484,-0.061284475,2.8896585,-1.5518785,-5.0361247,0.95231545,-3.1696293,-0.7415223,-0.08167951,0.09877613,624,seg_4a6s,NORM
-1.5261557,-2.4723642,-2.2829404,-0.89390594,3.5236745,0.15412232,0.1507622,3.411219,-0.8909741,-3.7886174,0.61997694,-3.0492456,-0.74968624,-0.24425872,0.5233433,624,seg_6a8s,NORM
-0.27468324,-2.1760533,-3.0835161,-1.6018615,3.5938613,-0.361986,0.17397702,3.00029,-1.6352615,-5.2727427,1.1039534,-3.2286608,-0.6680513,-0.16809087,-0.08890772,624,seg_8a10s,NORM
-0.8541607,-2.9411654,-3.1886048,-0.6108963,4.174883,0.26535827,0.021711014,2.8397465,-2.746133,-5.633818,1.2845011,-2.9867685,-0.81063384,-0.9009738,-0.7936934,625,seg_0a2s,NORM
-1.0415976,-3.1046438,-2.8175473,-0.36847502,4.046038,0.15505996,-0.18321842,2.7118387,-2.8437579,-5.5170608,1.5146492,-2.9011898,-0.55776584,-0.81634015,-1.2483093,625,seg_2a4s,NORM
-0.9729615,-2.7291214,-2.816052,-0.6032107,4.023982,0.4160388,-0.033430845,2.3966048,-2.9494712,-5.198544,1.250107,-2.6089401,-0.37132198,-0.7136941,-1.0742704,625,seg_4a6s,NORM
-1.4791827,-2.907849,-2.2828012,0.48923647,5.2732034,0.32288307,-0.5014426,3.802741,-3.198146,-5.070569,1.2231901,-2.8982835,-0.16819316,-0.25496775,-1.1968702,625,seg_6a8s,NORM
-1.0408438,-2.9670625,-2.7228694,-0.46728438,4.023587,0.27845255,0.063773565,2.705427,-2.8703434,-5.530577,1.348299,-2.7738411,-0.4436111,-0.7698188,-1.0592077,625,seg_8a10s,NORM
-1.2688848,-3.1682281,-4.917591,-0.37176815,3.1840746,-0.46481457,-0.45446727,2.0056024,-1.173924,-2.8848293,1.3993745,-4.5934916,-1.4849007,-0.5746077,-0.13979205,626,seg_0a2s,STTC
-1.1853808,-2.3615427,-4.68189,0.34783798,4.2464895,-0.3974339,-0.93652993,2.504307,-1.3735938,-2.0953777,1.1498578,-4.441837,-1.2718506,-0.07315065,-0.25323135,626,seg_2a4s,STTC
-0.5803362,-2.3297026,-5.0613165,-0.0665904,4.418052,-0.6015761,-0.86221087,2.271844,-1.5317383,-2.7817862,0.9272491,-4.6778755,-1.4833223,0.19637856,-0.32525793,626,seg_4a6s,STTC
-1.1860626,-3.022974,-4.7221975,-0.30207568,3.108123,-0.34034386,-0.4341182,1.9035273,-1.1310825,-2.7431576,1.3291069,-4.4453034,-1.4100755,-0.5739605,-0.24349645,626,seg_6a8s,STTC
-1.0461206,-2.7689204,-4.808092,0.1608476,4.321656,-0.4214308,-0.9150081,2.7682612,-1.3491547,-2.5637133,0.94949025,-4.495183,-1.34373,0.048537955,-0.10947865,626,seg_8a10s,STTC
-1.3131217,-2.7643216,-3.23742,-0.16362715,4.68817,0.2909333,-0.07593161,3.8900132,-2.016914,-3.9964786,1.0943769,-2.8861187,0.8036448,0.13447031,0.8168522,627,seg_0a2s,MI
-0.32868737,-2.8895621,-3.887329,-1.4571218,4.703369,0.27281898,-0.71679074,2.2960672,-1.9122448,-5.3758106,1.634746,-3.2022736,0.5694487,-0.2703992,0.7865708,627,seg_2a4s,MI
-0.4306941,-1.760271,-3.912457,0.5074886,4.7266145,-0.15043575,0.20304722,4.3226404,-2.9010308,-4.0776525,1.2650253,-2.9177334,0.68205225,0.33000684,-0.078023225,627,seg_4a6s,MI
-0.92021966,-2.955128,-3.1346583,-0.98910505,4.260124,0.539516,-0.41819426,2.642368,-1.3559768,-4.2724576,1.2565858,-2.8641958,0.64740217,-0.36582303,1.2245132,627,seg_6a8s,MI
-1.3861935,-3.2953074,-3.762833,-1.5373642,6.162844,0.5082669,-0.2926135,3.6546414,-2.1709893,-4.9722815,0.0072202124,-3.4295092,0.231651,0.79169124,1.1951218,627,seg_8a10s,MI
0.282286,-5.2102046,-4.279414,-3.6532469,7.599223,-2.4731162,-3.9292028,2.1818876,-1.5367603,-5.059393,3.1667175,-8.105541,-2.247676,-1.3531688,-0.5348178,628,seg_0a2s,NORM
0.3471613,-4.979525,-4.2310357,-3.4164324,7.3434687,-2.4643738,-4.029338,2.0910473,-1.68274,-4.8500514,3.2989013,-8.032919,-2.3277209,-1.3995528,-0.5173124,628,seg_2a4s,NORM
0.02511175,-5.57311,-4.4194713,-3.87189,7.88961,-2.7775967,-4.059512,2.689965,-1.5257461,-4.889944,3.3925514,-8.705205,-2.4105997,-1.4606262,-0.53820765,628,seg_4a6s,NORM
0.23824038,-5.335264,-4.5273395,-3.8076658,7.646324,-2.562951,-4.0471196,2.2521455,-1.7309248,-5.1072373,3.0979111,-8.26806,-2.5217276,-1.2637743,-0.5548625,628,seg_6a8s,NORM
-0.50039953,-9.878706,-6.696974,-7.495467,13.386779,-3.0267103,-3.2084634,5.721591,-4.4323654,-9.107064,-1.5815948,-13.073479,-4.2010694,2.862782,2.2460048,628,seg_8a10s,NORM
-1.0404599,-2.375635,-2.0011897,-0.23731688,3.7358387,0.17026456,0.059115,0.88389254,-0.80126417,-5.1817713,0.33393732,-2.3930273,-0.5862354,0.20039332,-1.3677086,629,seg_0a2s,NORM
-2.419151,-3.0274036,-1.4798671,0.217635,3.7208393,0.5361819,0.22276023,1.7448924,-0.36575693,-4.1448245,-0.02836033,-2.4045637,-0.54892385,0.18106127,-0.7849326,629,seg_2a4s,NORM
-0.9757035,-2.1337817,-2.2369323,-0.33799845,3.6440182,0.19223072,0.18569377,0.73621273,-0.9109896,-5.1352654,0.37009153,-2.3091571,-0.6107506,0.12152803,-1.418687,629,seg_4a6s,NORM
-2.2019784,-2.581362,-1.5267279,0.18065515,3.714932,0.5852992,0.27291036,1.5017921,-0.47198588,-4.191505,0.010584842,-2.3773432,-0.6315091,0.13718736,-0.9225707,629,seg_6a8s,NORM
-2.4505558,-2.8654203,-1.5674275,0.23991798,3.772144,0.52303517,0.17016628,1.7742157,-0.6035481,-4.3406963,0.135147,-2.4785879,-0.6816901,0.1266602,-0.9815061,629,seg_8a10s,NORM
-1.3219713,-4.691158,-3.9158387,-2.2613404,3.9247818,-1.1316819,0.63070655,4.0117726,-0.49763602,-5.942352,2.6615922,-3.8848886,-0.08333771,-2.2411394,0.0014204681,630,seg_0a2s,NORM
-0.83592796,-5.7851844,-5.4267173,-3.8571,7.1134644,-2.2613225,1.629571,5.613935,-0.018998682,-7.384979,2.0989606,-4.5089884,1.3128227,-1.8085972,0.2976219,630,seg_2a4s,NORM
-1.0544754,-4.913558,-4.8679266,-3.1578443,4.5207314,-1.8429182,1.4204512,4.179216,-0.20007688,-6.655661,3.0008545,-3.8157036,0.7284762,-2.604868,0.093763165,630,seg_4a6s,NORM
-0.23360062,-4.4039783,-5.198078,-3.3508055,6.3372626,-2.2302818,1.2563859,4.853195,-0.8816511,-7.0647316,2.4567273,-4.0546765,0.7439451,-1.9765735,0.19368924,630,seg_6a8s,NORM
-0.8604433,-4.478067,-3.83362,-1.9980857,3.153301,-1.4691194,0.24611458,3.3785794,-0.16635326,-5.6781564,2.205113,-3.8257203,-0.8488966,-1.7288297,0.43544343,630,seg_8a10s,NORM
-1.2744036,-6.3818283,-5.688788,-3.9035277,3.56324,-1.1433536,0.7559037,2.41463,-1.1733875,-7.4332094,-0.62462646,-5.545428,-2.0144515,0.9997763,-0.00880298,631,seg_0a2s,NORM
-1.6174288,-3.7760124,-5.310277,-2.834945,1.8414824,-0.5844518,0.5968425,3.225665,-0.52750754,-4.4715285,1.2118074,-5.12915,-1.7051792,-0.2798199,-0.40133384,631,seg_2a4s,NORM
-1.2339898,-4.363976,-4.5880656,-1.7811801,4.824623,-0.30394235,-1.4287544,1.2997373,-0.20367905,-3.7168462,0.60894156,-3.9766397,-0.2180731,0.45968765,0.1970923,631,seg_4a6s,NORM
-0.7310508,-4.622181,-4.5474353,-1.3916428,4.5790634,-0.6871427,-1.2765168,1.5112554,0.5339609,-3.880802,0.57816064,-4.3837986,-0.44809872,0.41767997,0.35651678,631,seg_6a8s,NORM
-0.47757602,-4.73718,-5.195138,-1.8192163,4.991097,-0.57310164,-1.3056984,1.5499947,0.5838464,-3.8987558,0.16295263,-4.7198334,-0.95233524,0.3772424,0.3878302,631,seg_8a10s,NORM
-0.379978,-3.0685189,-2.451707,-1.3159931,3.009731,-0.7867116,0.12628636,1.3811711,-0.7007414,-2.781934,0.36177406,-1.9880607,-0.027000345,-0.41841924,0.40913785,632,seg_0a2s,STTC
0.90427184,-3.9384212,-3.168178,-1.8786943,3.3413405,-0.97137725,0.7514662,2.5629594,0.014567748,-4.764005,-0.5594448,-3.5036936,-1.5828907,-0.4000442,0.71890724,632,seg_2a4s,STTC
-1.0587577,-3.6727405,-1.9253749,-0.75902385,2.8299136,-0.45600936,0.5230071,2.1501658,-0.045562282,-2.5037239,-0.21434891,-2.1520336,-0.4163344,-0.5098167,0.7345326,632,seg_4a6s,STTC
-2.1050677,-5.7602916,-2.7069383,-2.1958225,4.9232116,-0.68244314,0.4731699,3.318526,0.2145495,-3.4889138,-0.55890954,-3.6338422,-0.3151858,-0.30222738,0.69052804,632,seg_6a8s,STTC
-0.0366185,-3.1824005,-2.1824942,-2.7233434,3.4210033,-1.5072411,0.87823254,0.820516,-0.37572914,-2.7039964,-1.3265382,-2.5717978,-1.5557139,-0.15597586,-0.3066565,632,seg_8a10s,STTC
0.15642096,-1.7670052,-5.677887,-3.068689,2.6431448,0.60725415,-2.4960735,1.7571163,-0.9296772,-3.2738862,1.1850349,-4.201684,0.3676021,2.320752,-0.8913597,633,seg_0a2s,CD
-1.164642,-2.9282992,-3.8785253,-1.4458189,2.9730313,0.73521423,-1.5257819,2.0874693,0.08745596,-2.4421792,0.09930938,-3.235445,-0.22552969,1.3025606,0.50132406,633,seg_2a4s,CD
-0.39903793,-2.7902133,-4.1985607,-1.6938441,2.7365348,0.5694126,-1.906228,1.8127568,-0.20139286,-3.031696,0.4785727,-3.2916746,0.018399,1.5691378,0.05104506,633,seg_4a6s,CD
0.10459085,-2.0131226,-4.4818583,-1.6375208,3.0053225,0.15885216,-1.7078738,1.0671784,-0.10683608,-2.9404428,0.6782193,-3.0015702,-0.56220865,0.7142327,0.16275159,633,seg_6a8s,CD
-0.8885194,-3.0517924,-4.4520826,-2.0915892,3.084445,0.7128317,-2.0482628,2.2669337,-0.14426431,-2.7239397,0.10915508,-3.8560371,-0.18842123,1.981952,0.20282364,633,seg_8a10s,CD
-0.5591748,-5.2835546,-2.433496,-1.8786328,7.0697155,-0.7577163,1.9089798,2.6177952,-3.6863241,-7.618446,0.6316637,-6.1692705,1.2302765,0.39075962,-1.0839652,634,seg_0a2s,MI
-1.6536053,-4.451978,-3.9197707,-1.6871679,8.255671,0.027331084,1.2285477,2.3550763,-3.4087515,-5.145617,-0.4855235,-6.385017,0.23976256,0.79655486,-0.65444505,634,seg_2a4s,MI
-1.1456157,-3.3482294,-4.0848637,-2.2009475,6.4225664,0.25641632,0.9504682,0.49377894,-2.5458312,-4.1324167,-0.46794668,-5.3811483,-0.6777951,0.13200158,-0.44748423,634,seg_4a6s,MI
-1.4818921,-5.43984,-3.072565,-1.1028025,8.25097,-0.8349668,1.1536709,3.368516,-3.67981,-6.1313734,0.36113524,-6.9356675,0.9064915,0.96009177,-1.3236393,634,seg_6a8s,MI
-2.314731,-6.6995044,-6.1015387,-5.5617023,10.028492,-0.052405715,-0.23276836,0.76582444,-4.7235107,-4.511449,0.8241572,-8.642401,-1.0896764,-1.7720503,-1.9609736,634,seg_8a10s,MI
-0.9660222,-6.140138,-3.4831285,-2.6579382,6.522771,-1.8885281,-0.17658128,4.8261805,-1.032762,-5.925185,1.4475951,-3.9958487,-0.44383943,-1.9119687,1.656298,635,seg_0a2s,CD
-0.3502887,-6.0204387,-4.488286,-3.5056622,6.768848,-2.0987422,0.3200876,4.6203613,-1.9673622,-7.105387,1.231037,-4.2999864,-0.6689468,-1.665154,1.5718882,635,seg_2a4s,CD
-1.5652845,-6.4370766,-3.594346,-2.8414464,6.550578,-1.602783,0.33103612,5.3391523,-1.4680359,-5.964487,1.052765,-4.1184545,-0.50699943,-1.8181999,1.7782516,635,seg_4a6s,CD
-0.27193624,-5.792729,-3.9139223,-2.883242,6.2663713,-2.2596204,-0.16307296,4.351492,-1.196943,-6.0692515,1.4396943,-3.9999552,-0.7688136,-1.9082673,1.6895065,635,seg_6a8s,CD
-1.239739,-6.6665487,-3.6454186,-3.0439675,6.9976296,-1.8211493,0.3186616,5.2183146,-1.5099788,-6.300421,1.0957438,-4.2886124,-0.43243438,-1.9209998,1.915233,635,seg_8a10s,CD
-0.24332133,-3.2868783,-3.4856973,-0.8409057,4.1465874,1.2663668,-0.5848071,2.1457553,-1.5316277,-4.880116,0.35662732,-2.0255597,0.18821593,-0.13077934,-0.12082872,636,seg_0a2s,MI
-0.35773095,-3.0786006,-4.2858815,-0.40865695,4.849765,0.9833374,-0.12794167,3.4740098,-1.8361428,-5.719396,0.21937808,-2.6437736,0.20764224,0.5715395,0.06317305,636,seg_2a4s,MI
-0.76660603,-3.617348,-3.7066088,-0.91142803,4.5445204,1.4608376,-0.68278795,2.3959131,-1.334043,-5.570451,0.38627997,-2.3534744,0.2889371,0.13442156,0.2041639,636,seg_4a6s,MI
-1.2605605,-2.5215638,-4.1137667,0.6745451,3.758724,0.97182477,0.0002482906,3.3483026,-2.021106,-4.6276884,0.9177869,-2.1712642,0.28981125,0.15034908,-0.76509786,636,seg_6a8s,MI
-0.974539,-3.3027155,-4.328263,-1.0344312,4.0894876,1.4774532,-0.33867824,2.3880305,-1.8546183,-5.4919987,0.33454293,-2.3843434,-0.19622326,0.0830059,-0.14721975,636,seg_8a10s,MI
-6.346051,-10.273834,-8.194143,-9.231844,9.786207,-8.8493185,-4.969643,4.9449964,-10.385482,-13.400976,5.7532654,-8.744049,-1.2013047,2.756101,7.4119744,637,seg_0a2s,CD
-3.4089956,-5.8729944,-7.286139,-3.8278267,8.274183,-2.0621665,-4.1936607,5.2922535,-6.4844317,-6.1699853,2.4110503,-6.1161127,-1.4349139,1.513849,1.8223345,637,seg_2a4s,CD
-4.393198,-6.864696,-6.945281,-3.504436,6.8059883,-3.0527215,-3.168784,4.8478217,-6.5913124,-7.4978685,3.1752932,-6.457946,-1.4875408,1.3002378,1.8314576,637,seg_4a6s,CD
-1.6802212,-5.4804955,-8.259282,-4.828292,8.187013,0.21788363,-4.526032,3.7353125,-6.2766705,-6.2211127,1.834078,-6.5640454,-2.2845287,0.50498176,0.3279491,637,seg_6a8s,CD
-2.9165514,-6.246744,-6.8767977,-4.3059235,8.461401,-0.14375588,-4.6954966,4.107512,-4.8930383,-5.559367,1.5169414,-6.0496745,-1.9361922,0.69354117,1.16706,637,seg_8a10s,CD
-0.324655,-4.085889,-2.5701985,-1.0489719,3.1357396,-1.1556703,-0.6941445,-0.067965135,-0.8020676,-3.2729142,1.1460601,-4.241521,-1.5088143,-1.0502043,-0.19156894,638,seg_0a2s,NORM
-0.10272421,-4.664802,-2.245502,-0.6108276,3.4208376,-1.5917757,-0.3840945,-0.28304502,-1.0549846,-3.8430357,1.2973295,-4.76598,-1.3353487,-1.092465,-0.3542432,638,seg_2a4s,NORM
0.034737155,-4.2327127,-2.3991246,-0.47623187,4.9242835,-1.4781053,-0.9975215,0.50812393,-1.4966404,-3.501669,0.5103571,-5.007776,-1.5065209,-0.11718185,-0.17671481,638,seg_4a6s,NORM
-1.179862,-4.0842676,-2.3183098,-0.6969452,2.4802134,-0.79133344,-0.14985508,0.34752154,-0.778201,-2.6969643,0.99761784,-4.1472454,-1.5436457,-1.1319488,-0.18204844,638,seg_6a8s,NORM
-0.7268747,-4.6609044,-2.885396,-1.0587428,5.1343093,-0.96577895,-0.78576,1.3579196,-1.4409409,-3.5126047,0.25640005,-5.2257843,-1.233844,0.11871601,0.080622934,638,seg_8a10s,NORM
0.26401943,-2.292949,-3.5496182,-1.903089,1.5942874,0.37295806,-0.032588035,-0.10983361,-0.16056648,-3.1350687,0.3184746,-1.5460778,-0.31594914,-0.51075894,1.0697432,639,seg_0a2s,NORM
0.4818011,-1.9857633,-3.3847198,-0.7129119,2.928739,0.22336175,-0.51664066,0.5323178,-0.45820028,-3.112312,0.44381577,-1.7514352,0.1503856,-0.04818335,1.3161571,639,seg_2a4s,NORM
-0.094749376,-2.346255,-3.3894792,-1.0647814,1.3209847,0.3879217,0.059762903,-0.11761361,-0.1516347,-3.2653103,0.8818201,-1.413952,0.18963273,-0.65193945,1.2337803,639,seg_4a6s,NORM
0.38670462,-2.120321,-3.3508215,-0.6588023,2.8213766,0.39706102,-0.49291098,0.82737446,-0.6838549,-2.9018896,0.3724996,-1.7122477,0.070274636,-0.12651877,1.3266189,639,seg_6a8s,NORM
0.045232072,-2.2561939,-3.390191,-1.6422932,1.3624328,0.7328405,0.04023131,0.06755307,0.020106994,-3.0835795,0.3836601,-1.3845005,-0.025115278,-0.47564262,1.1213645,639,seg_8a10s,NORM
-1.742514,-4.505349,-3.1067595,-1.6662822,4.172123,-0.82312214,-0.978591,2.568432,-0.8251585,-2.360667,-0.18020946,-3.6664102,-1.913238,-0.37387532,-0.116374314,640,seg_0a2s,HYP
-1.3046987,-5.0553093,-5.0881405,-3.156027,6.315462,-0.6813972,-2.7071369,2.5912173,-3.2700908,-4.651849,0.401111,-4.677182,-3.2621052,-0.71236783,-1.2993671,640,seg_2a4s,HYP
-0.99912745,-4.5093784,-3.9933271,-2.8516746,3.2157516,-0.89647734,-0.79012525,1.4507256,-1.2548051,-3.6306188,0.44197085,-3.6961684,-2.3283007,-1.104991,-0.4682403,640,seg_4a6s,HYP
-1.4648471,-4.5154552,-3.2876973,-1.9447873,4.2249737,-0.8489995,-0.6546323,2.5108025,-0.8854416,-2.5433674,-0.4092377,-3.7586374,-1.8139896,-0.25523937,0.05882605,640,seg_6a8s,HYP
-0.36310527,-3.8948958,-4.2829185,-2.4568698,3.9949336,-1.4580754,-1.1766548,1.7566934,-1.2792373,-2.6634958,0.020643808,-3.7668593,-2.30057,-0.444732,-0.5857949,640,seg_8a10s,HYP
-1.615913,-3.244716,-3.4505682,-1.5551469,4.1798525,-0.106724024,-0.39885452,2.7780344,-1.001862,-4.921701,1.0077486,-2.539242,-0.62951046,-0.52983284,-1.5369568,641,seg_0a2s,NORM
-1.6815101,-3.5184758,-3.6219387,-1.4539628,4.172663,-0.25307992,-0.75539786,2.9601107,-0.99975747,-4.6745524,1.223549,-2.638262,-0.73905146,-0.66817474,-1.3888872,641,seg_2a4s,NORM
-2.2576225,-3.2670162,-2.8451872,0.10689035,4.6062684,-0.24081412,-0.6649261,3.9226136,-0.7724902,-3.6894693,0.8999115,-2.457061,-0.27341488,-0.10030669,-1.3527764,641,seg_4a6s,NORM
-2.0637643,-3.3824062,-3.47585,-0.7240106,5.2666945,-0.086408764,-0.6757278,3.8412862,-1.2085907,-4.5805664,0.6525169,-2.7489033,-0.46374357,0.09039189,-1.4537482,641,seg_6a8s,NORM
-1.8455718,-3.5581653,-3.678337,-1.7809823,4.4807377,0.024350435,-0.53574187,3.0412774,-1.1862652,-4.7516646,0.88609457,-2.587949,-0.6897018,-0.61066085,-1.1983746,641,seg_8a10s,NORM
-1.2041584,-2.7254126,-2.3476706,0.6132334,3.7686787,0.30189624,0.039976634,1.9121137,-0.7389941,-3.868727,-0.30875388,-1.1516929,0.25413305,0.62569016,-0.26187593,642,seg_0a2s,NORM
-1.1854682,-2.4534397,-2.1944637,1.0132129,3.490276,0.29484472,0.031552307,1.8042328,-0.43582028,-3.4296677,-0.11498424,-0.97263706,0.35905832,0.45491332,-0.21725109,642,seg_2a4s,NORM
-0.7324436,-2.5957437,-2.5109782,-0.025097221,2.6745615,0.3022797,0.1231335,0.6815252,-0.4222082,-4.235383,0.18660334,-0.94663894,0.03157547,-0.018663853,-0.3476713,642,seg_4a6s,NORM
-0.6840199,-2.5195508,-2.5001192,-0.11371663,2.6003392,0.33359215,0.20274982,0.6845365,-0.3176692,-4.1003695,0.0726611,-1.0157572,0.08575609,0.11958729,-0.21615997,642,seg_6a8s,NORM
-1.1104783,-2.409455,-2.3392,0.8993085,3.5290833,0.1811768,0.08491684,1.9045296,-0.50542927,-3.5080497,0.04035908,-1.0346318,0.44772065,0.39521235,-0.27863684,642,seg_8a10s,NORM
2.7040288,-3.747319,-2.597847,-5.632142,7.749452,-0.81933093,1.1750574,3.209763,-5.329801,-6.7756853,-1.3332975,-5.8171034,0.07887979,1.2447271,0.8034432,643,seg_0a2s,NORM
-0.8744369,-3.5047238,-3.043806,-3.13178,5.675969,0.09371923,1.2324775,4.0189753,-2.668795,-4.5733347,0.49038455,-5.416607,1.1763729,0.5409427,0.98574555,643,seg_2a4s,NORM
-0.56767195,-3.0820718,-4.013025,-3.1662836,5.4069424,-0.45063487,1.3749577,3.4527612,-1.982038,-5.722914,1.0080309,-5.9372287,0.64801824,0.50969875,0.44749287,643,seg_4a6s,NORM
-0.8631194,-2.7926435,-3.5982075,-2.2477982,4.842471,-0.12305465,1.1370543,3.5241003,-1.2821031,-4.609952,1.5959699,-5.5812693,0.7728109,-0.21238153,-0.19902614,643,seg_6a8s,NORM
-2.370291,-2.7970943,-3.5747128,-2.2872975,4.8992,0.34735402,1.2625756,3.8827553,-1.0646737,-3.7225063,1.1293755,-5.2870336,0.4258554,-0.22244819,0.3792051,643,seg_8a10s,NORM
-0.9709177,-3.2361567,-3.3998985,-0.653299,2.9720354,-0.051117778,0.8070915,0.58883345,-0.9727785,-2.9921238,-0.1926713,-3.225643,-0.55941945,0.042460814,-0.26968542,644,seg_0a2s,NORM
-0.68414086,-2.7743013,-2.6017122,0.34939447,3.6209936,-0.46634504,0.7598189,1.3564862,-0.5760322,-2.4123979,-0.3631285,-3.0348282,0.07939923,0.6226985,-0.243438,644,seg_2a4s,NORM
-0.07257925,-2.5996473,-3.2509832,-0.18838343,3.8337815,-0.5393448,0.7776166,0.8052285,-1.069628,-2.9438407,-0.47566736,-3.1548767,-0.0832328,0.7273927,-0.55676174,644,seg_4a6s,NORM
-0.9651825,-3.1699274,-2.851986,-0.34564275,2.3574095,-0.2670507,1.4182124,0.8250588,-0.56512696,-2.8166,-0.2444804,-3.1109426,-0.24574333,0.13812251,-0.27969936,644,seg_6a8s,NORM
-0.8094527,-2.7695742,-2.8497558,0.25661105,3.3766787,-0.413088,1.0047436,1.349885,-0.74863213,-2.4627166,-0.4836567,-2.9822197,0.010083787,0.6713463,-0.34161022,644,seg_8a10s,NORM
-1.5622654,-3.5212226,-1.8734252,-0.97674173,5.6671715,-1.048391,0.2952236,3.6125634,-0.9856004,-5.994563,1.0909451,-6.5831313,-1.7837021,-0.13816012,-0.2935795,645,seg_0a2s,NORM
-1.0142869,-3.1435342,-2.7374778,-1.6226497,3.373281,-1.2603307,0.6924595,3.0256014,-0.70894367,-6.176981,1.7170243,-5.915655,-2.3587983,-0.97359633,0.37625214,645,seg_2a4s,NORM
-1.1136078,-3.5672412,-2.1847801,-1.4041984,4.384846,-1.3206758,0.43914196,2.9997556,-0.6344567,-6.4261374,1.9549888,-6.73761,-2.2095506,-1.1094539,-0.02901119,645,seg_4a6s,NORM
-0.89210445,-3.4105115,-1.9555914,-1.492001,4.5815125,-1.2061542,0.14544293,2.4244268,-0.52471215,-6.357292,1.7625059,-6.492177,-2.0913563,-0.9427532,-0.17795834,645,seg_6a8s,NORM
-1.015213,-3.2544124,-2.8655005,-1.7285156,3.5490918,-1.3075374,0.49275014,3.01211,-0.7480984,-6.109704,1.7690305,-6.013277,-2.3721695,-0.98383737,0.5031487,645,seg_8a10s,NORM
-1.0391455,-5.668034,-6.114038,-3.5808754,3.8390818,-1.1187221,-1.6991289,2.7711558,-3.5633695,-5.5471864,2.2845066,-4.501482,-0.57942516,-0.43918383,0.96078014,646,seg_0a2s,MI
-1.0457584,-5.5225005,-4.592783,-2.9720087,6.7907343,0.2943695,-3.6602573,3.2552254,-2.8248005,-3.1309235,1.0813318,-4.385029,-0.30552372,-0.08237231,1.0547612,646,seg_2a4s,MI
-0.50809425,-4.6442924,-4.886204,-1.9443989,4.8657956,0.21052688,-2.3075078,3.9883847,-3.6950154,-2.9306386,1.7013535,-3.9218397,-0.3549791,-0.86402524,0.43786672,646,seg_4a6s,MI
-1.4569645,-5.5078144,-5.423246,-2.7956583,6.368489,-2.56975,-2.2155888,5.2983246,-5.6010485,-5.1801834,2.383666,-4.7392573,0.007395163,0.5280691,2.336044,646,seg_6a8s,MI
0.6157361,-4.834852,-5.292108,-3.4886832,4.4625344,0.06524369,-2.6814191,2.1756437,-3.4315825,-3.729421,1.9925143,-3.9000297,-0.59508336,-1.404023,0.19002993,646,seg_8a10s,MI
-0.5557785,-4.817071,-4.60711,-2.0905828,5.3399205,-2.6368635,-3.1965919,0.67062855,-1.5438824,-1.3247404,0.72187895,-5.7652683,-3.1462905,-0.27709055,-0.9149847,647,seg_0a2s,NORM
-1.1009729,-4.875274,-4.644668,-2.2207272,3.1581993,-2.7348824,-1.9271603,0.19327444,-0.80683315,-1.6255559,1.5395572,-5.2893395,-2.951664,-1.2727332,-1.29556,647,seg_2a4s,NORM
-1.0960519,-5.353509,-4.329448,-2.1513345,3.4995658,-2.7207797,-2.2187655,0.24928868,-1.1695948,-2.015436,1.4779857,-5.414173,-3.0988812,-1.2436275,-1.2811064,647,seg_4a6s,NORM
-0.6995688,-4.6666994,-4.636889,-1.9059753,5.0425525,-2.643422,-2.8555615,0.729537,-1.636797,-1.5296582,0.95527065,-5.8305883,-3.1095061,-0.39241397,-1.133396,647,seg_6a8s,NORM
-1.8885127,-5.449171,-3.6763172,-1.2573986,5.2363214,-2.2131205,-2.8093271,1.4887872,-0.82739425,-0.730984,0.7162376,-5.660681,-2.639462,-0.42661047,-0.46728972,647,seg_8a10s,NORM
1.8575534,-3.9220746,-3.5578947,-2.2343607,5.6055365,0.24478565,-0.48757473,0.42908734,-1.4188848,-6.861422,1.3455846,-1.7160451,1.9602882,-1.2024987,0.4818435,649,seg_0a2s,NORM
-0.1066114,-3.6679335,-2.747189,-1.2735348,4.059477,0.6737077,-0.93050003,0.42647684,0.08272474,-5.732376,1.2345206,-2.2296464,0.6366715,-0.819987,0.3785818,649,seg_2a4s,NORM
0.6845261,-3.2168493,-2.6335363,-0.48275954,5.206843,0.9025345,-0.92283076,1.3145053,-1.255218,-4.8675127,0.79193705,-1.5532602,1.4674648,-0.48155677,0.3101735,649,seg_4a6s,NORM
-0.046608523,-3.8305068,-3.0738745,-1.2814193,4.2570133,0.25499144,-0.72826856,0.5497039,0.2196849,-5.8865347,1.7064093,-2.4942687,1.0121472,-1.0743965,0.2751158,649,seg_6a8s,NORM
0.24697407,-3.644534,-3.2250338,-1.7062402,4.1328354,0.2519023,-0.20711538,0.5074368,-0.07904355,-6.1456604,1.574709,-2.0178692,1.3575268,-1.1156067,0.14517894,649,seg_8a10s,NORM
-0.35453433,-1.5212162,-2.2951293,0.29693955,3.602531,0.21132162,-0.6249735,0.5491745,-1.3395219,-4.139478,1.0641644,-3.6252923,-0.8880985,0.059296362,-0.6724975,650,seg_0a2s,STTC
-1.583276,-1.9713467,-1.6686779,0.60079694,3.538247,0.6994376,-0.45891356,1.3655862,-0.8605985,-3.053334,0.5977162,-3.3250477,-0.8115676,-0.0020670146,-0.017597452,650,seg_2a4s,STTC
-0.89475566,-1.7043581,-2.1968536,0.07817586,2.073344,0.35065594,-0.09137978,-0.04677677,-0.7589281,-3.9174118,1.6127154,-3.1931815,-0.87680095,-0.83634347,-0.6250782,650,seg_4a6s,STTC
-1.049491,-1.6051365,-1.8769841,0.6694915,3.2655756,0.50866514,-0.62301487,1.0503073,-0.88165027,-3.1554594,0.94245636,-3.158126,-0.72482276,-0.07717997,-0.21867576,650,seg_6a8s,STTC
-0.36481124,-1.4944,-2.1439905,0.4110603,3.6120903,0.2545735,-0.7496633,0.6159545,-1.3829603,-4.125009,1.0978831,-3.5497532,-0.91827697,0.033914298,-0.72067654,650,seg_8a10s,STTC
-2.4258862,-3.4084308,-4.33947,-2.2294111,3.7511857,-1.0114975,-0.8715173,2.2239985,-2.6745846,-3.265334,1.513741,-4.515348,0.91768706,1.7518293,2.342512,651,seg_0a2s,MI
-2.5011256,-4.7171884,-5.34228,-3.7956023,4.4350805,-3.4692624,-0.98050994,2.1988225,-4.3377557,-6.027975,2.2668397,-5.241865,1.0090482,2.611373,3.497869,651,seg_2a4s,MI
-3.4327579,-4.6763396,-4.7984033,-3.5296931,4.4121037,-2.6362567,-0.66327006,2.740654,-4.019073,-5.278902,1.6450365,-5.049497,0.9621564,2.6809025,3.678029,651,seg_4a6s,MI
-0.59408253,-2.413063,-4.6880846,-1.5145445,3.2260287,-0.050819814,-1.2056328,0.7836652,-1.4953566,-2.5642707,1.4886059,-4.0964756,0.69372636,1.0026021,0.38509578,651,seg_6a8s,MI
-1.8191483,-2.791404,-4.263137,-1.4464421,3.5213416,0.26692978,-1.0443696,1.5838991,-1.5076969,-2.1434014,0.9683281,-4.0544147,0.5310909,1.1856564,1.3023977,651,seg_8a10s,MI
-1.2269067,-3.9878643,-5.526852,-1.8211019,4.9127626,-0.18739322,-0.3497758,3.9592924,-3.2575366,-6.098051,2.0023174,-4.717932,-0.41178417,-0.35896462,0.55130476,652,seg_0a2s,MI
-1.1826874,-3.6635108,-5.180512,-1.1843076,5.9880633,-0.14614204,-0.64546967,4.7020197,-3.4952905,-5.6220145,1.5976387,-4.680038,-0.1059771,0.21661851,0.5063285,652,seg_2a4s,MI
-0.7266556,-3.8730402,-5.9007554,-1.7322366,6.480749,-0.45301637,-0.9433739,4.671051,-4.0446854,-6.6789384,1.7606859,-5.1076174,-0.3156414,0.45750964,0.2506407,652,seg_4a6s,MI
-1.3147868,-3.9161518,-5.6260014,-1.8401289,4.919288,-0.15944856,-0.34958014,3.8940792,-3.2895584,-6.050285,2.088951,-4.7613206,-0.35451293,-0.35423803,0.34533152,652,seg_6a8s,MI
-1.3389238,-3.7831135,-5.329959,-1.1489012,6.018415,-0.23723063,-0.7082065,4.797897,-3.354155,-5.575105,1.7262467,-4.780479,-0.080631286,0.19996431,0.45056143,652,seg_8a10s,MI
-1.7553204,-3.215974,-4.289603,-0.9171701,5.703448,1.0452499,-1.3438243,3.911512,-1.1693456,-6.9001226,1.345884,-5.9557824,-1.4043944,0.61067903,-0.5948957,653,seg_0a2s,NORM
-2.0734959,-2.4719408,-3.2152033,-0.5599537,5.2851257,0.9152852,-1.243915,2.8637717,-1.4721837,-5.212507,1.4002825,-4.4138703,-0.7981837,0.13879313,-0.2891252,653,seg_2a4s,NORM
-2.3491404,-2.4446607,-3.301588,-0.33062685,5.4162307,1.1108303,-1.5486115,2.7073298,-1.4823248,-5.2740273,1.5453349,-4.547097,-0.78956807,0.27898324,-0.9063791,653,seg_4a6s,NORM
-1.981951,-2.6106493,-3.252153,-0.44195914,5.188494,0.8424336,-1.5077244,2.9448364,-1.5985308,-5.5182996,1.5734096,-4.508717,-0.82425386,0.28616697,-0.48263595,653,seg_6a8s,NORM
-1.3619375,-2.2950823,-3.8759542,-1.1948543,3.8638213,0.64957726,-1.1567273,1.6324481,-1.4384608,-6.0971065,2.532359,-4.55417,-0.76405513,-0.5217945,-1.0290036,653,seg_8a10s,NORM
-0.9346145,-4.135409,-2.2211194,-1.1625626,3.5851948,-0.42144957,0.23017773,1.3587275,0.6466165,-2.7351124,-0.6231871,-3.0290244,-0.12725632,0.35980794,0.4540361,654,seg_0a2s,NORM
0.02428092,-3.810803,-2.4371185,-1.7153375,2.504029,-0.56440115,-0.06793629,-0.31671867,0.5392275,-3.3697925,0.20476782,-2.5253623,0.06735399,-0.16314824,0.1965839,654,seg_2a4s,NORM
0.33753794,-4.044896,-2.8102465,-2.446497,3.1600082,-0.8520355,-0.11250759,0.017556757,-1.1678252,-3.7889075,0.1149263,-2.591925,0.18142913,0.06680865,0.87907517,654,seg_4a6s,NORM
-0.132723,-3.8754492,-2.3517113,-1.8039622,2.3587885,-0.49160394,0.07512351,-0.04381284,0.49572632,-2.8823721,0.20832369,-2.4651039,0.014519945,-0.4406305,0.11345282,654,seg_6a8s,NORM
1.4709134,-4.326806,-3.136341,-2.575856,4.7510834,-0.7257496,-0.62994415,0.9668884,-0.7428109,-4.1887994,-0.60040593,-3.2853665,0.28555375,0.7989849,0.25605372,654,seg_8a10s,NORM
1.6744155,-4.8994427,-2.4570398,-2.945059,3.862289,-2.4063678,-1.8865124,1.27442,-1.4651718,-3.6932003,0.9955256,-3.9060426,-2.0121472,-1.3891519,1.0196759,655,seg_0a2s,NORM
0.7203967,-4.965166,-1.9816306,-2.5259097,5.34644,-1.8693326,-2.1021943,2.7729144,-1.0289373,-2.9831464,-0.13866705,-3.7576563,-1.9167504,-0.591638,1.7434866,655,seg_2a4s,NORM
0.5072134,-4.089713,-1.7775016,-1.6446545,2.1016796,-1.8381958,-0.9051157,2.1147578,-1.0870633,-2.6032157,1.589442,-3.0492713,-1.5043119,-1.9661732,0.5078994,655,seg_4a6s,NORM
1.6415282,-4.7881064,-2.5164685,-3.160244,3.8601613,-2.4466307,-2.1520538,1.3391042,-1.2717967,-3.5859072,0.9800991,-3.5749683,-2.0738235,-1.4009513,1.2868892,655,seg_6a8s,NORM
1.7488899,-4.7649007,-2.5087657,-3.167769,3.74877,-2.282705,-1.9491483,1.4076471,-1.2316792,-3.5633585,0.8599845,-3.6036756,-1.9851023,-1.3715134,1.1386486,655,seg_8a10s,NORM
0.21201162,-2.7880812,-1.5554137,-0.7731634,3.592664,-0.017201483,-1.6102183,-0.41771495,0.7469278,-4.85885,1.7463629,-1.884074,0.8452238,-0.7712001,0.59898746,656,seg_0a2s,STTC
-2.0264838,-3.263043,-1.6647081,-0.2041929,3.7297182,0.6193249,0.10827679,2.2817974,-0.44268674,-3.6443083,0.28162876,-1.9784567,0.60517025,0.04724388,0.9186529,656,seg_2a4s,STTC
0.23341565,-2.7960722,-1.5414914,-0.7089249,3.6125073,-0.15625569,-1.8028879,-0.37501302,0.65842915,-4.73537,1.89874,-1.8771534,0.74704415,-0.8864473,0.597898,656,seg_4a6s,STTC
-0.95966065,-2.7099993,-2.4528246,-0.8204935,2.1647007,0.25699002,0.4028127,0.7360654,-0.4704569,-4.821939,1.4648546,-1.7776201,0.5267305,-0.80422306,0.17417681,656,seg_6a8s,STTC
-0.99760425,-3.0124395,-2.1270382,-0.8174291,3.9245813,0.22757956,-0.09544563,1.7591078,-0.77819,-4.652111,0.4189375,-2.0891256,0.54913646,0.26481044,0.63199747,656,seg_8a10s,STTC
-3.4050725,-7.183712,-5.9947357,-5.448961,8.693644,-0.9483179,3.6954837,5.358159,1.513236,-6.617637,0.48560908,-4.0768332,4.452969,-0.6423802,-0.08794451,657,seg_0a2s,NORM
0.061512664,-3.2819421,-4.894099,-2.6393316,3.9998684,-1.433559,1.5780743,1.4442466,-0.226167,-5.2693715,0.75154346,-2.345361,1.1729059,-0.31467098,0.67794037,657,seg_2a4s,NORM
-1.0551608,-3.3977833,-3.6764889,-1.3348997,5.2609153,-1.058122,0.3757752,2.6164198,-0.7462772,-4.0764008,0.14571291,-2.4271753,1.2985752,0.91396964,1.1674595,657,seg_4a6s,NORM
-0.23770837,-3.4192393,-4.307136,-2.0772052,3.2823317,-1.3268937,0.65118057,1.4945354,-0.731687,-5.243021,0.26745552,-2.9391928,0.044839576,0.7814257,1.4859514,657,seg_6a8s,NORM
-1.2483271,-3.7407548,-3.3671508,-1.5819113,3.1115701,-0.9895127,-0.028710924,1.8842809,-0.6526927,-4.177223,0.39612225,-2.5161333,0.30629593,0.82531875,1.5128227,657,seg_8a10s,NORM
0.2926587,-2.8153224,-2.049663,-2.406163,3.878226,-0.3552902,-1.3418686,1.9786236,0.3307544,-5.2285624,1.7531466,-2.8836854,-0.023301393,-0.9234642,0.4112962,658,seg_0a2s,CD
-0.73868793,-2.4730005,-2.028235,-1.2045445,2.6005998,-0.29241523,-0.3435727,2.32914,0.072336026,-4.2983174,2.318011,-2.5787344,-0.022639003,-1.5747864,-0.17802498,658,seg_2a4s,CD
0.50061476,-2.8819535,-2.0575328,-2.46697,4.137479,-0.4258388,-1.4691465,1.8458173,0.496433,-5.293611,1.7432035,-2.8990679,0.024618141,-0.98748815,0.6131624,658,seg_4a6s,CD
-0.4683438,-2.1954162,-1.6742356,-0.63312155,4.0149665,-0.35496643,-0.9940489,2.9857066,0.21654457,-3.673521,1.9400609,-2.5798817,0.32127368,-1.022994,0.117452845,658,seg_6a8s,CD
0.34627932,-2.7712154,-2.1824832,-2.6576257,4.103251,-0.45571116,-1.4243715,2.0356886,0.2736558,-5.359667,1.8264761,-3.163636,-0.020459518,-0.8256967,0.31661355,658,seg_8a10s,CD
-0.32966998,-4.088588,-4.1213975,-1.5072458,4.0955677,-0.8888452,-2.3872387,1.0085156,-2.2134113,-6.4410467,2.6382012,-3.207735,-0.7068246,-0.8654543,0.7915199,659,seg_0a2s,CD
-0.94201857,-3.501531,-3.2086096,-0.25600284,5.1877427,0.60132813,-2.897387,2.160297,-1.5783703,-4.137712,1.5040973,-2.6134386,-0.6730324,-0.67190236,0.8724712,659,seg_2a4s,CD
-1.2517294,-3.732397,-3.7678223,0.6621334,5.3310866,-0.5892595,-1.5687034,3.460478,-3.4719758,-5.159321,1.516741,-3.5045702,-0.6160281,0.30447754,0.8183209,659,seg_4a6s,CD
-0.98453015,-3.4505832,-3.3692603,-0.0975662,4.4698033,-0.36778495,-2.200188,2.3055515,-1.8884368,-4.3876915,1.8409886,-2.9287949,-0.48867095,-0.34541667,1.4561174,659,seg_6a8s,CD
-2.1545544,-5.0772734,-3.3441916,-0.87452585,5.824981,-0.18236485,-1.7511773,3.2843795,-2.8641336,-5.4546256,0.8792417,-3.9751859,-0.75268525,0.27940083,2.2708027,659,seg_8a10s,CD
-1.0838608,-2.3626552,-2.3315015,-0.93201274,3.487069,0.36867696,-0.1263964,1.289488,0.95601416,-2.3683555,-0.008678906,-2.3382025,0.29406714,0.17454714,0.5398514,660,seg_0a2s,NORM
-0.58455694,-2.3690536,-2.9812436,-1.6708901,2.093783,0.19170144,-0.18756029,0.114231944,0.79878074,-2.9813864,0.69573766,-2.2211726,-0.28617126,-0.5754303,0.3179677,660,seg_2a4s,NORM
-0.466025,-2.609894,-3.2323394,-2.0084124,2.6490521,0.60791,-0.5015278,0.17494646,0.5080751,-3.127174,0.36977816,-2.2619586,-0.41341186,-0.5254411,0.5253912,660,seg_4a6s,NORM
-0.43985868,-2.1307516,-2.8035908,-1.4178386,1.9479337,0.14148852,0.117003955,-0.013143003,1.0549195,-2.9897838,0.8455033,-2.1571941,0.067808,-0.6223839,0.040296227,660,seg_6a8s,NORM
-0.68763644,-2.318437,-3.394611,-1.346755,3.624158,0.60657597,-0.89483786,0.8743751,0.0847158,-2.5347703,0.081890024,-2.2288969,-0.44203973,-0.06195557,0.3236329,660,seg_8a10s,NORM
0.45582944,-4.966176,-2.7740464,0.3401769,7.439827,-0.94963455,0.76806194,1.1642985,-3.6840904,-8.789945,1.2865043,-6.3557143,-0.6807342,-0.6930444,-2.1160204,661,seg_0a2s,MI
-0.05432929,-5.391044,-1.8648255,-1.0621829,8.94758,0.021308035,-0.21871479,2.4542553,-3.9321282,-6.67302,0.29318354,-3.6568873,1.9235514,-0.045767188,-0.4887316,661,seg_2a4s,MI
0.59654015,-5.219698,-2.0285397,-0.4919551,10.004632,-0.3249602,-1.2147806,2.5274427,-5.3096867,-7.2751207,-0.45770264,-3.4797792,1.8598541,1.5818214,-0.028936416,661,seg_4a6s,MI
1.8215569,-5.123588,-2.9945412,-1.8079686,7.546852,-1.4299299,1.0499209,-0.117325306,-5.2411094,-9.437666,1.3406985,-3.9048991,1.9185314,-0.49527282,-1.166452,661,seg_6a8s,MI
-1.4536332,-2.8767836,-3.598853,-0.2589205,3.7308712,0.21585074,1.2631702,1.9369092,-2.9371552,-4.9291177,0.51057136,-3.2984374,-0.53992707,-0.24878235,-1.2874469,661,seg_8a10s,MI
-0.5737536,-2.3629396,-2.3461823,-0.5851556,4.4016385,0.20447956,0.4911979,2.0893364,-1.6808565,-4.8324428,1.364965,-4.1365914,0.46385616,-0.23124199,-0.18964425,662,seg_0a2s,NORM
-1.9338479,-2.748579,-1.8109376,0.08312005,3.9810405,0.3099932,0.76787025,2.8942614,-1.512063,-4.067245,1.3636417,-3.8975935,0.3349052,-0.4802282,0.09846738,662,seg_2a4s,NORM
-1.6323168,-3.2108023,-2.5746875,-1.1920233,4.560552,-1.2874702,0.65235865,2.9587145,-3.0403972,-6.2574325,2.0587862,-4.5387135,0.51068634,0.23865104,0.811129,662,seg_4a6s,NORM
-1.8650172,-2.7593431,-2.2282352,-0.37438542,4.3576584,-0.37658706,0.5045197,2.4902248,-2.0297477,-4.9813867,1.7431875,-4.1147113,0.38693947,-0.1643867,0.3647756,662,seg_6a8s,NORM
-0.7737967,-2.4897664,-2.3537807,-0.5833677,4.6065426,-0.13047254,0.4624196,2.0939596,-2.0840294,-5.5178866,1.6306958,-4.218464,0.48151147,-0.14535572,-0.07014319,662,seg_8a10s,NORM
-1.4354527,-3.3538785,-2.5160398,-1.5208917,3.993142,0.7985312,0.06009368,2.197197,-0.026104331,-3.6376119,-0.9882417,-1.865412,-0.15777987,0.47991562,1.7076788,663,seg_0a2s,NORM
-0.5764311,-2.6354115,-2.554068,-0.60614324,3.4800575,0.37630212,-0.38275537,1.6206905,-0.10152197,-4.3739414,0.36915728,-1.806284,0.14153992,0.12778682,0.5063193,663,seg_2a4s,NORM
0.29936033,-2.5548005,-2.8977675,-1.1797545,3.4307187,-0.02484858,-0.25358698,1.4391241,-0.41477472,-4.8803854,0.41760647,-1.8698826,0.20815481,0.17263919,0.78422236,663,seg_4a6s,NORM
-0.89670885,-2.9666576,-2.6632318,-0.8787526,3.7007525,0.6344462,-0.2249811,1.9560249,-0.3626336,-4.3062305,0.0024405234,-1.8849645,0.123972714,0.24631026,0.8802116,663,seg_6a8s,NORM
-0.2650893,-2.7007103,-3.0035915,-1.3414636,2.007283,0.28640944,0.24508741,0.80456126,-0.17070872,-4.845605,1.0113488,-1.6196882,0.109825686,-0.733664,0.57574546,663,seg_8a10s,NORM
-2.144506,-3.2184608,-2.1846275,0.6916842,3.7507272,0.92425144,-0.68223244,1.7508159,-1.3277404,-3.804967,0.32077667,-2.18882,-0.6103704,-0.012753248,-0.24598992,664,seg_0a2s,NORM
-0.61700445,-2.6145751,-2.8024263,0.34103748,3.5623603,0.22845276,-0.79610497,0.85513306,-1.839706,-5.1606154,1.109592,-2.179588,-0.4894669,-0.10863416,-1.0960333,664,seg_2a4s,NORM
-0.88794774,-2.69231,-2.9145403,0.0057780817,2.0042949,0.3264943,-0.19625637,0.17740825,-1.248033,-5.1062803,1.7211072,-1.8318932,-0.34888107,-0.9773239,-0.8679756,664,seg_4a6s,NORM
-0.986289,-2.7442281,-2.4593034,0.44603327,4.047627,0.5941186,-1.2057773,1.0134686,-1.4979029,-4.722937,0.91770035,-2.3412292,-0.44968683,-0.0032206625,-0.64692855,664,seg_6a8s,NORM
-1.7578019,-2.9222357,-2.1621413,0.67395186,3.6770205,0.8144562,-0.5452574,1.5849777,-1.4421668,-4.2214627,0.5456789,-2.2084572,-0.46247518,-0.0044421703,-0.49490026,664,seg_8a10s,NORM
-0.87627876,-2.071126,-3.6383867,-0.48188418,3.4041834,0.7304576,-0.67662406,1.4408998,-0.5409108,-4.281301,1.1438679,-2.0820763,0.28310513,0.01767464,-0.009345964,665,seg_0a2s,STTC
-1.5820657,-2.4020371,-3.2015443,-0.1788367,3.1508353,0.6359421,-0.2836375,1.9175153,-0.4019392,-3.9092557,0.9665681,-2.0125825,0.3153152,0.0306423,0.5441743,665,seg_2a4s,STTC
-3.0250096,-6.309387,-6.734689,-1.6919804,6.550706,-0.9616811,-5.478542,3.3251154,-3.4502218,-3.4708362,2.5368273,-4.984405,-2.9828522,-0.9172826,-1.1476654,665,seg_4a6s,STTC
-1.6267526,-2.4099514,-3.0115366,0.0060497224,3.1635711,0.8612509,-0.2266675,1.804987,-0.23193234,-3.7469013,0.83921236,-1.9050984,0.4043811,-0.0050489753,0.33585486,665,seg_6a8s,STTC
-0.9377511,-2.3195798,-3.8858862,-0.7741091,3.2635577,0.5341469,-0.48068732,1.72509,-0.58008957,-4.438049,0.94559944,-2.1686814,0.13042134,0.16767387,0.48161864,665,seg_8a10s,STTC
-0.25085166,-2.4673245,-2.1177385,-0.6769543,3.445619,-0.07525933,-0.5252751,0.5841349,-0.3149339,-3.501965,-0.23261106,-2.8866951,-1.0574306,0.4679572,-0.63017607,666,seg_0a2s,NORM
-0.36197457,-3.8299127,-2.5633855,-0.9630926,3.7541897,0.18496811,-0.35764626,1.8258846,0.051279455,-4.7127504,-0.7272145,-3.679984,-1.0246875,1.0254563,-0.10027081,666,seg_2a4s,NORM
-0.1860981,-2.9031913,-2.9111638,-1.2856164,1.7742745,-0.15271324,-0.045195244,0.16025084,-0.097290605,-4.2551126,0.7046432,-3.0417573,-0.82981694,-0.13115801,-0.56710625,666,seg_4a6s,NORM
-0.5384875,-2.876706,-2.1970353,-0.6840128,1.907159,-0.44094738,0.18178084,-0.35186595,-0.21059436,-3.90772,0.67643094,-2.3406026,-1.0063009,-0.7184384,-0.39081326,666,seg_6a8s,NORM
0.55188596,-2.8941164,-2.921496,-1.1894805,3.796011,0.025653422,-0.7036103,1.1314487,-0.20514253,-4.788791,-0.2915786,-3.598796,-1.2146392,0.7342157,-0.44497278,666,seg_8a10s,NORM
-1.2622042,-2.6293645,-2.7821226,-0.50031906,3.1197312,0.9142015,0.25984332,1.3868718,-0.25240093,-3.0732083,-0.3427446,-2.5245943,-0.073122926,0.50466144,0.73784983,668,seg_0a2s,NORM
0.0047889203,-1.4479318,-2.8419414,-0.44288397,2.4438035,0.55142426,-0.04154841,0.45340037,-0.29519024,-2.8918679,0.33068174,-1.9307466,0.10454078,0.19418637,0.41729793,668,seg_2a4s,NORM
-0.28082037,-2.0103085,-3.4545226,-0.3950483,4.058273,0.5371632,-0.33296093,1.5512055,-0.73864514,-2.792418,-0.5751339,-2.342529,-0.02289747,0.9840554,0.8485559,668,seg_4a6s,NORM
-0.033596247,-1.4757907,-2.668499,-0.3627877,2.4033575,0.3557441,-0.22171535,0.5319724,-0.13196188,-2.653978,0.52544606,-2.1090028,0.053854242,0.13402356,0.28002623,668,seg_6a8s,NORM
-1.4692966,-2.1413655,-2.5161386,-0.27787572,2.81162,1.1532035,0.05360853,0.9702796,-0.30460605,-2.369856,-0.119850785,-2.0235844,0.01925759,0.23393527,0.66305465,668,seg_8a10s,NORM
-0.72315645,-3.6660159,-2.7865338,-1.7895966,4.310714,-0.62297904,0.46496794,2.9386933,-0.96174425,-6.4099894,0.4148229,-2.3779871,-0.53914696,-0.31737393,-0.7069721,669,seg_0a2s,NORM
-1.6231818,-3.9672277,-2.1463933,-1.087173,4.076794,-0.20346865,0.48839322,3.517473,-0.5870759,-5.235878,0.22612181,-2.3573172,-0.47393,-0.42736405,-0.24662122,669,seg_2a4s,NORM
-0.7807334,-3.8016825,-2.9516087,-1.923244,4.5304213,-0.3597382,0.33603203,2.9250982,-1.0749669,-6.256208,0.13628486,-2.4545913,-0.6200026,-0.20157497,-0.39608273,669,seg_4a6s,NORM
-0.9755626,-3.8758945,-2.8590746,-1.7050388,4.420822,-0.534389,0.41201112,3.0172,-1.1071944,-6.4032254,0.35981455,-2.4088545,-0.6388039,-0.3485813,-0.64763296,669,seg_6a8s,NORM
-1.9091069,-3.9757905,-2.21567,-1.1041319,4.3389783,-0.02959174,0.4766623,3.4137967,-0.8942167,-5.2261553,0.1937646,-2.4524186,-0.52877593,-0.4555344,-0.31665188,669,seg_8a10s,NORM
-1.3702345,-3.3080552,-2.5733743,-0.19441769,5.168238,0.17308205,-0.639017,2.4608712,-1.8575726,-4.7651095,-0.37148306,-1.1584237,-0.2781579,0.41239363,-1.3387893,670,seg_0a2s,NORM
-2.7025418,-4.176097,-2.436131,-0.66719085,4.3787766,0.7857151,-0.2929175,2.4226897,-1.2821016,-5.1459727,-0.2965102,-1.5950918,-0.8003543,-0.100035295,-1.3698528,670,seg_2a4s,NORM
-1.3945326,-3.369963,-3.0453496,-0.9249169,4.187298,0.44039956,-0.51729155,1.3631749,-1.6697993,-5.8648925,0.30113053,-1.2253397,-0.5135134,-0.12785257,-1.9427572,670,seg_4a6s,NORM
-1.6274296,-3.4496002,-2.9716282,-0.6795897,4.1441607,0.4444129,-0.5574731,1.5173376,-1.4820938,-5.6880064,0.5142172,-1.3173462,-0.4890474,-0.3044626,-2.032323,670,seg_6a8s,NORM
-2.8721492,-4.078134,-2.4106603,-0.1179543,4.199244,0.85915804,-0.33119717,2.3077884,-0.9844133,-5.1189218,-0.026975594,-1.7321877,-0.63348633,-0.0148444325,-1.427106,670,seg_8a10s,NORM
-0.6120418,-4.9209585,-3.8897314,-2.5585577,4.0526123,-0.9500917,0.32988372,2.0272496,-1.2545371,-5.0795317,0.5611998,-5.5680137,1.085265,1.7711598,-0.2839691,671,seg_0a2s,NORM
-1.6202776,-5.026334,-3.2372851,-1.5932353,4.875377,-0.6241791,1.0612692,1.8984706,-0.94028264,-4.3742776,-0.050813906,-4.9283895,0.40595764,0.6147779,0.5972082,671,seg_2a4s,NORM
-0.09869337,-4.5438004,-3.7778878,-1.802485,4.079584,-0.69238853,0.5743649,1.2930186,-0.6885346,-4.4274387,0.1883829,-4.630946,0.5032453,0.7394888,-0.046531737,671,seg_4a6s,NORM
-1.3509156,-4.671659,-3.1484938,-1.440685,4.6607027,-0.26906452,1.1885056,1.5884377,-0.5713756,-3.9090536,-0.25464895,-4.5536757,0.3231271,0.31564364,0.439144,671,seg_6a8s,NORM
-0.58012336,-4.4314694,-3.5705986,-1.8584988,4.355804,-1.1986835,0.8358731,1.3860298,-1.0037346,-4.489614,0.22256568,-4.7060037,0.013436459,0.5135795,0.13754046,671,seg_8a10s,NORM
-2.5351996,-2.0511844,-2.9898672,1.0269973,4.6838255,-0.28445813,-0.16288067,3.9317765,-2.8836918,-4.7098527,1.9820186,-4.1189175,-0.69927347,0.020961791,-0.78102744,672,seg_0a2s,STTC
-2.711962,-2.0471597,-3.0713139,1.2787032,4.433852,-0.25910023,-0.090295754,3.8895006,-2.997111,-4.5997386,1.990717,-4.073812,-0.93904924,-0.10679318,-1.1874412,672,seg_2a4s,STTC
-2.7009363,-2.5373929,-2.4998913,0.94071996,5.3176217,-0.22836539,-0.6108145,4.0240436,-2.469681,-4.6358128,1.7898366,-4.194614,-0.52906024,0.116169654,-0.34402606,672,seg_4a6s,STTC
-1.4485526,-2.492063,-2.8315916,-0.2519979,5.152794,-0.32945946,-1.4513313,2.210357,-2.4176962,-5.760142,2.3447566,-4.2362356,-0.9562619,-0.459082,-0.6363108,672,seg_6a8s,STTC
-2.6158967,-1.8338436,-3.2069926,1.1021479,4.21412,-0.24568179,0.035708003,3.8581772,-3.1321106,-4.5181293,2.0556746,-4.0265584,-0.8389879,-0.09501262,-1.098882,672,seg_8a10s,STTC
-0.32240015,-2.1808465,-2.650948,-0.34195104,2.940372,0.4838356,0.5372208,1.2296941,-0.5505491,-3.8829737,0.68573695,-1.8796465,0.8741486,-0.11666475,0.2886275,673,seg_0a2s,NORM
-0.6548293,-1.9866145,-2.4925594,0.47666788,3.734231,0.5057739,0.2807715,2.2510192,-0.7465647,-3.2101297,0.3378953,-1.7736568,1.0154078,0.38633412,0.37019807,673,seg_2a4s,NORM
-0.2961487,-2.2509885,-2.5190372,-0.41603833,3.025373,0.399289,0.5168828,1.2685941,-0.5033356,-3.9283564,0.5814301,-1.9576409,0.73640114,-0.08781654,0.30100653,673,seg_4a6s,NORM
-0.36085066,-2.320909,-2.642004,-0.24407616,2.9774525,0.4790104,0.39168945,1.303683,-0.59225136,-3.8052547,0.767012,-1.8874776,0.84092385,-0.20822187,0.36703223,673,seg_6a8s,NORM
-1.433672,-2.6893644,-2.3021312,-0.26203948,2.9430156,0.9042952,0.85737723,1.8902528,-0.31119055,-3.1120582,0.07119016,-1.8944495,0.7226404,-0.046075612,0.88531184,673,seg_8a10s,NORM
9.5224905,-9.893394,-5.646197,-7.3262444,16.164724,-0.063030005,-1.1063452,3.3845098,-11.282929,-12.667008,-4.2763844,-3.0434678,3.829718,1.9777967,4.1962757,674,seg_0a2s,STTC
5.4243336,-6.3399687,-4.850462,-3.3351464,10.212754,0.3854614,-2.2433958,1.9641926,-6.968749,-5.840419,-1.5917859,-3.5979147,1.0422127,0.23996204,1.3196172,674,seg_2a4s,STTC
13.976619,-11.267774,-3.9770517,-5.149201,13.988964,1.3596085,-2.925025,7.4094605,-12.144913,-9.958432,-1.7088801,-0.18786964,6.320639,-2.1270316,2.572397,674,seg_4a6s,STTC
2.1332333,-4.648752,-3.9933448,-2.9555678,7.5621295,0.34952018,-0.289891,2.7088814,-4.7050037,-6.2694626,-1.0182565,-3.3185794,0.54994416,0.46016324,2.4791327,674,seg_6a8s,STTC
0.59834653,-3.5914102,-5.10959,-3.5698621,4.351142,1.0010906,1.0839014,0.65974355,-2.566656,-7.8998322,-1.2140969,-3.968079,-1.1728244,1.0041246,0.8303952,674,seg_8a10s,STTC
-0.021193743,-2.772263,-2.873662,-0.14591286,3.5056524,0.095929876,0.49962822,-0.17462656,-0.6875794,-3.88346,0.18401566,-3.0022604,0.28314763,0.20874397,0.53470945,675,seg_0a2s,NORM
-0.6817628,-4.7247567,-1.4862593,1.6445153,4.852464,-0.3845403,1.412547,0.3222,-2.2622724,-5.0671906,-0.009029973,-5.410604,-0.23727605,0.21301714,0.4616596,675,seg_2a4s,NORM
0.20368047,-3.5685675,-2.0322614,0.96353894,4.465704,-0.50098896,1.184515,-0.73862517,-1.9275451,-4.765141,0.32380334,-4.786534,-0.010575607,0.045704573,0.23103072,675,seg_4a6s,NORM
-1.1771144,-3.9839966,-2.1113577,0.9155378,3.9340932,-0.015126079,0.7894414,0.7055511,-1.1307204,-3.767672,0.0903248,-4.0102124,-0.062536314,0.14867331,0.65504843,675,seg_6a8s,NORM
0.96747434,-4.3239193,-3.4228463,-0.2413528,4.901291,-1.4376224,1.78893,-0.7498205,-2.9469254,-6.452972,0.17082691,-5.527423,0.033243768,0.59319293,0.050658435,675,seg_8a10s,NORM
-0.23555565,-3.3350673,-3.61729,-1.9946687,2.299214,-0.78730965,-0.7891402,0.07698244,-0.023723647,-2.319087,1.0346818,-3.1333723,-0.6844174,-0.67668104,0.35362318,676,seg_0a2s,NORM
-0.22661817,-3.4373767,-3.410184,-1.938643,2.1373568,-0.8523929,-0.543173,0.18900356,0.03329476,-2.5656128,1.0227089,-3.1416526,-0.50270456,-0.56099105,0.27765927,676,seg_2a4s,NORM
0.36308044,-2.8598194,-3.6141677,-1.5663917,3.5420268,-1.0095274,-1.0834975,0.5327769,-0.5087334,-2.4015758,0.658465,-3.1755424,-0.4539101,0.052988708,0.13568929,676,seg_4a6s,NORM
0.6049697,-3.4282322,-3.004005,-1.9809659,3.277928,-1.126289,-2.2475123,-0.65414846,0.51115894,-2.5065548,1.3168846,-3.2290094,-0.6086111,-0.6351611,0.38576388,676,seg_6a8s,NORM
-0.3450532,-3.7768216,-3.815559,-2.0534084,2.4963372,-1.1672701,-1.2261693,0.1373153,0.02883166,-2.2038996,1.2689022,-3.306861,-0.87027824,-0.8167819,0.10948361,676,seg_8a10s,NORM
1.4131924,-2.875131,-4.67592,-1.9883919,2.938192,-0.15000889,-2.121558,0.7866231,0.4000954,-3.375825,0.49500093,-2.7821965,0.33199608,1.2495408,0.295045,677,seg_0a2s,NORM
-0.48379463,-4.037861,-3.794366,-1.0703399,3.1798248,0.26623547,-1.3442746,1.619637,0.79117566,-3.0000741,-0.14561898,-2.3281257,0.031383388,0.6914502,1.1583539,677,seg_2a4s,NORM
-0.10560269,-4.2175326,-3.304799,-1.2137802,3.7129555,0.24341351,-1.6011018,1.4286773,1.0273612,-3.0803857,-0.48541257,-1.9125319,0.16170979,0.64540946,1.5866809,677,seg_4a6s,NORM
0.089836404,-3.5601068,-3.6203227,-0.9056228,3.0221987,0.128591,-1.2004018,1.0923636,0.87986207,-3.0403633,-0.15741813,-1.5886945,-0.031871907,0.28938082,1.3746963,677,seg_6a8s,NORM
-0.28826043,-3.9265084,-3.4081788,-1.2372816,3.3933618,0.30681404,-1.4620646,1.5727564,1.2074478,-2.8592093,-0.30800965,-1.9206839,0.10797544,0.5040618,1.4592072,677,seg_8a10s,NORM
0.08413021,-1.282388,-4.268561,-1.7162969,2.5563922,0.04673919,-0.43325692,1.2451316,-0.11044383,-3.1791766,0.5612964,-2.543202,-0.41251445,0.47317356,0.12587513,679,seg_0a2s,NORM
-1.3925207,-1.6319599,-3.5161176,-1.2819681,2.7879167,0.6258234,-0.40930828,2.2590058,0.37267554,-1.9727896,0.15769789,-2.7252123,-0.40873122,0.5826187,0.77140844,679,seg_2a4s,NORM
-0.03612025,-1.2392224,-3.9952102,-1.6300225,2.5652227,0.10481006,-0.3960886,1.4453698,0.13588975,-3.231012,0.5593413,-2.6059825,-0.25690442,0.6099726,0.24055012,679,seg_4a6s,NORM
-0.5427423,-1.5177182,-4.0904193,-1.905416,0.96748316,0.07219675,0.27174258,0.9552225,0.4298256,-3.0780199,1.248653,-2.4308047,-0.3760985,-0.39695203,0.14481595,679,seg_6a8s,NORM
0.019336507,-1.250724,-4.0801516,-1.7882321,2.6137247,0.10774346,-0.465556,1.5418968,0.12635301,-3.1276724,0.48931548,-2.8184292,-0.37762678,0.68372107,0.24381113,679,seg_8a10s,NORM
-1.9362305,-4.38962,-2.7326093,-1.1668227,3.6991265,0.5018924,1.2173245,1.9016244,0.29062143,-4.230242,-0.72525734,-1.6752999,0.427737,-0.15392561,0.23179586,681,seg_0a2s,MI
-0.77657914,-3.8403194,-3.222159,-1.6385429,3.721267,0.068076134,1.1151639,1.1152592,0.0107507855,-4.8982744,-0.58227277,-1.6030049,0.36385083,-0.03377062,-0.045358777,681,seg_2a4s,MI
-0.79830974,-3.7427294,-3.414195,-1.7585111,3.8759801,0.16359809,0.8481068,1.0194409,-0.18471119,-4.819121,-0.56730485,-1.6517825,0.10866594,-0.123421595,-0.16148001,681,seg_4a6s,MI
-0.84795606,-3.7654362,-3.1196985,-1.444629,3.6770232,0.10088739,1.0788316,1.1049079,0.14599676,-4.7732267,-0.4850268,-1.5380644,0.4184714,-0.09607045,-0.12933502,681,seg_6a8s,MI
-6.5170503,-10.915282,-10.810108,-9.876435,17.580715,3.8010604,-4.439087,8.348646,-13.906435,-21.296549,-1.8532181,-9.100702,-8.494046,0.56544125,-6.190069,681,seg_8a10s,MI
-0.79803365,-2.583086,-2.9461942,0.28832585,3.2191434,0.20522116,-0.37803409,0.10369712,-0.5248292,-2.3945446,0.9206268,-2.9706504,0.39680696,-0.0008248836,-0.2771295,682,seg_0a2s,STTC
-2.142204,-3.3356225,-2.396677,0.45829302,3.3629122,0.61537826,0.041373067,1.0444602,-0.19004303,-1.9466453,0.39397547,-3.009853,0.4238934,0.035685048,0.32617956,682,seg_2a4s,STTC
-0.7060337,-2.4178932,-3.1807814,0.03341057,2.8712187,0.19458851,-0.048798703,0.058457613,-0.59799415,-2.432707,0.8035868,-3.0340123,0.4109491,0.1850037,-0.41851124,682,seg_4a6s,STTC
-1.0898684,-2.5002582,-2.766294,0.97504324,4.016611,0.08269352,-0.15406705,1.159095,-0.94904286,-2.0850546,0.50009024,-3.1609375,0.66603,0.6321836,-0.4353796,682,seg_6a8s,STTC
-1.8333817,-2.8335953,-2.586761,0.4002673,2.860001,0.6405065,0.18131626,0.7263304,-0.4104414,-1.7709333,0.34587598,-2.8086214,0.28376752,0.0902857,0.07522421,682,seg_8a10s,STTC
0.8384378,-3.5741234,-3.1525297,-1.5764358,1.7950583,-0.46004364,-1.0476547,-0.23030695,1.001018,-3.2888482,0.5718647,-1.4730024,-0.11816214,-0.5478546,0.74808383,683,seg_0a2s,NORM
0.70437264,-4.015375,-3.4166555,-1.5482836,1.8801664,-0.85142016,-1.1753271,-0.011431903,1.0680579,-3.3523579,0.6918566,-1.7530589,-0.5504038,-0.7576139,0.7870884,683,seg_2a4s,NORM
0.78984094,-3.9083188,-3.3734927,-1.5818448,1.9601164,-0.59231424,-1.1753049,-0.06802961,1.1435287,-3.4649918,0.60039014,-1.6463413,-0.36483723,-0.6709706,0.7554463,683,seg_4a6s,NORM
0.74819493,-3.5487046,-3.0904436,-1.5097759,1.8939512,-0.40848818,-0.9772346,-0.30989584,0.9686962,-3.48528,0.5117785,-1.4185435,-0.15594113,-0.5442258,0.72891843,683,seg_6a8s,NORM
0.57677764,-3.8978643,-3.4582386,-1.6928735,2.1651568,-0.38946673,-1.321763,0.05293128,0.759273,-3.4352148,0.5578901,-1.8586608,-0.6188562,-0.66731316,0.7124474,683,seg_8a10s,NORM
0.9355335,-3.2456236,-2.9500155,-1.8401282,3.6216445,0.65310997,-0.8086598,-0.13703191,-0.42714447,-3.77499,0.6249627,-2.1522117,0.78707606,-0.64318055,0.5013873,684,seg_0a2s,NORM
0.7740894,-3.4503157,-2.9272819,-1.5743232,3.399133,0.50947714,-0.8665519,0.21221122,-0.56171614,-3.843802,0.94367105,-2.1912363,0.75403756,-0.78463596,0.27023298,684,seg_2a4s,NORM
0.5149795,-3.4194944,-2.949606,-1.6731608,3.6704488,0.71416306,-0.921564,0.06139934,-0.31729504,-3.9050858,0.90236354,-2.3822773,0.7941597,-0.72798115,0.39543694,684,seg_4a6s,NORM
0.6053758,-3.405785,-2.8084354,-1.4278908,3.4999175,0.60619485,-0.8180943,0.1988492,-0.21111646,-3.9782467,1.0314221,-2.3401449,0.8793609,-0.7799687,0.2813459,684,seg_6a8s,NORM
0.659305,-3.3115942,-2.734105,-1.4765537,3.4327812,0.72071004,-0.8829465,0.084516495,-0.23085469,-3.7699633,0.9011041,-2.3224092,0.7598493,-0.76273185,0.34103262,684,seg_8a10s,NORM
8.617773,-9.099629,-5.8674965,-6.8677683,16.402912,-1.6934502,-1.8905584,2.0561483,-12.226567,-13.743966,-2.3287108,-4.078356,4.6327066,3.0080116,4.0301604,685,seg_0a2s,MI
10.528542,-9.197338,-3.8975806,-5.5915356,14.899329,-0.022765815,-2.380217,3.9988933,-10.764433,-10.430549,-1.2583797,-3.246396,5.710765,0.36158833,1.7632823,685,seg_2a4s,MI
4.6662273,-5.6318736,-4.42319,-4.2149053,10.46142,-0.1290336,-0.60535187,2.145223,-6.8500056,-8.327557,-0.29035646,-4.5917625,3.4046724,1.1319612,1.035938,685,seg_4a6s,MI
1.7035794,-4.46311,-4.5043836,-2.9378257,6.274761,0.45601422,0.63208973,0.6669518,-3.642065,-6.874729,0.46832582,-4.482826,2.1057854,0.42838365,0.05435317,685,seg_6a8s,MI
0.9820708,-4.099249,-4.5671444,-2.5473127,6.551138,0.26815894,0.29733256,1.5210177,-3.2300909,-6.469444,0.5216249,-5.2492085,2.0503795,1.3069218,-0.5943711,685,seg_8a10s,MI
-0.72593266,-3.2069578,-2.1604052,-1.887825,3.9599316,-1.5444049,-1.2373743,2.920264,-1.3512361,-5.534118,2.9621296,-3.7004862,-0.7763412,-1.6111454,0.39996764,686,seg_0a2s,STTC
-0.5849567,-2.973823,-1.6678709,-1.7834549,3.2892668,-1.4108188,-1.1087344,3.4583044,-0.96858877,-4.952056,3.1420982,-3.1776206,-0.35009116,-1.815974,0.46589294,686,seg_2a4s,STTC
-2.0445266,-3.8611062,-1.1336191,-1.5390465,5.027719,-0.6239189,-0.6309602,4.826929,-1.0080738,-4.471728,1.0582085,-3.3637059,-0.29039186,-0.43565434,1.273286,686,seg_4a6s,STTC
-0.85081846,-3.3276231,-1.7501951,-1.969949,3.5954309,-1.9162796,-0.9659054,3.25437,-1.441154,-5.421775,3.071674,-3.5224826,-0.44138795,-1.5301291,1.0180845,686,seg_6a8s,STTC
-0.4978934,-3.7747223,-2.7055588,-2.7113426,3.9278405,-1.4253103,-1.1445038,3.5444648,-1.4649012,-6.744222,2.7686298,-4.044485,-0.38979977,-0.8618269,0.42787936,686,seg_8a10s,STTC
-0.47259045,-2.442812,-2.7386742,-0.87461823,3.7748601,0.7676711,0.34269604,1.713022,-1.2526741,-4.1252165,0.20710075,-2.8266993,0.5196958,0.40873098,0.38379192,687,seg_0a2s,NORM
-0.04208766,-2.6428208,-2.5533366,-0.9930219,3.9683352,0.54826766,-0.19676235,1.6263771,-1.2182004,-4.4742813,0.32916936,-3.1666362,0.1888486,0.40765804,0.31887102,687,seg_2a4s,NORM
0.54671496,-2.379484,-2.7130098,-1.0047972,3.5465715,0.32426232,0.1596955,1.5004324,-1.6413577,-4.339374,0.2714682,-3.0926669,0.13806346,0.39028624,0.37851542,687,seg_4a6s,NORM
-1.0346955,-1.9910781,-2.6842527,0.34793448,4.188116,0.48643562,0.18127379,2.4593663,-1.0324793,-3.7823637,0.22460201,-3.0531106,0.27001488,0.8492236,0.08490607,687,seg_6a8s,NORM
0.3403427,-3.1402323,-2.8677855,-1.4091322,4.2071037,0.44914353,0.23504424,1.9352543,-1.8848631,-4.8543906,-0.23032257,-3.2386699,0.2661726,0.71860224,0.8448583,687,seg_8a10s,NORM
-4.3095765,-8.058186,-5.8007064,-5.0409703,8.058503,-6.5071545,0.34444135,3.560389,-6.136821,-10.917582,3.095524,-8.281131,0.7625278,2.6489449,4.0888605,688,seg_0a2s,STTC
-0.98970574,-5.370495,-3.9003572,-2.0502248,5.4486575,-1.0517099,-0.027639918,0.84141874,-2.4614081,-5.494907,2.1102457,-5.3029914,1.1281353,-0.5486625,0.07027939,688,seg_2a4s,STTC
-2.6997173,-6.7427373,-4.636998,-2.7146766,7.815341,-2.4390652,-0.41318342,2.2687051,-4.1575513,-7.1793942,1.2721689,-6.2243543,1.3226192,1.8431082,1.7295864,688,seg_4a6s,STTC
-0.44832033,-4.418846,-5.2059364,-2.5156915,6.4292927,-0.7980939,-0.4220156,0.90645456,-2.807274,-5.34252,1.1982648,-5.7536983,0.78551584,0.78399324,-0.50591385,688,seg_6a8s,STTC
-2.4744344,-6.0791764,-4.5310574,-1.7987592,6.5750594,-0.7890781,-0.15574192,2.8124287,-2.1454163,-5.342994,1.0534489,-6.858569,0.26732922,0.7773452,0.23647954,688,seg_8a10s,STTC
-5.3481684,-6.6949697,-5.886394,-6.3380404,5.543451,-6.920791,0.29508615,4.3508005,-7.3094106,-11.86731,2.233042,-5.6244583,-0.06780051,4.324213,6.724609,689,seg_0a2s,CD
-2.247991,-3.434709,-4.5288644,-2.5909467,3.9808924,-0.22285631,0.11048787,2.6746914,-2.7238517,-5.3003435,0.1662113,-3.107105,-0.48659128,1.0331501,2.8147547,689,seg_2a4s,CD
-3.491961,-4.637215,-5.511191,-3.8681624,4.4464283,-3.2003965,-0.1308436,2.5095875,-4.2956977,-9.139774,1.0265313,-4.289269,-0.24931626,3.3866446,3.6430447,689,seg_4a6s,CD
-2.1986737,-2.793003,-4.3944926,-1.9653978,3.4177735,-0.9929844,-0.48982713,2.0449414,-2.6023958,-5.5211554,1.093936,-3.4535255,-0.51204437,1.5069026,1.5132462,689,seg_6a8s,CD
-2.2048712,-2.8788338,-4.967038,-2.432098,3.8155348,-1.2272112,-0.48239827,1.6422848,-3.328906,-6.090258,1.057926,-3.6364613,-0.2634004,1.9541479,2.1671872,689,seg_8a10s,CD
-0.83870417,-1.7370948,-2.4170575,0.08361563,0.89601386,-0.040920734,0.14550659,-0.19865918,0.6894344,-2.7502623,1.5506655,-2.1936338,-0.19544321,-0.78469193,-0.12517723,690,seg_0a2s,STTC
-1.638341,-2.83781,-1.3155613,0.24536596,3.831519,0.60618746,-0.8038291,1.1974694,0.8033296,-2.2577198,-0.12406424,-3.113614,-0.14863104,0.51323575,0.8761308,690,seg_2a4s,STTC
0.13183786,-1.9106088,-2.1203961,-0.42160887,1.9870571,-0.060678363,-0.8050933,-0.84765834,0.8978937,-3.2533216,1.2468452,-2.6662781,-0.27212912,-0.44030344,0.015617222,690,seg_4a6s,STTC
0.27061558,-1.9217724,-2.1182313,-0.4162774,1.9040259,-0.020130754,-0.8031831,-0.7303703,0.9940557,-3.2896395,1.2239233,-2.568568,-0.24448061,-0.46985793,0.08019183,690,seg_6a8s,STTC
0.34499013,-1.920998,-2.296156,-0.4594754,2.0511222,0.03190881,-0.4790902,-0.65499854,0.8150332,-3.7410498,1.0710642,-2.9947884,-0.50160074,-0.41650605,0.16717164,690,seg_8a10s,STTC
-0.9237227,-2.4897478,-3.584,0.181254,4.700492,1.4466797,-1.0377324,1.7516778,-1.5662978,-2.7949917,0.4689586,-3.1886396,1.601277,1.3581861,-0.07139462,691,seg_0a2s,MI
-0.7608447,-2.5134332,-3.6813197,-0.2629596,2.9181077,1.4563609,-0.5374635,0.86850584,-1.5290706,-2.7008688,0.6933385,-2.856868,1.1735939,0.8029508,-0.22126427,691,seg_2a4s,MI
-0.6601895,-2.8682365,-3.4661732,-0.62241995,3.7094896,1.4798782,-0.76945955,0.90709925,-1.1622119,-3.0820565,0.35108453,-2.9644158,1.207544,0.89571494,0.3006918,691,seg_4a6s,MI
-0.9130269,-2.4705682,-3.4161553,-0.17583409,3.1534646,1.6563865,-0.6066764,0.82878923,-1.300534,-2.7968953,0.6543958,-2.8297749,1.3343792,0.8405128,-0.09522709,691,seg_6a8s,MI
-1.3496293,-2.8241239,-3.71111,-0.61133665,3.870852,1.8457482,-0.90442115,0.98601425,-1.5282979,-2.7405543,0.2745489,-3.039356,0.9424838,0.91908336,0.078767166,691,seg_8a10s,MI
-1.511543,-3.7237532,-2.0464044,-0.67734855,5.598328,0.1906519,-0.7974245,3.3111038,-0.789476,-4.031582,-0.754521,-1.5668371,-0.37745535,0.33926117,-0.7294775,692,seg_0a2s,STTC
-1.740435,-2.7863424,-2.5416164,0.5251001,3.0549788,-0.46753344,0.29224777,3.3415625,-1.0638742,-3.4779131,0.27453274,-1.6372851,-0.650352,-0.050140098,-1.3168199,692,seg_2a4s,STTC
-1.8082271,-2.876373,-2.5717535,0.47961214,3.548889,-0.3803114,0.16827568,3.1291504,-0.8027924,-3.9400504,0.2643783,-1.4376231,-0.47964358,-0.034552485,-1.3723809,692,seg_4a6s,STTC
-2.1632197,-2.917747,-2.766426,0.6126653,3.5416481,-0.50168395,-0.043595724,3.2526512,-0.9748538,-3.8333595,0.5482976,-1.8048037,-0.8244531,-0.1641153,-1.6205332,692,seg_6a8s,STTC
-2.8321187,-3.506152,-2.7079196,-0.29226846,2.8575792,0.028562367,0.11285176,2.838808,-0.7017507,-3.5372026,0.22041327,-2.0806532,-1.28617,-0.42790556,-0.99877024,692,seg_8a10s,STTC
-0.018357366,-2.223989,-1.2696428,-1.635757,2.7111735,-0.1611515,-0.30041042,1.7864964,-1.2255666,-4.26726,1.4797226,-2.2269425,-0.5700536,-1.379114,-0.13703421,693,seg_0a2s,MI
-2.0329852,-3.1630445,-0.5846118,-0.56980205,4.6487164,0.5524142,-0.70812714,3.8879266,-1.1901693,-3.4618797,0.603112,-2.8791845,-0.5294458,-0.59007335,0.2676016,693,seg_2a4s,MI
0.14573143,-2.3394938,-1.5437325,-1.8179386,3.2052732,0.08827472,-0.34554592,1.8683934,-1.6261599,-5.0246024,1.3965957,-2.6121037,-0.7305418,-1.276773,-0.44926098,693,seg_4a6s,MI
-0.9199962,-2.5445633,-0.8541098,-0.8776785,4.42053,0.31054267,-0.7168782,3.127287,-1.3180254,-3.677733,0.65903616,-2.485659,-0.49532318,-0.63372546,-0.078648865,693,seg_6a8s,MI
-1.0579339,-2.6005125,-0.92354304,-0.5562939,4.3892264,0.27762905,-1.0359207,3.3108475,-1.2421172,-3.6333184,1.0422444,-2.5936213,-0.564831,-0.82075226,-0.22056386,693,seg_8a10s,MI
-0.5183632,-3.7138662,-2.383617,-1.2228825,2.7907894,-0.61126983,0.6898017,1.9139726,-0.74762714,-6.062715,1.3214498,-2.5570865,-0.6810039,-1.3825256,-0.10086128,694,seg_0a2s,NORM
-0.3175485,-3.4696958,-2.2874312,-0.91139024,4.808474,-0.53323567,0.04581072,2.2415886,-1.5566549,-6.460366,0.8305671,-2.9932408,-0.64106154,-0.5226095,-0.51178193,694,seg_2a4s,NORM
-1.6283699,-4.123832,-1.5056132,-0.2515759,4.9832435,-0.22930518,0.54760045,3.1341867,-1.532825,-5.768284,0.6253075,-3.222629,-0.46549046,-0.6608221,-0.22874895,694,seg_4a6s,NORM
-0.50194323,-3.7575762,-2.287682,-1.0435085,5.0489025,-0.3787584,0.5220647,2.632853,-1.6753848,-6.419848,0.43548542,-3.276799,-0.7447473,-0.5462248,-0.036451355,694,seg_6a8s,NORM
-1.7299429,-4.803261,-2.0188508,-0.026878566,5.6018653,-0.33150688,0.1586163,3.4460928,-1.8518724,-6.4151044,0.7459619,-3.8730006,-0.9056321,-0.66651404,-0.38284484,694,seg_8a10s,NORM
-0.67626464,-3.1976898,-2.466433,-1.0708454,3.8919396,0.19892657,-0.59017694,0.47652805,0.036463983,-1.8192713,-0.5461069,-2.2740395,0.04791701,0.22589573,1.1489311,695,seg_0a2s,NORM
0.31991172,-3.0459301,-2.9911695,-1.7729013,2.3581192,-0.2916737,-0.40132415,-0.7653632,0.033164352,-2.6701539,0.4625987,-2.067095,-0.11504164,-0.6623035,0.71612334,695,seg_2a4s,NORM
0.1286334,-3.1453726,-3.2686005,-1.694706,2.4388506,-0.32312867,-0.4578754,-0.8489948,-0.03322412,-2.8623016,0.484956,-2.2205832,-0.25330022,-0.5669593,0.6281043,695,seg_4a6s,NORM
0.2949664,-3.076509,-3.5120296,-2.0211816,2.4032001,-0.30378774,-0.29733852,-0.5684059,-0.27881673,-2.9035559,0.33207235,-2.3502965,-0.4719748,-0.5890298,0.89122903,695,seg_6a8s,NORM
0.13983639,-2.8835685,-3.1484761,-1.6459591,2.2217839,-0.21415824,-0.25929412,-0.7675409,-0.019223914,-2.6695871,0.4682831,-2.1866968,-0.21083225,-0.5835818,0.65811527,695,seg_8a10s,NORM
0.7090812,-2.1574965,-3.4166036,-2.1992462,3.9103198,-0.21309775,-0.67514753,1.489645,-1.1647115,-4.2526217,0.19065353,-3.0410671,-0.7934805,0.3486635,0.562616,696,seg_0a2s,NORM
-0.3121897,-2.65393,-2.7415104,-2.0235965,4.000961,0.29040512,-0.19782287,1.9920268,-0.8109946,-3.880134,-0.5944398,-2.9874275,-0.6477705,0.7255332,1.0045012,696,seg_2a4s,NORM
0.3428886,-2.3538222,-3.1938596,-2.4060302,2.2361774,-0.17509705,0.039120562,0.8361033,-0.5638941,-4.001503,0.60276526,-2.7058172,-0.73510706,-0.4373756,0.793339,696,seg_4a6s,NORM
0.7824557,-2.0671406,-3.1973057,-2.0253272,3.7718313,-0.30084828,-0.45615003,1.3662901,-0.93859035,-4.3364477,0.19709519,-2.9811687,-0.59480816,0.40298748,0.544848,696,seg_6a8s,NORM
-0.40401268,-2.4092803,-2.667912,-1.6694522,3.8679695,0.21805806,-0.44938776,2.0335329,-0.6543188,-3.3289382,-0.16210914,-2.8838892,-0.6172873,0.35876167,1.0679526,696,seg_8a10s,NORM
-1.9242303,-4.690886,-4.3428535,-2.9751208,6.8613687,0.23928204,-0.7787781,4.2167554,-0.78403276,-3.8831272,1.1384227,-3.6295314,1.4507358,-0.6372979,1.5903182,697,seg_0a2s,HYP
-0.28385448,-2.5946734,-3.8604655,-0.7300525,4.8886447,0.19484904,-1.4826331,3.6789603,-2.2384427,-3.4320788,1.1413337,-2.8140237,0.23357902,0.18785799,0.80669236,697,seg_2a4s,HYP
-0.8451268,-2.345626,-4.4252887,-1.3463349,2.6604986,0.6041063,-0.42960474,3.135354,-2.329811,-3.3708513,1.3505018,-2.5324452,-0.32656687,-0.530069,0.435781,697,seg_4a6s,HYP
-0.20281109,-2.1840856,-4.0056524,-0.94717115,3.9004495,-0.024549872,-0.76057565,4.1802816,-3.055214,-3.4214864,1.2494924,-2.9408286,-0.1455478,0.00087696314,0.67273843,697,seg_6a8s,HYP
-0.12007704,-1.7545158,-4.9681745,-0.88470364,5.1882615,-0.017594308,-1.0395745,4.6183395,-3.935447,-4.037919,1.0022426,-2.9673676,-0.38792396,0.4263487,0.6693261,697,seg_8a10s,HYP
-1.0236751,-3.9936879,-2.0537019,0.0052248985,5.1730437,-0.3267648,1.7164952,2.130355,-2.8555233,-5.8413563,1.5669885,-5.749894,0.74222666,-0.44639164,-2.0971751,699,seg_0a2s,MI
-0.75870526,-3.7969482,-2.0839925,-0.11563647,5.333104,-0.26467684,1.784208,1.753295,-2.6822433,-5.887089,1.4390552,-5.709688,0.9647068,-0.33642405,-1.920256,699,seg_2a4s,MI
-1.7540114,-4.1854534,-1.842417,-0.0240919,3.4375463,-0.1830951,2.4673579,1.5299312,-1.805238,-5.596746,1.9896578,-5.2005334,0.76564294,-1.290524,-1.7938701,699,seg_4a6s,MI
-1.0629568,-4.1347013,-1.7652583,0.34971416,6.7172756,-0.3346599,1.9725455,3.1860516,-3.1230323,-5.7650075,0.5361479,-6.339032,1.0604533,0.6131138,-1.781799,699,seg_6a8s,MI
-1.4338001,-4.0705075,-2.2121854,-0.35703543,5.9459963,0.35420626,1.6868018,1.7707756,-2.7339056,-5.9064,0.7679089,-5.77485,0.5696045,-0.1286285,-1.6372703,699,seg_8a10s,MI
-0.11830234,-1.9031804,-3.7812257,-1.069464,3.6213543,0.34690455,-0.8606653,2.0444472,-1.3110509,-2.3401928,1.1918927,-3.651319,-0.6878772,-0.6068941,0.44448996,700,seg_0a2s,MI
0.10719602,-1.9092108,-3.748773,-0.7899861,3.3090167,0.08394374,-0.6872537,2.155748,-1.5847626,-3.0564442,1.5469812,-3.7154663,-0.56172407,-0.54708326,0.12291794,700,seg_2a4s,MI
0.12148486,-2.0146015,-3.4482422,-0.83824736,3.4658668,0.09392187,-0.6556352,2.5436473,-1.287071,-3.078616,1.5688488,-3.918561,-0.31824672,-0.48399633,0.33383745,700,seg_4a6s,MI
-1.0773549,-2.2970064,-2.9431915,-0.3236609,3.495115,0.5168465,-0.5639507,2.8058124,-0.8392743,-2.1122866,1.2723324,-3.572924,-0.28032428,-0.6489029,0.6517787,700,seg_6a8s,MI
0.22560097,-1.9892125,-3.604607,-0.7206312,3.3940825,-0.1029776,-0.63726765,2.2168748,-1.4912477,-3.419389,1.7397846,-3.8012242,-0.31603885,-0.5199846,0.048983887,700,seg_8a10s,MI
-0.7747327,-4.104668,-3.2756948,-1.4866393,6.150465,0.1313908,-1.2499951,3.1855996,-1.835532,-5.8260055,1.6835288,-2.752553,0.18768387,-1.3847315,0.95856214,701,seg_0a2s,MI
-1.265676,-4.0149245,-2.8203745,-0.4488138,6.346268,-0.18759575,0.3642167,4.9122896,-1.4819832,-5.1633873,1.4482682,-2.6735828,1.5333656,-0.9821234,0.9652209,701,seg_2a4s,MI
-1.0620624,-3.443644,-2.5862236,-0.1752384,5.5754504,-0.022702068,0.17635977,4.4126477,-1.6822519,-4.686078,1.1397153,-2.3206542,1.2109292,-0.5986735,1.2837429,701,seg_4a6s,MI
-0.7031824,-2.4016714,-3.6061635,-0.4702524,4.473632,0.28001878,0.33292693,4.350514,-3.0233665,-4.829245,1.4392732,-2.5689769,0.6246318,-0.43755937,0.38563445,701,seg_6a8s,MI
-1.3060805,-2.687047,-3.6424546,-1.8210142,2.727862,0.95976794,0.3151339,4.4611406,-2.243533,-4.3439355,1.6207852,-3.3270984,1.4496287,0.5177482,0.2125645,701,seg_8a10s,MI
1.0130738,-3.1440122,-2.0430837,-2.3140447,3.7386806,-0.56171966,-1.7449735,0.80854154,-2.332425,-4.2016907,1.3503612,-3.0362298,-1.0245929,-1.1184499,0.92801476,702,seg_0a2s,CD
1.2314546,-2.9683366,-1.2426977,-1.6272583,3.1590445,-1.1346741,-1.4646873,0.7428771,-1.4933834,-4.021117,1.7757995,-2.990318,-0.52414453,-1.1784557,0.90635073,702,seg_2a4s,CD
0.97838736,-2.8907542,-3.305768,-3.455863,4.367479,-0.61302185,-2.0745106,-0.18087555,-2.0404441,-3.4318137,0.38860577,-3.2357945,-2.1444929,-0.9495435,1.3289577,702,seg_4a6s,CD
-0.67640436,-3.880042,-1.2321979,-1.2703152,5.412476,-0.3066723,-2.4964764,2.4839702,-1.6499372,-2.675807,0.58210874,-3.320143,-0.87738466,-0.41995257,1.6705709,702,seg_6a8s,CD
0.81042874,-2.3126225,-2.0855503,-2.0710795,2.3863897,-0.63494587,-0.28392997,0.41524756,-1.9992337,-3.2306688,0.9546746,-2.498465,-1.1212522,-1.3284518,0.6520008,702,seg_8a10s,CD
-0.86761224,-3.6635334,-3.4997582,-2.2066634,3.73582,0.48283085,-0.120273,1.8986256,-1.5728374,-3.2223945,-0.7148655,-2.2809067,-0.30692053,0.27685314,0.5258151,703,seg_0a2s,MI
0.15240751,-2.876952,-2.7820477,-0.91555053,3.456816,-0.8007169,0.22900811,2.0665486,-1.5637162,-2.548041,-0.51379013,-2.3382041,0.13875337,0.8094519,0.0410728,703,seg_2a4s,MI
-0.4459803,-3.4314928,-2.6731129,-1.7491016,3.0236068,-0.14465141,0.052710436,1.6597553,-1.1743143,-2.9100556,-0.59721595,-2.0400605,-0.08445261,0.47262973,0.6986985,703,seg_4a6s,MI
0.09398337,-2.7656493,-3.1209369,-1.8862908,2.7568939,-0.017609656,-0.3291755,1.1513456,-1.1764834,-2.5843918,-0.284587,-1.5271136,-0.07012169,0.16548027,0.4837365,703,seg_6a8s,MI
0.76291966,-3.3702548,-3.0137057,-2.3363454,2.17465,-0.4139774,-0.0799492,0.2916513,-1.4083498,-3.4704158,0.30565733,-1.2342795,0.4825822,-0.32067102,0.5999489,703,seg_8a10s,MI
-3.074972,-8.441242,-5.8467674,-5.297166,6.808546,-3.9021146,-1.4573647,4.3480644,-4.931617,-9.392478,2.7476501,-6.482316,-1.0558715,0.25761515,1.871348,704,seg_0a2s,MI
-1.8272005,-5.8790154,-5.7558527,-3.390793,6.8932056,-1.0529529,-2.0475812,3.556326,-3.9280488,-5.8236036,1.7858611,-5.510671,-1.1331587,-0.3499441,-1.1439646,704,seg_2a4s,MI
-2.828824,-6.7376733,-5.4517326,-3.817095,7.8318696,-1.137918,-2.3235042,4.0521717,-3.7459753,-5.879185,1.3841457,-5.8874207,-1.1133426,0.074489646,-0.27631935,704,seg_4a6s,MI
-3.065007,-6.046327,-4.636812,-2.1939943,6.2866316,-0.9804169,-1.7589253,4.3541837,-2.712558,-4.6017947,1.991944,-5.2964315,-0.98174745,-0.7702322,-0.82500243,704,seg_6a8s,MI
-2.2075853,-5.7076983,-5.692522,-2.8760858,8.043705,-0.76552856,-2.091209,4.780811,-3.8475688,-5.169815,1.0990622,-5.7736435,-1.1784999,0.12941225,-1.1424552,704,seg_8a10s,MI
-0.80238,-1.6422343,-4.9882574,-1.0878351,4.3404193,0.24569042,-1.5612214,3.0939581,-0.6181434,-2.067433,0.15911373,-4.2310996,-1.4915913,1.016987,1.009425,705,seg_0a2s,CD
-1.7447354,-2.2069125,-4.6483417,-1.2105045,3.2558136,0.518949,-1.4212863,2.309837,0.1091084,-1.7684523,0.33430606,-4.1268296,-1.8338717,0.4036671,0.859794,705,seg_2a4s,CD
-1.4409317,-2.1899817,-4.684952,-1.4075627,3.1153436,0.12784185,-1.276944,2.7438254,0.13076045,-1.8765756,0.44415393,-4.593227,-1.945873,0.51609766,1.0233217,705,seg_4a6s,CD
-1.8438143,-2.0684888,-4.2434807,-0.7880638,2.7682543,0.4806108,-1.2961862,2.4064362,0.27697754,-1.3130802,0.46899542,-3.7966795,-1.6204365,0.31780988,1.0194149,705,seg_6a8s,CD
-1.0909334,-2.469918,-4.471858,-1.4014611,5.4222054,0.25424683,-1.9194275,3.7120411,-0.052966565,-2.4079359,-0.2510141,-4.76769,-1.410482,1.3237287,1.6213553,705,seg_8a10s,CD
-0.73822474,-2.559875,-3.48098,0.14054322,3.9616299,0.25401473,0.21085474,2.2368572,-1.5398648,-4.2725253,0.6650465,-1.6681446,1.3115609,0.547396,0.65963435,706,seg_0a2s,MI
-0.3156958,-2.9384718,-3.2671041,-0.4082278,3.4338615,0.45951718,-0.43828207,1.07422,-0.8835638,-4.4792385,1.0088911,-1.4847528,1.1199228,-0.090421155,0.85333514,706,seg_2a4s,MI
-1.1197118,-2.6781876,-3.41719,0.11247983,4.0211916,0.57467246,0.29140055,2.5222504,-1.6829257,-4.04922,0.39708942,-1.6271678,1.1964945,0.5329766,0.8823675,706,seg_4a6s,MI
-0.5616237,-3.7235641,-3.29909,-0.8991645,4.241454,0.38946354,-0.6665015,1.4019793,-1.0007515,-5.047445,0.6796291,-2.046916,1.0390047,0.2882148,1.0298892,706,seg_6a8s,MI
-1.4099427,-3.3937628,-3.357502,-0.49373543,4.7343082,-0.3979639,0.028681926,2.7583685,-1.7423933,-5.1662917,0.5262025,-2.0378008,1.263086,1.0206212,1.7164116,706,seg_8a10s,MI
-0.95119154,-3.6058528,-2.7675543,-0.13346039,3.4690397,0.3620658,-1.3677294,0.021285474,-0.4629873,-5.120842,1.8625098,-2.3305469,-0.18541516,-1.1389476,-0.95253277,707,seg_0a2s,STTC
-2.0714903,-3.102829,-3.271174,0.7135988,2.9104226,0.6422709,0.3208187,2.1044946,-1.8619561,-4.255831,1.1923568,-2.2714753,-0.17838752,-0.5857876,-1.2141291,707,seg_2a4s,STTC
-2.5553553,-3.6200624,-3.0998836,0.5324374,3.5442557,0.7531153,0.010510854,2.089746,-1.4475837,-3.9662473,0.61472213,-2.585179,-0.5866727,-0.39510268,-0.8561965,707,seg_4a6s,STTC
-2.7080252,-3.1477017,-3.3283772,0.75579834,2.9090776,0.75074846,0.09774757,2.1306236,-1.4174516,-4.085032,1.0873867,-2.3790598,-0.5431265,-0.47797048,-1.165849,707,seg_6a8s,STTC
-0.8083854,-3.4721363,-2.9431715,-0.49378031,3.186105,0.44229072,-1.1664957,0.1025269,-0.535763,-4.751278,1.5547342,-2.0297704,-0.10681021,-1.0025462,-0.6253294,707,seg_8a10s,STTC
-0.120709054,-4.2358007,-3.6042051,-1.9524119,5.499483,-1.5400422,0.38471988,2.9396548,-3.7218642,-8.503016,1.2233057,-6.5182467,-0.99152195,1.0159831,-1.612446,708,seg_0a2s,MI
-1.8455629,-4.7793865,-3.4223914,-2.4340508,5.9367933,-0.25212583,0.19682258,4.2970147,-3.3384032,-7.791966,0.45776442,-7.227021,-0.36937356,2.2131622,-0.7410612,708,seg_2a4s,MI
-0.38071597,-2.833084,-2.273625,-0.2518795,5.476811,-0.45369115,0.40351024,2.0856237,-3.307919,-6.1911564,1.6310674,-5.432681,-0.5331051,-0.35661787,-1.9463683,708,seg_4a6s,MI
-2.7950747,-3.96653,-1.7299609,0.55608034,5.377609,-0.31516555,0.21874669,3.112239,-2.0477304,-5.4843245,1.5079854,-5.533001,-1.0019853,-0.4245276,-1.4875233,708,seg_6a8s,MI
-0.9049419,-3.389818,-1.8309826,-0.022176534,5.7706137,-0.60888255,-0.107435174,2.2330499,-3.4457448,-6.0511856,1.7566812,-4.9129653,-0.5053906,-0.565385,-1.6656859,708,seg_8a10s,MI
0.30949914,-5.393697,-2.4797115,-0.17166099,6.2406917,-2.5793402,2.0209982,2.731306,-5.623218,-9.920391,1.6923627,-5.844603,-1.2574509,-1.1528108,-2.624289,709,seg_0a2s,NORM
-0.56914693,-3.935425,-2.9445763,-1.0206449,3.8505144,-1.4384171,0.20191187,3.5007768,-3.409726,-7.3668375,1.4870791,-2.8877168,-1.2591159,-0.6962688,-2.0129056,709,seg_2a4s,NORM
-0.29278332,-3.5917392,-3.287683,-1.111345,5.4035244,-1.7128428,-0.16887641,4.511818,-3.6316876,-7.4231963,0.9846318,-3.378675,-1.439135,0.034862354,-1.512534,709,seg_4a6s,NORM
-0.93276113,-3.5567837,-3.0804448,-1.1711092,3.3516107,-1.4187411,0.20433328,3.9658518,-2.6707141,-6.7050653,1.5486963,-2.7455294,-1.3981793,-0.75835764,-1.3597353,709,seg_6a8s,NORM
-1.3253311,-3.8969338,-3.0860987,-1.2873495,3.6044326,-1.1099433,-0.056731626,4.0174336,-2.5854044,-6.7006164,1.4791409,-2.2037487,-1.0871103,-0.8080689,-1.7307011,709,seg_8a10s,NORM
0.123572186,-5.234825,-3.8862562,-3.4851005,4.9277334,-1.7388301,-0.59873706,3.374631,-0.4357893,-6.728605,1.9801005,-4.490285,-0.48964208,-1.3449031,0.81883764,713,seg_0a2s,MI
-1.3636107,-5.0115848,-4.228975,-2.9220552,4.4871836,-1.878504,1.4813802,5.761998,-1.3975668,-6.5263357,1.1388744,-4.644945,-0.96156,-0.8653077,-0.2878614,713,seg_2a4s,MI
-1.9094355,-5.262189,-3.9537463,-3.0957272,5.4574537,-1.4153924,1.0896919,5.8705297,-1.4052844,-6.1198697,0.5269951,-4.8322473,-1.0865428,-0.5670541,0.38384527,713,seg_4a6s,MI
0.070271656,-5.1872244,-3.6534753,-3.1313648,4.755511,-1.7246397,-0.8505322,3.401272,-0.4924528,-6.515897,1.9869081,-4.6879864,-0.9078596,-1.3288199,0.7014859,713,seg_6a8s,MI
-0.76454777,-6.508438,-6.817026,-5.4386663,3.740105,-4.606108,0.3145114,3.78889,-2.6570003,-4.5371013,1.0876929,-6.313425,-4.1873436,-2.0331392,-0.67826533,713,seg_8a10s,MI
0.8938842,-4.620685,-3.467898,-3.2784941,6.123361,-1.832346,-3.4668605,1.8488607,-3.9699972,-1.8619119,0.9945712,-4.773732,-2.0838153,-0.9030795,-0.21767637,714,seg_0a2s,HYP
0.14845686,-5.0756345,-2.6229234,-2.532578,4.1111913,-1.7309327,-2.9979985,1.8216186,-3.2373037,-1.5799315,2.1495981,-4.4288664,-1.8402632,-2.0637164,-0.5780841,714,seg_2a4s,HYP
0.1466002,-4.8510604,-2.671217,-2.6137714,3.9941664,-1.6251885,-2.9646535,1.6020093,-3.0756154,-1.4354997,1.9451498,-4.4109173,-1.8846359,-1.8483778,-0.35277298,714,seg_4a6s,HYP
0.20180644,-4.7919884,-2.535604,-2.532741,4.133121,-1.3969576,-2.8105621,1.6634363,-3.2156723,-1.5259956,1.980287,-4.223908,-1.6870152,-2.0654395,-0.44710687,714,seg_6a8s,HYP
-0.010252699,-4.527161,-2.3821292,-1.8708928,5.3049426,-1.367401,-3.1505232,2.5167031,-3.2713797,-1.1404558,1.523582,-4.346199,-1.5070281,-1.3173561,-0.33809897,714,seg_8a10s,HYP
-1.1709654,-3.618472,-5.343027,-2.3460264,6.519892,-0.008050621,-1.11435,3.4341009,-0.7971963,-4.3236914,-0.9643734,-3.4205768,-1.7312824,0.49667007,1.2724578,716,seg_0a2s,MI
-1.589505,-3.5205772,-4.263763,-1.346643,4.5785294,0.34777033,-1.0469832,2.8506904,-0.25400805,-4.488522,0.654394,-2.862401,-0.62013865,-0.14040188,1.0981112,716,seg_2a4s,MI
-1.124066,-2.8102758,-4.658114,-1.6137033,4.323559,0.39474428,-0.9343013,2.2648718,-0.41061825,-4.3687773,0.5551288,-2.5602856,-0.8506639,-0.21940659,1.1357502,716,seg_4a6s,MI
-0.45904416,-2.6466942,-5.2123218,-2.3187172,4.594647,0.042903155,-1.175926,1.9088109,-0.52584445,-4.8919063,0.5344324,-2.7743652,-1.0885149,-0.018259585,0.78368473,716,seg_6a8s,MI
-0.7036725,-2.8133283,-5.6491275,-3.2425961,3.9540148,0.44587654,-1.1131699,0.5551231,-0.6618661,-4.5389657,0.3893115,-2.7171476,-1.7506893,-0.7538161,1.0612699,716,seg_8a10s,MI
0.9624311,-3.6575463,-5.0277934,-3.4587052,3.9005153,-0.8305491,2.5188031,3.9406414,-1.7266266,-5.9518914,1.6794937,-1.1920266,2.9729283,-1.6485674,0.27523556,717,seg_0a2s,MI
-0.4347121,-4.018291,-2.4950209,-1.2510998,4.0444884,0.55785275,0.69391185,4.1170583,-1.380039,-3.3514137,0.62325597,-1.2758789,1.614012,-1.393314,1.5734657,717,seg_2a4s,MI
1.3730246,-3.658953,-3.920267,-2.4451303,2.920781,-0.31124106,0.43968686,3.248233,-2.2372417,-4.358549,1.1778363,-2.3205557,1.5339439,-0.4917702,0.6089845,717,seg_4a6s,MI
0.34011042,-3.5989802,-2.8943772,-0.9696377,3.796882,0.24560603,-0.16387835,4.8368654,-1.69661,-3.589582,0.58497995,-2.0995739,1.1051139,-0.17720477,1.1665856,717,seg_6a8s,MI
0.49832183,-3.2489374,-3.3075619,-1.7378218,2.782799,0.7341702,-0.21829894,3.4432724,-1.800395,-3.9472682,0.65043575,-1.9107597,0.2964722,-0.6415479,1.2296317,717,seg_8a10s,MI
0.14193611,-1.9455988,-2.0596502,-0.26122826,3.6367779,1.060386,-0.60183376,0.4360382,-0.41659904,-2.9266818,-0.17486373,-1.4303521,0.6509528,0.30701256,0.68337727,718,seg_0a2s,STTC
-0.7288177,-1.8422445,-2.062376,-0.063080564,3.1705022,1.0396557,-0.5053658,0.7068314,0.10393339,-2.8116295,0.06203475,-1.793497,0.23788469,0.2775336,0.5395551,718,seg_2a4s,STTC
1.0976449,-1.3053589,-2.583397,-0.6756941,3.0952797,0.5931331,-0.59758407,-0.06043987,-0.44605184,-3.4084463,0.18140197,-1.4599807,0.58146787,0.4192102,0.18086295,718,seg_4a6s,STTC
-0.64519274,-1.745201,-2.1623983,-0.3651128,2.6869187,0.9711964,-0.32386312,0.85844064,0.37176815,-2.2536771,-0.23353896,-1.5499324,0.22803567,0.44346935,0.6147207,718,seg_6a8s,STTC
-0.21137814,-1.7207615,-2.884951,-0.9314615,1.189797,0.5986506,0.07089848,-0.40385652,0.5824295,-3.2611616,0.7564629,-1.4820597,0.11339556,-0.3648976,0.29885486,718,seg_8a10s,STTC
-0.81978804,-2.1132405,-2.494152,-0.37010726,2.0292559,0.6561463,0.2795464,1.254223,-0.9691439,-1.7652383,0.14903954,-1.4889328,0.68571144,0.18140903,0.5948588,719,seg_0a2s,NORM
-0.16856915,-1.7562373,-2.2412481,-0.67634696,3.214232,0.6524357,-0.8507868,0.06496742,0.3274151,-1.7462311,0.2653409,-0.94388676,0.8844665,-0.15079741,0.8051604,719,seg_2a4s,NORM
0.6375738,-2.3593488,-3.317473,-2.2690358,2.951637,0.08122933,-0.9157389,-1.2849586,0.39044857,-2.8585784,0.69531834,-1.3770388,0.5739956,-0.72721505,0.87730265,719,seg_4a6s,NORM
0.6934375,-2.2170193,-2.4217367,-1.511939,2.2782133,0.3241172,-1.1283065,-1.1155412,0.5101073,-2.9260364,0.8700566,-1.2994919,0.79374105,-0.41622317,0.785498,719,seg_6a8s,NORM
0.48991358,-2.5613856,-3.1270986,-2.1841679,2.9397564,0.20616461,-0.8845744,-0.8960573,0.4110412,-3.0853455,0.7965595,-1.4961715,0.7646274,-0.67855424,0.92306757,719,seg_8a10s,NORM
0.15731196,-3.452238,-4.1587377,-1.3973598,4.595437,-0.51900005,-1.1187837,4.327127,-0.102094516,-5.1595407,1.3509867,-4.805157,-1.1735438,-0.37831753,1.8711811,720,seg_0a2s,MI
-0.16383156,-3.4158106,-4.0710506,-1.580363,4.480634,-0.4141656,-1.3020982,4.270847,0.23379081,-4.8001695,1.2143196,-4.421394,-1.0662465,-0.257977,1.9081411,720,seg_2a4s,MI
-0.642095,-3.6500108,-4.1557965,-1.8096714,4.755132,-0.12684903,-1.2793963,4.8473105,0.36509067,-5.0366216,1.0401597,-4.63669,-1.1583339,-0.16776241,2.3106773,720,seg_4a6s,MI
-0.420699,-3.3198998,-4.2231994,-1.7497125,4.3626943,-0.36604622,-1.171971,4.730638,0.38312975,-4.9013324,1.2286342,-4.516076,-1.1823868,-0.23171525,2.127959,720,seg_6a8s,MI
0.5425494,-3.5353725,-3.8482838,-1.5894756,4.349987,-0.20406538,-1.0111053,4.3391113,-0.4959308,-4.5732713,0.9985546,-4.1097403,-0.7558796,-0.39707375,1.7164594,720,seg_8a10s,MI
-1.1384267,-4.7195053,-3.2807446,-1.370698,2.447946,-0.32341924,-0.475866,4.197283,-3.4978666,-4.887141,3.0033345,-1.190476,0.44522828,-2.7353,0.8873898,722,seg_0a2s,MI
-2.6292813,-6.4378448,-1.6489099,-0.9517489,7.5195503,0.44871563,-3.6244168,4.7975855,-1.5719328,-3.827995,1.6011045,-2.1716092,1.0631192,-1.2200013,2.9427464,722,seg_2a4s,MI
-1.4132397,-5.1927576,-2.686079,-1.0926559,4.8815355,-0.28007212,-1.9609469,5.1027117,-3.4399748,-4.5688157,2.4373763,-1.5771803,0.38457674,-1.9619355,1.0752529,722,seg_4a6s,MI
-1.5747678,-5.0047164,-2.5582662,-0.6315087,4.490943,-0.19225568,-1.7884041,5.0045342,-3.2108345,-4.1856318,2.531385,-1.4654812,0.50621635,-2.0358205,1.2474661,722,seg_6a8s,MI
-1.5512604,-4.024381,-2.6091275,-0.16822189,5.3122835,-0.19550192,-2.0775366,5.7918763,-3.319333,-3.4429889,2.5444074,-1.6350771,1.0343949,-1.276426,0.77280736,722,seg_8a10s,MI
-2.5004144,-6.0703998,-3.1209812,-0.24391356,6.490079,-0.050119042,-1.0989454,2.205494,-3.3615365,-4.7935886,0.97148633,-5.9501805,-1.006574,-0.21891527,-1.4668343,723,seg_0a2s,MI
-1.3125564,-4.811027,-4.5538273,-1.5251684,5.826672,0.07726103,-2.0111072,1.4829358,-2.998294,-4.8575153,1.1400088,-4.7410755,-1.1432401,-0.10784109,-1.737536,723,seg_2a4s,MI
-1.7376614,-5.149389,-4.1867886,-1.4587102,3.9408453,-0.14969781,-1.2969483,0.9927411,-2.2905984,-4.726068,1.9043869,-4.390178,-0.94197947,-0.9639373,-1.7787659,723,seg_4a6s,MI
-1.4209615,-4.6235843,-4.5349827,-1.5687411,5.675763,0.1500583,-2.1063745,1.5250558,-2.82039,-4.611062,1.1792023,-4.537472,-1.0602213,-0.076864764,-1.8219053,723,seg_6a8s,MI
-2.8332992,-5.4118595,-3.6016903,-0.88545334,5.5669174,0.31136653,-1.7761891,2.7379246,-2.2692738,-3.8871932,0.9600487,-4.572154,-0.9386418,-0.1592078,-1.2448509,723,seg_8a10s,MI
-0.43870783,-2.5934272,-2.4418392,-1.2797172,3.0551813,-0.019676447,0.31493387,2.8358352,-0.34079888,-3.6221597,0.023705825,-3.2651448,-0.479164,0.3866833,1.197856,724,seg_0a2s,CD
0.50660115,-2.2634964,-3.081254,-1.9533474,3.041775,-0.38502184,0.20842472,2.3984678,-0.61617935,-4.431319,0.13812146,-3.3169289,-0.54318833,0.61924756,0.9357554,724,seg_2a4s,CD
-0.20987232,-2.184112,-2.5458002,-1.2493043,2.7525575,-0.11411154,0.33404532,2.6363828,-0.2740429,-3.5285532,0.305045,-3.0033727,-0.38707685,0.21198016,1.0197594,724,seg_4a6s,CD
0.69232845,-2.126187,-3.1896892,-2.0376072,3.0240707,-0.40281722,0.28702208,2.271717,-0.635986,-4.5765886,0.1854989,-3.2304904,-0.4613567,0.5754916,0.93491995,724,seg_6a8s,CD
-0.16443688,-2.0402896,-2.391271,-1.2208924,2.7999148,-0.011225671,0.19355598,2.5896287,-0.15945625,-3.411489,0.3075179,-2.929362,-0.34746128,0.20489925,0.9970925,724,seg_8a10s,CD
-0.6354375,-3.2464588,-2.627524,-1.2416377,5.2187815,-0.5552561,-3.212842,2.052072,-1.9879951,-5.35238,3.11991,-4.8315277,-1.88019,-1.6046454,-0.64235616,725,seg_0a2s,NORM
-0.8680341,-2.517403,-2.4851003,-0.61441565,5.03032,-0.33449343,-0.85559654,3.4322388,-3.1069043,-5.823103,2.178225,-5.011118,-1.3384799,-0.60471374,-0.63653445,725,seg_2a4s,NORM
-2.4913833,-3.7805276,-1.947786,-0.7182151,6.191711,-0.050606787,-1.9556999,4.1671658,-2.0732832,-4.1600986,1.4116093,-4.9820666,-1.8758038,-0.7286426,0.112051405,725,seg_4a6s,NORM
-2.5234334,-3.5961213,-2.179883,-0.66193914,5.7785077,0.00850001,-1.6854252,4.165164,-2.4346714,-3.7644792,1.4984648,-5.06843,-1.8882698,-0.79377276,0.16875231,725,seg_6a8s,NORM
-0.5567297,-1.9470826,-2.3208246,-2.8427498,4.3164287,0.36199683,-0.016080506,1.009175,-2.3976932,-5.9485283,0.16827264,-4.0876937,-2.4981616,-0.40575916,-0.6238146,725,seg_8a10s,NORM
-0.19064198,-2.518377,-4.7408895,-1.1244054,2.5483973,-0.17342094,-0.1215523,1.2052413,0.04248532,-4.348593,0.3326729,-1.8533838,-0.69742286,0.05575653,0.66749895,726,seg_0a2s,NORM
-0.6185763,-3.016103,-4.4276543,-1.2186093,3.1893697,0.09818588,-0.616284,1.5659577,-0.28075427,-4.5585375,0.17579481,-2.15136,-0.7939655,0.32202625,0.68973744,726,seg_2a4s,NORM
-1.3552339,-3.1847427,-4.1816535,-1.2519512,3.511826,0.5369803,-0.3631582,1.9621608,-0.14169371,-4.0649137,-0.283204,-2.1426005,-0.70090014,0.37004828,1.2531242,726,seg_4a6s,NORM
-0.13500142,-2.5321972,-4.613134,-1.0161073,2.6952436,-0.19498822,-0.1837404,1.1644211,-0.055783167,-4.4513507,0.46697894,-1.8861871,-0.5598,0.04035093,0.556141,726,seg_6a8s,NORM
-0.23620933,-2.6007175,-4.68091,-1.2394617,2.8242471,-0.03865093,-0.4755975,1.278065,-0.47848034,-4.6999235,0.4037764,-1.9495935,-0.738063,0.23361665,0.5565065,726,seg_8a10s,NORM
-0.9687909,-7.2922835,-8.781103,-5.7542996,11.057063,-3.050597,-9.691909,-1.5006473,-4.679238,-2.9658134,2.5591192,-9.152021,-6.2908797,-1.3796812,-0.70608926,727,seg_0a2s,MI
-2.8752422,-7.6214843,-8.399413,-3.4956114,7.663187,-1.258298,-4.5866547,3.4468474,-4.747004,-3.2908847,0.98607576,-6.6956635,-4.5689917,-1.2109112,-0.31905124,727,seg_2a4s,MI
-1.7615732,-5.3188577,-5.014886,-1.3847871,5.595264,-0.5528488,-2.4307585,2.8362062,-1.9162447,-3.2240498,1.5751134,-4.7564363,-1.2457457,-0.8224661,0.6214737,727,seg_4a6s,MI
-1.1873447,-5.19267,-7.0178566,-3.5193284,5.6618366,-0.30207792,-2.9456363,0.61479944,-2.9801798,-3.5744731,1.152173,-5.068748,-2.9652607,-1.5421302,0.6059088,727,seg_6a8s,MI
-4.5900626,-7.103166,-11.742779,-6.949869,5.307178,-0.5923413,-1.003471,1.9716682,-8.270862,-3.76513,-0.2694025,-8.799914,-7.3193126,-2.0481048,-0.14698228,727,seg_8a10s,MI
-2.245023,-3.317595,-3.7332826,-0.43820733,3.3242943,0.28107816,1.8249884,3.0021594,-2.1859457,-5.946706,0.9291094,-2.8736553,-0.14867184,-0.5385206,-1.4990947,728,seg_0a2s,MI
-2.3364997,-3.5256224,-2.959022,-0.40136594,5.123015,0.9166757,-0.3244211,2.3342242,-1.0468817,-5.0935388,1.0076576,-3.1692004,0.40591675,-0.09290166,-1.0280128,728,seg_2a4s,MI
-2.3148656,-4.247642,-3.0498314,-0.28514147,6.8876605,0.616941,-0.046824582,3.5251725,-1.8578489,-5.8373423,0.11513858,-3.3747869,0.25605404,0.37190193,-0.8997723,728,seg_4a6s,MI
-1.8349764,-3.7086086,-2.805469,0.6345887,6.3313375,0.3586172,-0.46252775,3.353594,-1.8108101,-5.2677174,1.129299,-3.0740077,0.62378746,-0.17088641,-1.0823195,728,seg_6a8s,MI
-1.4339114,-4.0827804,-3.3170729,-1.1647601,3.8778193,0.3801958,0.54637724,1.4353282,-0.9489892,-6.700011,1.4289635,-2.9378567,-0.03509508,-1.1244227,-1.0531163,728,seg_8a10s,MI
-0.49565667,-4.2950754,-2.737516,-1.6408195,2.6891937,-0.58506787,-0.48509532,0.2276128,0.7509693,-3.5301743,0.4326601,-2.6809487,-0.7516971,-0.72666514,0.04761584,729,seg_0a2s,NORM
-0.3601607,-4.2237945,-2.342607,-1.4580319,2.5402277,-0.8379725,-0.3516589,0.18622673,0.9180567,-3.5506856,0.58636034,-2.6534092,-0.48835802,-0.69756424,-0.020646691,729,seg_2a4s,NORM
-0.44829434,-4.2790837,-2.4386778,-1.5284994,1.920796,-0.909665,0.038986437,0.31789392,0.975875,-3.3185852,0.34576,-2.5538366,-0.6005529,-0.5778508,-0.083519846,729,seg_4a6s,NORM
0.028928578,-3.7633271,-2.518704,-1.2536981,3.4612706,-1.0034691,-0.37645695,0.5884453,0.39425725,-3.2055411,-0.18708706,-2.6131904,-0.4722339,0.13407822,-0.13129595,729,seg_6a8s,NORM
-1.2369463,-4.457557,-2.3412447,-0.9679448,3.2673826,-0.56598175,0.067878075,1.6695063,0.47911897,-2.8678951,-0.49118814,-2.7596335,-0.4203496,0.19008657,0.26592132,729,seg_8a10s,NORM
-1.0330731,-3.6106884,-3.1047387,-0.09579407,4.066785,0.9795711,-0.9542618,2.2058256,-0.91944593,-2.8545382,0.43051943,-2.1785035,0.45057565,-0.22186305,1.5401654,731,seg_0a2s,MI
-0.12809229,-3.141122,-4.700205,-1.093961,3.5873878,0.5319638,-0.8385122,1.9300582,-1.7086852,-4.298365,0.7015774,-3.1085944,-0.40509444,0.1760177,0.9594821,731,seg_2a4s,MI
-0.7414912,-3.3648834,-4.543728,-0.39452887,4.7354445,0.264621,-0.9055749,2.9392104,-1.7318263,-3.9301813,0.22222048,-3.4582407,-0.34664613,0.80318725,0.991693,731,seg_4a6s,MI
-0.2297173,-2.906484,-3.4084077,-0.20729575,3.7635133,0.42715403,-1.3692183,1.2804414,-0.31475687,-3.1610684,0.97641826,-2.3101268,0.31513876,-0.2281953,1.0388024,731,seg_6a8s,MI
0.114826396,-2.9612787,-4.274226,-0.911897,3.7990198,0.06416009,-1.6237991,1.2882893,-1.0711324,-4.208294,1.0939372,-2.977074,-0.4694032,0.017735213,0.8581238,731,seg_8a10s,MI
0.018883958,-1.5979344,-2.7475739,-0.18438575,2.3414848,0.32498887,-0.1968886,0.08349612,-0.50001866,-3.3917327,0.3543797,-1.8122349,0.0053951666,0.4285224,0.09176473,732,seg_0a2s,NORM
-1.3827467,-2.2101066,-1.9768434,0.13880008,2.6889868,0.83902574,-0.06196556,0.9109036,-0.20717409,-2.7278452,-0.22001082,-1.8779609,-0.05373355,0.5564241,0.56175697,732,seg_2a4s,NORM
-0.8185892,-1.8606592,-2.2999296,0.19019407,2.4516625,0.6747897,-0.2989189,0.5544518,-0.19998026,-2.7607272,0.16832206,-1.6954875,-0.03529789,0.356696,0.40616903,732,seg_4a6s,NORM
0.16826509,-1.5416894,-2.7550163,-0.25989857,2.4704301,0.26517972,-0.210159,-0.03672485,-0.4521035,-3.5294418,0.3773331,-1.8881841,0.04206617,0.44163007,0.060843214,732,seg_6a8s,NORM
-1.2916124,-2.2009027,-2.0273824,0.15782802,2.6590705,0.8630854,-0.07428789,0.8320373,-0.26761854,-2.747271,-0.1798062,-1.7764605,-0.021375611,0.4823113,0.5832493,732,seg_8a10s,NORM
-1.0943947,-3.0825884,-2.672359,1.7253087,5.228266,0.2872556,-1.415635,2.1655204,-2.609432,-3.9467094,1.0804862,-3.0826561,-0.3228473,0.09903241,-0.8367934,733,seg_0a2s,CD
-1.2475493,-3.1698382,-2.383007,1.4197943,4.214197,0.42206198,-2.020901,1.1176174,-1.2303905,-3.3540585,1.6984035,-2.479798,-0.04221077,-0.5350592,-0.27707437,733,seg_2a4s,CD
-1.8655952,-3.0421784,-3.103384,0.6699412,3.11247,0.72242963,-0.9763194,2.018208,-1.808109,-3.1618516,0.959468,-2.237587,-0.7177767,-0.37267232,-0.6212702,733,seg_4a6s,CD
-1.8741763,-3.0670314,-3.2382426,0.4413131,3.4553568,0.7189782,-1.5542115,1.7640066,-1.4029591,-3.038789,1.1024753,-2.139054,-0.53454554,-0.27949393,-0.28910267,733,seg_6a8s,CD
0.5642395,-2.8928201,-2.9869342,-1.0467947,3.9832277,0.08136964,-3.236429,-1.2378018,-0.027650803,-4.589158,1.7068833,-1.883249,-0.33308643,-0.7042565,-0.1192365,733,seg_8a10s,CD
-1.2505708,-3.066742,-3.1179004,-0.35423002,3.435496,-0.3375568,-0.62108594,1.8396547,-2.2445323,-5.2755327,1.6297234,-2.2370727,-0.23720023,-0.26991135,-2.2077446,734,seg_0a2s,MI
-1.3872468,-2.927407,-3.0925603,-0.003538385,3.434866,0.10735272,-0.47741237,1.9646332,-2.1708295,-5.4893374,1.5791609,-2.2844589,-0.26244447,-0.2838108,-2.5292766,734,seg_2a4s,MI
-1.5848752,-2.961323,-3.4920855,-0.17089468,3.643391,0.25706258,-0.57896113,1.9238849,-2.4152017,-5.667998,1.5032434,-2.4429808,-0.4833058,-0.21102773,-2.6369245,734,seg_4a6s,MI
-1.5674336,-2.9963138,-3.17725,-0.10755417,3.5063653,-0.30073318,-0.4636123,2.1479344,-2.5936227,-5.736799,1.9105338,-2.5450652,-0.34820056,-0.33072662,-2.5228984,734,seg_6a8s,MI
-1.162291,-2.863614,-3.236003,-0.124725714,3.8331265,0.06529687,-0.8237601,1.9241829,-2.5459182,-5.580173,1.807999,-2.5361254,-0.5025259,-0.50574434,-2.7781456,734,seg_8a10s,MI
-0.54620683,-2.2619588,-3.3650975,-2.4733205,2.566188,0.18862866,0.30058527,0.16284755,0.69972426,-3.1571462,0.5253413,-2.979358,0.05792156,-0.17565845,-0.5761819,735,seg_0a2s,NORM
-0.9010168,-2.2452552,-2.6061716,-1.3291187,2.4217312,0.37750608,0.6915819,0.3170743,1.1026149,-3.6595025,1.0389924,-2.6263242,0.7117073,-0.52623886,-0.4584066,735,seg_2a4s,NORM
-0.32034737,-2.025825,-2.626556,-1.2600462,3.7564282,0.107889324,0.40678534,1.0939558,0.51293314,-3.9556365,0.58407134,-2.876234,0.9243586,0.32707423,-0.61314857,735,seg_4a6s,NORM
-1.7325065,-2.589654,-2.2802224,-0.9387353,3.9542096,0.37274817,0.36101538,1.5655829,0.57229686,-3.4265637,0.40864974,-2.772149,0.84449583,0.28789026,-0.17238724,735,seg_6a8s,NORM
-1.5235931,-2.313151,-2.4029236,-1.0878568,3.725934,0.7618619,0.5074659,1.3779932,0.37669998,-3.2685082,0.069537535,-2.6126761,0.5232599,0.22475128,-0.22317886,735,seg_8a10s,NORM
-1.3127981,-3.281519,-3.461648,-1.0633137,3.5953999,0.33757722,-0.47352672,1.3215092,-0.58544254,-6.156095,2.0142047,-3.3336368,-0.10700611,-0.7803783,-0.9779061,736,seg_0a2s,NORM
-0.873121,-3.188754,-3.6066556,-1.0552514,3.296602,0.4041073,-0.19523129,1.3461708,-0.33576083,-6.423156,1.717999,-3.3511562,-0.3944695,-0.75164574,-0.866168,736,seg_2a4s,NORM
-1.832823,-3.237372,-2.923326,-0.24753869,5.1808043,0.73256147,-0.9504532,2.193811,-0.5066679,-5.3957334,1.2239137,-3.5612679,0.090115115,0.045631565,-0.7103816,736,seg_4a6s,NORM
-1.3792852,-2.8671062,-2.8365388,-0.0028032437,4.6535807,0.5553845,-0.88710976,2.0864923,-0.6089514,-5.2501593,1.4493568,-3.3745959,0.015953138,-0.11347775,-0.9109576,736,seg_6a8s,NORM
-1.8581822,-3.2715218,-3.0800924,-0.2397902,4.9781218,0.5966884,-0.90637225,2.3576515,-0.6145543,-5.422245,1.3652606,-3.611537,0.027105652,0.025267534,-0.78848577,736,seg_8a10s,NORM
-1.12894,-0.827238,-3.279759,-0.8262304,3.972652,-0.0010266006,-0.14772022,3.4111962,-2.6993358,-4.630193,2.4326332,-5.9548383,-1.072138,-0.0052138865,-1.2861776,737,seg_0a2s,NORM
-1.2641332,-0.84201443,-3.5351763,-0.9889365,3.8996294,0.0061246455,0.03277839,3.248338,-2.4737196,-4.7936397,2.2752614,-6.0431476,-1.0269485,0.24512722,-1.2601482,737,seg_2a4s,NORM
-2.1996565,-1.0723579,-3.0090775,-0.14623147,5.3096776,0.1592317,-0.40735927,4.561676,-2.5384698,-4.09653,1.7333034,-6.306101,-1.1198636,0.7346212,-1.0128454,737,seg_4a6s,NORM
-1.5491468,-0.86746186,-3.544311,-0.84146345,3.7568102,-0.018079668,0.010920413,3.323503,-2.2718058,-4.640361,2.3777556,-6.150086,-1.2345456,0.12186316,-1.2551682,737,seg_6a8s,NORM
-2.8128188,-1.1582358,-2.6022325,-0.033322513,3.9971576,0.4746812,-0.2170215,3.858224,-1.9572775,-3.3426135,2.096445,-5.8808384,-1.2919414,-0.068244606,-0.79594505,737,seg_8a10s,NORM
7.312597,-13.330518,-7.9496613,-5.417008,15.021071,-4.1698656,5.2842,6.498861,-4.9365,-23.306124,-0.006448224,-10.113938,-0.079491496,-2.6025338,-0.042359054,739,seg_0a2s,STTC
4.0559573,-9.0035515,-6.3505,-2.2613182,7.258153,-2.3694444,2.570947,4.284511,-1.7072537,-17.109184,0.41748986,-6.9109445,-2.9163456,-1.8621054,-0.745589,739,seg_2a4s,STTC
6.0572667,-11.469766,-9.22242,-3.4018977,8.837526,-3.9529617,4.215038,8.583046,-0.28137678,-23.175833,-0.2244074,-11.341082,-6.540087,-2.3641229,1.5935491,739,seg_4a6s,STTC
2.2660804,-7.816927,-3.729303,-1.6616404,8.5082035,-0.79411423,0.05124808,6.4657497,-1.4650223,-11.894977,-0.29012007,-5.011157,-2.047758,-1.3505611,1.0005069,739,seg_6a8s,STTC
2.292561,-6.742989,-2.5945768,-1.4446161,7.68306,-1.7688086,1.0184048,1.4357852,-5.154236,-11.2655945,1.5637052,-3.775795,0.78233665,-1.7449954,-1.7139452,739,seg_8a10s,STTC
-0.15655328,-2.342416,-3.89879,-4.100383,4.331226,-0.97951007,1.3704958,2.0995708,-1.1540759,-4.4428196,1.5562297,-4.2345247,0.27911377,-1.2872167,0.4500616,740,seg_0a2s,NORM
-0.55600035,-1.7773274,-2.5976925,-2.1550746,2.8643913,-0.36529878,-0.5701828,1.9211555,-0.8109994,-2.4447596,1.9720637,-3.6482792,-0.92823714,-1.559402,0.6804712,740,seg_2a4s,NORM
-0.265321,-1.6334583,-3.3734293,-2.904808,3.3505692,-0.3074226,-0.042662032,1.7449474,-0.9869928,-3.058859,1.8958019,-3.818854,-0.39605117,-1.42122,0.7697927,740,seg_4a6s,NORM
-0.117502555,-1.8851322,-2.576623,-1.9917707,4.505509,-0.7655206,-0.35924459,3.215609,-1.29315,-3.393989,1.6507999,-4.0034585,-0.29167998,-0.7967116,0.7489636,740,seg_6a8s,NORM
-1.1615862,-1.5380937,-3.6746244,-2.692639,4.893735,0.72504956,-0.85051334,2.496508,-1.6205802,-2.0523312,0.44105145,-4.183405,-1.1668432,-0.28714597,1.1022682,740,seg_8a10s,NORM
-2.4060028,-4.816505,-5.4447193,-1.6856308,6.7104726,0.5016425,-1.669586,2.92521,-2.9018464,-6.335861,1.8418818,-4.241869,-0.74385154,-0.74325,-1.6943927,741,seg_0a2s,HYP
-3.060341,-5.0822506,-4.875168,-0.10465872,7.322241,0.01906225,-1.8376905,4.205563,-2.8453412,-5.6545086,1.8622546,-4.392225,-0.48465395,-0.3093922,-1.8201466,741,seg_2a4s,HYP
-2.1228268,-4.9941363,-5.3925085,-1.6983967,6.508929,0.29456425,-1.7073061,2.9054635,-2.9736104,-6.3479652,1.8144023,-4.0918407,-0.65617466,-0.68279755,-1.555619,741,seg_4a6s,HYP
-2.5004451,-5.058107,-5.4841094,-1.6201186,6.669829,0.4389844,-1.7962099,2.7477822,-2.988522,-6.3314476,1.7261851,-4.336667,-0.90808344,-0.6080293,-2.0044007,741,seg_6a8s,HYP
-3.1040444,-5.1998158,-5.076313,-0.21964386,7.7008023,-0.08267677,-2.1504638,4.3502736,-3.1274047,-5.9636292,1.8411654,-4.6896586,-0.99995553,-0.3314135,-2.0010092,741,seg_8a10s,HYP
-1.2860872,-2.972991,-3.3876748,-1.2448657,4.854721,0.37018612,0.7345359,1.5775392,-0.63149196,-5.5411406,0.66691595,-2.9678981,0.53013265,-0.13278835,-1.3691722,742,seg_0a2s,MI
-2.089535,-3.4802988,-2.998579,-0.87753373,3.0825343,0.24387233,1.3029157,1.1804583,-0.1400142,-5.5912623,1.449796,-2.8385968,0.35612804,-1.0207876,-1.2977141,742,seg_2a4s,MI
-1.445573,-3.1547782,-3.1912255,-0.82240504,4.6984606,0.40793207,0.8439167,2.0234845,-0.6863671,-5.812462,0.9910183,-2.9847834,0.71820927,-0.30867392,-1.223078,742,seg_4a6s,MI
-1.9265863,-2.614011,-2.8455353,0.077682,5.543843,0.5778392,0.52651983,2.5740402,-0.81250966,-4.172122,0.22795379,-2.6374438,0.6610627,0.21525684,-0.9941447,742,seg_6a8s,MI
-1.3810356,-3.0757694,-3.8705902,-1.6185949,5.2150054,0.1858456,0.25556168,1.0620365,-1.0421436,-5.0971,0.36978784,-3.015186,-0.17690882,-0.1499982,-1.1687295,742,seg_8a10s,MI
0.36720884,-2.123118,-2.41109,-0.48840815,3.375511,0.41292405,0.0384636,1.8054338,-2.1156826,-4.6673784,0.73385215,-1.9826663,-0.07212834,-0.4060896,0.29858154,743,seg_0a2s,STTC
-0.059978157,-2.0105639,-2.570425,-0.36124393,3.0823574,0.4253778,0.19103098,1.8932703,-1.3991454,-4.487134,0.6193506,-2.2692237,-0.41430902,-0.28617787,0.333831,743,seg_2a4s,STTC
-1.2021996,-2.4398768,-1.9966398,0.13905182,3.074661,0.6676519,0.22083616,2.3479536,-1.054183,-3.6562355,0.4030635,-2.0668962,-0.35494506,-0.36912417,0.71018636,743,seg_4a6s,STTC
-0.23343436,-1.9189454,-2.6691914,-0.39664316,3.0272882,0.30493575,0.18602744,1.7733285,-1.3429,-4.5105286,0.6598707,-2.2831614,-0.5744494,-0.26648492,0.27753672,743,seg_6a8s,STTC
-0.43737882,-2.1360128,-2.6195145,-0.32472855,3.268349,0.42336494,-0.032997668,1.7439725,-1.3906267,-4.4827743,0.5813637,-2.3300374,-0.5578176,-0.15388273,0.263302,743,seg_8a10s,STTC
-0.12215679,-2.6605937,-2.8374305,-0.03307727,3.2960503,-0.25031772,-0.6424379,1.8678997,-0.34891665,-1.7166055,-0.26723918,-1.6428417,0.202316,0.5589727,0.51275325,744,seg_0a2s,STTC
0.73445165,-2.9547935,-2.848247,-1.1802227,3.0604517,-0.20227018,-0.48986837,0.62976766,-0.6011887,-2.709159,-0.3377767,-1.6951592,0.14523205,0.34264457,0.6997694,744,seg_2a4s,STTC
1.1834719,-2.9751358,-2.92635,-1.2470305,2.8019416,-0.24526468,-0.48267692,0.7820227,-0.85244715,-2.4573877,-0.13715884,-1.4336832,0.21581338,-0.12014429,0.50004506,744,seg_4a6s,STTC
-0.10470519,-2.9715014,-2.7436094,-0.39766163,3.7122507,-0.20517346,-0.642011,1.9855621,-0.30683297,-1.9611049,-0.6086147,-1.9029267,0.031240046,0.66360486,0.55258584,744,seg_6a8s,STTC
0.43314284,-3.1126838,-2.5683694,-0.29319757,3.962195,-0.16814128,-0.5786578,2.0417469,-0.97285277,-2.1331608,-0.57939893,-1.6933339,0.42699367,0.5273816,0.7845969,744,seg_8a10s,STTC
-0.25819665,-1.6836828,-3.745388,-1.7740996,2.6633713,0.7674114,-1.4247171,0.57930946,-2.0245256,-3.6157072,2.2205608,-3.4136574,0.20197426,-0.23713054,-1.3025082,745,seg_0a2s,MI
-0.33458263,-2.1062615,-3.4074588,-1.2934842,2.6470823,0.56388474,-1.2205063,0.37064534,-2.1147504,-3.8753455,2.193256,-3.1407084,0.0381454,-0.56591535,-1.5566303,745,seg_2a4s,MI
0.078773215,-1.4276546,-3.7346654,-1.9106729,4.4222574,0.9849192,-1.9808292,1.2324184,-2.6461253,-3.1589465,1.0667833,-3.0564113,-0.30849165,0.21832722,-0.5705862,745,seg_4a6s,MI
-0.19490309,-1.9959884,-3.471868,-1.5158288,2.6509495,0.5337285,-1.4856145,0.6054139,-2.136757,-3.640518,2.2684224,-2.879728,-0.007854693,-0.7194336,-1.2986802,745,seg_6a8s,MI
-2.0112495,-2.9475634,-2.4369025,-0.9843946,4.4020185,1.647778,-2.0156717,2.8594708,-2.0866475,-2.216169,0.6248211,-3.370373,0.22765072,0.7370828,-0.49157682,745,seg_8a10s,MI
-1.8980508,-9.770362,-6.5931587,-4.3955493,10.223889,-3.7300832,-6.040778,2.469188,-2.9504912,-1.7432264,-1.1639735,-7.748508,-6.238526,-0.8035155,-0.16303214,746,seg_0a2s,STTC
-1.7421669,-8.626707,-7.887097,-3.9732776,4.452487,-4.7139325,-3.0662885,2.2298212,-3.3670287,-2.5541666,1.2366997,-6.531536,-5.844877,-2.4325612,-2.1198874,746,seg_2a4s,STTC
-0.02394937,-3.7911363,-3.2776194,-2.1570733,4.1900105,-1.3049521,1.2971728,2.2338016,-0.44440806,-4.5956097,-0.05651136,-4.033618,-0.60274774,-0.20409815,0.26470923,746,seg_4a6s,STTC
-1.9559932,-8.467848,-7.613117,-3.5079265,4.267356,-4.666529,-2.3974574,2.377745,-3.3288324,-2.934537,1.6819179,-6.730696,-5.305091,-2.4957004,-2.3648329,746,seg_6a8s,STTC
-2.186001,-10.107916,-5.4953036,-3.3195417,8.61682,-4.0779014,-5.201282,3.5133827,-2.1229806,-2.3989124,-0.23459968,-7.4579663,-5.1962724,-0.70011365,-0.61357164,746,seg_8a10s,STTC
1.3229911,-3.2636986,-2.2191095,-1.6567969,4.0819364,-0.5467204,0.65518427,3.098545,-2.6729155,-3.942511,0.76214266,-2.8773875,0.61347985,-0.96493137,1.0944073,747,seg_0a2s,MI
0.74444574,-3.201631,-2.184773,-1.1986861,3.2692523,-0.58273375,0.26426864,3.0385466,-1.9788771,-2.9604993,0.95764315,-2.964757,-0.060278803,-1.2308351,1.1205535,747,seg_2a4s,MI
1.82983,-3.223346,-2.0143437,-1.4186015,4.021793,-0.45208368,0.11623848,2.8554125,-2.9179516,-3.5877485,0.65308106,-2.698978,0.3811661,-0.9770417,1.1997942,747,seg_4a6s,MI
0.99212193,-2.7801254,-2.1207845,-1.1860971,3.3628583,-0.3081344,0.21092409,2.8289099,-2.4023247,-3.112175,0.8848655,-2.8362765,-0.037944887,-1.115506,1.0195287,747,seg_6a8s,MI
1.390076,-3.2318058,-1.9957339,-1.2739761,3.4922652,-0.4493744,0.34716016,3.2388659,-2.3855684,-3.0562794,0.99800515,-2.7336833,0.38269842,-1.4492402,1.0163443,747,seg_8a10s,MI
0.5336373,-2.681677,-3.2281356,-1.5183249,3.2837858,-0.56919646,-0.2783201,1.504733,-0.15256014,-4.1587687,0.20070207,-2.5795107,-0.40961164,0.237109,1.146801,748,seg_0a2s,NORM
-0.50674903,-3.035658,-2.6432643,-1.0479531,3.1405857,-0.17847186,-0.13437891,2.2619994,0.10796058,-3.397842,0.01376579,-2.6455607,-0.38726538,0.2116197,1.4580572,748,seg_2a4s,NORM
0.14473136,-2.9557865,-3.0513306,-1.8092968,1.7532202,-0.32978705,0.38499877,0.81722105,0.35890555,-4.1667366,0.5920203,-2.2801054,-0.34021974,-0.527819,1.1056087,748,seg_4a6s,NORM
0.6774987,-2.6196964,-3.2721653,-1.542934,3.1596837,-0.70349765,-0.15149269,1.5423132,-0.13267463,-4.305223,0.30570596,-2.6152685,-0.36585128,0.20954154,1.1072013,748,seg_6a8s,NORM
-0.48717862,-3.1418066,-2.6801152,-1.2443845,3.1195157,-0.12526473,-0.053245895,2.2472377,0.09014538,-3.3048937,-0.20023808,-2.6115704,-0.39179873,0.29402858,1.5045462,748,seg_8a10s,NORM
0.050101265,-2.2295504,-2.215837,-0.722177,2.4743543,0.12227979,0.5457182,0.93128,-1.0568585,-4.4713283,-0.10603939,-1.11886,-0.020987988,0.1879836,-1.0046935,749,seg_0a2s,NORM
-0.44268054,-2.0247095,-2.2472959,-0.46604782,2.3950982,0.010592431,0.3560217,0.7410364,-0.4964528,-4.5291815,-0.033199914,-1.355963,-0.4587502,0.36238813,-1.0005695,749,seg_2a4s,NORM
-1.8043019,-2.6511657,-1.563726,0.11322832,2.6842782,0.47149938,0.22977138,1.4772923,0.0061481893,-3.6416228,-0.41238785,-1.5143989,-0.5057489,0.4448995,-0.3868673,749,seg_4a6s,NORM
-0.57855517,-2.1314526,-2.167211,-0.4524731,2.6655943,0.1620292,0.13958007,0.639636,-0.2899917,-4.4452252,-0.19970223,-1.4022355,-0.5124002,0.4769624,-0.8251698,749,seg_6a8s,NORM
-1.8406044,-2.6433089,-1.5192083,0.0604073,2.8035488,0.4254753,0.26269263,1.4950461,-0.015057415,-3.6605442,-0.4023066,-1.5448653,-0.46258688,0.44122076,-0.3986604,749,seg_8a10s,NORM
-0.23798266,-3.0470366,-2.797978,-2.4435897,2.5978322,-0.47766396,0.475292,2.6668413,-0.5865639,-4.450189,1.322139,-2.6125617,-0.30340704,-1.3339434,1.0555688,750,seg_0a2s,HYP
-0.028299898,-3.4671266,-2.3856487,-2.6289337,4.433046,-0.61552584,0.46743283,3.8045158,-1.1582379,-4.829462,0.071252756,-3.0662165,-0.23471597,-0.15192609,1.5513426,750,seg_2a4s,HYP
-0.4521025,-2.8699484,-2.5250044,-2.071911,4.3316813,-0.36559758,-0.011837311,3.5996752,-1.0870552,-3.8576808,0.5015761,-2.790553,-0.5709873,-0.73393875,1.1586295,750,seg_4a6s,HYP
0.64354044,-3.0906222,-2.6431322,-2.623655,4.1021414,-1.0806695,0.49345538,3.6675413,-1.1926789,-5.348618,0.57279193,-3.2047946,-0.29321033,-0.26421142,1.2856953,750,seg_6a8s,HYP
-0.12455843,-3.3581727,-2.0628948,-2.0019958,4.2413974,-0.7556846,0.10430092,3.9034853,-1.2724488,-4.189706,0.59209067,-2.8413928,-0.40395278,-0.7758644,1.2858574,750,seg_8a10s,HYP
0.016351014,-4.761523,-1.0175238,0.28782868,6.08841,-0.40305683,0.30946368,2.2267137,-2.6630185,-6.8390937,0.60201263,-4.1515384,0.13990168,-0.3804297,0.5940522,751,seg_0a2s,NORM
-0.5517649,-4.5594597,-1.1854846,0.06143349,5.6059566,-0.16280362,0.22379991,2.4056954,-1.8952172,-6.358127,0.44505796,-3.5926602,0.069317654,-0.31360894,0.70237017,751,seg_2a4s,NORM
-0.7537031,-3.4316065,-1.733285,-0.7881939,4.7340684,0.3159507,-0.3279497,2.4301982,-1.1541798,-5.2439446,0.4752588,-2.2702022,0.23035155,-0.25903744,0.7851622,751,seg_4a6s,NORM
-0.8603163,-3.5471816,-1.8200748,-0.8228953,4.6353827,0.41115916,-0.3196466,2.6060562,-0.89354616,-5.0232344,0.45251516,-2.0847547,0.33069068,-0.3673346,0.9367838,751,seg_6a8s,NORM
-0.8569058,-3.6509473,-1.8802278,-0.8101731,4.8054533,0.27330667,-0.4729986,2.6385348,-1.0895195,-5.24329,0.64229804,-2.2874286,0.29643333,-0.3676992,0.82030714,751,seg_8a10s,NORM
-1.1988082,-2.9496782,-2.8175726,-1.646873,4.5648837,-8.666515e-05,-1.1444858,1.5831479,-2.251058,-5.659783,2.1845267,-3.639042,-1.0768609,-1.4109817,-0.88611996,752,seg_0a2s,NORM
-1.0342141,-2.84619,-2.3710775,-1.2748249,4.122073,-0.09133464,-1.0074899,1.8140779,-1.915549,-5.5945897,2.403544,-3.5341785,-0.88420725,-1.5223489,-0.9501747,752,seg_2a4s,NORM
-2.3019855,-2.6387239,-3.1435437,-0.561221,3.8826022,0.07757458,0.4929342,3.6986735,-3.1487274,-5.0009017,1.6753547,-3.7512803,-1.1999567,-1.0161102,-1.3915253,752,seg_4a6s,NORM
-0.4683004,-2.5777807,-2.371767,-1.7950068,3.8380804,-0.33793893,-0.5680766,1.9865794,-1.791333,-5.109261,2.2060573,-3.508098,-0.6392215,-1.4804225,-0.37808695,752,seg_6a8s,NORM
-0.9647663,-2.6734872,-2.5469108,-1.8461497,4.3557906,0.1445595,-1.0698048,1.7169383,-1.9445186,-5.195919,2.007207,-3.6272247,-0.997307,-1.3654131,-0.5114863,752,seg_8a10s,NORM
-0.34471062,-4.2342157,-3.2121992,-1.6373286,3.3408444,-0.25715718,0.09174288,-0.38530028,0.85744774,-3.7561452,0.4256388,-3.233324,0.13987774,-0.57574624,0.34864688,753,seg_0a2s,NORM
-0.3814026,-4.1173177,-3.2170963,-1.5328288,3.1187449,-0.33641127,0.1344099,-0.48533368,0.90424573,-3.6167955,0.454578,-3.1713948,0.08617321,-0.56189936,0.29119343,753,seg_2a4s,NORM
-0.33168745,-4.2993355,-3.2911801,-1.5571008,3.2951138,-0.36089215,0.047907926,-0.4755662,0.9311193,-3.6462772,0.5081325,-3.2774627,0.17071024,-0.6094801,0.3915931,753,seg_4a6s,NORM
-0.41310507,-4.1983747,-3.370942,-1.4375572,3.0036469,-0.35558745,0.07679067,-0.3895787,0.95144683,-3.5076995,0.5612799,-3.2096841,0.08976507,-0.614928,0.4190814,753,seg_6a8s,NORM
-0.48359996,-4.3334427,-3.2628455,-1.48896,3.0942953,-0.49485287,0.22538668,-0.3306345,0.8894939,-3.6986578,0.61692035,-3.2690895,0.19594406,-0.62107784,0.19141474,753,seg_8a10s,NORM
-0.51407516,-1.5537139,-2.3194947,-2.3033009,2.5512981,-0.3262138,-0.1886157,0.85985816,0.38990152,-3.2575812,1.1948776,-3.7907646,-0.59391016,-0.237612,-0.59765136,754,seg_0a2s,NORM
-0.46442652,-1.5620855,-2.432866,-2.2524652,2.4706147,-0.32560197,-0.17685825,0.86031437,0.3306713,-3.213443,1.3092891,-3.7997215,-0.4499957,-0.24680747,-0.5919347,754,seg_2a4s,NORM
-0.50248456,-1.8345273,-2.537436,-2.3190815,2.5384922,-0.5430794,-0.23207048,1.0254289,0.3337211,-3.2551403,1.3402255,-3.8385956,-0.6394889,-0.37945944,-0.5939739,754,seg_4a6s,NORM
-0.44564778,-1.5958455,-2.4576411,-2.3231642,2.6358998,-0.26443985,-0.33248246,0.84650314,0.33245528,-3.3124616,1.2685868,-3.8126354,-0.51598966,-0.22768606,-0.55984795,754,seg_6a8s,NORM
-0.36919662,-1.6488212,-2.4485598,-2.4016938,2.4675968,-0.38082728,-0.20606029,0.87307394,0.5379519,-3.1492271,1.120119,-3.6831388,-0.59132576,-0.26080352,-0.43555573,754,seg_8a10s,NORM
-0.31166765,-3.0315366,-2.865821,-1.2949662,4.311948,0.28215322,-0.582892,2.3060687,-0.95304126,-3.6090326,0.7270672,-4.4060655,0.4151805,0.5504339,0.8274975,755,seg_0a2s,CD
-0.4320454,-3.0985584,-3.0325174,-1.3600335,4.174124,0.16633017,-0.27500406,2.3423774,-0.9181139,-4.2689314,0.6096808,-4.5537634,0.12916434,0.68972343,0.9147992,755,seg_2a4s,CD
-0.08460264,-2.704078,-3.0441666,-1.5918341,2.8432462,0.020731717,-0.20008826,1.0700095,-0.67769974,-4.11958,1.5459234,-4.192339,-0.0366996,-0.40449464,0.62944007,755,seg_4a6s,CD
-0.21369375,-2.8983228,-3.1132965,-1.5705194,2.7652602,-0.034264833,-0.0695694,1.1349354,-0.49408966,-4.177744,1.449457,-4.301709,-0.14639188,-0.37661117,0.7324207,755,seg_6a8s,CD
-0.04543896,-2.930405,-3.038219,-1.6372373,2.9442139,0.025821298,-0.28095388,1.0202016,-0.69770724,-4.2381134,1.4835432,-4.208455,-0.02218416,-0.3741635,0.6587496,755,seg_8a10s,CD
1.9649543,-7.1711383,-6.6853886,-3.7001657,4.9273677,-1.4683218,1.133485,6.6344285,-0.33516756,-12.098658,1.8576136,-8.585475,-2.39056,-1.1649386,0.2075719,756,seg_0a2s,STTC
0.3002082,-4.8511167,-3.982668,-2.0247412,4.8377476,-0.90979433,-0.28394383,4.1753674,-0.7963603,-7.256926,2.8764696,-6.0702667,-0.8623736,-1.9950206,-0.23492467,756,seg_2a4s,STTC
-1.2917283,-4.0980487,-2.7010055,-1.339776,6.6073656,-0.5629213,-1.0510857,4.5768785,-1.7259021,-4.958423,2.2560065,-5.298023,-0.3021537,-1.2811329,-0.12978354,756,seg_4a6s,STTC
-0.7311101,-1.9817196,-7.1813374,-2.1611257,5.787235,-0.38109735,0.29500532,9.865818,1.0280318,-6.9994397,3.088865,-11.44142,-4.5588603,-1.5085444,1.2060239,756,seg_6a8s,STTC
-0.24435383,-3.9733033,-8.665179,-3.6786566,6.891998,0.04030183,0.27149233,12.7491455,2.2975955,-9.722434,2.1244857,-14.554948,-5.439053,-0.1901329,1.8741605,756,seg_8a10s,STTC
-10.367804,-10.505089,-6.7926555,-9.984721,10.095719,-12.274046,2.8785355,6.5632477,-10.396378,-17.856138,3.416704,-8.611074,1.6518984,6.0348315,11.341003,757,seg_0a2s,STTC
-4.620324,-5.128745,-4.607758,-3.7755258,6.1326017,-2.738006,2.2925994,3.8379445,-2.1340547,-8.463515,0.9376297,-4.8363614,1.0784132,1.7378548,2.4370637,757,seg_2a4s,STTC
-4.1396956,-4.2165413,-3.316049,-2.5692372,6.3137684,-1.1090413,1.1190121,2.7767086,-1.24612,-6.3788366,0.14243576,-3.4648583,1.0825609,1.380769,2.6576195,757,seg_4a6s,STTC
-2.1992867,-2.570213,-3.2024431,-0.6497246,3.3502064,-0.025939405,1.4173226,1.9993668,-1.8336916,-5.7242227,0.47737023,-3.1417959,-0.29133946,0.61226285,0.3814108,757,seg_6a8s,STTC
-1.6707854,-3.0594778,-3.6522927,-0.45400053,5.6059856,-1.0815848,1.2886236,2.4414515,-3.077216,-7.050581,0.091681965,-4.21681,-0.25836468,1.5834829,0.9013541,757,seg_8a10s,STTC
0.617465,-3.300035,-1.9123075,-1.8964188,3.8270574,-0.45204815,-1.0566171,0.5198021,-0.2077899,-5.5247245,1.3081313,-2.1210966,0.2890041,-0.86078393,1.1634749,758,seg_0a2s,NORM
-0.110092394,-3.4483676,-1.5509264,-1.0271511,4.8316426,0.12512387,-0.8568732,2.1779447,-0.4055034,-4.90514,0.5401116,-2.1525807,0.52417594,-0.30945522,1.4522603,758,seg_2a4s,NORM
0.021991432,-2.8024337,-2.5748935,-1.5377424,2.100423,0.49354434,0.46660015,1.4322188,-1.0249698,-4.9451632,1.0894542,-1.9719853,0.26027346,-0.87076247,0.60998046,758,seg_4a6s,NORM
0.6124627,-3.208616,-1.9970835,-1.7429316,3.411003,0.07038361,-0.86062765,0.96591735,-0.4849282,-5.7305512,1.3749558,-2.2563581,0.501834,-0.66901714,0.8210982,758,seg_6a8s,NORM
-1.3384919,-4.4159174,-2.5773392,-2.436745,5.176271,1.1354929,-0.33824554,3.6697628,-0.7538281,-5.3103037,-0.6716624,-3.096868,0.54359996,0.9792391,1.9798914,758,seg_8a10s,NORM
1.8247823,-6.193472,-4.641137,-3.7338016,9.272337,-0.7892916,-1.1940595,3.5607624,-4.719299,-8.569747,0.7200399,-5.372769,-1.1776772,-1.3301096,-0.33935902,760,seg_0a2s,MI
0.5445133,-4.7129464,-4.038249,-1.3691499,6.773681,-0.8212985,-1.1742713,2.559939,-2.9376051,-6.6802454,0.916443,-5.446921,-1.9912275,-0.75341725,0.55496264,760,seg_2a4s,MI
-0.0013105124,-6.153367,-5.946401,-3.6971092,7.21753,-0.3232986,-0.43737826,1.4020426,-3.9479587,-8.884141,0.15421316,-6.3101997,-2.7076602,-0.7321069,0.7471194,760,seg_4a6s,MI
-0.1333988,-4.285298,-3.9338617,-2.2221851,3.7790818,-1.4852045,0.37612942,1.943018,-0.78831244,-6.1812787,1.5479139,-4.464316,-1.1658022,-1.1913695,0.48343295,760,seg_6a8s,MI
-0.53617275,-6.1800704,-5.2626095,-1.8025112,7.0466022,-0.70263994,1.2981435,2.9397337,-4.0713243,-7.400689,-0.78392744,-7.265446,-3.0495691,-0.50273895,0.58445144,760,seg_8a10s,MI
-2.411313,-4.1525493,-3.9897046,-1.7664764,4.727792,0.25056964,0.16787973,2.7926564,-2.071406,-5.2534633,-0.36598724,-3.6045156,-1.3140715,0.46008927,-0.41240975,761,seg_0a2s,MI
-2.0842385,-2.292921,-3.65802,-0.502337,4.414346,0.11969961,0.2783493,2.4742734,-1.4938772,-3.7384233,-0.19124576,-2.9190772,-0.8044829,0.699042,-1.1002313,761,seg_2a4s,MI
-2.1674416,-2.679832,-3.5192761,-0.71896183,5.2024474,0.5807929,0.14854023,2.7360532,-1.8314736,-5.043047,-0.29513147,-2.9494448,-0.4751736,1.0262294,-1.1982355,761,seg_4a6s,MI
-3.1742942,-3.6048486,-3.6975021,-1.5389848,5.247844,1.3078798,-0.02396135,2.234135,-1.5983746,-5.272625,-0.51479566,-3.2904832,-0.9851866,0.62215054,-0.8114072,761,seg_6a8s,MI
-2.3004825,-3.3626337,-3.5675669,-1.4255414,6.1178513,0.64331573,-0.21383366,2.8936634,-2.0211246,-5.7905064,-0.67151576,-3.3112462,-0.5676033,1.4073029,-0.6561246,761,seg_8a10s,MI
-0.7078197,-4.5420957,-2.6019878,-1.2253814,2.5192516,-1.4522624,-0.8261772,2.3936467,-0.13197121,-4.010392,1.8817886,-2.863873,-1.336865,-1.8986099,-0.24320504,762,seg_0a2s,NORM
0.40458816,-5.029415,-2.8237696,-2.3732414,4.3992424,-1.8773649,-2.262827,1.565099,0.2805046,-5.473235,1.5585266,-3.5764925,-1.5657014,-1.2017249,0.058065757,762,seg_2a4s,NORM
0.19922511,-4.709094,-2.8196778,-2.248152,4.3653197,-1.6457944,-1.9579356,1.68365,0.101832725,-5.484571,1.667631,-3.5494707,-1.4398845,-1.3182896,0.02974829,762,seg_4a6s,NORM
-0.7982875,-4.593196,-2.8889418,-1.1851995,1.9640696,-1.8201785,-0.65584505,2.6982648,0.27877468,-4.052056,1.9696842,-3.1511834,-1.5876894,-1.7595438,-0.060478017,762,seg_6a8s,NORM
0.62720186,-5.119178,-3.0692787,-2.7408712,4.429466,-1.9418919,-2.3723602,1.6863416,0.38705906,-5.0870404,1.3763543,-3.7038665,-1.6708323,-1.1510324,0.36545318,762,seg_8a10s,NORM
-1.1845043,-2.3274384,-2.4763994,-1.0693417,3.4435737,0.7641461,-0.090392075,1.8163748,-0.19110212,-3.599897,-0.117732994,-2.5533402,-0.16602322,0.54724896,0.6277467,763,seg_0a2s,NORM
-1.6027251,-2.3262956,-2.2832212,-0.5151264,3.4444034,0.8498409,-0.18373485,1.8682518,-0.09958257,-3.1168432,0.26100904,-2.5778809,0.04037723,0.25486952,0.5389879,763,seg_2a4s,NORM
-0.042092115,-1.748798,-2.8032641,-0.9226952,3.1774242,0.21559012,-0.49479628,1.2768989,-0.33662155,-3.881042,0.7080899,-2.4420984,-0.08320015,0.19353999,0.16838366,763,seg_4a6s,NORM
-1.278644,-2.2290661,-2.4578705,-0.8268438,3.2862399,0.76158905,-0.08162336,1.7722905,-0.22081274,-3.255844,-0.026396584,-2.5236382,-0.16928649,0.461465,0.5732966,763,seg_6a8s,NORM
-1.992799,-2.1887662,-2.9300194,-0.68641394,2.8213973,1.1186523,0.53708,2.2096903,-0.7030301,-2.9523122,-0.0013868734,-2.653111,-0.30183107,0.25596258,0.5465064,763,seg_8a10s,NORM
-0.0035612285,-1.729928,-2.8782191,-0.7809808,3.8334756,0.69038326,0.07648661,1.11315,-0.57544935,-4.6741867,0.76120645,-2.8919182,0.41216534,0.093404315,0.19554932,764,seg_0a2s,NORM
-1.0285972,-2.1326296,-2.589766,-0.6313097,3.8693805,1.0564427,0.39811918,1.550885,-0.2649676,-3.995797,0.11733418,-2.9013844,0.30895162,0.28098565,0.83991885,764,seg_2a4s,NORM
-0.6824283,-1.9038066,-2.8916736,-1.0515373,2.5609765,1.1360358,0.37361374,0.39324355,-0.10275641,-4.3053966,0.91729987,-2.7262292,0.081184834,-0.5130201,0.6305933,764,seg_4a6s,NORM
-0.8494014,-1.9419931,-2.9512606,-0.9867596,2.567851,1.0031605,0.4708623,0.28720462,0.09647796,-4.4791965,0.95614696,-2.8574615,0.12723996,-0.38839614,0.6012797,764,seg_6a8s,NORM
-0.85600585,-1.9535483,-3.2468452,-1.1434629,2.6976266,1.0220218,0.19583881,0.10674715,0.023596875,-4.2096486,0.8651989,-2.8972054,-0.19928704,-0.4585359,0.63406813,764,seg_8a10s,NORM
-1.7089404,-3.1061368,-1.0621623,-0.6069849,4.6861076,0.17672268,-0.92432034,2.023363,0.106255904,-3.6776023,0.071218684,-2.65449,-0.10826028,0.3293474,0.96611977,765,seg_0a2s,MI
-2.5256011,-2.4686294,-1.2323126,0.09065783,3.3584123,0.5917239,-0.111283004,2.0374362,0.25681806,-2.245816,0.07021595,-2.2320282,-0.09862769,0.13302737,0.69267833,765,seg_2a4s,MI
-0.041357428,-2.334994,-1.7117972,-1.1347091,3.0412219,-0.37119684,-1.1378785,0.026889563,0.51050127,-4.453073,1.4297924,-2.4138362,-0.1102619,-0.5685365,0.246793,765,seg_4a6s,MI
0.11043133,-1.9814664,-1.5393531,-0.9889675,3.170792,-0.18504575,-1.2224256,0.06749827,0.4385686,-4.338725,1.5438952,-2.3816469,-0.25622368,-0.870471,0.30680808,765,seg_6a8s,MI
-0.682709,-1.665165,-2.2505555,-0.76488394,1.6197474,-0.06565276,0.16706684,0.07130128,0.15673947,-3.3146613,1.3133698,-1.833034,-0.2612493,-0.9506221,-0.074688345,765,seg_8a10s,MI
-1.0532783,-2.02775,-3.3601213,-0.2727299,4.3621664,0.19627926,0.06518943,3.1461864,-0.8955286,-4.93444,0.41691732,-2.6145108,0.21559744,0.9234967,0.5965048,766,seg_0a2s,STTC
-1.7017937,-2.393151,-3.2062287,-0.67004776,3.2240064,0.5833641,0.38635,2.5347703,-0.42216927,-4.6027675,0.4212233,-2.4930549,-0.23406483,0.31600213,0.82719874,766,seg_2a4s,STTC
-1.5285516,-1.4507459,-3.4577117,0.54581416,2.9851284,0.424218,0.7690538,3.2338428,-0.9341919,-3.7672653,0.67275745,-2.149894,0.22307898,0.46827793,0.29656535,766,seg_4a6s,STTC
-1.6074811,-2.2411757,-3.1122441,-0.36908776,3.1282518,0.69434047,0.3165761,2.4198585,-0.6831149,-4.6391144,0.69824004,-2.3270774,0.016326837,0.21787438,0.583529,766,seg_6a8s,STTC
-1.654323,-2.2572334,-3.198234,-0.80750483,3.2196858,0.79766357,0.5104715,2.3696513,-0.4491372,-4.7066574,0.20488232,-2.3995218,-0.21222639,0.44156843,0.7032223,766,seg_8a10s,STTC
-0.6752909,-4.3482437,-1.6977915,-3.8116698,3.4209127,-3.9790924,-1.3115326,3.62017,-1.3270838,-5.132077,1.7972735,-4.323217,-3.1583867,-1.1381915,-0.053842768,767,seg_0a2s,HYP
-0.6989804,-3.9616215,-1.222705,-3.2693968,3.2942142,-3.6042438,-1.2413305,3.4363487,-0.5899138,-4.910846,1.9182283,-4.0471473,-2.8716657,-1.3112173,-0.9054686,767,seg_2a4s,HYP
-1.1326793,-3.9202638,-1.3807002,-3.1247587,3.5216584,-3.2550516,-1.1906745,3.164225,-0.88208896,-5.6567173,1.9256922,-4.0770416,-2.7564073,-1.0010012,-1.5280881,767,seg_4a6s,HYP
-0.64758044,-4.0943184,-1.2999641,-3.6693943,3.0374706,-3.824744,-1.287703,3.8257842,-0.6180686,-4.64716,1.8720899,-3.934246,-2.9069695,-1.2973858,-0.15113348,767,seg_6a8s,HYP
-1.0773256,-3.389266,-1.5793964,-2.6280746,2.3125405,-3.505697,-0.517838,3.7196763,0.288952,-3.4568,2.7784278,-3.2317407,-1.8882917,-2.3225064,-1.1473409,767,seg_8a10s,HYP
-0.32063234,-2.5405877,-3.3030896,-5.937493,4.252565,-1.7377036,3.1982896,2.4168434,-2.4489706,-7.621036,-3.2377875,-2.3183963,-3.4638646,0.63206637,-3.3616323,768,seg_0a2s,STTC
-1.0595657,-1.6233711,-2.3110328,-2.3843954,2.0982876,-0.20488122,1.6814777,2.3149195,-1.7080433,-4.006342,-1.0825937,-1.0937977,-1.7313145,-0.2543822,-2.207879,768,seg_2a4s,STTC
0.7150046,-2.3270888,-3.5022492,-5.164335,4.322672,-1.0870463,0.8980261,-0.015642047,-0.9286873,-7.1331987,-1.1724505,-1.8912437,-2.248834,-0.3652954,-1.831102,768,seg_4a6s,STTC
-0.1298643,-2.6944366,-1.3925087,-1.9447567,2.6442454,-0.7663976,-1.1109331,1.3301013,-0.36115944,-3.985607,1.6959866,-1.2882628,-0.30695373,-1.4052567,-1.7222577,768,seg_6a8s,STTC
0.28594857,-2.0354757,-1.9837701,-2.6059232,2.871381,-0.61959517,-0.6045995,0.5725291,-0.78517145,-4.4636693,1.1486999,-1.038851,-0.53095436,-1.2372622,-1.6248451,768,seg_8a10s,STTC
-0.31346083,-3.4916952,-2.2609725,-0.30897135,4.777914,0.8622445,-0.81308246,0.77113724,0.34488663,-3.439244,-0.6488717,-2.0962348,0.6341809,0.49368566,1.599579,769,seg_0a2s,NORM
0.16981979,-2.7457433,-3.3190703,-0.25802246,2.2356882,0.08360647,-0.015551597,0.65040004,0.24300846,-3.2841864,0.26234284,-1.4869058,0.42973858,0.13529076,0.66102946,769,seg_2a4s,NORM
-0.119223595,-2.6623442,-3.0410018,-0.17745334,2.4343336,0.571821,-0.4590899,0.3809318,0.2284452,-2.494221,-0.09481774,-0.95944214,0.5077537,0.21434832,0.96744645,769,seg_4a6s,NORM
0.65701276,-2.66612,-3.536592,-0.6278196,2.3533142,0.11333144,-0.38453114,0.4439345,0.51858956,-3.386354,0.07010715,-1.2525324,0.2846172,0.18045746,0.7527504,769,seg_6a8s,NORM
0.12730922,-3.091696,-3.4435139,-0.8919786,1.111639,0.09435071,0.20763466,-0.20888075,0.6846813,-3.770559,0.62964463,-1.0169202,0.4490211,-0.47784495,0.8855953,769,seg_8a10s,NORM
0.33051372,-2.2716255,-3.6418161,-2.1939404,3.6514883,-0.67282283,-0.6394544,1.5180411,-0.8661564,-3.2610917,0.10367071,-3.4732776,-1.2602323,0.30406454,1.1019585,770,seg_0a2s,NORM
-0.31569785,-2.5173056,-3.2369933,-1.775387,1.8678211,-0.4153597,0.19848135,1.1892378,-0.25407118,-3.6768603,1.0655046,-2.991932,-0.88199145,-0.7512936,0.917748,770,seg_2a4s,NORM
0.117314234,-2.2932208,-3.1852012,-1.4937634,3.4671147,-0.56775355,-0.40140802,1.8664527,-1.012944,-3.8678179,0.6042385,-3.1984823,-0.8728107,0.036357805,0.85139704,770,seg_4a6s,NORM
-0.5068915,-2.064641,-2.8004456,-0.3851874,4.1892734,-0.50165546,-0.49047425,2.91355,-0.754647,-2.6634953,0.38186842,-3.0915809,-0.48606402,0.35266852,0.9338932,770,seg_6a8s,NORM
-0.5493896,-2.075414,-3.054387,-1.457423,3.709347,0.061734945,-0.7199858,1.4632994,-0.62798375,-2.6314273,0.08650587,-2.8423693,-1.0702639,-0.03403601,0.9988562,770,seg_8a10s,NORM
0.7299476,-1.1341158,-3.1275616,-1.5698743,3.4804964,0.3545599,-1.7260392,-0.21328124,1.2893074,-3.8586426,1.7543763,-3.7430131,0.013290666,-0.31054807,1.5529262,771,seg_0a2s,NORM
-1.138304,-1.3343399,-2.778974,-0.3632831,3.823102,0.7805654,-1.0518985,1.5486091,0.8834719,-2.4488015,1.1488614,-3.2266018,0.25624973,-0.05493936,1.5418214,771,seg_2a4s,NORM
0.6193543,-1.196652,-3.1080866,-1.4899325,3.5349107,0.36144575,-1.7675303,-0.27131143,1.1897273,-3.7762513,1.8297272,-3.7539325,0.070733234,-0.34847343,1.4379804,771,seg_4a6s,NORM
-0.19097574,-0.90959597,-2.8209128,-0.8568736,2.4996681,0.5511248,-1.1711595,0.11882517,1.2046914,-2.8834045,1.8865166,-2.9114773,-0.0404636,-0.8078358,1.2520415,771,seg_6a8s,NORM
0.6537551,-1.1752381,-3.3193378,-1.6571374,3.6876888,0.42150748,-1.8876424,-0.36997324,1.0671114,-3.7339258,1.776586,-3.810215,-0.01673004,-0.33784145,1.5088233,771,seg_8a10s,NORM
-0.9453873,-2.7559726,-3.0902019,-0.18572924,4.049243,0.55868685,-0.39852974,0.82346714,-1.8632426,-5.2528076,0.4524975,-2.3481803,-0.79823,-0.050284952,-1.0028473,772,seg_0a2s,NORM
-1.0337255,-2.4483266,-2.8879762,-0.013916925,3.6302783,0.5305934,-0.16200705,0.8115308,-1.4141383,-5.260056,0.69643974,-1.939285,-0.46924454,-0.15349592,-1.2586434,772,seg_2a4s,NORM
-1.8454031,-2.2751415,-2.808743,0.95635843,3.982032,0.6472268,0.465014,2.3303955,-2.0030649,-4.4002333,0.06862621,-2.165552,-0.4378146,0.3578376,-1.2501359,772,seg_4a6s,NORM
-0.39982447,-2.265442,-3.1562696,-0.56798404,3.9506617,0.15819767,-0.0924292,-0.098560765,-1.7496963,-5.0095563,-0.0055932216,-2.2444437,-1.1404393,0.011575624,-1.3063744,772,seg_6a8s,NORM
-1.8927611,-3.316766,-1.7901692,0.7378092,4.415009,0.75386876,0.36293006,1.4100561,-1.8259654,-5.3028564,0.12507275,-2.8951871,-0.61861086,0.012158781,-0.78316617,772,seg_8a10s,NORM
0.28747475,-4.8038383,-2.6547322,-2.1487103,3.625224,-0.9279392,-0.643651,0.0029121637,1.7735927,-4.008763,0.50369906,-3.158626,0.093537614,-0.64540297,0.36117864,773,seg_0a2s,NORM
0.0030118078,-4.7354875,-2.627215,-1.7831151,3.5541322,-0.9878378,-0.59368217,-0.0054243505,1.9613054,-3.8493097,0.76911145,-3.071733,0.19878577,-0.85033673,0.3370922,773,seg_2a4s,NORM
-0.54697657,-5.0228705,-2.7873378,-1.3429146,4.643098,-0.93826365,-0.40960377,1.4222075,1.3146136,-3.7503397,0.04943969,-3.3648722,0.20644884,-0.079778954,0.5088359,773,seg_4a6s,NORM
-0.74343103,-4.594383,-2.5364256,-1.210649,2.4089081,-0.66371644,0.0770242,0.6925178,1.7459936,-3.3020127,0.9094324,-2.9802737,0.21668781,-0.8818712,0.0879554,773,seg_6a8s,NORM
-0.15576586,-4.9834647,-2.8837838,-1.9387534,3.3923192,-0.88925445,-0.26545063,0.40469217,1.6702778,-4.1938787,0.5370545,-3.2531896,-0.040592734,-0.69982535,0.30358702,773,seg_8a10s,NORM
-0.29700834,-3.5207598,-3.1652598,-1.7138758,4.903615,-0.8054389,0.17345661,2.6074615,-0.9802515,-3.7791011,-1.2986537,-3.2571206,-0.76748735,1.1847374,0.11114748,774,seg_0a2s,NORM
-0.19177751,-3.2813106,-3.3834882,-2.5446947,4.443034,-0.1750068,-0.4612318,1.6137832,-1.2047033,-4.9321775,-0.58249706,-3.2813911,-1.3688984,0.54548424,-0.47092983,774,seg_2a4s,NORM
-1.1818681,-4.0009212,-3.1113539,-2.091757,3.9163122,0.06868881,-0.076528445,2.2082064,-0.9889088,-4.1863694,-0.9115958,-3.1791217,-1.269323,0.53629273,-0.0056833625,774,seg_4a6s,NORM
0.2701409,-2.7897408,-2.3884096,-1.7369695,3.2383485,-0.9554044,0.02940651,0.97347736,0.077239975,-3.8407931,-0.518519,-2.6124334,-0.9537821,0.50679475,-0.35644874,774,seg_6a8s,NORM
-1.237365,-4.399296,-3.142826,-3.1543489,4.9904532,0.5033215,0.17214116,2.5153348,-1.7698486,-6.5398316,-1.6423727,-3.8039474,-1.9141368,1.069732,-0.4985645,774,seg_8a10s,NORM
-0.38159072,-2.3291101,-2.3025198,-0.9908734,2.9503467,0.03957939,-0.53928554,-0.04113643,0.8353987,-3.0109584,1.4512004,-3.9187331,-0.04218948,-0.6309818,0.22876592,775,seg_0a2s,NORM
-0.5797381,-2.159941,-2.5081635,-1.1138718,2.734762,0.21711233,-0.36148682,-0.0170376,0.7177559,-2.8236783,1.2921793,-3.867535,-0.17435521,-0.55508316,0.2554398,775,seg_2a4s,NORM
-0.39346844,-2.2956197,-2.4332361,-1.124646,3.0392473,0.19601691,-0.5457252,-0.116398975,0.72615814,-3.0496638,1.3956467,-3.8991213,-0.02862452,-0.6270521,0.2469627,775,seg_4a6s,NORM
-0.3703463,-2.2080364,-2.0099933,-0.84255034,2.9204886,-0.03854671,-0.7115136,-0.25795364,1.0108893,-2.7431474,1.5325052,-3.7706423,-0.037932884,-0.7364561,0.109632656,775,seg_6a8s,NORM
-0.9014424,-1.5736098,-2.406774,0.13599804,3.0185244,0.037690654,-0.42228663,0.7463945,0.20138597,-1.9272771,1.4256516,-3.2355697,0.099432185,-0.42609984,-0.18516243,775,seg_8a10s,NORM
-0.094934404,-2.4823563,-2.9814358,-1.6813631,3.8702707,-0.22964427,-0.08053063,0.92565453,-0.44855714,-3.8515196,0.059307843,-3.5701823,-0.5192015,0.4969557,-0.2576213,776,seg_0a2s,NORM
-0.88314456,-3.0844734,-2.8760438,-1.4069939,3.6082213,0.19416107,0.22433451,1.4783745,-0.14860651,-3.0394073,-0.38260937,-3.475793,-0.3851387,0.51064223,0.65927523,776,seg_2a4s,NORM
-0.5989642,-3.1089807,-2.7880473,-1.6114566,2.34264,-0.046847582,0.27683595,0.35380763,0.48015723,-3.2131453,0.62902564,-3.2894385,-0.26781642,-0.45029396,0.2994875,776,seg_4a6s,NORM
-0.517809,-3.0053763,-2.6874857,-1.2903857,2.4297957,-0.017604649,0.10810002,0.09982231,0.59866637,-3.288565,0.8492147,-3.2426176,-0.052328978,-0.4963084,0.26479307,776,seg_6a8s,NORM
-0.71984696,-2.6309397,-2.8077145,-1.0352175,3.8373246,0.22896776,-0.13018823,1.0149823,-0.16575658,-3.332555,0.2953959,-3.2059367,-0.019426811,0.1812084,0.20513262,776,seg_8a10s,NORM
0.31481785,-3.0108204,-3.6449852,-2.6129804,4.0397453,-0.55763507,-0.623357,0.38392824,-1.0475962,-3.4747143,-0.44614112,-2.9756503,-0.5842434,0.68452334,0.52028584,777,seg_0a2s,NORM
-0.7267149,-4.2138166,-2.738728,-1.8900523,4.106298,-0.2274929,-0.62814367,1.1493888,-0.69306606,-2.6872253,-0.8344433,-2.8023937,-0.4922099,0.4307484,0.6102054,777,seg_2a4s,NORM
-0.0070143044,-3.5554633,-3.126217,-2.475042,2.4300656,-0.050996214,-0.055867687,-0.23011151,-0.33744863,-3.587936,-0.10665499,-2.282433,-0.28049687,-0.13550185,0.6597611,777,seg_4a6s,NORM
-0.012463778,-3.4915864,-1.999248,-0.78695685,3.5098543,-0.52318287,-0.192327,0.6992229,-0.36269516,-3.3145618,0.018519863,-1.8615143,0.02838973,-0.29017538,0.79655313,777,seg_6a8s,NORM
0.9081924,-4.468696,-3.4932938,-3.156233,5.018276,-1.5636506,0.5036413,0.45863426,-1.5964761,-6.456937,-1.229439,-3.1382437,-0.60047317,1.1440606,1.1644083,777,seg_8a10s,NORM
-1.2230842,-4.2189093,-2.5388455,-0.58082765,4.108515,0.4108974,0.66107345,0.88791084,-0.25938022,-3.9100945,-0.9118749,-2.4558601,-0.08889953,0.124301806,1.0696499,778,seg_0a2s,NORM
-0.19556813,-3.548709,-2.492509,-1.0794611,2.5226452,0.24926679,0.8750774,-0.3727091,0.3210131,-4.728213,0.16308013,-2.1522822,0.25231773,-0.5130482,0.5140273,778,seg_2a4s,NORM
-0.38514042,-3.8911457,-2.535255,-0.7750409,2.3722184,0.1351861,0.8461679,0.033796996,0.51617956,-4.7665796,0.44312435,-2.248951,0.33065414,-0.6651161,0.6884744,778,seg_4a6s,NORM
0.2618807,-3.4958522,-2.4501772,-0.49035716,4.1967916,-0.123722315,0.27361172,0.110586375,-0.14123851,-4.922529,-0.057490088,-2.3299518,0.2777531,-0.09013623,0.28242168,778,seg_6a8s,NORM
-0.28898743,-4.0887823,-2.5648713,-1.0517154,3.1817317,0.31091055,0.48701265,-0.58008593,0.23467565,-4.816959,0.0643963,-2.3042226,0.017980702,-0.7126551,0.6229098,778,seg_8a10s,NORM
-0.20026799,-4.838956,-4.494897,-2.4304175,3.821435,-1.7373226,-1.9774549,-0.3507254,-0.028280094,-3.1696641,1.0379313,-4.4762077,-1.7068034,-0.5433105,-0.32276967,779,seg_0a2s,NORM
-0.1254639,-4.8279047,-3.9697404,-2.086447,3.7845461,-1.5338639,-1.5586851,0.056430757,0.02077514,-3.268414,1.2389557,-4.7218785,-1.2315707,-0.67237717,0.1437281,779,seg_2a4s,NORM
-0.14732969,-4.9302735,-4.088594,-2.3884246,4.142271,-1.5912673,-1.48566,0.2501858,-0.51163715,-3.4192705,1.1846611,-4.902168,-1.4226978,-0.7760718,0.28905237,779,seg_4a6s,NORM
-0.5177258,-5.141307,-4.8116384,-2.4421964,4.167549,-1.4858066,-1.9877853,0.13118255,-0.64411074,-3.540941,1.0861607,-4.8774004,-1.8848428,-0.61143154,0.14493628,779,seg_6a8s,NORM
-0.46980083,-5.0407915,-5.1282215,-2.8067322,4.2373085,-1.8522737,-2.180822,-0.124856204,-0.8407223,-3.067029,0.99725056,-4.8837094,-2.178787,-0.65289205,0.18554915,779,seg_8a10s,NORM
-0.83180463,-2.1734977,-3.5653806,-0.65923804,3.6980555,-0.027663589,-0.62047404,2.657232,-0.98857397,-2.5938354,0.27224618,-1.8982618,-0.039870854,0.41573405,-0.04935117,780,seg_0a2s,NORM
-0.717379,-2.4035106,-3.3955622,-1.1709423,2.6301675,-0.078377336,-0.34209228,1.769026,-0.4246539,-3.06004,0.6770703,-1.9008172,-0.18182185,-0.13041024,-0.14644742,780,seg_2a4s,NORM
-0.5843308,-2.117252,-3.6447258,-1.4790654,2.7856443,0.19469316,-0.42823824,1.4222943,-0.44110465,-2.7833858,0.29217157,-1.8496606,-0.35728955,0.0042292625,0.10251662,780,seg_4a6s,NORM
-0.74846107,-2.3212385,-3.4334908,-1.1575565,2.4509046,0.100623086,-0.15705064,1.6903216,-0.46749705,-3.0410738,0.4464566,-1.7926295,-0.17276669,0.01929912,-0.032227635,780,seg_6a8s,NORM
-0.71758187,-1.9330115,-4.0573316,-1.7368739,2.472463,0.15970647,0.02554562,1.1838437,-0.71958417,-2.4457915,-0.036004562,-1.7736746,-0.6179611,-0.035847783,0.057973437,780,seg_8a10s,NORM
0.13064007,-3.9892447,-2.3933792,-1.8878427,3.95448,-1.1929113,-0.5363957,3.150814,-1.2966931,-6.3946357,2.231849,-3.7167697,-0.42151815,-1.4153605,2.1847973,781,seg_0a2s,NORM
-0.10415054,-3.4431634,-2.6952157,-1.4016707,3.5515833,-0.53443444,-0.42898124,2.431835,-0.6350208,-5.9813805,2.006789,-3.4378898,-0.56502956,-1.4077674,1.457511,781,seg_2a4s,NORM
-0.18116775,-3.34542,-2.731933,-1.2269254,3.3824954,-0.40988943,-0.30367574,2.3582916,-0.3664537,-6.0237517,1.9583238,-3.4465327,-0.663144,-1.411818,1.2063761,781,seg_4a6s,NORM
0.16510917,-3.6884115,-2.4066062,-1.3769021,3.3203483,-0.8732071,-0.056826614,2.90384,-0.6624818,-6.085023,1.9533051,-3.4024198,-0.7333495,-1.6918845,1.9994135,781,seg_6a8s,NORM
-0.9091461,-4.6259646,-2.414682,-1.4713697,5.574238,-0.83545864,-0.4952248,4.266534,-1.5592611,-6.407172,1.0890867,-3.9092484,-0.090794586,-0.20310546,2.3522422,781,seg_8a10s,NORM
-2.733487,-3.2091033,-1.83794,-0.07927737,4.2693305,0.9163809,-1.3207009,1.5794193,-0.57448095,-2.1005218,-0.049268413,-2.4415822,-0.801433,0.015226707,0.33593845,782,seg_0a2s,NORM
-2.7217212,-3.4984093,-1.4807495,0.31017306,4.25352,0.7024621,-0.9476904,2.5036805,-0.57021034,-2.8490996,0.5704145,-2.953066,-0.2582885,-0.08134569,0.38341984,782,seg_2a4s,NORM
-0.72893566,-2.2320511,-2.4853573,-0.67545605,2.2258298,-0.014859408,-0.78599846,-0.053965762,-0.37708628,-3.3473463,1.6020572,-2.2070765,-0.5923854,-1.0989358,-0.2818936,782,seg_4a6s,NORM
-0.9833728,-2.4289598,-2.463338,-0.29304194,2.3497553,0.16886076,-1.0648191,-0.13212381,-0.4666047,-3.8860095,1.8367442,-2.2432892,-0.3840019,-0.9064671,-0.67801774,782,seg_6a8s,NORM
-2.401679,-2.3050382,-2.7672486,0.6055118,2.1349573,0.38440868,0.19188562,1.926877,-1.5834363,-3.0710564,1.0114079,-2.471022,-0.7775192,-0.26818597,-0.996027,782,seg_8a10s,NORM
-1.6410725,-3.498491,-2.5740204,-1.2708681,4.014164,-0.6708418,0.6497424,1.8756557,-1.0936959,-3.241473,0.99628735,-4.45223,0.58786166,0.27364212,-1.3855246,783,seg_0a2s,NORM
-1.8463534,-3.5560884,-2.5384383,-0.7678115,5.1415887,-0.78337073,0.5224541,2.8987231,-1.469531,-2.9714046,0.4652126,-4.6239786,0.72046715,0.89138824,-1.3318709,783,seg_2a4s,NORM
-1.8712542,-3.5422983,-2.4874682,-0.75919944,4.9193363,-0.7455454,0.59014636,2.9950411,-1.3517783,-2.858139,0.38540903,-4.4772367,0.7303355,0.9027999,-1.2480353,783,seg_4a6s,NORM
-1.9699723,-3.7364852,-2.4958167,-0.6967059,5.1550884,-0.7745441,0.59898615,3.0322032,-1.4890206,-3.0358074,0.4763858,-4.683841,0.78929335,0.88636696,-1.4144225,783,seg_6a8s,NORM
-2.1013088,-4.0020404,-2.8076515,-1.4509664,2.2278786,-0.78898454,1.2167921,1.6882486,-0.65558314,-3.375929,1.6545408,-4.2829356,0.20857657,-0.7044574,-1.2921488,783,seg_8a10s,NORM
0.46267426,-2.9055097,-5.0559273,-2.731317,3.6666532,-0.0052067935,-0.55976725,1.65985,-0.5981922,-3.9485266,-0.6025175,-2.64629,-1.188003,0.3171887,1.4847236,785,seg_0a2s,CD
-0.28989092,-3.0784829,-3.857637,-1.6709406,3.2549164,0.039627865,-0.8307869,2.0279567,0.1257291,-3.205952,0.07705829,-2.3609061,-0.482907,0.16712067,1.3062711,785,seg_2a4s,CD
0.6524209,-2.961632,-4.2294664,-2.1064715,3.1848638,-0.25565436,-0.61223453,1.8487461,-0.16405761,-4.13623,0.06378748,-2.3796968,-0.43128747,0.34274232,1.3558067,785,seg_4a6s,CD
0.16752799,-3.2477505,-4.142545,-2.3556986,2.2467003,-0.118718535,-0.82127374,1.0053066,0.20585406,-3.8634965,0.82117605,-2.2963068,-0.5562806,-0.5766026,1.2706997,785,seg_6a8s,CD
0.5172798,-3.155551,-4.144102,-2.482076,2.4852483,0.032436416,-1.0451365,0.8217641,0.3319555,-3.9565666,0.69749135,-2.3458643,-0.5008601,-0.46494585,1.3011099,785,seg_8a10s,CD
-1.4639678,-4.3940983,-5.669035,-3.1981122,7.2146115,1.288046,-2.0512679,2.378204,-4.3219075,-6.2581897,-0.23421028,-4.856073,-2.234523,0.4012258,-0.4203153,786,seg_0a2s,CD
-1.5825844,-1.999007,-3.5282683,-0.6871391,3.7310555,1.1538578,-0.80555236,0.42664474,-1.1529315,-2.4932737,-0.15775424,-2.6743922,-1.0604753,0.22498927,0.096036494,786,seg_2a4s,CD
-0.16215661,-2.1081898,-3.6623235,-1.0236223,3.5766103,0.16317722,-0.7867246,0.19347864,-1.1898384,-3.5691252,0.23246694,-2.8588002,-0.90228105,0.36976114,-0.6021656,786,seg_4a6s,CD
-0.5277709,-2.2266786,-3.9331856,-1.5246313,2.1982403,0.1493715,-0.11797801,-0.6603157,-0.5998012,-3.2235906,0.6237628,-2.6806428,-0.9690619,-0.48099118,-0.19500965,786,seg_6a8s,CD
-0.58074605,-1.9765145,-3.4216485,-0.92961437,1.6790719,0.22961697,-0.10563278,-0.73958135,-0.27720976,-2.9753387,0.86511797,-2.2893043,-0.7452421,-0.5855887,-0.2566119,786,seg_8a10s,CD
-0.50417507,-2.5666566,-2.7659183,-1.2192414,3.0563803,0.24107727,-0.21923435,0.47227907,-0.14699548,-3.7350519,-0.44486988,-1.1645724,-0.2814249,0.32479066,-0.11704889,787,seg_0a2s,NORM
-1.2537298,-2.2122133,-1.8715541,0.51529133,3.474577,0.103388846,-0.060063865,1.9926164,-0.32554314,-3.3897848,-0.2594814,-1.1204838,0.14656392,0.7400945,-0.7855054,787,seg_2a4s,NORM
-0.6455991,-2.6419544,-2.4015446,-0.9229354,2.7649975,-0.20413458,-0.0059946105,0.8907448,-0.12373817,-3.9605923,-0.03348574,-1.2169571,-0.14937855,0.24986793,-0.55338013,787,seg_4a6s,NORM
-1.1816121,-2.454594,-1.8888006,-0.29834184,2.8661964,0.30581743,-0.07526915,0.975868,0.25252166,-3.683052,-0.06678991,-1.0082166,-0.028101295,0.21390358,-0.53977,787,seg_6a8s,NORM
-0.7070347,-2.6373336,-2.9337368,-1.2431426,3.7380774,0.36463678,-1.1205604,0.5696284,-0.77348894,-4.3051343,-0.04920072,-1.1990577,-0.75228924,0.11717194,-0.81349134,787,seg_8a10s,NORM
-1.6573752,-2.2868297,-4.3465357,-0.32158223,3.4229922,0.59602654,-0.108621225,1.0608984,-1.1760292,-3.7010458,1.0710236,-4.0703325,-0.65119684,0.21187174,-0.7524483,789,seg_0a2s,CD
-1.7225386,-2.3025336,-4.4378304,-0.47035182,3.302667,0.36002797,-0.059377376,0.9097922,-1.1063037,-3.4517822,1.0327256,-4.162835,-0.5246779,0.42330778,-0.4528925,789,seg_2a4s,CD
-1.5934596,-2.108731,-4.302434,-0.42711753,3.277403,0.6655279,-0.051772542,0.7537018,-1.1095331,-3.070237,0.89740914,-3.8919182,-0.4009769,0.31081802,-0.37888792,789,seg_4a6s,CD
-1.6779525,-2.2450063,-4.4426665,0.016022928,4.7434573,0.6485089,-0.41126695,1.6564734,-1.4120319,-2.6821146,0.30114397,-4.084434,-0.26049608,0.9133101,-0.30245718,789,seg_6a8s,CD
-1.5970436,-2.2484446,-4.4139466,-0.04282479,4.749793,0.94191694,-0.34363842,1.6013494,-1.5482459,-2.894326,0.07221054,-3.7773483,-0.20928879,0.915801,-0.28184387,789,seg_8a10s,CD
-0.26589692,-5.313397,-2.549995,-1.673023,3.8179197,-1.788007,-1.8530303,-0.2934579,0.4393733,-3.0073059,1.1306804,-3.777532,-0.9626168,-0.93314457,0.12319726,790,seg_0a2s,NORM
-0.5953963,-5.2375965,-2.7425714,-1.6144063,3.3249369,-1.6933832,-1.318956,-0.093462035,0.2894566,-2.7439678,1.0131308,-3.8041117,-1.0384102,-0.9020575,-0.01009433,790,seg_2a4s,NORM
-0.78777456,-5.2178116,-2.98737,-1.7106555,3.200254,-1.548249,-1.1081675,0.09148848,0.12748091,-2.8303277,0.91220254,-3.8470702,-1.1075832,-0.8422401,0.0088659525,790,seg_4a6s,NORM
-0.48816437,-5.254359,-2.6157622,-1.6079254,3.5418065,-1.6550863,-1.5620084,-0.18733487,0.35535178,-2.7384052,1.0431708,-3.7725143,-0.98788303,-0.93223774,0.049019694,790,seg_6a8s,NORM
-0.73355967,-5.2122016,-2.76647,-1.8044069,3.3977442,-1.5982157,-1.2117145,0.078445554,0.14637652,-2.93314,0.88397753,-3.8941994,-1.1626966,-0.8166878,0.04522848,790,seg_8a10s,NORM
-0.63505113,-3.4542005,-2.6473217,-1.3803356,3.7777796,-0.55992234,0.9281528,0.7493186,0.14472201,-3.3493257,-0.26300567,-3.107321,-0.0006376803,0.014253333,-0.35323843,791,seg_0a2s,NORM
-1.546087,-3.9070802,-1.9784037,-0.6666792,3.485388,-0.33153918,1.1545426,1.5657545,0.40409094,-3.0757961,-0.19000545,-3.0978148,0.23587547,-0.0348517,-0.11318725,791,seg_2a4s,NORM
-0.664754,-3.418783,-2.5093427,-1.0845392,3.446799,-0.6476847,1.1957568,1.0303003,0.10494502,-3.5515115,-0.10064328,-3.1045904,0.08969577,0.011998609,-0.42981598,791,seg_4a6s,NORM
-1.7691934,-4.001536,-2.0240874,-0.71191716,3.3219264,-0.3345767,1.2993757,1.7802317,0.42270553,-2.8667471,-0.31826523,-3.1039422,0.13146354,-0.0437631,-0.13748094,791,seg_6a8s,NORM
-0.67488676,-3.7540317,-2.5820136,-1.146445,3.65703,-0.6774657,0.9201678,1.2470945,0.18536115,-3.540929,-0.022861324,-3.24653,0.10592458,-0.02554357,-0.25126088,791,seg_8a10s,NORM
0.19060044,-3.9616106,-2.7660446,-2.1920028,4.2622514,-0.10248655,0.17107657,0.5785087,0.021989457,-6.488427,0.87655604,-4.8004875,0.2924356,0.12919109,-0.6346741,792,seg_0a2s,NORM
-0.32542434,-3.2542396,-1.9339832,-1.3619161,3.532595,-0.20370466,-0.33872795,0.19717675,0.47620687,-5.1884904,1.1021167,-2.9281912,0.07682775,-0.6041018,-0.5149399,792,seg_2a4s,NORM
-1.018748,-2.7152805,-2.466875,-1.1600668,4.474875,0.97827446,-0.40158334,0.8976691,-0.5182319,-4.4223576,0.13135627,-2.6649878,-0.039200567,0.07593022,-0.4694548,792,seg_4a6s,NORM
-0.20107397,-3.1630354,-1.9576935,-1.3310852,3.6579592,-0.018165767,-0.6802314,-0.1599544,0.44729,-5.036576,1.0700086,-2.8818674,0.14224654,-0.49325866,-0.5585817,792,seg_6a8s,NORM
-0.33009213,-3.0945003,-2.025426,-1.5516262,3.5370905,-0.04644084,-0.159511,0.067085296,0.38145345,-5.1982236,0.93656564,-2.9695172,0.17302816,-0.4282331,-0.43933055,792,seg_8a10s,NORM
-0.08903301,-2.9675758,-3.105167,-0.8947804,3.256219,0.081272036,-0.29396385,0.15606186,0.36787075,-3.1739013,0.09646339,-1.9734166,0.68207186,0.36001834,0.25765893,793,seg_0a2s,NORM
-1.4243209,-3.4253557,-3.0956159,-0.80160767,3.0965767,0.4500517,0.26826137,0.93148744,0.5550014,-2.554469,-0.41137037,-2.1491961,0.47685778,0.47391993,0.671393,793,seg_2a4s,NORM
-0.47079575,-2.886639,-3.5978289,-0.9495025,2.8843548,0.08779988,0.16465318,0.3563959,0.15315756,-2.8727381,0.013904087,-2.2630322,0.40321958,0.39176968,0.11313135,793,seg_4a6s,NORM
-1.583592,-3.3637488,-2.932991,-0.6675952,2.7765205,0.5557055,0.5245466,1.1367868,0.52135193,-2.4144785,-0.53733253,-1.9489205,0.4878791,0.46615237,0.81103873,793,seg_6a8s,NORM
-0.46896094,-3.2030497,-3.1312213,-1.2897055,1.7538804,0.13573194,0.35217682,-0.5618061,0.89185524,-3.383069,0.36987132,-1.7899939,0.40612853,-0.2746483,0.3551215,793,seg_8a10s,NORM
-0.16006963,-2.707893,-2.4373994,-0.3473354,3.9925191,-0.2108675,-0.3335176,2.2889562,-0.52448845,-4.163654,0.9158168,-3.8256707,-0.5871053,-0.32926154,1.0761197,794,seg_0a2s,CD
-0.59098977,-2.8509889,-2.6179824,-0.685851,5.112307,-0.22814229,-0.24995264,3.5937383,-0.857635,-3.619094,-0.07140829,-3.6429055,-0.2093963,0.66040814,1.4909862,794,seg_2a4s,CD
-0.7621594,-2.8222866,-2.5537176,-0.92400366,3.7045667,-0.020459652,-0.29133332,2.5927863,-0.30309922,-3.572659,0.5729636,-3.1576035,-0.23344995,-0.05912517,1.4197378,794,seg_4a6s,CD
0.11446713,-2.462238,-2.7311773,-1.301775,2.179547,-0.35099974,-0.58195597,1.2425616,0.24859968,-3.5285485,1.5875852,-2.8862236,-0.52861035,-1.0830716,1.0743564,794,seg_6a8s,CD
0.09965016,-2.6820066,-2.7254095,-1.2827156,2.1662233,-0.578194,-0.6308969,1.0827647,0.14290474,-3.5764728,1.6432034,-2.9230099,-0.45345968,-0.9852971,0.83190143,794,seg_8a10s,CD
-1.5906982,-3.9291725,-1.1605166,-1.0834875,3.312934,-0.36103258,0.3732203,2.1012123,0.10701321,-2.888382,-0.89270896,-1.9308372,-0.8102045,-0.16499363,-0.44887027,795,seg_0a2s,NORM
-0.044386372,-3.2836483,-1.5438366,-1.4733012,3.1088448,-1.0515833,0.5612121,1.2821957,0.02833122,-4.078168,-0.5765981,-1.6689712,-0.7207744,-0.14708851,-0.9210614,795,seg_2a4s,NORM
-1.3902054,-3.7231007,-0.9959646,-0.8559038,3.0303514,-0.43559673,0.3626823,2.0378954,0.34758952,-3.014986,-0.70947015,-1.7204794,-0.5746968,-0.064194694,-0.5098283,795,seg_4a6s,NORM
-0.11441976,-3.7277102,-1.858002,-1.6284478,3.221454,-1.2479826,-0.011425294,1.4781018,-0.08625427,-3.6699584,-0.53100455,-1.9402566,-1.2105663,-0.3039937,-0.7476351,795,seg_6a8s,NORM
-1.4608841,-4.361049,-1.1991888,-0.9538073,3.1644332,-0.9330772,0.1364474,2.36557,0.3780769,-2.6443884,-0.6297724,-2.1602194,-0.9486171,-0.31340772,-0.29142198,795,seg_8a10s,NORM
-0.32267296,-5.6677575,-5.3357697,-2.862162,5.4763145,0.022714794,-0.7782071,2.175697,-3.6297889,-5.945168,-0.17348748,-4.8371143,0.7808257,2.084276,1.0018977,796,seg_0a2s,CD
-1.0095997,-5.5652266,-6.5381646,-2.7797658,5.910133,-1.7098904,-2.9011858,2.4512296,-3.2242873,-2.662876,1.2363117,-7.028886,-2.6364627,-0.05527544,-0.51514316,796,seg_2a4s,CD
-0.782243,-4.408428,-4.984405,-1.542283,5.8854036,0.06828873,-1.2179476,2.760807,-2.9995916,-4.6532946,0.033826225,-3.244755,0.22788684,1.0132027,1.4158044,796,seg_4a6s,CD
0.33201325,-4.4399633,-5.4973526,-2.3776257,4.3984284,-0.20326385,-0.8311573,1.4355663,-2.977155,-5.292948,0.6510167,-3.4338195,0.39024168,0.6517004,0.9491514,796,seg_6a8s,CD
0.5215989,-6.279744,-7.0018153,-4.153894,6.889965,-2.1272278,-3.1155543,2.271647,-4.8006463,-4.0272627,1.256569,-7.683174,-1.4628824,0.9113304,-0.9318316,796,seg_8a10s,CD
-1.6836497,-2.724464,-1.5775881,-0.37658492,4.654751,0.30487892,-0.16111365,2.132055,-0.6790169,-4.3496947,0.6856784,-3.6096473,-0.25066978,-0.039628074,-0.25201845,797,seg_0a2s,NORM
-1.5702531,-2.5535924,-1.3678588,-0.21041349,4.293382,0.24499635,0.07091253,2.0601265,-0.34050775,-4.175207,0.7232951,-3.3531442,-0.08580816,-0.14416818,-0.26110137,797,seg_2a4s,NORM
-1.4680607,-2.4710147,-1.6259825,-0.280419,4.2952557,0.3954321,-0.015950851,1.9133942,-0.6519491,-4.328981,0.59763247,-3.1981971,-0.21169524,-0.048662573,-0.23084447,797,seg_4a6s,NORM
-1.8584306,-2.747226,-1.5440779,-0.27102187,4.5208974,0.332022,0.036210515,2.3079634,-0.6429092,-4.416859,0.63991064,-3.5042005,-0.26102227,-0.05118242,-0.24508893,797,seg_6a8s,NORM
-0.8030522,-2.4678183,-1.8229232,-0.9605662,2.9922686,0.11335063,0.31647158,0.91957986,-0.38960218,-4.8314934,1.3664551,-3.1886945,-0.23636049,-0.84779555,-0.41983685,797,seg_8a10s,NORM
-1.1982846,-2.879737,-4.3044395,-3.2897644,3.7588298,-0.44134066,0.48857895,1.5095886,-0.77209896,-4.940203,0.6308322,-4.523708,-1.855978,-0.60971445,-1.0419192,799,seg_0a2s,MI
-1.4927801,-2.953591,-3.35153,-2.0777884,3.0592706,-0.34234038,0.7471233,2.5834813,-0.32103235,-5.6836686,1.6238604,-4.190805,-0.8584255,-0.7884674,-1.0145221,799,seg_2a4s,MI
-0.8434859,-2.8392127,-3.7012863,-2.0112154,4.7653975,-0.55669725,0.31870547,3.5103085,-0.8613315,-6.431858,1.2110046,-4.7519093,-0.789979,0.08936607,-0.8525791,799,seg_4a6s,MI
-2.2421958,-3.1280468,-2.8070579,-1.4591491,4.732448,0.18753788,0.376149,3.9992456,-0.15690827,-4.818344,0.5753544,-4.4496026,-0.71229446,0.07570124,-0.09399283,799,seg_6a8s,MI
-1.677753,-2.7678404,-3.035091,-1.4720991,4.6254363,-0.053379983,0.19813481,3.6630416,-0.3058233,-5.105228,0.96841836,-4.4428864,-0.6795998,-0.011317685,-0.3554646,799,seg_8a10s,MI
-0.2231227,-3.2747588,-1.9911977,0.23393174,4.020296,-0.17846844,-1.4299232,-0.8742267,0.20850006,-4.649306,2.076752,-3.471541,0.16931477,-1.0459352,-0.2500703,801,seg_0a2s,STTC
-1.1055528,-2.7183788,-2.0842552,0.68506813,2.86607,0.21371676,-0.59242636,-0.63955677,0.252159,-3.7830217,1.9707989,-2.8025954,0.10733627,-1.2092133,-0.27309743,801,seg_2a4s,STTC
-0.19273333,-3.1100557,-1.9433634,0.1879943,3.9604654,-0.09765971,-1.355095,-0.97447675,0.25741023,-4.513856,1.9328227,-3.413434,0.099767014,-1.0204926,-0.18081027,801,seg_4a6s,STTC
-0.12348508,-3.1716766,-1.8325814,0.26721376,4.123828,-0.07177821,-1.501238,-1.077138,0.3661602,-4.7066197,1.9865476,-3.3394976,0.26370388,-0.9955026,-0.20895755,801,seg_6a8s,STTC
-1.0476004,-2.7734344,-1.998635,0.7348943,2.6626472,0.06878205,-0.49390262,-0.43365932,0.23016551,-3.8419127,2.0843518,-2.855616,0.18140419,-1.1892434,-0.31261697,801,seg_8a10s,STTC
-0.83765316,-3.0015588,-3.8196478,-2.0486596,3.0644138,-0.34209147,1.2187958,2.2795074,0.33467805,-4.4731746,-0.15329418,-2.323367,0.067570224,0.27663633,-0.08907288,802,seg_0a2s,NORM
-0.80188537,-2.7605896,-3.5738888,-1.8074737,3.1003823,-0.23668584,0.99759173,1.8429172,-0.14848715,-4.4192123,0.07592467,-2.1877494,0.10812259,0.1763389,-0.5348182,802,seg_2a4s,NORM
-1.0087173,-2.9558177,-3.9845753,-2.0290804,3.5126848,-0.25257143,1.5912384,1.9630885,-0.5462487,-5.0769324,0.2673905,-2.3062298,0.73894846,0.16742374,-0.45599112,802,seg_4a6s,NORM
-0.5463761,-2.6062746,-3.981866,-1.5586548,4.1002913,-0.55860555,1.0067633,2.7435,-0.22538489,-4.198258,-0.31015477,-2.5077653,0.351187,0.81912035,-0.34121695,802,seg_6a8s,NORM
-0.6112438,-2.713105,-3.8308582,-1.958626,2.5907743,-0.35988376,1.4648732,1.8880734,-0.0054619014,-4.48863,-0.13775817,-2.0961683,0.1714742,0.34122238,-0.26392293,802,seg_8a10s,NORM
-1.8598149,-1.1610967,-4.066032,-1.8164775,2.8127515,0.058945477,0.2480058,3.3656998,-0.8852925,-1.8166811,0.8253578,-4.5484996,-1.6094642,-0.05811408,0.40729952,803,seg_0a2s,NORM
-2.2296543,-2.0666127,-3.012302,-1.8675992,4.3160095,0.47531182,-0.6108335,3.5734632,0.52351576,-2.2848964,0.3817035,-4.8026943,-0.9761243,0.43699348,1.3726678,803,seg_2a4s,NORM
-0.58595,-1.2097113,-3.4160848,-2.2006383,2.7490122,-0.1140022,-0.97624904,1.6085309,0.43558052,-3.0299165,2.0044553,-4.373672,-0.95929134,-0.6606704,0.36419827,803,seg_4a6s,NORM
-2.3775232,-2.2862093,-2.9672956,-1.7262866,4.395278,0.46025985,-0.60312945,3.735345,0.64818704,-2.212168,0.44003183,-4.867915,-0.77545893,0.44075346,1.5112921,803,seg_6a8s,NORM
-0.49891782,-1.1541936,-3.965897,-2.589995,3.252276,0.25256175,-1.531366,1.0670047,0.13054213,-2.5357513,1.7045661,-4.3413672,-1.2686349,-0.6918054,0.59176767,803,seg_8a10s,NORM
-0.18713683,-1.6748475,-3.58008,-2.1218987,3.9227548,-0.041975528,-0.32471675,2.1204557,-1.9027042,-3.385259,0.5709017,-4.424606,-1.5597142,-0.02205415,-0.1878928,804,seg_0a2s,NORM
-0.062105626,-1.7974105,-2.8510141,-1.4622204,3.3443027,-0.5082644,0.33171222,2.6324692,-1.4269252,-4.1065483,1.1188316,-4.4124346,-0.7499232,0.028603718,-0.35954198,804,seg_2a4s,NORM
-0.68258905,-1.8162665,-2.5035906,-0.651717,4.757557,-0.3388476,-0.20783186,3.8286705,-1.727963,-3.3151584,0.6562103,-4.5431404,-0.7377659,0.52147347,-0.19593951,804,seg_4a6s,NORM
-1.6594144,-2.225458,-2.1431258,-0.764312,3.3537931,0.16722472,0.25945368,3.3632233,-1.0066035,-2.775491,0.7506599,-4.2349753,-0.90523535,-0.13210796,0.124331094,804,seg_6a8s,NORM
-0.15005638,-1.8100983,-2.7266297,-1.4859278,3.2602456,-0.54418766,0.39316842,2.87418,-1.5053062,-4.010482,1.1236709,-4.4712753,-0.8759837,-0.036014557,-0.334124,804,seg_8a10s,NORM
-1.3313732,-1.2115188,-2.3291373,0.3925111,2.384574,0.75357497,-0.8518211,0.8147011,0.14010954,-1.6905228,0.83891994,-2.0153172,0.015719265,0.19978255,-0.1003944,805,seg_0a2s,NORM
-0.3218226,-0.88207483,-2.9302316,-0.07097401,2.026121,0.2027575,-0.9193243,0.6876425,-0.20568845,-2.3359184,1.2736475,-2.1914172,-0.09857361,0.1973351,-0.41322634,805,seg_2a4s,NORM
-0.7261925,-1.183095,-2.9238825,-0.5001189,0.8492708,0.4277385,-0.32975656,-0.32981175,0.23810807,-2.4929771,1.481388,-1.8628612,-0.14732894,-0.49889886,-0.25906393,805,seg_4a6s,NORM
-0.2943554,-0.84453857,-2.749999,0.0636486,2.1347175,0.38319376,-0.98625773,0.33170104,-0.17893809,-2.5682812,1.1719126,-2.0312862,0.023718081,0.31992853,-0.5442538,805,seg_6a8s,NORM
-1.6362236,-1.4908807,-2.3190155,0.31886134,2.5430808,0.8618851,-1.0070541,1.1082067,0.13518567,-1.5239538,0.6757643,-2.0804796,-0.13761845,0.23493457,0.09616349,805,seg_8a10s,NORM
-0.36623618,-1.8641723,-3.4271078,-0.61346877,0.75604904,0.6036789,0.44626322,0.27751368,0.74252295,-3.807269,1.024101,-1.1607814,0.121988505,-0.65867156,0.7677909,806,seg_0a2s,CD
0.12420811,-1.4582155,-3.259863,-0.15980327,2.2645578,0.48914027,-0.42616567,0.80582345,0.6427802,-3.6442325,0.71216315,-1.4495507,0.23036568,0.124191895,0.66019917,806,seg_2a4s,CD
-1.0867662,-2.133282,-2.6553507,0.1001284,2.854352,0.89824104,-0.5668262,1.4725395,1.029268,-2.9649436,0.32472906,-1.554742,0.24601968,0.1038842,1.2159023,806,seg_4a6s,CD
-1.0515536,-2.0442946,-2.6654172,0.08157713,2.6244748,0.832492,-0.38348258,1.3968164,0.9346375,-2.888285,0.27368656,-1.4639311,0.23645233,0.1415179,1.1620852,806,seg_6a8s,CD
-0.27914807,-1.8315712,-3.3250074,-0.61321676,0.87586534,0.53552735,0.3361951,0.14477503,0.85594386,-3.756869,1.0245488,-1.1678599,0.118191555,-0.67505836,0.7980372,806,seg_8a10s,CD
0.20849495,-4.266102,-5.315059,-3.0482857,4.950265,-0.850248,2.9419048,2.203606,-3.7042255,-9.633166,0.43243065,-4.3665304,0.8411103,0.73949623,-1.9251767,807,seg_0a2s,STTC
0.036246583,-2.9235759,-4.0926027,-1.2861564,4.8894777,-0.5045881,1.2619367,2.9309878,-2.725316,-6.9390597,0.17673853,-3.4393148,0.21909802,0.9762477,-1.1042101,807,seg_2a4s,STTC
-1.0438638,-2.828532,-3.5708222,-0.9424122,2.8235586,0.024350792,0.8226033,2.4611046,-1.5623791,-5.210265,0.78840774,-2.1392176,-0.13436441,-0.22823264,-0.65644443,807,seg_4a6s,STTC
-0.30295563,-2.958106,-4.0278516,-1.1219888,5.0547276,-0.31204143,0.93073666,2.9838614,-2.7758944,-6.7334633,0.37319908,-3.1787863,0.32507765,0.8215198,-1.1844947,807,seg_6a8s,STTC
-0.6839299,-4.2198205,-4.230994,-3.5580575,6.378958,-1.325208,3.6821191,1.8893678,-3.4798439,-6.942026,-0.026629262,-8.09771,-0.0071896836,0.75313705,-3.240363,807,seg_8a10s,STTC
-0.758694,-3.0632677,-3.1402564,-1.6722693,1.5371429,-0.10002217,0.6600899,-0.031005785,0.39611185,-3.5835435,0.100701295,-2.1121655,-0.53401965,-0.2696854,-0.28565168,808,seg_0a2s,NORM
-0.25752887,-2.6378124,-2.9687138,-0.6474244,2.6753347,-0.311667,-0.20791405,0.1376782,0.51200545,-2.5322995,0.115124546,-1.9734547,0.025203407,0.19802323,0.09096365,808,seg_2a4s,NORM
-1.3075396,-3.3255503,-2.8193746,-0.50396186,3.1358764,0.37306595,-0.13921559,0.83572674,0.37929025,-2.6057544,-0.26971653,-2.1336153,0.08987285,0.3308875,0.5851734,808,seg_4a6s,NORM
-1.0446968,-3.5449824,-3.591209,-1.2832246,1.9060216,0.3994661,-0.17400824,0.15027755,0.073129125,-3.4536102,0.5175255,-2.2344618,-0.40968722,-0.4369158,0.27488652,808,seg_6a8s,NORM
-0.35630608,-2.7557049,-3.5198827,-1.0550144,3.3477972,0.24371769,-0.37268555,0.35834473,-0.39897317,-3.6673453,0.017087713,-2.362035,-0.26610136,0.3634159,-0.07688114,808,seg_8a10s,NORM
-1.4489378,-1.8715758,-2.6039877,-0.7827122,3.6637878,0.6430206,-0.7731411,1.1754628,0.13666116,-2.4704194,0.5029021,-3.295857,0.054506242,0.638884,-0.055420637,809,seg_0a2s,NORM
-1.269106,-1.8950385,-2.6310248,-0.5121494,3.231092,0.2666459,-0.99671674,1.2966288,0.38482147,-2.1894739,0.67457294,-3.260234,-0.20488855,0.5735315,0.14647734,809,seg_2a4s,NORM
-1.378909,-1.665606,-2.7666698,-0.7614101,3.7797651,0.64254284,-0.8851756,0.7904675,0.14667545,-2.256582,0.5292805,-3.318141,-0.046989463,0.55170214,-0.09722024,809,seg_4a6s,NORM
-1.20204,-1.682712,-3.1434608,-1.0763826,3.6304615,0.66955733,-0.97806615,0.9272057,-0.104072765,-2.2680874,0.2881793,-3.3026736,-0.4238413,0.65979224,0.217227,809,seg_6a8s,NORM
-0.7616783,-1.8051544,-2.9188914,-1.3382044,2.1400669,0.37661266,-0.19792889,-0.022975624,0.2724512,-3.5524597,1.218984,-3.2332125,0.0006511137,0.013490424,-0.41212943,809,seg_8a10s,NORM
-1.6356142,-3.4014416,-4.374675,-1.3937283,4.6822085,0.95392406,-0.34475034,1.3585311,-1.5003021,-4.090442,-0.29650572,-3.275618,-0.7032713,0.391645,0.41796413,810,seg_0a2s,MI
-0.43178797,-3.750668,-4.863069,-1.7718017,4.2928314,-0.34133986,-1.2932551,0.9548917,-1.4076757,-4.027175,0.40036175,-3.231671,-0.9965192,0.11662316,-0.39896223,810,seg_2a4s,MI
-0.9170311,-3.4023905,-4.385959,-1.3746896,4.3975005,0.38126737,-1.1850716,0.84270525,-0.95130414,-3.5007715,0.034092605,-2.9656065,-0.8156047,0.20776002,0.12428507,810,seg_4a6s,MI
-1.6509159,-3.7794156,-4.0447087,-0.5064377,5.76336,0.582523,-0.7325246,2.7398365,-1.7023029,-4.778854,0.073053785,-3.4481874,0.07423067,0.9969598,-0.10648471,810,seg_6a8s,MI
-1.4316636,-3.7591484,-4.3424864,-1.4624977,2.6584983,0.29053363,-0.02671852,0.8744167,-1.2439809,-5.107067,1.2671899,-2.9450939,-0.42494285,-0.5051909,-0.29631427,810,seg_8a10s,MI
-0.37563366,-3.016518,-3.2698355,-1.3055806,3.7513437,-0.9226457,0.47345635,3.893034,-2.484483,-6.4079547,1.4384305,-3.5462942,-1.0176611,-0.525442,0.38799846,811,seg_0a2s,STTC
0.03835158,-2.692549,-2.9202251,-1.7125852,3.8522456,-0.583114,0.48569104,3.3771505,-2.1760578,-6.0542145,0.8596887,-3.2415276,-0.8644687,-0.291695,0.8525727,811,seg_2a4s,STTC
0.2400933,-2.7835517,-2.7797685,-1.5975711,3.7644324,-0.8941721,0.47923884,3.261112,-1.9465544,-5.943304,0.95233357,-3.1308234,-0.72526187,-0.36907923,0.9202938,811,seg_4a6s,STTC
-0.31981558,-2.330316,-2.2356558,-0.25684935,4.359948,-0.7321067,0.12594503,4.078849,-1.6576507,-4.2453084,0.7941547,-2.909147,-0.39300543,-0.16124944,0.8716749,811,seg_6a8s,STTC
0.06616281,-2.8755302,-2.605569,-1.6267948,3.8275192,-0.7763339,0.5615431,3.4200597,-1.8942778,-6.0069923,0.77740794,-3.2560067,-0.77046704,-0.22885157,0.91172695,811,seg_8a10s,STTC
-0.39324033,-3.7137036,-3.6854591,-1.1157565,5.211079,-0.3272855,-0.65007925,1.7854939,-2.1356049,-2.9713564,-0.66804093,-3.7788055,-0.77264977,0.71797216,0.0075642616,812,seg_0a2s,NORM
0.021084249,-4.369739,-1.9136318,-0.9212777,4.4793744,-0.4632974,-0.5699245,0.7594178,0.07931627,-3.5952334,-0.6321199,-2.9838552,-0.20899373,0.3387754,0.94282687,812,seg_2a4s,NORM
-0.08433096,-3.2463965,-2.0823712,-0.82235384,3.6750796,-0.16728911,-0.93361855,0.01314047,-0.11234543,-2.4075882,-0.16782828,-2.325383,-0.07327096,0.1956746,0.28953514,812,seg_4a6s,NORM
-0.25701976,-3.335161,-3.1577358,-1.2807817,4.3421736,0.0897764,-1.0780413,-0.21690956,-0.2255213,-2.2631817,-0.6740867,-2.4758391,-1.0382382,-0.2739342,0.79657733,812,seg_6a8s,NORM
-0.9231385,-4.260178,-3.401157,-2.0592847,3.9212687,-0.5137781,-0.04515168,1.28876,-0.8885924,-2.0165803,-1.8011168,-3.7703817,-2.207852,0.2804832,0.17273727,812,seg_8a10s,NORM
0.073636815,-3.4428978,-1.9144299,-1.130548,3.7754672,-0.2177403,-0.84852517,0.6238099,0.47912055,-2.7756808,-0.44816485,-2.2056754,-0.17453432,0.17007123,0.94179237,813,seg_0a2s,NORM
0.18582906,-2.692169,-2.3665366,-0.59169126,2.3526177,-0.37407532,-0.23936157,0.8384963,0.07763623,-2.4880643,0.3071321,-2.0241199,-0.22232653,-0.23969407,0.307985,813,seg_2a4s,NORM
0.563786,-3.4709764,-2.2346487,-1.7519238,2.6037498,-0.40809843,-0.6745867,-0.39320487,0.61696637,-3.3408272,0.2330884,-2.3719246,-0.44278735,-0.50030696,0.79371476,813,seg_4a6s,NORM
0.68314964,-3.3419988,-2.0575209,-1.6563139,2.585849,-0.35099944,-0.7379392,-0.57730395,0.6419392,-3.286799,0.24042779,-2.1974013,-0.35020292,-0.5296425,0.74245465,813,seg_6a8s,NORM
0.5622587,-3.4606082,-2.3248777,-1.7316833,2.5608354,-0.51175404,-0.6199975,-0.24756657,0.51509327,-3.4597862,0.3427521,-2.3804245,-0.5129758,-0.58396155,0.74845266,813,seg_8a10s,NORM
-0.36188743,-3.1084602,-3.7989254,-1.7556295,1.6337857,-0.56327665,-0.84921956,-0.07459259,0.52798826,-1.8353046,0.7898108,-2.5353694,-0.9367591,-0.7519784,0.068232745,815,seg_0a2s,NORM
-0.50547844,-3.1352034,-3.0161414,-0.9244563,3.178746,-0.37896225,-1.3645313,0.71206886,0.6219336,-1.4906315,0.31113568,-2.4546683,-0.26080662,0.07224373,0.33699143,815,seg_2a4s,NORM
0.5599644,-3.1842132,-4.3275867,-2.1880274,4.0615354,-0.8565732,-1.4622546,0.34170783,-0.33702642,-2.8315754,-0.22260988,-3.1767173,-1.040713,0.50016,0.5007224,815,seg_4a6s,NORM
-1.0122917,-3.354026,-2.9008818,-0.8366601,3.069136,-0.1324507,-0.8740999,1.2527014,0.54621595,-1.6899596,0.10922601,-2.5771704,-0.14835423,0.22300625,0.6303859,815,seg_6a8s,NORM
-0.10931001,-3.5734844,-3.5267215,-1.7106111,1.8035536,-0.870638,-0.2089538,0.3017227,0.1980826,-3.534813,0.8216042,-2.5360262,-0.18903923,-0.21635576,0.5866654,815,seg_8a10s,NORM
-1.3712987,-1.3925503,-4.00959,-1.4797843,3.4363885,1.1277915,0.30782747,0.8079523,-0.8859169,-3.6603413,-0.99241024,-3.119824,-1.6130275,0.99091077,0.2432333,816,seg_0a2s,CD
-0.6615408,-0.9682487,-4.1687355,-1.5383978,4.685841,0.79935,0.14127377,1.2448173,-1.7209578,-4.228752,-1.4555315,-3.2875361,-1.6883994,1.6579736,-0.2821783,816,seg_2a4s,CD
-1.3838042,-1.7126832,-4.3287473,-2.333698,2.0395525,0.5035455,1.4022918,0.44144064,-1.4622798,-5.3909664,-0.40486965,-3.143787,-2.1803114,0.21053788,-0.8913379,816,seg_4a6s,CD
-0.8823638,-1.0772856,-3.8902845,0.65561444,3.5438554,0.5051218,-0.25939748,1.9824522,-1.4857512,-3.062159,0.8087177,-3.0049632,-0.3182705,0.5866693,-0.21231717,816,seg_6a8s,CD
-1.9629643,-2.4786682,-3.3710804,-0.06452106,3.9491572,0.8828398,-0.94933635,1.7848213,-0.46353418,-3.1886916,0.65439194,-3.4525514,-0.5678568,0.3292138,0.7178621,816,seg_8a10s,CD
-0.578097,-1.9607412,-3.1009674,-1.2533691,3.6062303,0.30541033,0.7868022,1.8569057,-0.6043955,-3.662228,0.58517265,-3.0273728,0.25717783,-0.14927627,-0.5316036,817,seg_0a2s,NORM
-0.67257136,-2.2318304,-3.274866,-1.1740799,3.5750942,0.054086685,0.83077884,2.1636095,-0.61800086,-4.437674,0.83615917,-3.3120017,0.2607165,0.0011954159,-0.6194986,817,seg_2a4s,NORM
-0.63948995,-2.0394611,-3.4743304,-1.364285,3.6337388,0.11284308,0.9683759,1.9799492,-0.6461992,-4.5319633,0.6718175,-3.263696,0.15540494,0.04811631,-0.6077075,817,seg_4a6s,NORM
-0.5928895,-2.055462,-3.2600331,-1.3671551,3.586272,0.19487977,0.8062148,2.0150294,-0.70734274,-4.165233,0.61052454,-3.0587516,0.16096367,-0.024842516,-0.56182253,817,seg_6a8s,NORM
-1.0909293,-1.9799409,-2.6875138,-0.10682607,4.5015836,0.37022454,0.67908025,3.2388103,-0.80312175,-3.444727,0.45249686,-3.0413432,0.7560852,0.3764776,-0.4148412,817,seg_8a10s,NORM
0.4000538,-2.5756297,-4.4434876,-2.2054718,2.9754333,-0.26691666,-0.32188937,0.95560884,-1.3529983,-2.782922,-0.37265855,-3.3256116,-0.9708348,0.64429224,0.31178024,818,seg_0a2s,NORM
-1.2976644,-3.3338203,-3.9943752,-1.6228898,3.3286495,0.13157427,-0.28725603,1.9014387,-0.33859116,-2.3865175,-0.5563159,-3.6212595,-1.0797772,0.5971267,1.01842,818,seg_2a4s,NORM
0.22083537,-2.8100119,-3.4507217,-1.2535367,3.016142,-0.6549883,-0.7119096,1.0396403,-0.0030077994,-2.7466426,0.35391286,-3.425964,-0.55536675,0.46109068,0.6226721,818,seg_4a6s,NORM
-1.3359851,-3.89519,-4.830939,-1.2139897,6.4030266,-0.9973643,-2.8734717,2.242562,-2.0962865,-1.4136075,0.4532561,-6.213154,-1.7776291,1.107378,-0.4763908,818,seg_6a8s,NORM
-1.0254159,-4.5264645,-6.1168413,-2.4098754,3.7013967,-0.98898625,-2.5882175,0.0194754,-2.1189773,-2.3710446,1.5214897,-5.460903,-2.5441937,-0.69132453,-0.9962057,818,seg_8a10s,NORM
-0.25503495,-2.6462185,-2.0511413,-1.0398738,4.493506,0.9634843,-0.17875005,1.9283817,-1.6337183,-3.6464806,-0.15310605,-1.8094581,0.2859587,-0.20506911,0.36956644,819,seg_0a2s,NORM
-0.27409968,-2.6910071,-2.4435034,-1.2778356,2.9582515,0.39551574,0.16299462,1.0499238,-0.9911348,-4.3474708,1.1134152,-1.8770845,0.07888472,-1.2105355,-0.3887339,819,seg_2a4s,NORM
0.92421246,-2.562627,-2.3668709,-1.1699648,4.875259,0.3221217,-0.5841402,1.3147861,-1.996527,-4.7701497,0.4125431,-1.9336908,0.47350967,-0.18151094,-0.43592492,819,seg_4a6s,NORM
0.347215,-2.45982,-2.034326,-0.8920615,4.572359,0.2711723,-0.20449145,1.4875134,-1.5497808,-3.9905305,-0.025395632,-1.8699473,0.39598972,0.052224472,0.26714292,819,seg_6a8s,NORM
-0.8948341,-2.3677473,-2.5777764,-0.6621963,3.7487607,0.005040735,-0.19169518,1.8112419,-0.7051332,-4.511806,0.9513322,-2.5957441,-0.36836755,-0.2935186,-0.79734254,819,seg_8a10s,NORM
-1.0632347,-4.4815006,-4.211137,-1.3780732,6.331941,-0.47468218,0.15935615,5.4251122,-3.0444772,-7.09201,0.59265566,-3.5714157,-1.1583055,-0.61794156,-0.91485727,820,seg_0a2s,HYP
-1.6561046,-5.200613,-3.3348856,-2.078538,5.5234547,0.033881664,0.6221868,4.7609816,-2.4601858,-6.8360586,0.14305407,-3.3765757,-0.90950155,-0.7292992,-0.30382589,820,seg_2a4s,HYP
-0.43070644,-4.6231813,-3.8270364,-1.8313684,6.61292,-0.7419214,0.049199633,5.419936,-2.874702,-7.398351,0.40952596,-3.5990775,-0.9529417,-0.36779493,-0.8039191,820,seg_4a6s,HYP
-0.22526552,-4.4000907,-4.874015,-2.2131455,7.9916844,-0.55444276,0.049702875,5.9138713,-3.8122308,-7.9241533,-0.34692532,-3.812545,-1.023403,0.3943625,-0.8672471,820,seg_6a8s,HYP
-1.0549108,-4.265716,-3.3552804,-0.6238367,5.559549,-0.50661016,0.027585529,5.5042233,-2.2078648,-5.9023266,1.0113306,-3.1706367,-0.57073647,-0.8401534,-0.6798953,820,seg_8a10s,HYP
-1.9502292,-4.0642357,-3.1752014,-0.48324037,3.0171642,-0.004828781,1.3997204,-0.27607206,-0.27036798,-3.522754,1.0214641,-3.858509,0.36034334,-0.87079346,-0.5481888,821,seg_0a2s,MI
-1.2059909,-3.2330048,-3.2403607,-0.28583607,4.2832737,0.026021242,1.0503536,-0.00073087215,-0.6806623,-3.5424974,0.62563324,-3.8502672,0.82753974,-0.03884706,-0.6920203,821,seg_2a4s,MI
-1.7746433,-3.898819,-2.961532,-0.42542392,2.917103,0.12865423,1.2354838,-0.35641414,0.01819326,-3.4448383,0.9763726,-3.6181617,0.5156243,-0.79961944,-0.35087356,821,seg_4a6s,MI
-1.1685005,-3.4454775,-3.1595879,-0.18227103,4.2929516,-0.14419305,0.9702215,-0.0107117,-0.72877115,-3.558062,0.6546143,-3.8514276,0.69980234,-0.13140105,-0.68428504,821,seg_6a8s,MI
-1.8890071,-3.883858,-2.9650989,-0.45007855,3.1145456,0.3570007,1.4140841,-0.3558781,-0.11152303,-3.6846206,0.8364888,-3.7082593,0.5294864,-0.7463186,-0.3175652,821,seg_8a10s,MI
-1.4824702,-1.7561781,-2.5127902,-0.6778268,3.0780303,0.9676478,0.95386755,0.8468436,-1.0845001,-3.4667838,-0.9008975,-1.853022,-0.5442699,0.5686948,0.23856254,823,seg_0a2s,STTC
-0.7607324,-4.671631,-2.9774947,-3.563855,2.055125,-1.6871943,1.5063019,1.9594688,-0.86308044,-4.218196,-0.5268438,-2.8783965,-1.650098,-0.7759794,-0.6219474,823,seg_2a4s,STTC
-1.709159,-1.6710322,-1.6891454,1.6441882,3.6736004,0.37158576,-0.10355486,2.2499168,-0.52013177,-2.8351984,0.6906205,-2.109433,0.20320864,0.22257128,-0.46157566,823,seg_4a6s,STTC
-1.2125072,-1.3601356,-2.1696649,1.1227274,3.6059659,0.56349206,0.24571171,1.8540742,-0.60807246,-2.9816153,0.36473987,-1.7713372,0.36094952,0.2971827,-0.19528663,823,seg_6a8s,STTC
-1.0379322,-4.5527472,-2.9264064,-3.771083,2.1123137,-1.4292922,1.9020511,1.9195678,-1.200166,-4.574542,-1.0352991,-2.9691713,-1.904827,-0.4742641,-0.8642831,823,seg_8a10s,STTC
-1.4439526,-2.6413257,-2.7677627,0.007545948,3.4382975,1.089278,0.36106354,1.4351453,-0.052758306,-4.566736,0.27159932,-1.9558609,0.3322373,0.10416911,-0.27157494,824,seg_0a2s,NORM
-0.74377775,-2.5089498,-2.9778695,-0.17767397,3.44064,0.744762,0.23982719,1.1199682,0.0010230541,-4.7846413,0.5463534,-2.0899227,0.49688035,0.079850316,-0.4137974,824,seg_2a4s,NORM
-1.7852663,-3.0353675,-2.5026083,0.20941323,3.3411565,1.1598582,0.49867776,1.6740279,0.22831933,-4.025388,0.060402073,-2.0074139,0.51254725,0.13313636,0.25534484,824,seg_4a6s,NORM
-0.6739363,-2.4580922,-2.9643435,-0.19229135,3.5342946,0.7878777,0.18671286,0.86319876,-0.009473935,-4.6639833,0.5000823,-1.9522235,0.58258724,0.04770554,-0.32494965,824,seg_6a8s,NORM
-1.6266389,-2.974181,-2.6080942,0.037249893,3.4682496,1.0907421,0.45705894,1.6373708,0.14613165,-4.1924934,0.11567273,-2.1428974,0.50855696,0.17553651,0.06377924,824,seg_8a10s,NORM
-1.6298634,-4.9942613,-3.3322268,-2.4846554,6.3448377,-1.0859374,-0.17397746,4.498804,-2.9441004,-6.7339854,-0.28192848,-2.5297616,-0.24912581,0.7921827,0.60061014,825,seg_0a2s,HYP
-1.2251967,-4.8722563,-3.6284823,-2.6429513,6.7172246,-1.1529753,-0.21673465,4.5513463,-2.706895,-7.340594,-0.21963245,-2.7623355,-0.518073,0.6408385,0.60763705,825,seg_2a4s,HYP
-1.6739144,-4.5787945,-2.8017964,-1.4882767,4.302456,-0.4203641,0.014127158,3.6553345,-1.8878932,-5.346311,0.5859313,-2.0587277,-0.10374983,-0.44694978,0.18339306,825,seg_4a6s,HYP
-0.8800047,-4.763504,-3.4654374,-2.3466697,6.416271,-0.79662406,-0.13991275,4.446529,-2.721705,-6.8772335,-0.26207134,-2.571703,-0.34638023,0.43329751,0.17811354,825,seg_6a8s,HYP
-1.2455891,-5.2541018,-2.2987084,-1.8449187,5.578792,-0.4274759,-0.6910377,3.3910565,-1.1736991,-5.5340614,0.15372756,-2.1506562,0.033119634,-0.3561874,0.90366685,825,seg_8a10s,HYP
-3.4732907,-4.855625,-5.5694327,-1.9505751,6.183591,-0.23859116,1.6948408,4.8028607,-0.8850662,-6.118098,1.7174567,-7.361936,0.26897496,-0.01978454,-0.3532835,826,seg_0a2s,MI
-1.7463546,-4.542214,-5.47469,-2.7636151,5.978934,-0.78495765,0.48826566,2.5782564,0.4830577,-7.2105317,2.849001,-7.166088,0.6449796,-0.6924484,-0.2880427,826,seg_2a4s,MI
-2.116972,-4.846298,-5.8860455,-2.8624425,5.246043,-0.76137316,1.4375292,3.1953652,-0.2228317,-7.3435154,2.6603625,-7.0622983,0.49766386,-0.73746514,-0.5062963,826,seg_4a6s,MI
-4.167976,-6.267003,-4.3224382,-2.424271,8.775443,0.26073253,0.103138976,4.9509983,0.7953949,-6.1084943,0.8177508,-7.719113,0.78979653,0.51216274,1.07464,826,seg_6a8s,MI
-3.3427298,-3.6652296,-4.883092,-0.54994786,4.352604,-0.36556646,1.671567,4.4422874,-0.26176023,-4.923337,2.5968177,-5.951107,0.43227392,-0.75306237,-0.5917387,826,seg_8a10s,MI
0.019458264,-2.0367877,-3.2318392,0.92278826,4.45603,0.43584934,-0.2640154,2.2614202,-1.8922341,-4.0707755,0.8072162,-3.219633,-0.39495903,-0.11615713,-1.5154376,827,seg_0a2s,MI
-0.31443933,-1.978084,-2.7309012,1.0915027,4.3365483,0.6243695,-0.29578745,2.4506538,-1.7212536,-3.2780797,0.64331937,-3.0461228,-0.28880417,-0.14316662,-1.1220604,827,seg_2a4s,MI
-0.6134008,-2.3177261,-3.2089243,0.47540045,3.0425227,0.5172577,0.29344916,1.457431,-1.501055,-4.0490065,1.2006083,-2.8796582,-0.40281808,-0.7740796,-1.4367176,827,seg_4a6s,MI
-0.5168792,-2.367986,-3.2396398,0.4393501,3.244333,0.57878906,0.267377,1.4004571,-1.6263752,-4.0676126,1.084523,-2.8802423,-0.3848412,-0.7371917,-1.4006417,827,seg_6a8s,MI
-0.5397988,-2.2784224,-2.8388333,1.017304,4.642854,0.526511,-0.14959542,2.756103,-1.735775,-3.4080186,0.7366375,-3.1587658,-0.15556559,-0.2937783,-1.2243487,827,seg_8a10s,MI
-1.2504028,-4.2057385,-3.8063736,-2.2838979,3.2410495,-1.5660177,1.5108111,4.3140044,-1.3222306,-6.2676487,0.4786642,-2.539977,-1.0778348,-0.6977988,-0.1924476,828,seg_0a2s,STTC
-0.9387702,-4.7116804,-4.010265,-3.0590386,5.7977943,-1.3488258,0.90458345,5.4869604,-1.7312984,-6.9708385,-0.9506027,-3.3210838,-1.4856668,0.45570225,-0.12120208,828,seg_2a4s,STTC
-1.0017731,-4.91764,-3.8850365,-3.0798163,6.4035764,-1.289391,0.7156273,5.3406944,-1.6956868,-7.2410245,-1.0242487,-3.461429,-1.376838,0.57153165,0.07235782,828,seg_4a6s,STTC
-0.6633477,-4.7583513,-3.7145734,-2.8498905,4.530445,-1.4903347,0.3784315,4.2155128,-1.0949805,-6.6789174,0.3427266,-2.8065634,-1.2459882,-0.6559659,-0.26441747,828,seg_6a8s,STTC
-1.6938065,-5.234506,-3.5808206,-2.8830526,4.5244436,-1.1359798,0.87580025,5.0374956,-1.2896347,-6.421638,-0.47856998,-3.225766,-1.7860798,-0.32183444,0.095160164,828,seg_8a10s,STTC
-2.9883544,-7.84118,-5.631493,-6.803848,7.573324,-3.559813,-0.8622273,4.2794313,-6.4819713,-13.299354,2.0945156,-6.6833277,0.47735494,3.0103374,2.9000106,829,seg_0a2s,MI
-3.6111825,-5.7917905,-3.134941,-1.6986718,6.65579,-0.6135473,-0.38180628,3.789559,-2.6601257,-7.26253,1.1053377,-4.6396055,0.27189308,0.70629025,0.3844306,829,seg_2a4s,MI
-4.044499,-8.317045,-4.9764533,-2.4276838,9.822539,-2.091703,-1.8832501,4.2082253,-5.870611,-8.72759,2.8678443,-8.881482,-1.2762868,-0.0021716058,-1.7337438,829,seg_4a6s,MI
-2.280204,-3.5562565,-3.2867937,-1.3331587,5.4779477,0.13999692,1.0533983,3.1294045,-3.1765745,-6.10049,1.4081576,-4.4759016,0.15157923,-0.3907895,-1.3711172,829,seg_6a8s,MI
-2.0605981,-3.8377209,-4.5747523,-1.5815909,3.7459242,-0.40041164,1.8501917,2.3140097,-2.6420403,-6.7758813,2.3983757,-3.1716478,1.0208572,-1.2147714,-1.4312129,829,seg_8a10s,MI
-1.0478175,-3.1631894,-2.5224457,-0.6061423,4.7151957,-0.16942605,0.119908385,3.3483162,-0.97187847,-4.9432983,-0.22102535,-2.5615375,-0.08857959,0.8315413,-0.17218557,830,seg_0a2s,NORM
-0.43390107,-2.972566,-3.0552177,-1.4460707,3.7037368,-0.23614469,0.26197004,2.0048037,-1.0236871,-5.925742,0.4884155,-2.4026084,-0.1853474,0.24109936,-0.5493511,830,seg_2a4s,NORM
-1.7086079,-3.4737947,-2.4581733,-1.080802,4.0036826,0.22499728,0.12861979,2.7638829,-0.7081359,-4.930905,0.0017714575,-2.681254,-0.4624291,0.34476292,-0.20793739,830,seg_4a6s,NORM
-0.16191535,-3.096739,-3.0353436,-1.762934,3.6611307,-0.4516985,0.42197737,2.0625224,-0.91770977,-5.945479,0.20094368,-2.4083953,-0.30592197,0.3214387,-0.2060253,830,seg_6a8s,NORM
-1.4871129,-3.5941508,-2.547388,-1.1955531,3.925851,0.23539796,0.22844318,2.5724003,-0.5476484,-4.8818545,-0.23989877,-2.5963156,-0.41540116,0.41697222,0.12341234,830,seg_8a10s,NORM
0.1975923,-2.4524686,-3.3077416,-1.373184,3.417813,-0.12042636,0.00069033355,2.6875088,-2.5587287,-4.588587,1.1852845,-2.9516993,-0.16685402,-0.35196364,0.99931777,831,seg_0a2s,MI
-0.009769365,-2.4109168,-3.333827,-1.4145017,3.327226,-0.017874599,0.12968114,2.6720312,-2.3882294,-4.428641,0.9334981,-2.9206328,-0.23385116,-0.20536284,1.195264,831,seg_2a4s,MI
0.16504247,-2.4605274,-3.2460632,-1.3540766,3.2738976,-0.1546061,0.06095492,2.617633,-2.3247619,-4.4971833,1.0480875,-2.85922,-0.13833347,-0.22880746,1.1278397,831,seg_4a6s,MI
0.19352312,-2.4758086,-3.346964,-1.4090638,3.3061454,-0.15312895,0.042569585,2.6182957,-2.325111,-4.5431876,1.0440283,-2.8973427,-0.16000544,-0.21804129,1.1831647,831,seg_6a8s,MI
0.035178408,-2.5015962,-3.4332762,-1.5356448,3.4040565,-0.05008611,0.05799494,2.6604915,-2.3261409,-4.4942613,0.9004149,-2.9617078,-0.25817972,-0.16250362,1.209382,831,seg_8a10s,MI
-0.084314615,-2.6771886,-3.5937133,-1.8202708,2.6866534,0.18326059,0.3548724,1.0342368,-1.0483067,-6.296274,0.94739324,-3.294386,-0.70710075,-0.18306197,0.18452075,834,seg_0a2s,NORM
0.08610611,-2.096322,-3.239025,-1.1537406,3.9172313,0.23472135,-0.33769178,1.7493839,-1.4655387,-5.602855,0.8353027,-3.3215787,-0.37928963,0.3858786,-0.04938595,834,seg_2a4s,NORM
-1.1560434,-2.8061812,-2.7597466,-1.0295048,4.1399403,0.61946106,0.034773074,2.4178796,-0.936832,-4.8544,-0.051622294,-3.5509322,-0.62394553,0.64374745,0.60668576,834,seg_4a6s,NORM
-0.595038,-2.4528987,-3.2914886,-1.399826,2.4748209,0.43650517,-0.002104178,0.76444006,-0.9478521,-5.2523003,1.1717081,-2.8091662,-0.5061857,-0.3950935,-0.17271009,834,seg_6a8s,NORM
-0.32835189,-2.2195232,-3.3610435,-0.8373214,4.08936,0.31851524,-0.58554393,1.7025359,-1.7835124,-5.966821,1.1172909,-3.160219,-0.51820624,0.21501613,-0.6537285,834,seg_8a10s,NORM
-1.0048705,-3.387257,-2.896803,-0.26808873,2.066148,0.07175465,-0.4702355,0.5046257,0.5879129,-4.135044,1.8476062,-1.4343848,0.6362414,-1.1450776,-0.29628274,835,seg_0a2s,NORM
-0.0872214,-3.297479,-2.72402,-0.9989558,3.3178325,0.13244703,-1.7096095,-0.23798977,0.93819577,-4.378986,1.6424673,-1.3994714,0.76673067,-0.9455309,0.1507355,835,seg_2a4s,NORM
-0.06890151,-3.4793942,-2.778304,-1.0603626,3.1011555,0.14735225,-1.5939599,-0.1263159,0.9983727,-4.4278126,1.5618278,-1.5201377,0.83643854,-0.76552093,-0.03413509,835,seg_4a6s,NORM
-1.0419744,-3.3442254,-3.026186,-0.30778828,1.8947747,0.074935034,-0.30620334,0.60695076,0.5899886,-4.0977664,1.7800286,-1.3926083,0.5307189,-1.1662493,-0.3032299,835,seg_6a8s,NORM
0.15066595,-3.4248407,-2.5822716,-1.07864,3.174504,-0.041234255,-1.5628699,-0.24888043,1.0010066,-4.3875313,1.4556609,-1.4733591,0.6307625,-0.8993478,0.1201044,835,seg_8a10s,NORM
-1.054132,-2.5020785,-3.5830503,-2.8284373,3.8566093,-0.7160696,-0.099710256,-0.5289459,-0.22560051,-1.8745655,0.12831208,-4.291359,-2.1172523,-1.0348822,-0.25371724,837,seg_0a2s,NORM
-0.6557625,-2.628539,-2.7633033,-1.7634981,4.4604497,-1.0071644,-0.33013025,0.60811645,-0.35074875,-2.5828116,0.10853169,-4.519775,-1.5631815,-0.02696827,-0.4927638,837,seg_2a4s,NORM
-1.2240427,-2.6758745,-2.6287227,-1.8732235,3.0265286,-0.8150734,0.44691917,0.16136953,0.18915445,-2.525879,0.90479326,-4.071011,-1.1319046,-1.0094829,-0.36905548,837,seg_4a6s,NORM
-1.6966953,-3.2242284,-1.8645947,-0.89218897,2.674029,-0.8332616,0.55059594,0.8644968,0.24882238,-2.9150424,1.3451147,-4.219563,-0.8990104,-1.0959455,-0.5378314,837,seg_6a8s,NORM
-1.4077706,-2.978068,-2.2171378,-1.1529546,2.8151536,-0.847329,0.25095594,0.7377448,0.30717102,-2.8719406,1.4314097,-4.212666,-0.895067,-1.0712624,-0.37206826,837,seg_8a10s,NORM
-0.6885323,-2.6353939,-2.606564,-1.2821507,3.1544816,0.29257888,-0.6527153,-0.85348386,0.930956,-3.2921765,1.0013067,-3.3854532,0.33114648,-0.12222107,-0.21504971,838,seg_0a2s,NORM
-0.8429107,-1.9762073,-2.327242,-0.16090891,3.2892573,0.4639836,-0.48227125,0.09016687,0.6099385,-2.6491916,0.5272903,-2.6630456,0.45208335,0.35745037,0.02887541,838,seg_2a4s,NORM
-0.27977318,-2.566676,-2.482718,-1.3112736,3.3382306,0.437209,-0.69542485,-1.1391453,0.79979646,-3.7009878,0.8575293,-3.206709,0.5001037,-0.019248694,-0.05138123,838,seg_4a6s,NORM
-0.8031819,-2.6100636,-2.7992005,-1.2445157,2.727889,0.48597473,0.061511703,-0.596846,0.42604393,-3.6806622,0.75865066,-3.2884808,0.27256674,-0.008801147,-0.13183028,838,seg_6a8s,NORM
-0.47297847,-2.6659856,-2.672646,-1.2259934,3.2796745,0.42536682,-0.8627957,-0.9672113,0.5184934,-3.6448822,0.90743166,-3.3072104,0.13138828,-0.077291325,-0.10482767,838,seg_8a10s,NORM
-0.38053894,-1.6373718,-4.068232,-3.9719853,3.5679014,-0.011434346,0.3094649,3.0343623,-0.6927188,-3.4915504,0.97587,-3.6357617,1.3883233,0.9952832,-1.671331,839,seg_0a2s,NORM
0.441737,-1.6900591,-2.5332918,-1.4782367,2.6670125,-0.168688,-0.08204956,1.8674755,-1.5666535,-3.8066094,0.5994027,-2.3407001,-0.4407677,0.034228534,-0.57930076,839,seg_2a4s,NORM
0.3517701,-2.003578,-2.3960447,-1.2987769,2.8384335,-0.23903134,0.16258252,2.2208967,-1.5890625,-4.2297378,0.71181357,-2.425503,-0.3839113,-0.18796654,-0.57580924,839,seg_4a6s,NORM
-0.8743057,-2.026357,-1.6928474,-0.56998324,2.845806,0.2907707,-0.2760535,2.6534436,-0.92674595,-2.7400074,0.64726955,-2.3696928,-0.34757274,-0.20695235,-0.21827412,839,seg_6a8s,NORM
0.51786095,-2.0757089,-2.4719377,-1.6492064,3.0677824,-0.32628044,0.08501982,2.2595994,-1.6979427,-4.256269,0.76390576,-2.6042917,-0.087144926,-0.011734322,-0.7685156,839,seg_8a10s,NORM
-0.82596105,-1.9946532,-3.2648726,-0.11620852,4.2517886,0.067909494,-0.2918361,3.5120776,-0.54408526,-2.770713,0.3586754,-3.9374704,-0.39731437,0.6342635,1.6154891,840,seg_0a2s,STTC
-1.3798771,-2.3686597,-3.3206592,-0.7552594,3.2056887,0.36487037,-0.020697542,3.0471642,0.09602992,-2.6600235,0.44904342,-4.393708,-0.83081514,0.28837293,1.7608817,840,seg_2a4s,STTC
-1.0250422,-1.3499928,-3.577671,0.31138456,3.2384982,-0.08169368,0.0015932992,3.5315235,-0.449822,-2.1860125,0.79584956,-3.9372983,-0.69362557,0.422962,1.1685005,840,seg_4a6s,STTC
0.042041466,-1.5175555,-3.9355593,-0.85064256,2.5751374,-0.35075262,-0.20369887,2.2082186,-0.055784956,-3.4417243,1.210639,-4.29114,-0.913625,0.17892763,1.2039939,840,seg_6a8s,STTC
-0.9377604,-1.374495,-3.447843,0.15584584,3.6067352,-0.04371667,-0.20003241,3.3144157,-0.06345193,-2.3055162,0.7375619,-4.0525875,-0.6058555,0.4685532,1.3441527,840,seg_8a10s,STTC
-1.646652,-4.9572916,-2.9685154,-1.1353862,5.049204,-0.52176213,-2.182879,2.477553,-1.4737849,-5.4722824,2.862776,-3.777958,-0.9515374,-2.036282,-1.4788092,841,seg_0a2s,STTC
-1.7003124,-4.9912057,-2.8130174,-1.2960625,5.1153026,-1.0101593,-2.1943207,2.6031992,-1.4930952,-5.883187,2.942846,-3.985231,-1.1170897,-1.8741136,-1.1807991,841,seg_2a4s,STTC
-3.823577,-6.394883,-4.5664268,-1.1387179,5.649817,-1.4383353,-0.8446854,5.503946,-4.1908154,-6.4581795,4.5229306,-7.3363223,-2.033033,-2.935039,-3.5348792,841,seg_4a6s,STTC
-1.574895,-5.19687,-3.0626621,-1.1053336,5.341517,-0.6785159,-2.4515293,2.3580606,-1.3688912,-5.8994403,2.9774852,-3.8871837,-0.9428595,-1.9930089,-1.4835751,841,seg_6a8s,STTC
-1.5750413,-4.9422355,-3.1983676,-1.2250633,5.118317,-0.6647477,-2.0467448,2.5110147,-1.3819554,-5.99246,2.8512423,-3.9681058,-1.0687205,-1.9402616,-1.3251487,841,seg_8a10s,STTC
3.006794,-4.8695483,-2.8878202,-4.0494843,6.7763195,0.23078504,0.90955496,1.9876049,-3.5486267,-7.0924425,-0.03263376,-5.745935,1.7037743,0.24318574,0.05716487,842,seg_0a2s,STTC
1.403583,-3.999704,-2.6904383,-3.437106,5.4848294,0.058888063,1.2013005,1.4293228,-1.9012249,-5.6069746,-0.10299212,-4.8123345,0.7676757,-0.18745439,0.61701673,842,seg_2a4s,STTC
5.471881,-6.8475924,-0.5126569,-2.7891357,8.525498,0.40698767,0.010975383,5.811746,-4.142717,-5.4956803,0.3850707,-3.5989096,2.9278743,-2.7379258,0.41433305,842,seg_4a6s,STTC
1.389202,-4.0785265,-2.7445955,-2.8700113,6.356521,-0.5553665,1.5150357,2.4760137,-1.8007364,-6.5977116,-0.09502603,-5.412753,0.80390245,0.28827026,0.07735358,842,seg_6a8s,STTC
1.1300653,-4.0138397,-2.3565202,-3.0816593,5.2469277,-0.0675101,1.589211,1.7295375,-1.4928656,-5.6825423,0.14256182,-4.694451,0.64859396,-0.7025478,0.40891558,842,seg_8a10s,STTC
-1.4770372,-3.2948453,-2.0061936,-0.15170184,2.7352815,0.25773546,0.42115662,1.2752088,0.15264563,-2.5593722,-0.31875634,-1.6676615,0.00056040287,-0.09377959,0.3118783,843,seg_0a2s,NORM
-0.18232569,-2.7565403,-2.4631572,-0.25216347,2.554592,-0.45382294,0.25457075,0.5665548,-0.2901172,-3.175641,0.35007387,-1.8929441,0.012381785,-0.15131383,-0.18049338,843,seg_2a4s,NORM
-0.24712257,-2.6339927,-2.2458549,-0.26909778,2.4860623,-0.3413864,0.2649255,0.5626814,-0.023650467,-3.2271678,0.24493405,-1.6120154,0.051016793,-0.11497687,-0.21771833,843,seg_4a6s,NORM
-1.5852377,-3.136211,-1.6547295,0.08908389,2.6141446,0.36423016,0.51220477,1.2682074,0.29897436,-2.609744,-0.36966679,-1.5271604,0.084179625,0.0075164437,0.24740648,843,seg_6a8s,NORM
-0.22974855,-2.432834,-2.124075,-0.35495836,2.4603577,-0.16370243,0.1915783,0.31573796,0.025099538,-3.1690638,-0.0034667589,-1.3739017,-0.062113374,-0.0068767816,-0.43053004,843,seg_8a10s,NORM
-0.058403835,-2.3108149,-2.7295618,-0.8390551,3.106433,-0.24538621,-0.58727425,1.3907095,-1.6954706,-3.483329,1.1726731,-2.401569,-0.012246601,-0.21939747,-0.69066083,844,seg_0a2s,MI
-1.5766265,-2.9992929,-1.9801716,-0.13478145,3.5181909,0.42195767,-0.65411776,2.240076,-1.1763816,-2.7984657,0.8104155,-2.6064763,0.054848447,-0.121286824,-0.20201385,844,seg_2a4s,MI
-0.03327693,-2.3423452,-2.7316027,-0.76130754,3.2197108,-0.20697236,-0.62029845,1.3965994,-1.6611388,-3.462533,1.2377063,-2.4434354,0.06943998,-0.2850619,-0.65451336,844,seg_4a6s,MI
-1.2295339,-2.8380492,-1.9089043,-0.13942817,3.3170023,0.41911453,-0.9017135,2.1133592,-1.2856772,-2.358752,0.8110078,-2.436641,-0.11958414,-0.3008796,-0.16526398,844,seg_6a8s,MI
-0.0448128,-2.3569508,-2.5858269,-0.67155856,3.383519,-0.010659218,-0.54086494,1.2783567,-1.8532491,-3.5972083,1.1311659,-2.6153498,0.07575458,-0.23150437,-0.5717392,844,seg_8a10s,MI
2.4379058,-4.664732,-3.6335235,-4.176907,6.475037,-1.1151769,-1.9748963,3.0444474,-2.9919708,-5.524034,0.6932887,-3.4273646,0.93229115,0.41756904,0.10229085,845,seg_0a2s,NORM
-1.1475785,-3.4526057,-2.0264916,-1.3520572,3.7067294,-0.15343988,-0.7562818,2.3165355,0.38397956,-2.941289,0.09870381,-2.4847791,0.0026264936,0.31816036,0.12512456,845,seg_2a4s,NORM
-0.34898335,-3.8377056,-1.9425334,-1.4679501,4.8534584,-0.30610976,-0.69257814,1.7877815,-0.46719128,-3.9112427,-0.33853713,-2.3493826,0.03418731,0.28007644,0.5912192,845,seg_4a6s,NORM
-0.49295586,-3.4167087,-1.6864738,-1.2614956,4.3847485,-0.029178143,-0.9833961,1.7840328,-0.4302901,-3.1067164,0.039158165,-2.0927129,0.034659706,-0.095199406,0.2548163,845,seg_6a8s,NORM
-0.76203567,-3.6021922,-1.4891437,-0.6951663,4.363917,-0.40781143,-0.6302176,1.7297921,-0.39292854,-3.532725,0.14232698,-2.8916225,-0.32595274,0.014274716,0.048152447,845,seg_8a10s,NORM
-1.2912728,-2.0565102,-5.2927175,-1.8358388,5.041667,-1.049823,-0.30867046,3.958744,-3.3543634,-5.052489,1.3211195,-4.734737,-0.1726414,1.5225259,1.9237906,846,seg_0a2s,STTC
-1.7834876,-1.4862623,-4.819405,0.066118084,3.9613724,-0.27791795,-0.4148593,3.8680758,-1.9822292,-3.6226242,1.8598496,-4.3580656,-0.49347734,0.5376472,0.91851425,846,seg_2a4s,STTC
-1.7027955,-2.2896988,-5.0974026,-0.9605611,5.229532,-0.2222279,-1.1491281,3.7506437,-1.4954197,-4.2263536,1.1539934,-4.728795,-0.35341525,1.3122436,1.6067088,846,seg_4a6s,STTC
-1.0285157,-1.1964738,-4.2956543,-0.44668114,3.400719,0.19128713,-1.2050676,2.2097495,-0.7479455,-3.5538044,2.1662834,-3.7301226,-0.44841576,-0.16689475,1.1094927,846,seg_6a8s,STTC
-1.5142443,-2.1814487,-3.359302,-0.7613667,4.803146,0.11913,-1.460026,2.1787298,-0.78302675,-3.4547043,1.4087311,-3.4991975,0.19039194,0.24430278,2.0644493,846,seg_8a10s,STTC
-1.7641463,-3.498764,-3.6378932,-1.0620556,4.692618,1.2388076,-1.3527745,1.8317871,-2.100427,-5.593718,0.24704403,-1.9617233,-1.0827507,-0.043438837,-0.6749425,847,seg_0a2s,MI
-1.1060714,-3.0199072,-3.7611403,-0.9496612,4.3576202,0.9839878,-1.6267558,1.2946316,-1.6930702,-4.83807,0.68109214,-1.8436298,-0.70138437,-0.17310275,-0.62382746,847,seg_2a4s,MI
-2.388394,-3.6556122,-3.0606227,-0.8212851,4.2937818,1.2408642,-1.2593613,2.1680028,-0.8128792,-4.046225,-0.037856553,-1.6368492,-0.62081707,0.023874193,0.022560105,847,seg_4a6s,MI
-1.2950583,-3.15539,-3.7789898,-0.99229056,4.185004,0.9226817,-1.6422694,1.5718483,-1.6496437,-4.966596,0.6864495,-1.6888182,-0.7791224,-0.16003759,-0.8264506,847,seg_6a8s,MI
-1.8799858,-3.6050096,-3.2873244,-0.48836946,4.3133144,0.9730383,-1.489744,2.0086536,-1.3177226,-4.4110503,0.5793539,-1.8204179,-0.5587541,-0.20158733,-0.28301728,847,seg_8a10s,MI
-0.010944143,-2.348294,-3.6547284,-2.0385273,3.5083525,0.09513964,-1.5310719,0.69981706,-0.97210354,-3.5351288,1.4523283,-3.177167,-1.3014619,-1.2260709,0.597123,848,seg_0a2s,NORM
0.09742071,-2.430878,-3.366459,-1.8282647,3.1232786,-0.27865127,-1.5774344,0.7349446,-0.4184428,-3.4641776,1.6242877,-2.9217303,-1.0526721,-1.1736817,0.54849243,848,seg_2a4s,NORM
-0.12606356,-2.341783,-3.627737,-2.1453447,3.5150325,0.4129557,-1.5330483,0.87302935,-0.9571597,-3.76522,1.3761276,-3.0552328,-1.0917917,-1.0534233,0.6178948,848,seg_4a6s,NORM
0.17964916,-2.4837282,-3.323986,-1.9909346,3.178989,-0.028832108,-1.2293735,0.9330529,-0.641239,-3.6397867,1.4018297,-3.1361475,-0.9852958,-1.1007994,0.839383,848,seg_6a8s,NORM
0.106222585,-2.378834,-3.4269333,-1.8623021,3.2420993,-0.053732008,-1.5754278,0.8299258,-0.4318887,-3.4732165,1.6608112,-3.0879521,-0.9056949,-1.1567858,0.6676746,848,seg_8a10s,NORM
2.1440713,-6.855355,-11.509036,-4.1972895,8.14937,-3.4721522,4.1502657,10.892099,0.8722733,-17.18286,0.50173074,-11.810724,-5.4112425,-0.532828,3.6009438,849,seg_0a2s,STTC
0.95984495,-4.2712,-7.919576,-2.1952775,4.4228573,-1.206261,2.4074297,6.4453607,0.42717758,-10.329272,0.9927745,-7.575154,-3.4999263,-1.0110111,1.6477609,849,seg_2a4s,STTC
0.52726513,-4.227287,-7.748515,-1.9867985,6.452046,-0.81162703,2.1274738,7.1593947,0.17825627,-9.8921175,0.009162173,-7.460001,-2.8006105,0.040663302,1.9836545,849,seg_4a6s,STTC
-0.48113132,-1.796998,-5.705642,-1.2381227,4.7745094,-0.40285483,0.5014289,4.6594577,-0.9827395,-5.5545044,1.2048733,-5.2859273,-1.0700953,0.43170774,0.46915907,849,seg_6a8s,STTC
1.7738488,-5.2919083,-9.265808,-3.0111735,5.0740633,-1.646399,3.3935854,7.087404,0.6205126,-12.894076,0.7552634,-8.494404,-3.6720345,-1.0117637,1.5037334,849,seg_8a10s,STTC
-0.90555465,-3.7058723,-3.237071,-1.388449,6.0224676,0.31229398,-1.212377,2.746118,-2.0188465,-5.304331,0.89004123,-5.22295,-0.72233933,0.25557137,0.10552357,850,seg_0a2s,NORM
-1.3454173,-3.530777,-3.072945,-1.0918117,5.816166,0.22546539,-1.4579616,2.5099862,-2.0884182,-5.0038366,1.2392296,-5.1181297,-0.7232773,0.22127348,-0.43076095,850,seg_2a4s,NORM
-1.4923582,-3.6666179,-3.0522513,-1.2253199,5.8057194,0.24855071,-1.3454337,2.6887007,-1.8863189,-4.8545365,1.0253905,-5.1483707,-0.7358335,0.31296143,-0.22411117,850,seg_4a6s,NORM
-0.42058486,-3.273367,-3.3982263,-1.7944794,4.0008683,-0.26334736,-0.83847266,1.4634298,-1.6783576,-5.7110085,1.9934727,-4.8027973,-0.85030943,-0.62428635,-0.49668673,850,seg_6a8s,NORM
-1.3113261,-4.069435,-2.9657612,-1.0514235,6.167283,0.24788465,-1.4000059,2.8512983,-2.1528206,-5.170065,1.042273,-5.1813264,-0.60711205,0.20256701,-0.114082605,850,seg_8a10s,NORM
0.65462786,-9.504795,-0.6673034,2.32678,11.208906,-3.2532558,4.307866,1.7367661,-8.514829,-13.118541,0.78429484,-13.278574,-0.4155076,0.32581025,0.019530207,851,seg_0a2s,NORM
0.58886075,-5.191034,-1.2800183,2.1403565,6.3695617,-1.7558832,2.1771266,0.5694008,-4.776951,-8.256154,1.2208014,-7.737972,-0.14157389,0.057207048,-0.48124537,851,seg_2a4s,NORM
1.4667165,-4.1447387,-3.4728584,-0.18490681,5.482394,-1.8417492,1.8777498,0.024227291,-3.9944737,-8.568105,1.02443,-5.879618,0.2527184,0.50685835,-0.40445593,851,seg_4a6s,NORM
-1.1208757,-2.6973011,-2.549673,-0.49712074,3.818447,0.256153,0.20707259,1.792057,-1.1059675,-3.62449,0.42525715,-3.439357,0.1250935,0.3429939,1.0561422,851,seg_6a8s,NORM
0.20650078,-3.0367558,-4.605417,-3.5057802,4.800961,-1.3935813,1.2069343,1.4184947,-1.8565292,-6.7122774,0.31496352,-4.173817,0.38220662,1.1296973,0.55748844,851,seg_8a10s,NORM
0.3506512,-5.1662154,-4.8757386,-6.2313457,4.7747817,-0.22259757,4.2349687,0.79275346,-4.249077,-11.840546,-6.3836107,-4.3872323,-5.7989407,2.249324,-2.224395,852,seg_0a2s,STTC
-1.2178609,-5.48447,-2.673522,-3.5782332,7.3594117,1.12279,0.2152856,1.1551293,-0.89436156,-9.01754,-4.439425,-4.2459216,-3.2051806,2.5293212,0.011704698,852,seg_2a4s,STTC
-0.90169275,-6.146762,-3.864194,-5.358924,8.589429,0.080733225,1.243509,0.46334124,-2.0427036,-10.802798,-5.9899364,-4.841898,-4.3030963,3.2098715,0.6210214,852,seg_4a6s,STTC
-0.033346787,-2.8276777,-3.1882892,-1.942971,2.2991123,0.42294005,0.958084,-0.85991824,0.109410085,-6.102614,-1.0695403,-1.2963789,-1.1620699,0.16397703,-0.32651618,852,seg_6a8s,STTC
0.74765956,-5.5690994,-4.3698044,-6.277137,7.1031146,-1.3221436,1.5402532,-1.3596437,-2.1428828,-13.044241,-4.474288,-5.503703,-5.1718955,2.3608732,-1.9031435,852,seg_8a10s,STTC
-1.6383375,-4.750198,-7.2714086,-2.277568,5.361365,-0.26561615,0.33685303,3.3823593,-3.3434334,-6.1899285,1.5161649,-4.398572,-0.23192781,-0.6045662,0.65011346,853,seg_0a2s,MI
-1.9194582,-5.5190663,-8.075306,-3.5840983,4.2634783,-0.22498885,1.0714891,2.755237,-3.2851112,-7.1778617,1.6008543,-4.783989,-0.8155855,-1.2211369,0.7373049,853,seg_2a4s,MI
-1.5227355,-4.8051105,-6.3953557,-2.111388,7.4971604,-0.29114255,-1.8132688,3.30394,-2.9778957,-5.4164495,0.5211614,-4.7865224,-0.663335,0.7878429,1.8066815,853,seg_4a6s,MI
-2.0712435,-4.7747426,-6.3657036,-1.1984792,4.5135155,0.14934875,-0.34566113,3.3995852,-2.6712952,-5.432285,1.1565938,-4.7760205,-1.2450808,-0.23490413,0.87396634,853,seg_6a8s,MI
-1.2287029,-4.774396,-6.712109,-2.7904305,3.8946135,-0.16588569,-0.65089566,1.565844,-2.5116336,-5.8206844,1.4372646,-4.317053,-1.2931591,-0.720717,1.0453892,853,seg_8a10s,MI
-1.1046664,-1.4901735,-4.7101703,0.9353138,5.600433,-0.48698577,-0.9093807,4.3972363,-3.5744216,-4.1218743,2.2109902,-5.1570086,-0.57569504,0.54274446,-1.2383062,855,seg_0a2s,HYP
-1.1027766,-1.3667202,-4.4691553,0.8767269,5.341334,-0.5940225,-0.60024095,4.5738716,-3.3952777,-3.7956007,2.2164924,-5.202386,-0.40326607,0.51575774,-0.8436252,855,seg_2a4s,HYP
-1.6278975,-2.025309,-4.2385163,0.46227652,4.362547,-0.19292974,-0.48962203,4.0068197,-3.2163422,-3.8453834,2.263149,-4.921114,-0.624785,0.009873733,-0.73327434,855,seg_4a6s,HYP
-1.7548201,-1.7814901,-4.277639,0.55432755,4.282337,-0.17666546,-0.38060275,3.9975424,-2.955823,-3.7478197,2.2996314,-5.0670724,-0.7193684,0.028291963,-0.8728566,855,seg_6a8s,HYP
-1.7384763,-1.7863739,-4.343348,0.5434972,4.386013,-0.03479144,-0.3694619,3.8709812,-2.9622228,-3.827778,2.1421163,-5.0686364,-0.8175635,0.048143357,-0.9579054,855,seg_8a10s,HYP
-2.1577308,-3.6258402,-1.4886237,-0.6594129,3.3670585,-0.91904175,-0.24590063,2.5844808,-2.1332273,-7.1620765,2.3074708,-3.2908778,-1.9313146,-1.481815,-3.4779108,856,seg_0a2s,HYP
-1.8423369,-3.122096,-1.6556612,-0.8087625,5.0964737,-0.6389903,-0.7603931,3.1389594,-2.7577405,-7.489817,1.5070698,-3.4875078,-2.010198,-0.48691297,-3.505969,856,seg_2a4s,HYP
-3.1393604,-3.8610926,-0.6736791,0.14209248,5.159183,-0.23651162,-0.74654317,4.070592,-2.1606882,-6.0478687,1.1670535,-3.938918,-1.8812072,-0.41496515,-2.5744634,856,seg_4a6s,HYP
-3.0708525,-3.4940455,-0.6719837,0.3168644,5.0179033,-0.34812698,-0.99434435,3.9378552,-2.0717711,-6.09877,1.5269606,-3.6925528,-1.9693809,-0.58761764,-2.9982545,856,seg_6a8s,HYP
-1.765428,-3.2062922,-1.6673868,-0.79036534,4.955679,-0.7363299,-0.6896801,3.153187,-2.6766388,-7.2323933,1.5124042,-3.5721092,-1.9415301,-0.50571704,-3.350086,856,seg_8a10s,HYP
-0.83177704,-2.5099478,-5.5132256,-1.6236532,3.5009573,-1.0099854,0.6729816,3.0103457,-0.7366608,-3.0342042,-0.056804053,-4.4526677,-1.0034279,1.0136313,0.37049758,857,seg_0a2s,STTC
-0.70505136,-2.489524,-5.520873,-1.620465,3.5079231,-0.9382756,0.54625577,3.057411,-0.73098904,-2.869012,-0.038537852,-4.3350515,-0.9712555,0.9257464,0.26837426,857,seg_2a4s,STTC
-0.82194954,-2.481825,-5.4900007,-1.3200738,3.469293,-0.9155599,0.37456402,2.9146175,-0.80813664,-2.7414718,0.10393635,-4.167659,-0.9339175,0.86878103,0.23781085,857,seg_4a6s,STTC
-1.0170555,-2.4611242,-5.413269,-1.2801509,3.3799794,-0.95393956,0.5057135,2.933996,-0.6551293,-2.7319736,0.11466401,-4.252728,-1.0086714,0.845435,0.14646533,857,seg_6a8s,STTC
-0.08773552,-2.018359,-5.916706,-1.2528327,4.785362,-1.3375378,0.22098851,3.4358683,-1.2819722,-3.210177,-0.14211792,-4.581292,-0.6716488,1.6678765,-0.044534177,857,seg_8a10s,STTC
-1.4214439,-4.0256534,-3.4363441,-1.4352212,5.029883,-1.6514268,-0.54942334,4.9050846,-2.627223,-4.1518965,0.9588498,-4.304327,-1.5000767,-0.21042357,-1.6154294,859,seg_0a2s,STTC
-1.3919541,-4.181113,-3.092012,-1.4825163,5.1171274,-1.7081506,-0.61054116,4.8158746,-2.5696805,-3.8827803,0.6039133,-3.992159,-1.4809959,-0.119697765,-1.091043,859,seg_2a4s,STTC
-3.7837048,-6.273855,-5.7191505,-2.745547,8.795702,-1.5813476,-0.60272616,6.6443515,-4.5377464,-5.043709,2.72488,-9.811003,-1.4006311,-0.6122738,-3.9036133,859,seg_4a6s,STTC
-1.2136062,-3.9115143,-3.5611115,-1.8662665,5.2574983,-1.4213903,-0.33989346,4.8667083,-2.8973615,-4.588684,0.4493268,-4.143391,-1.5281986,0.08833346,-1.0814018,859,seg_6a8s,STTC
-1.871583,-4.871747,-3.046754,-2.198879,4.8800087,-0.8424624,0.12393982,4.804163,-1.7416286,-5.0292287,0.102875985,-4.652497,-2.1045873,-0.4793625,-0.50624967,859,seg_8a10s,STTC
-0.32580355,-2.091683,-4.9162674,-1.4412277,3.8059874,-0.5695392,0.059942238,2.4473546,-0.8299268,-1.9683771,0.25155446,-4.258986,-0.22642419,0.90805066,-0.23667789,860,seg_0a2s,NORM
-1.3422518,-2.5750089,-4.774332,-1.621867,2.4750545,-0.45399573,0.5653247,2.0874994,-0.101302624,-2.15962,0.63795966,-4.222777,-0.48202026,0.3658424,0.00956589,860,seg_2a4s,NORM
-0.13315713,-2.0398839,-5.0148816,-1.5696013,3.89662,-0.43734708,0.010238014,2.4609342,-1.023237,-1.9167854,0.1750929,-4.087966,-0.0749508,0.92316055,-0.15395805,860,seg_4a6s,NORM
-0.3171145,-2.189597,-5.1729536,-1.5118008,3.8245313,-0.57032776,-0.107742734,2.5158021,-0.9656411,-1.9104984,0.2606345,-4.204796,-0.25570685,0.9223924,-0.22469002,860,seg_6a8s,NORM
-1.2015495,-2.6100206,-4.8666286,-1.6897955,2.4653172,-0.39377907,0.50974876,2.1391609,-0.35254386,-2.095119,0.6377532,-4.1452284,-0.48807925,0.26632732,-0.072036386,860,seg_8a10s,NORM
-0.1325902,-3.3798933,-2.1369863,-1.0444424,3.3765984,-1.457958,-1.8270867,1.6764383,-0.09444015,-1.6580082,0.9694078,-3.3385038,-0.91456085,-0.18695493,-0.3786172,861,seg_0a2s,STTC
-2.0839121,-4.6639605,-1.6223927,-1.4723761,4.7900543,-0.46683785,-1.6466268,2.6629794,0.41137177,-1.4841764,-0.51898193,-3.9532237,-1.0333657,0.53763473,0.9024557,861,seg_2a4s,STTC
-0.46504962,-2.9968545,-2.900937,-1.0223286,2.1152263,-1.5652442,-0.63445866,1.9840357,-0.7854353,-1.8296276,1.0189656,-3.3966267,-1.1226839,-0.19844036,-0.7247746,861,seg_4a6s,STTC
-0.39216173,-3.3666105,-2.598567,-1.7290514,1.8512025,-1.6649455,-0.8927723,0.8286431,-0.07259408,-2.6575232,1.566607,-3.4025319,-1.1231412,-0.71455765,-0.40207198,861,seg_6a8s,STTC
0.2751515,-3.3285189,-2.7864943,-2.2267547,2.8188639,-1.5417862,-2.1177142,0.03162381,0.17603189,-2.1591265,1.2705536,-3.4338045,-1.5283132,-0.77040166,-0.29014176,861,seg_8a10s,STTC
-0.053171143,-2.8172927,-2.9078279,-1.5910814,1.5637164,-0.22540835,0.12486472,-0.17004529,0.39813343,-3.318801,0.21465144,-2.219982,-0.7348623,-0.3319348,0.72435355,862,seg_0a2s,NORM
-0.39763805,-2.6754434,-2.7750297,-1.1240263,1.2132353,0.036341667,0.34059486,0.08359346,0.28211322,-3.077278,0.5175043,-2.1914709,-0.46666402,-0.46845514,0.703331,862,seg_2a4s,NORM
0.24384554,-2.7313945,-2.8431606,-1.0236306,2.995523,-0.34885988,-0.460492,0.6185122,0.13582224,-3.1840823,-0.064205796,-2.4579341,-0.42728233,0.33570644,0.9334054,862,seg_4a6s,NORM
-0.84680337,-3.2879727,-2.1995783,-0.44351333,3.1082067,-0.12576345,-0.5642863,1.3386835,0.49606925,-2.389108,0.04057464,-2.4974492,-0.20357472,0.11724984,1.201274,862,seg_6a8s,NORM
-0.8139466,-3.3957195,-2.167933,-0.82926434,3.2862763,0.017672688,-0.5536285,1.2449484,0.39390516,-2.5467346,-0.34690902,-2.5701025,-0.25211906,0.42465472,1.1413718,862,seg_8a10s,NORM
-2.48423,-4.1498632,-2.3356252,-0.09523262,5.5408306,-0.06937662,-2.4003289,1.9973922,-1.1219344,-3.8668833,1.1485157,-3.5076022,-1.3238007,-0.39801025,-1.2621888,863,seg_0a2s,NORM
-1.9740843,-3.1435618,-2.3385959,1.0599353,3.9329762,-0.65605915,-1.8816563,1.7108392,-0.9887839,-4.0162964,2.1774714,-3.0679004,-1.2811338,-0.8155451,-1.9490682,863,seg_2a4s,NORM
-1.7492673,-3.4666224,-2.435275,0.03640165,4.947195,-0.30890438,-2.337071,1.4391584,-1.0577095,-3.914386,1.4519634,-3.2466917,-1.297609,-0.4877392,-1.5876875,863,seg_4a6s,NORM
-1.4656528,-3.5139744,-3.0315037,-0.5780946,5.3401494,-0.26250818,-2.2829218,1.2538152,-1.6915855,-4.7211604,1.2069118,-3.530274,-1.5885698,-0.24198042,-1.7761607,863,seg_6a8s,NORM
-2.5120962,-3.9270253,-2.3681717,0.17268384,4.953833,-0.10523459,-1.9222496,2.1765602,-1.2996407,-4.139957,1.2215058,-3.4154992,-1.3923943,-0.36437553,-1.4653292,863,seg_8a10s,NORM
-0.3916455,-3.6682768,-1.780414,-1.143317,4.5486364,-0.10639003,0.18170908,1.7167345,-0.7378813,-4.777311,-0.63646656,-1.9897766,-0.14294606,0.15163322,0.95484126,865,seg_0a2s,NORM
-0.19498521,-2.7158275,-1.7222394,-1.1320255,2.0758257,-0.16190171,0.19159251,-0.11609569,-0.060074985,-4.444438,0.52760726,-1.2708228,-0.13656528,-0.6147856,0.11448955,865,seg_2a4s,NORM
-0.24023952,-2.7130775,-1.7132031,-1.0954235,2.2842762,-0.3389233,0.060231455,-0.008529872,0.07821734,-4.5996203,0.85906595,-1.3313768,-0.05901342,-0.8227919,-0.18249944,865,seg_4a6s,NORM
-0.23515494,-2.4862564,-1.5579038,-0.98483807,2.2200992,-0.0983336,0.009058453,-0.29914394,0.25136283,-4.412175,0.69151205,-1.2074368,-0.08241842,-0.7422288,-0.17599532,865,seg_6a8s,NORM
-0.2567883,-2.4048226,-1.5142412,-0.7489556,2.2235303,-0.19681033,-0.0653971,-0.268839,0.108143255,-4.479487,0.9332148,-1.3102481,-0.17034003,-0.86096394,-0.44118437,865,seg_8a10s,NORM
-0.8883871,-3.3351552,-3.0296407,-1.3342826,4.0569625,0.4030073,0.2274695,2.784494,-1.4252543,-4.7580953,0.14753199,-2.967339,-0.3116166,0.0499625,0.48827553,866,seg_0a2s,NORM
-0.6148563,-3.1636133,-3.6123557,-1.2394943,3.61558,-0.028492033,0.17366496,2.3875823,-1.7205296,-4.9990544,0.715458,-2.938542,-0.37516254,-0.12751947,-0.3137844,866,seg_2a4s,NORM
-1.0304418,-4.0730095,-2.8331614,-1.5873926,4.8479657,0.3605218,-0.7382186,2.6572433,-0.9513008,-4.4870453,-0.1467431,-3.0126722,-0.3654514,0.27691966,0.8864199,866,seg_4a6s,NORM
-0.12443562,-3.3315842,-2.8128896,-1.4881339,3.114969,-0.083019346,-0.65820086,0.81162405,-0.23208097,-4.965529,1.3155937,-2.620587,-0.12723434,-0.78232026,0.034869984,866,seg_6a8s,NORM
-0.41035855,-2.9669368,-3.9416666,-1.3375809,4.95215,-0.03319305,-0.18357944,3.3988755,-2.184036,-4.876374,-0.07942894,-2.9383678,-0.34653097,0.7219325,0.11194665,866,seg_8a10s,NORM
-1.926586,-2.8371286,-1.8823465,-0.71636516,2.6228707,-0.016282678,1.1870431,2.2802138,-1.4293733,-3.0246723,-0.047983874,-2.3227167,-0.43429816,-0.23587738,-0.59262097,867,seg_0a2s,NORM
-1.3884115,-2.2905436,-2.068356,-0.9468654,2.3544862,0.04326071,1.3771341,1.6890198,-1.643913,-3.6029425,-0.28818256,-1.9907377,-0.5756336,-0.012189433,-1.2871275,867,seg_2a4s,NORM
-1.4289275,-3.4895992,-1.4151739,-1.616236,4.464712,0.60471475,0.0854801,1.552328,-0.20014861,-2.985283,-1.0205784,-2.265783,0.06371078,0.36072212,0.70117354,867,seg_4a6s,NORM
-1.6317225,-3.338107,-1.2914727,-0.5234638,4.372036,0.55206394,-0.3328582,1.7253644,-0.2408435,-2.8322654,0.09828233,-2.2993317,0.570633,-0.09366727,0.3710959,867,seg_6a8s,NORM
-1.5220586,-4.164183,-1.9627573,-2.988769,5.179619,-0.0106551945,0.543693,1.8032069,-0.5750736,-3.8910062,-2.0549197,-2.8278825,-0.7464929,0.86676925,1.2649022,867,seg_8a10s,NORM
-6.3976173,-13.831467,-4.144742,-3.675911,20.698011,-4.5855594,13.129821,6.48903,-4.538187,-14.261064,4.485064,-20.658915,7.409373,-4.277735,-4.973311,869,seg_0a2s,CD
-1.9397297,-5.757764,-10.482197,-7.171564,10.543466,-3.0762384,6.968261,5.5083733,-0.55810416,-11.168096,4.037356,-8.073388,6.2853,-1.7355287,-2.6467957,869,seg_2a4s,CD
-2.7983263,-3.4696107,-7.7506695,-4.7065425,8.383578,-1.4896249,4.6504803,4.2716136,-1.0172336,-7.5568366,2.2145827,-7.2136216,3.256733,-0.30576974,-0.4922137,869,seg_4a6s,CD
-0.34711885,-3.5565379,-5.674804,-2.1302426,6.107562,-1.0767621,1.8399719,3.4004037,-2.230961,-7.6585946,2.284618,-8.102033,0.68906033,0.35282296,-0.9266094,869,seg_6a8s,CD
-0.65899813,-3.1219158,-9.318678,-5.1194854,8.731892,-2.884681,6.599848,3.4123127,-2.2563174,-9.9757805,3.645393,-7.7480807,4.649349,-1.2564113,-1.9983431,869,seg_8a10s,CD
2.668778,-4.132571,-2.8347106,-1.6584783,7.5069394,0.95301926,-1.5552334,1.0228964,-3.2098825,-5.676013,-1.0859576,-1.3356038,1.7612184,0.79587144,1.3913499,870,seg_0a2s,NORM
-0.2233764,-2.8845239,-2.1627293,-0.44368362,4.288637,1.1042656,-0.683448,1.4983016,-0.7249853,-3.6076622,0.13794342,-1.598811,0.7007333,-0.18945535,0.7517195,870,seg_2a4s,NORM
1.8768176,-3.7518294,-2.6323543,-1.5136557,6.695448,1.024164,-1.3020731,1.1231636,-2.5651622,-5.0670958,-0.90169156,-1.341301,1.3808545,0.5471784,1.2183312,870,seg_4a6s,NORM
4.113561,-4.8595285,-2.2140617,-2.350205,6.046976,0.700935,-1.7000035,1.4513841,-3.3993628,-5.663512,0.43085715,-0.6180508,2.1506467,-1.3287027,1.230069,870,seg_6a8s,NORM
1.00025,-2.6235058,-2.351428,-1.2752929,3.2443242,0.83230746,-0.65238696,0.24877286,-0.96527725,-4.1661925,0.82207495,-1.318235,0.61205393,-1.0095983,0.41996872,870,seg_8a10s,NORM
-2.109606,-4.5587792,-4.820826,-0.40287745,4.570154,0.61866784,-1.8467879,1.3014201,-1.8036544,-5.151956,0.95727146,-1.6789525,-0.3978327,-0.21327986,-1.2326107,871,seg_0a2s,CD
-1.528086,-4.3355484,-4.698735,-0.29593664,4.253609,0.48950166,-1.6967547,0.725021,-1.6437638,-4.7911587,0.7913438,-1.3608369,-0.3760851,-0.3477081,-1.1206427,871,seg_2a4s,CD
-1.4780104,-4.2990236,-4.7870774,-0.31521997,4.0717864,0.19802728,-1.3962485,1.0984854,-1.7655833,-5.50278,1.2478311,-1.3572463,-0.011866793,-0.30687672,-1.5420231,871,seg_4a6s,CD
-1.5987245,-4.3854556,-5.183655,-0.5870646,4.055283,0.40468472,-1.4015391,0.8186704,-1.795829,-5.227814,0.84675604,-1.5522858,-0.37988788,-0.23142816,-1.340333,871,seg_6a8s,CD
-1.6178387,-4.275778,-5.315428,-0.737906,4.065749,0.3426399,-1.1883968,0.79606164,-1.937578,-5.336819,0.8111521,-1.4251348,-0.3269989,-0.23566751,-1.5406373,871,seg_8a10s,CD
-0.91093606,-1.4808431,-3.7634497,-0.6783842,3.2327952,0.79464686,-0.22508317,1.1449529,1.1668742,-2.722982,0.13205066,-3.5622883,-0.35311657,0.64849484,1.739878,872,seg_0a2s,STTC
-0.6679546,-1.6058439,-4.0564175,-0.69285786,3.1625884,0.63075674,-0.25786075,1.6654098,1.0953174,-3.4189322,0.48799267,-3.9833765,-0.2923433,0.7436774,1.8142017,872,seg_2a4s,STTC
-1.102455,-1.1933615,-4.1142974,0.54858804,3.17953,0.38578874,0.29535452,2.6009383,0.29279888,-2.544362,0.6316792,-3.6252599,-0.035767656,0.775534,0.97975695,872,seg_4a6s,STTC
-1.6992781,-1.5585145,-3.9086652,-0.13926937,2.2606432,1.0908862,0.53215295,2.040077,0.7175723,-2.4709435,0.42838195,-3.566297,-0.11352782,0.5996972,1.4989748,872,seg_6a8s,STTC
-2.3767717,-3.3296916,-2.7776046,-0.8782269,5.118838,1.0925494,-1.153728,2.459525,2.2202835,-2.4295876,-0.4598666,-4.3839107,-0.20123154,0.83980083,2.9070272,872,seg_8a10s,STTC
-1.8592502,-7.3317313,-4.8350387,-2.521679,7.764617,-0.58613837,-2.5421925,4.942039,-3.9960396,-6.3068476,1.8301417,-5.720141,-0.9948939,-0.8380846,-0.13467324,873,seg_0a2s,MI
-1.9310281,-6.4586906,-5.020643,-3.1147404,6.3545136,-0.52981126,-2.839818,2.771774,-4.4696875,-5.8516455,2.9686148,-4.873806,-0.6852434,-1.5236477,-1.0079126,873,seg_2a4s,MI
-1.0901608,-6.524163,-5.6236196,-3.5636759,8.196863,-0.8549379,-3.2964885,3.271163,-5.4701085,-6.462918,2.1976306,-5.2634616,-0.6384315,-0.49852508,-0.85366845,873,seg_4a6s,MI
-2.607699,-6.762952,-4.3566737,-2.442755,7.751349,-0.3810198,-2.9881644,4.1950593,-4.432791,-5.1283884,2.106546,-5.076831,-0.40503597,-0.71874774,-0.70036197,873,seg_6a8s,MI
-2.6326764,-6.6202927,-4.06456,-2.399198,7.373819,-0.35258964,-2.8236637,4.153341,-4.2926345,-4.5858464,2.0128765,-4.647246,-0.0858497,-0.7134036,-0.47098526,873,seg_8a10s,MI
0.16807784,-2.4546738,-2.7887712,-0.8021245,2.780258,-0.27701733,0.48014536,2.5055096,-1.7114708,-5.2266793,0.68066937,-1.7274499,-0.56860805,-0.5347559,0.0044558793,874,seg_0a2s,NORM
-0.68529505,-1.9242938,-2.2036037,0.4112363,3.6995487,-0.10353097,-0.15942971,2.9925678,-1.595128,-3.9761612,0.5021957,-1.6702918,-0.32149625,0.09629668,-0.38669702,874,seg_2a4s,NORM
-0.50302273,-2.032826,-2.4336782,0.13156796,3.989735,0.009235233,-0.07399784,2.8230126,-1.6899922,-4.3256454,0.15440059,-1.7157334,-0.27826017,0.37706202,-0.24474716,874,seg_4a6s,NORM
-0.22829168,-1.8551561,-2.507265,-0.14227884,3.8585608,-0.3242254,-0.20110671,2.7847219,-1.9587696,-4.4757524,0.50368637,-1.6770625,-0.346601,0.21315974,-0.33550635,874,seg_6a8s,NORM
-0.7024453,-2.532418,-2.9916344,-1.1433022,4.854194,0.75649464,0.04991495,2.9774303,-2.4365263,-5.4167447,-0.90793663,-1.765198,-0.6644208,0.836369,-0.02476886,874,seg_8a10s,NORM
-1.3415751,-2.5056026,-2.602213,0.032769307,3.192014,0.84946454,-0.6979325,1.0328436,-0.5089387,-3.0195556,0.12596095,-1.9504583,-0.43124962,0.19100158,0.1095761,875,seg_0a2s,NORM
-0.12093925,-1.8879782,-3.0341272,-0.44191885,2.8413937,0.39948976,-0.6962569,0.403652,-0.6555646,-3.4094536,0.3504955,-1.9535663,-0.4402271,0.25135636,-0.119547516,875,seg_2a4s,NORM
-1.423677,-2.4319053,-2.3004618,0.23734176,2.9727316,0.8804071,-0.37876886,1.1759559,-0.26992574,-3.263909,0.17949745,-1.8720934,-0.19974092,0.22075823,0.06425303,875,seg_4a6s,NORM
-0.168704,-1.9111199,-3.0183797,-0.14962229,2.7330174,0.15082367,-0.66171724,0.6058032,-0.71782243,-3.836513,0.81879795,-1.9762237,-0.33889365,0.08171202,-0.41061118,875,seg_6a8s,NORM
-1.3832059,-2.5421937,-2.5101962,0.048880115,3.0202413,0.6509838,-0.6411249,1.1213214,-0.2860023,-2.8625226,0.15667933,-2.0644977,-0.44207317,0.23818944,0.13374345,875,seg_8a10s,NORM
-0.5760311,-6.550601,-1.5858476,1.5468035,9.847365,-1.8976064,3.0030975,3.6617537,-4.3524837,-9.364351,0.81736666,-8.8865795,0.52545786,-0.06914306,-0.721316,876,seg_0a2s,NORM
-0.88835233,-3.5654938,-3.040019,-0.75998306,5.2660713,-0.22112295,0.25761288,2.6923609,-0.12913418,-5.3595066,1.7698214,-3.6087444,1.1866565,-0.8168811,-0.19495904,876,seg_2a4s,NORM
-1.5672216,-4.9089155,-4.1900506,-1.2983003,5.3224564,0.042294458,2.0054514,4.5114007,-0.8955546,-7.2908163,0.6171235,-4.9463615,-0.12982139,-0.49607486,0.022898823,876,seg_4a6s,NORM
-1.9410949,-4.687545,-3.3104239,-0.977521,5.1866007,-0.22352204,1.7160308,4.577342,-1.176321,-6.1226053,1.0957173,-4.689681,0.3349833,-0.7050096,0.18417561,876,seg_6a8s,NORM
-1.1097287,-6.1440945,-3.981192,-1.3429625,6.067069,-0.9211221,2.3113096,5.026551,-2.1363604,-8.866924,0.63625556,-6.095316,-0.3768558,-0.31728822,1.0129895,876,seg_8a10s,NORM
-2.0745668,-3.02698,-5.316804,-1.957607,3.7500496,0.7073777,-1.6544127,2.1712596,-0.46095413,-2.8990164,-0.07291281,-3.9322228,-1.6636214,0.9904776,-0.28135964,877,seg_0a2s,CD
-0.92032987,-2.3794742,-5.5780344,-1.7735453,2.9204152,-0.08359012,-1.567824,1.435658,-0.11603701,-2.562138,0.5197072,-3.9367466,-1.462665,0.881814,-0.5849227,877,seg_2a4s,CD
-0.8073714,-2.1059272,-5.7019644,-1.4782994,2.346152,-0.36306623,-1.646036,1.2797996,0.020859182,-2.0484643,0.8749192,-3.8742733,-1.5520877,0.691336,-0.65411115,877,seg_4a6s,CD
-1.0901991,-2.3183134,-4.945536,-0.39924705,3.5859044,-0.31259695,-1.9884462,1.9792058,0.3068254,-1.2340605,0.23221856,-3.5364094,-1.08867,1.2126949,-0.24270126,877,seg_6a8s,CD
-0.46840742,-2.3586946,-6.002089,-1.7851722,2.5962226,-0.6642909,-1.608973,0.99042225,0.028921977,-2.2961087,0.8318606,-3.7499816,-1.2969005,0.7122631,-0.59728014,877,seg_8a10s,CD
-0.7451707,-3.0466716,-3.6124344,-2.0476117,3.5394201,-1.4106299,-0.7942864,1.918258,-0.29691693,-2.535666,0.7682319,-4.232516,-1.0903666,0.27181464,-0.035968542,878,seg_0a2s,NORM
-0.8109645,-3.3227453,-3.6080537,-2.3987994,2.0222037,-1.0232017,-0.34934,1.3663259,0.084752604,-2.2578342,1.1237127,-3.8920956,-1.1522956,-0.6725507,-0.121043235,878,seg_2a4s,NORM
-0.3536243,-3.0526507,-4.214265,-2.7024622,3.973369,-0.9771296,-1.019601,1.657424,-0.65850514,-2.5420556,0.28310767,-4.319119,-1.4150559,0.25645843,-0.15004852,878,seg_4a6s,NORM
-1.0529436,-2.8822815,-3.1032572,-1.4088945,3.0126789,-0.91544807,-0.7751763,1.9820969,0.31655604,-1.3352053,0.58212864,-3.8368878,-1.0913571,-0.03346479,-0.06416717,878,seg_6a8s,NORM
-0.30724624,-2.7168887,-3.7324243,-2.5202127,3.7246861,-0.91427124,-0.61341983,1.7017837,-0.17442861,-2.35618,0.26694024,-4.147399,-1.15975,0.20138344,-0.29462793,878,seg_8a10s,NORM
0.42546755,-2.2188365,-2.7524376,-0.6251113,3.5852988,0.07164179,-0.08518952,1.7227743,-1.4118121,-4.272183,0.9267455,-2.5362747,0.12807553,-0.37441343,0.6558653,879,seg_0a2s,NORM
-0.9061613,-2.3429804,-2.6883612,-0.58347523,3.9016938,0.75969076,0.27564865,2.1110826,-0.8286981,-3.5499644,0.18411908,-2.5755491,-0.26884133,-0.3928058,1.3035957,879,seg_2a4s,NORM
0.3270952,-1.805333,-4.7373652,-2.495741,4.8402677,0.25314245,-0.4576488,0.31430078,-1.3436794,-3.603325,-0.5869952,-2.9367266,-1.6600779,-0.24506052,1.0642774,879,seg_4a6s,NORM
-0.84549797,-2.073368,-3.0848088,-1.1161532,4.0426836,0.7814417,0.016791813,1.3637675,-0.9641959,-2.6760917,-0.15194812,-2.3836272,-0.39726996,-0.30417305,1.2399228,879,seg_6a8s,NORM
0.0149140805,-1.8303193,-4.6271152,-2.521324,4.8459754,0.19588959,-0.5868974,0.2879479,-1.61022,-3.2535505,-0.6126069,-3.0404325,-1.7500424,-0.1396615,1.0272248,879,seg_8a10s,NORM
0.47773033,-4.6164956,-3.4656124,-1.9546835,4.132283,-1.1694747,0.071868636,1.54219,-0.11049357,-3.9724364,-0.4494057,-3.1735966,-0.9658682,-0.44595945,0.5323405,881,seg_0a2s,NORM
-0.41836384,-4.619486,-3.1047454,-1.7026393,1.9310107,-0.92647815,0.75348496,0.7786417,0.40586078,-3.4245088,0.24965021,-2.3670323,-0.6216055,-1.1977452,0.29377645,881,seg_2a4s,NORM
0.4520622,-4.2479835,-2.700717,-1.4392684,4.1846056,-1.2908857,-0.51922375,0.7464428,0.32754284,-3.4362657,0.0043168217,-2.5866933,-0.4392283,-0.49532485,0.16445798,881,seg_4a6s,NORM
-0.35502908,-4.743237,-2.875525,-1.6996574,2.4869976,-1.0433308,-0.04300902,0.42461276,0.48289087,-3.3607318,0.53695977,-2.4590142,-0.5284152,-1.1473544,0.12181926,881,seg_6a8s,NORM
-0.49560082,-4.714602,-2.987831,-1.8706524,2.896489,-0.6747196,-0.24847814,0.40991116,0.35147613,-3.3810523,0.24761215,-2.6062086,-0.85832715,-1.1173452,0.4350668,881,seg_8a10s,NORM
-0.9751357,-3.9642382,-5.328322,-2.364869,3.013446,-0.514218,-1.6812726,2.8269808,-0.89353234,-1.8065748,0.50600624,-4.711441,-1.2163458,0.8017033,-0.017301813,882,seg_0a2s,NORM
-1.3129746,-4.288837,-4.3935304,-1.5664802,3.5040383,-0.7650331,-1.1966759,2.9121826,-0.98407775,-1.9358407,0.45193127,-4.135171,-1.4760902,-0.16634004,0.9974339,882,seg_2a4s,NORM
-0.3337652,-4.1430697,-5.0405254,-1.0680544,4.846354,-1.4680257,-1.4985744,3.121922,-1.381037,-2.5295155,0.18965554,-4.3444943,-1.8535787,0.0953484,0.64619136,882,seg_4a6s,NORM
-0.48651195,-3.995981,-4.606198,-1.3120642,3.382158,-1.1198478,-1.5456498,2.3917298,-0.4507565,-2.3007984,0.8840609,-3.8178318,-1.572693,-0.5049014,0.6975974,882,seg_6a8s,NORM
-0.28068522,-3.550107,-5.191115,-2.014503,3.1749787,-0.85211885,-1.5469298,2.0197546,-0.85058445,-2.1505215,0.75003886,-3.9628654,-1.3498945,-0.008238003,0.36974728,882,seg_8a10s,NORM
0.7955835,-4.68482,-2.7713447,-2.542539,4.800414,-0.044133425,-0.21264902,-0.9607012,-1.4046469,-4.217943,-0.45694438,-2.8379962,0.34474987,-0.31082004,0.28871354,883,seg_0a2s,CD
0.06250669,-4.0405736,-2.4805126,-1.9254334,3.529627,0.04296258,0.10363906,-1.1562042,-0.43820715,-3.914785,-0.18008372,-2.7372072,0.25909817,-0.17106377,0.13392615,883,seg_2a4s,CD
0.11591716,-4.8237033,-4.004061,-3.0837748,5.4459243,-0.55398715,-0.638492,-1.2132195,-1.8144705,-4.1789904,-0.3468299,-3.9847527,-0.54963696,-0.11535396,0.6407496,883,seg_4a6s,CD
0.047652856,-4.98716,-3.2706914,-2.5896604,4.6129494,-0.9517213,-0.6317674,-1.0111117,-0.86099726,-3.764079,0.085737236,-3.5992024,-0.29022682,-0.38916588,0.21872737,883,seg_6a8s,CD
-0.5741137,-4.7017326,-4.037448,-2.941634,5.070274,-0.2837266,-0.5726398,-1.5302606,-1.3907945,-4.8902483,-0.33571765,-3.7638776,-0.9162592,-0.09701963,0.6148324,883,seg_8a10s,CD
-1.9924022,-2.4172425,-3.0461059,-1.8907533,4.2932987,-0.2718728,-0.07026852,1.9885845,-2.3361824,-5.532199,0.5557424,-2.774217,-0.6230967,0.71731186,-0.31393406,884,seg_0a2s,NORM
-1.6549025,-2.3503118,-2.4290147,-0.64894414,4.809271,0.1826698,0.14207304,3.3223,-1.9599824,-4.919206,0.19420102,-2.5768425,0.044532567,0.85028845,-0.6744697,884,seg_2a4s,NORM
-2.2343984,-2.1254253,-2.9454703,-0.5741729,4.716527,-0.44311985,-0.046672776,2.8765438,-2.1552236,-4.695928,0.47886917,-2.590331,-0.30665505,0.93766683,-0.40224066,884,seg_4a6s,NORM
-1.3378128,-2.068955,-2.6849566,-1.1616106,3.5152438,0.2515763,0.3158883,2.07766,-1.6793771,-5.13642,0.7626629,-2.3477623,-0.2514725,0.12977506,-0.89286757,884,seg_6a8s,NORM
-1.6770121,-2.3169396,-2.7890172,-1.289432,4.0667343,0.0128490925,-0.1397801,1.8912938,-1.9551406,-5.3159814,0.7667249,-2.551214,-0.5400488,0.2866454,-0.7179421,884,seg_8a10s,NORM
-0.074508354,-3.2530553,-0.8522451,-2.033177,3.7213664,-0.7600242,-0.5631269,0.6366493,-0.26905155,-4.8253865,-1.7199166,-0.7059058,-1.8350909,0.45640278,-1.4062088,885,seg_0a2s,HYP
-0.7591719,-3.4283996,-0.32756734,-1.3036892,3.2620773,-0.38605747,-0.5625443,1.1002985,0.06469308,-3.6777933,-1.5726265,-0.4564558,-1.394284,0.2689036,-0.99738955,885,seg_2a4s,HYP
-1.1661606,-3.5645537,-0.21799512,-1.3220973,3.5768478,-0.200825,-0.46352586,1.3073598,0.019642927,-3.933173,-1.6737034,-0.5775447,-1.3859415,0.33638537,-1.1106725,885,seg_4a6s,HYP
-0.84812415,-3.320345,-0.43078405,-1.3896022,3.2287896,-0.3194401,-0.3491834,1.1376494,-0.041646987,-3.5991364,-1.6824172,-0.5331309,-1.429091,0.29614508,-0.95767987,885,seg_6a8s,HYP
-0.09484195,-3.1962152,-1.0139402,-2.0545974,2.0774517,-0.63258815,-0.10298751,-0.09896779,0.06284025,-4.895503,-0.6766431,-0.49541327,-1.4476117,-0.4212603,-1.6603142,885,seg_8a10s,HYP
-0.10626286,-3.2624934,-2.88731,-1.709739,3.5726643,-0.3146306,-0.67703635,1.8764534,-1.9885607,-3.8984888,0.48249397,-2.3441787,-0.28702196,-0.014431745,-1.7856449,886,seg_0a2s,NORM
-0.92800575,-2.9693959,-2.7525983,-1.5663459,3.0618033,-0.40111008,-0.53980523,1.4559782,-1.0459328,-3.4370584,0.027019754,-2.1984713,-1.0817238,0.09535281,-1.7680186,886,seg_2a4s,NORM
-1.6484692,-3.284019,-2.5696545,-0.45557743,4.608874,-0.27973452,-0.8729883,2.6795263,-1.0821607,-3.1952956,-0.23184955,-2.6307566,-0.7862847,0.65274525,-1.4907504,886,seg_4a6s,NORM
-1.5104233,-3.0917811,-2.8664975,-0.5703549,4.4594526,0.07033123,-0.82357514,2.4820857,-1.3843687,-3.403415,-0.3796766,-2.4540434,-1.0099587,0.5744258,-1.5638527,886,seg_6a8s,NORM
-1.7821803,-3.6952055,-3.2684712,-2.1943007,4.839249,0.41713616,-1.3228534,2.0365272,-2.5824828,-5.338911,-0.27868724,-2.923245,-2.3097572,0.043390498,-2.44477,886,seg_8a10s,NORM
-0.6405602,-3.3588428,-4.073798,-1.89766,5.33078,0.043503076,-0.33496332,3.2550175,-3.9275587,-5.4432683,-0.138383,-2.7607174,-0.82559025,0.3632492,0.5114915,887,seg_0a2s,NORM
0.25712633,-2.7159615,-3.1344771,-0.7840745,4.2225323,-0.12629065,0.022037275,2.5256438,-2.898974,-4.249397,0.15194654,-1.7728393,-0.058622606,-0.14070617,0.4053002,887,seg_2a4s,NORM
-0.073336065,-2.8151612,-2.294375,0.014965132,3.6170156,-0.14176735,0.34594288,3.0457644,-2.011975,-3.3527436,0.19268936,-1.4216144,0.44024253,-0.28333944,0.6051223,887,seg_4a6s,NORM
0.3379218,-2.8619184,-2.5469122,-0.15003854,4.2426376,-0.27450702,0.3292044,2.8700943,-2.8456037,-4.66542,0.39191633,-2.1894424,-0.02208794,-0.27699125,0.124123454,887,seg_6a8s,NORM
0.36416882,-3.481221,-2.3586755,-0.46648914,3.447806,-0.58320534,1.050299,2.115728,-3.374935,-4.958378,0.8949122,-3.0705671,-0.08898835,-0.88848674,-0.00045339763,887,seg_8a10s,NORM
-1.5393256,-2.758242,-1.9870728,-0.38268197,2.956778,0.7972628,-0.32441476,1.0751631,1.0428917,-2.1086483,-0.60098636,-1.5139377,0.24039145,0.540529,1.062285,888,seg_0a2s,NORM
-1.4816284,-2.5581136,-2.2235193,-0.7221578,3.1527147,1.0910163,0.08293242,0.89295745,0.5797473,-2.6989193,-0.9841196,-1.3933237,0.0013482273,0.5973397,0.92659354,888,seg_2a4s,NORM
-0.23670411,-2.1965988,-3.131878,-2.046535,2.057727,0.59921736,0.48044428,-0.59169734,0.7038992,-4.3244247,-0.7733895,-1.5992708,-0.84281486,0.2711951,0.5321839,888,seg_4a6s,NORM
-1.7270058,-2.8985093,-1.5949544,-0.5482359,3.4134605,1.0149626,-0.26220256,1.183581,0.95637965,-2.2184794,-1.1708713,-1.447763,-0.02383063,0.6657374,1.1368337,888,seg_6a8s,NORM
0.10596947,-2.2051964,-2.3453312,-2.1016066,2.5847394,0.49503732,-0.36393574,-0.9447953,1.0371486,-4.3418565,-0.63424474,-1.3905702,-0.7491389,0.19309281,0.32111442,888,seg_8a10s,NORM
-0.46900123,-3.9466133,-2.5321822,-0.8537997,4.9580703,-0.3970019,0.3036453,0.568199,-0.71009827,-3.538301,0.44799048,-3.8993301,0.7561345,-0.15802027,0.2409048,889,seg_0a2s,NORM
0.26478618,-3.9484882,-3.045403,-1.3083594,5.3533,-0.7834264,0.32054234,0.0458259,-1.0664067,-4.2557063,0.4173011,-4.2920475,0.6516144,0.028700203,0.13558714,889,seg_2a4s,NORM
-0.92159843,-4.161568,-2.518045,-1.0711224,4.92556,-0.32532606,0.531884,1.0231057,-0.71171415,-3.2221532,0.10629182,-4.0817,0.57522064,-0.0015298277,0.4198572,889,seg_4a6s,NORM
-1.0099803,-4.467849,-2.701901,-1.0952742,5.174496,-0.39035258,0.3643537,0.9524784,-0.88792247,-3.2313612,0.14097711,-4.2119255,0.46208632,-0.0876085,0.36537987,889,seg_6a8s,NORM
-1.2318785,-4.345021,-2.6748786,-1.2006333,5.262563,-0.098599106,0.5301084,1.0940118,-0.8119615,-3.2527559,-0.055540387,-4.1422796,0.56021416,0.004468158,0.6655301,889,seg_8a10s,NORM
0.124895886,-2.2448218,-2.562614,-1.2746422,4.54183,-0.18635896,-0.17967525,3.0727432,-2.5187156,-5.351369,1.5312921,-3.4841676,-0.32249993,-0.63271487,-0.5053762,890,seg_0a2s,MI
-1.4690684,-2.931192,-2.050732,-0.3583088,4.598473,0.19545883,0.15897018,4.3396425,-1.4248309,-5.011151,1.0406146,-4.196747,-1.02885,-0.5921463,0.07306713,890,seg_2a4s,MI
0.83405626,-2.4617567,-2.9321036,-1.3585372,4.769609,-0.15405166,-0.06762934,3.5064685,-2.599724,-6.160529,1.3934207,-3.8462589,-0.8176998,-0.8572203,-0.36957845,890,seg_4a6s,MI
-1.0309685,-2.081421,-2.190422,0.247147,5.284789,-0.16849944,-0.45040366,4.152216,-2.0734446,-4.5521574,1.2370112,-3.610105,-0.3657108,0.010211363,-0.5694319,890,seg_6a8s,MI
0.028274879,-2.0347235,-3.4470787,-1.527869,4.7601695,-0.076066196,-0.38859713,2.7585642,-2.6154752,-5.574005,1.3216306,-3.829848,-1.2293787,-0.62873954,-0.53954947,890,seg_8a10s,MI
-1.6946441,-2.7011309,-2.2324624,0.5808979,3.5192108,1.1409732,-0.638899,1.1421161,-0.08939843,-4.0208735,0.37461966,-1.707316,0.2337897,0.29152933,-0.28677553,891,seg_0a2s,NORM
-1.8800739,-2.7235436,-2.7059774,-0.20654818,3.750763,0.9180684,-0.76332575,0.8681108,-0.11746672,-3.5663862,0.009940628,-1.871589,-0.13181265,0.47374064,0.16299567,891,seg_2a4s,NORM
-2.5322554,-3.188075,-2.458665,0.2296194,3.865663,1.1438248,-0.5506582,1.5725701,-0.095403776,-4.043992,0.073265664,-1.9097879,0.12600714,0.52899253,0.33880234,891,seg_4a6s,NORM
-1.50118,-2.2427094,-2.657565,0.4683716,3.3443246,0.9511572,-0.8627916,0.71301633,-0.08926761,-4.0541935,0.6706227,-1.5248436,0.12900871,0.23166104,-0.39480844,891,seg_6a8s,NORM
-0.7326723,-2.5028615,-3.401772,-0.1349988,3.590368,0.4734699,-0.70215535,0.5814161,-0.7012331,-5.3966074,0.9390426,-2.101606,0.23430662,0.44830763,-0.79017425,891,seg_8a10s,NORM
-2.3985248,-6.642607,-6.588865,-0.8582237,7.4228463,-2.19411,-2.7624097,4.213854,-3.820783,-4.424494,2.4434564,-6.680328,-2.398677,-1.0415727,-2.999719,892,seg_0a2s,NORM
-1.632812,-3.5029137,-3.118462,0.19457799,4.2660413,-0.64341664,0.78699094,2.4526043,-1.1201887,-3.0106218,0.28157893,-3.5031936,0.22272609,0.29272172,-1.0688244,892,seg_2a4s,NORM
-0.97134733,-3.428936,-3.578826,-0.71339756,4.644694,-0.87124467,1.1411393,1.9098454,-1.1009784,-3.453064,-0.07284114,-3.654434,0.26370955,0.4246,-1.1497254,892,seg_4a6s,NORM
-1.6860771,-3.6228213,-2.9693155,0.15164454,4.411697,-0.46570292,0.8016796,2.4770331,-1.0659683,-2.9101362,0.23011711,-3.4311948,0.38430595,0.18349281,-1.0154591,892,seg_6a8s,NORM
-1.2900819,-3.735285,-3.5131435,-1.3749602,3.4319158,-0.4890335,1.2328358,1.24861,-0.7342825,-3.182557,-0.07633941,-3.4335659,-0.16400382,-0.08459251,-0.98659885,892,seg_8a10s,NORM
-2.2433462,-5.32483,-3.9304872,-0.8827353,5.588057,0.70019597,-1.3638132,2.8929954,-2.6225708,-5.789759,0.4218354,-2.6807861,-1.081026,-0.51920086,-0.6363739,893,seg_0a2s,NORM
-1.7064475,-5.316113,-4.031239,-1.3378615,6.268878,0.30649737,-1.9356617,2.8218212,-2.7652774,-6.8853908,0.6809354,-3.1041186,-1.3812386,-0.32374203,-1.0402842,893,seg_2a4s,NORM
-1.3133401,-5.023637,-5.677619,-3.8826585,6.0685587,2.339135,-1.3020048,0.9169251,-3.5237966,-7.967716,-0.44236755,-3.050546,-1.6526368,-0.40092224,-0.5426034,893,seg_4a6s,NORM
-1.9040241,-5.017815,-3.2561588,-1.2027106,6.120157,1.1086936,-2.0761774,2.2553813,-2.2947395,-4.9515195,0.25448477,-2.1498818,-0.3699224,-0.33403522,-0.1948711,893,seg_6a8s,NORM
-0.6486626,-3.7991536,-5.555516,-3.1013737,6.0476933,1.150907,-1.0902064,0.33168387,-2.4361186,-5.6837635,-0.60059994,-2.5177894,-1.2254572,-0.28022605,0.009276956,893,seg_8a10s,NORM
7.3184805,-6.1604137,-3.5044937,-3.0262702,10.359853,-0.21523356,-1.664717,4.647762,-7.5590577,-5.577149,-1.0543951,-2.7126367,3.629522,0.4115191,2.6462991,894,seg_0a2s,STTC
4.03231,-3.998378,-3.3695507,-2.2703938,7.224662,-0.027107716,-0.9715308,1.8217385,-4.260506,-4.818105,-0.3758582,-2.8819666,2.0925004,0.49961883,2.5233135,894,seg_2a4s,STTC
1.6438869,-2.3687367,-3.041646,-1.3574584,3.7987003,0.3499686,0.3403585,1.9931717,-2.4889865,-2.558255,0.5622336,-2.955988,0.8955628,-0.6219179,1.7011441,894,seg_4a6s,STTC
1.5649027,-2.628546,-3.1894279,-1.1783435,3.9515226,0.28223607,0.1221591,2.2713087,-2.4384332,-2.4964426,0.86508995,-3.1464145,0.93791866,-0.83596057,1.7771043,894,seg_6a8s,STTC
1.9932722,-2.6933901,-3.5665107,-1.619457,4.529933,0.028976291,0.0899579,2.0519433,-3.069134,-3.131957,0.41612878,-3.2727334,0.6968488,-0.37437642,1.983812,894,seg_8a10s,STTC
-0.604775,-3.1555164,-2.479496,-1.3893845,3.6933334,0.24452426,-0.5710524,2.3919322,-0.60475,-2.935397,0.014097609,-2.0904384,-0.2718023,-0.29585332,1.7631446,896,seg_0a2s,NORM
0.6823857,-2.4327257,-2.8063235,-1.5554802,3.4069793,-0.67884135,-0.67897654,1.6066972,-0.6264969,-3.8798463,0.57038605,-2.1906164,-0.3441074,-0.12512498,1.0050563,896,seg_2a4s,NORM
-0.3306642,-2.4840174,-2.7679753,-1.235405,2.391379,0.13694486,0.31548682,2.3922052,-1.1443715,-3.251343,0.07154676,-1.8729169,-0.45946527,-0.22378175,1.1081374,896,seg_4a6s,NORM
-0.23324418,-2.7300968,-2.2415438,-1.0405626,3.112528,-0.29602942,-0.20623669,2.2108893,-0.065660104,-2.9724216,0.46090594,-2.0008583,0.030755818,-0.3695805,1.2048496,896,seg_6a8s,NORM
-0.4481809,-3.3924575,-2.45478,-1.7494986,3.8981698,-0.1335296,-0.1272905,2.6410737,-0.6749285,-3.8111184,-0.16872935,-2.4800916,-0.23269096,0.0893285,1.6513915,896,seg_8a10s,NORM
0.41839528,-2.5286512,-2.175428,-2.496579,3.3878148,-0.92492557,-0.061776858,1.3007746,-1.1456189,-3.9406466,1.2357558,-3.478787,-0.42389536,-0.8986782,1.1515433,897,seg_0a2s,NORM
-0.11215071,-2.5055516,-2.4793863,-2.331441,2.7764232,-0.89995754,0.31424817,1.6503245,-1.0315537,-3.948968,1.2773428,-3.6710417,-0.8697916,-0.93044746,0.81982064,897,seg_2a4s,NORM
0.21480562,-2.242793,-2.475987,-1.7739289,4.159059,-1.1387773,-0.25823125,2.4483438,-1.334106,-3.810849,0.99877596,-4.0106997,-0.79829085,-0.2260582,0.75503016,897,seg_4a6s,NORM
0.056958124,-2.2438889,-2.1238194,-2.0796497,2.8159895,-0.85916245,0.22558054,1.3078164,-0.44804996,-3.6534288,1.251214,-3.6558454,-0.8488912,-1.0203093,0.6712051,897,seg_6a8s,NORM
-1.5849183,-3.4306138,-1.333799,-1.4684527,4.626182,-0.3743622,-0.11782187,3.7100608,-0.8843395,-2.7947412,0.10839092,-3.9830146,-0.83282983,-0.21375908,1.5911872,897,seg_8a10s,NORM
-2.0563674,-4.418542,-3.2632298,-1.437952,5.1778383,-0.43696937,-1.5769532,2.360863,-0.6524212,-4.8138914,1.0183783,-2.7976437,0.32690197,0.35405457,0.5047156,898,seg_0a2s,STTC
-1.5869095,-3.7287138,-2.848784,-0.6661864,4.386653,0.13131918,-1.5652475,2.0127802,-0.24202022,-3.858955,1.1012203,-2.2595267,0.33764714,-0.11288859,0.033988908,898,seg_2a4s,STTC
-1.4608246,-3.891109,-2.7432332,-0.83105826,4.8018303,0.20127776,-1.782005,1.9715035,-0.41317195,-3.9564853,0.91009957,-2.2179918,0.32959163,-0.05261141,0.082820065,898,seg_4a6s,STTC
-1.777571,-3.795066,-2.7873611,-0.60726345,4.5600166,0.25552654,-1.4798201,2.157472,0.04891058,-3.8097136,1.0523343,-2.283641,0.418544,-0.1854115,-0.033211842,898,seg_6a8s,STTC
-1.8000381,-3.3426669,-2.8468418,0.1358572,3.5789397,-0.24082085,-1.1576161,2.0505621,-0.17932457,-3.519441,1.748138,-2.0791655,0.3977266,-0.4899938,-0.4534277,898,seg_8a10s,STTC
-0.3918689,-3.3929546,-5.302279,-2.029293,3.0583014,-0.74018633,-1.0220118,1.1362584,0.21441305,-3.551158,1.1097863,-3.6877365,0.8791899,1.350539,-0.24097797,899,seg_0a2s,NORM
-1.5210502,-4.085217,-3.8601909,-0.879057,3.5277312,-0.08161265,-0.62544775,1.0830683,0.50967777,-2.630013,0.12203915,-2.8818107,0.33348942,0.62147063,0.6549054,899,seg_2a4s,NORM
-0.25583977,-3.57751,-4.696302,-1.1645255,2.9105246,-0.77631044,-0.14692351,0.70672095,-0.07343489,-3.7426367,0.7005502,-3.1233163,0.4361539,0.6627701,0.07388444,899,seg_4a6s,NORM
-1.4312454,-3.6486707,-3.9323997,-0.59886295,3.0912519,0.34302935,-0.08450909,1.2900732,0.42036167,-2.6378155,-0.096097864,-2.9648523,0.06400235,0.5544518,0.4840493,899,seg_6a8s,NORM
-0.39621335,-3.0179768,-4.520595,-0.94178814,2.693113,-0.5132928,0.07945783,0.5284714,0.006198004,-3.2732208,0.6658683,-3.0325994,0.28805786,0.4932406,-0.13609466,899,seg_8a10s,NORM
-2.1316862,-3.574922,-3.1551166,-0.71204007,5.564288,0.18318483,0.27169672,3.2387629,-1.7174711,-6.167041,0.9894829,-4.830931,-0.87571436,-0.18944655,-0.13822761,900,seg_0a2s,NORM
-1.1678559,-3.1606596,-3.5588036,-1.0353019,5.086206,-0.4494466,0.54932487,3.3086483,-1.9097424,-6.9597936,1.5168823,-4.9947767,-0.84120965,-0.25704855,-0.41213605,900,seg_2a4s,NORM
-1.4179273,-2.8742778,-3.228654,-0.14917111,5.7243114,-0.2773606,0.65309304,4.0959926,-1.6881692,-5.8922668,0.95703197,-4.932368,-0.2869987,0.38122267,0.005546257,900,seg_4a6s,NORM
-1.2435368,-3.4286895,-3.7448068,-1.4955022,5.524784,0.0014963448,0.71400684,2.9349341,-2.3755918,-7.7413497,0.8544405,-4.9093113,-0.9718538,0.1285905,-0.5579891,900,seg_6a8s,NORM
-1.1429975,-3.8008244,-4.4386225,-4.3991284,4.9760327,-0.82617164,1.3944991,2.1491275,-2.651915,-7.659607,-0.13504484,-5.289183,-2.4840057,-0.15729718,-0.8765906,900,seg_8a10s,NORM
-0.2792747,-3.0287929,-1.6341025,-1.1139266,3.8853304,-0.18323356,0.4540036,0.22000137,-1.8389907,-3.467171,-0.4209128,-3.3426137,-0.79134786,0.005671531,-1.0032989,902,seg_0a2s,NORM
-0.22046727,-2.844938,-1.541796,-0.85218996,3.4392614,-0.08036837,0.33635467,0.06042677,-1.5798421,-2.902509,-0.38977432,-2.9421046,-0.72400516,-0.1219895,-0.7951492,902,seg_2a4s,NORM
-1.1933748,-3.8224628,-1.5868224,-1.032038,3.56917,0.2809755,0.38792703,1.1338887,-1.8025608,-3.0189683,-0.6613026,-3.539088,-0.5101829,0.39944124,-0.65630174,902,seg_4a6s,NORM
-0.13185856,-2.5539536,-1.7274443,-1.1915138,3.4652538,0.12508102,0.29967788,0.22165287,-1.722676,-3.0850916,-0.26277557,-3.5566137,-0.3156666,0.50886244,-1.0057449,902,seg_6a8s,NORM
-1.4488668,-3.9408026,-1.3829144,-1.0613735,3.565906,0.37370408,0.399821,1.3135728,-1.5142884,-2.8422756,-0.760311,-3.5144873,-0.4862889,0.39272135,-0.5902859,902,seg_8a10s,NORM
-0.3770892,-3.4287167,-1.9468175,-1.1567645,5.2030416,0.07060826,0.21700284,0.7204112,-0.85562104,-4.643145,-0.18679759,-3.9679813,0.10644081,0.39135712,0.30262226,904,seg_0a2s,NORM
-0.5188963,-2.8550699,-1.8425745,-0.59179604,4.305721,0.2620379,0.37202156,0.80114126,-0.7903624,-4.1753936,0.30452114,-3.5772042,0.33021182,0.12255311,0.15780282,904,seg_2a4s,NORM
0.12279244,-3.5312295,-2.0481465,-1.392978,4.020407,-0.0932731,0.24746114,-0.19880244,-0.8304864,-5.356698,0.81127286,-4.069612,0.12514083,-0.35275298,0.08386047,904,seg_4a6s,NORM
0.06387378,-3.492898,-1.6702901,-1.2272999,4.166958,0.020812929,0.20872119,-0.26544765,-0.75946,-5.275988,0.8087646,-4.198255,0.19007511,-0.35748315,0.0798904,904,seg_6a8s,NORM
0.07500796,-3.476001,-2.0661669,-1.600173,4.455937,0.12415367,0.009724684,-0.38865933,-0.6544806,-5.346291,0.6822995,-4.1068635,0.11191842,-0.3391533,0.14992738,904,seg_8a10s,NORM
-0.75682306,-2.2627451,-3.668899,-0.94904035,4.2632346,0.0851545,0.16439989,1.1792873,-0.93501943,-2.8845327,-1.3405414,-3.2848096,-0.99344796,1.4407964,-0.34872684,905,seg_0a2s,NORM
-1.3291698,-2.479112,-3.094368,-0.6713765,4.0930595,-0.26063594,-0.15099251,1.9413893,-1.0916216,-2.837362,-0.97443545,-3.5048842,-1.4920007,1.239407,-1.025634,905,seg_2a4s,NORM
-0.23870721,-2.403501,-4.5787992,-3.7983832,5.473576,-0.26070312,1.3127692,0.73130083,-1.5507514,-5.9395294,-3.8873763,-3.985836,-3.1947224,2.5520244,-1.1793728,905,seg_4a6s,NORM
-0.8470584,-2.520698,-2.9558034,-0.99243253,3.0102808,-0.1673606,0.5114881,0.47535473,-0.8830865,-3.5966527,-0.64104444,-3.1767979,-1.3007872,0.66361284,-0.9607092,905,seg_6a8s,NORM
-1.0167611,-2.7229488,-3.1182013,-2.9290247,3.9416149,0.02025202,1.218748,0.43106675,-1.1294501,-4.9254208,-3.0748024,-3.4006438,-2.9534626,1.6033355,-0.9453794,905,seg_8a10s,NORM
-0.14108478,-2.1762664,-2.8852758,-0.6332466,3.4661894,0.086725816,-0.005883515,2.8066897,-1.1485317,-3.358076,-0.4827399,-2.0076535,-0.21699205,0.840065,1.0217601,906,seg_0a2s,NORM
-0.07154657,-2.0445893,-2.8533778,-0.64863586,3.413252,0.11068773,-0.010519601,2.7057877,-1.0957875,-3.0450487,-0.5266643,-2.0045097,-0.1942035,0.83402604,1.0468438,906,seg_2a4s,NORM
-0.089680105,-2.145808,-2.838982,-0.6263969,3.498948,0.24187908,-0.12719876,2.8082652,-1.2129767,-3.0490034,-0.4798724,-2.06477,-0.21782248,0.75282204,0.9131247,906,seg_4a6s,NORM
-0.1859467,-2.0554018,-3.016656,-0.77952313,3.5019352,0.23547408,-0.0774394,2.723347,-1.2072747,-3.1260004,-0.5521999,-2.2070844,-0.23150817,0.9811914,0.9731579,906,seg_6a8s,NORM
-0.0072017014,-2.5620642,-3.2583966,-1.3754475,3.973774,0.034196123,0.22215828,3.0317972,-1.470568,-4.4361157,-0.91768885,-2.216926,-0.26858282,1.2682137,1.2249235,906,seg_8a10s,NORM
-1.4732405,-2.7994962,-3.0864625,-0.054138422,5.4000607,0.2658325,-0.158775,4.3622336,-1.8893244,-5.4838557,0.6925152,-2.972168,-0.84148365,-0.25575483,-0.30260476,907,seg_0a2s,STTC
-2.2774398,-3.1310067,-2.7237854,0.18236499,3.3552697,0.50621593,-0.09714584,3.2058566,-1.5777929,-4.5348206,0.8649546,-2.4199014,-0.9706893,-0.51692396,-0.28267315,907,seg_2a4s,STTC
-0.66787356,-2.2347481,-2.8868308,-0.48013067,3.817405,0.21397616,-0.66570073,2.173453,-1.8885257,-5.2717333,1.1621925,-2.3357499,-1.1659954,-0.65583175,-0.44304082,907,seg_4a6s,STTC
-1.9790007,-2.8807533,-2.1962428,0.13578202,3.72521,0.6705553,-0.31373593,3.1683636,-1.4515173,-4.461489,0.7857056,-2.429845,-1.0021358,-0.5976981,0.19306877,907,seg_6a8s,STTC
-0.60266304,-2.6686156,-3.280285,-0.4872465,3.8949354,0.13739955,-0.5158323,2.6518543,-1.7635617,-6.0019283,1.3450928,-2.6500146,-1.0348277,-0.62618315,-0.44007716,907,seg_8a10s,STTC
-0.62193406,-2.988255,-3.465042,-1.5215178,3.6039946,0.15648758,-0.6731769,2.5155785,-0.69207084,-2.198515,0.33173645,-4.997711,-0.511724,0.7610208,1.0781152,908,seg_0a2s,STTC
0.21041815,-2.748781,-3.7574801,-2.07683,3.5118492,-0.6299279,-0.88338554,1.895453,-1.3595173,-2.8984394,0.83439934,-4.669579,-0.1110366,0.95827293,0.90598273,908,seg_2a4s,STTC
0.478976,-2.1122534,-3.7038774,-1.1238208,4.1106677,-0.53099597,-0.51124644,2.682856,-1.8806283,-2.5213706,0.550713,-4.5155416,0.1486416,1.2047324,0.3144577,908,seg_4a6s,STTC
-1.2626357,-3.3338625,-3.130919,-1.5894446,3.2334244,0.080859914,-0.34772834,2.8462696,-0.99296397,-2.029733,0.3226031,-4.5579534,-0.15171373,0.83874005,1.0179669,908,seg_6a8s,STTC
0.87177634,-3.0618174,-3.9447236,-2.492734,2.4732676,-0.5231391,-0.6340272,1.1346036,-0.97920126,-3.5296903,1.2942872,-4.2761564,-0.42939776,-0.24600564,0.95687556,908,seg_8a10s,STTC
-1.4056855,-2.5083323,-2.8049455,-0.7656779,2.5082982,0.1769461,1.136331,1.565969,-0.16392598,-4.053938,0.18786332,-1.4059753,0.31179565,-0.04392846,-0.681754,909,seg_0a2s,STTC
-1.5611792,-2.421568,-2.7675161,-0.83608955,2.8010366,0.2742619,1.0336252,1.5967374,-0.17568025,-3.9244602,0.17982095,-1.3929513,0.26949722,-0.13089384,-0.696671,909,seg_2a4s,STTC
-0.87862563,-2.4160357,-3.1711707,-0.84409064,4.052466,-0.04092607,0.8485765,2.1396277,-0.7650455,-4.3712177,-0.1695424,-1.5467567,0.5988133,0.5174587,-0.9365016,909,seg_4a6s,STTC
-1.7861844,-2.8652449,-3.3091536,-1.3481293,3.4172983,0.13097253,1.568033,1.908812,0.009656832,-4.4750032,0.32419592,-1.6736265,0.8793273,-0.20942749,-0.74343526,909,seg_6a8s,STTC
-1.6093999,-2.6709466,-3.0775266,-0.9592561,4.4249387,0.26213127,1.0238695,2.8569095,-0.35800782,-3.7080374,-0.5455654,-1.7453464,0.7191815,0.58271676,-0.6151494,909,seg_8a10s,STTC
-0.5044548,-1.4550908,-3.2566404,-1.705579,3.670098,-0.017905802,-0.016043484,2.2482803,-1.2701132,-2.8672814,1.054883,-3.3082178,-0.31205323,-0.38192934,0.37372038,910,seg_0a2s,STTC
-2.134591,-2.190228,-2.6161466,-0.92845255,3.6420498,0.3881888,-0.016495213,2.8907404,-0.91785985,-1.955039,0.7160712,-3.2376451,-0.4750263,-0.4230371,0.43510208,910,seg_2a4s,STTC
-0.4956702,-1.8469806,-3.5001988,-1.8599026,3.7766452,-0.3887501,-0.26294985,2.1952877,-1.302535,-2.818295,1.0804608,-3.37536,-0.5630025,-0.45601773,0.08196427,910,seg_4a6s,STTC
-0.90813196,-2.2263892,-3.2556314,-1.4534726,3.7663248,-0.33696142,-0.14052734,2.6290147,-1.1993358,-3.2430742,1.325776,-3.5637805,-0.29197422,-0.39228386,0.07381921,910,seg_6a8s,STTC
-1.4234353,-1.659113,-2.8400087,-1.6089771,3.7226036,0.56719077,0.25913602,2.289841,-0.8390616,-1.7427926,0.18872812,-2.7859938,-0.47436368,-0.52155036,0.8126774,910,seg_8a10s,STTC
-1.0898257,-2.9023805,-3.0281034,-0.55470556,2.5009072,0.18152896,-0.008341081,0.56010413,0.34275803,-5.096003,1.7794557,-2.020562,0.4272973,-0.9475192,-0.23277694,911,seg_0a2s,NORM
-1.9032229,-2.9512434,-2.915442,-0.10011491,3.907102,0.7400694,-0.18048355,1.7159456,0.22888339,-3.993703,0.56514424,-2.0679116,0.40328866,-0.06944838,0.534667,911,seg_2a4s,NORM
-1.0172445,-2.8084934,-3.105443,-0.690519,2.5158641,0.39108837,-0.13421838,0.3178876,0.3740544,-4.862908,1.3814374,-2.007819,0.13519357,-0.7753335,0.06935254,911,seg_4a6s,NORM
-0.978805,-2.5299356,-3.1446528,-0.119175315,3.7130942,0.2478253,-0.22498682,1.4274238,-0.013271898,-4.808395,1.2589396,-2.216857,0.47285235,-0.24988858,-0.203697,911,seg_6a8s,NORM
-1.8776915,-3.0192301,-2.9495225,-0.3638105,4.0089593,0.79523253,0.07112857,1.808166,0.17484346,-4.3026967,0.3601024,-2.2063906,0.3866576,0.059475966,0.42268965,911,seg_8a10s,NORM
-0.28155714,-2.3695505,-2.7154822,-2.3718514,2.7561586,0.6838897,-0.44104272,0.88912356,-0.66718584,-4.004273,0.65168506,-1.3809546,-0.13691364,-0.81210726,0.6370797,912,seg_0a2s,MI
0.32243615,-1.7222834,-3.0234165,-1.329175,3.6891341,0.50693744,-1.1186184,0.9747108,-0.7328247,-3.6611772,0.60436845,-1.615446,-0.045835283,-0.15223329,0.17133975,912,seg_2a4s,MI
-0.6022438,-2.0039103,-2.0257654,-0.9276313,3.598453,0.7307544,-0.697293,1.9117756,-0.3704611,-2.4846268,0.24593493,-1.3713576,0.12569349,-0.38518155,0.93286395,912,seg_4a6s,MI
-0.95411444,-2.0504909,-2.2266989,-0.80103755,3.5314696,0.74687386,-0.5483077,1.7864265,-0.23734933,-2.905209,0.31213224,-1.5920784,0.231275,-0.096450225,0.82032895,912,seg_6a8s,MI
0.47364473,-1.6982373,-2.954794,-2.2500925,2.536748,0.704954,-0.3901088,0.15803829,-0.5736659,-3.2501066,0.5295591,-1.1339664,-0.16641036,-0.9998095,0.6088437,912,seg_8a10s,MI
-0.39162388,-2.7256236,-2.772675,-1.4399111,2.0328355,-0.24495384,0.6453927,-0.21160388,0.31496128,-4.0582786,0.41547656,-2.5343466,-0.4720155,-0.36434168,-0.28737757,913,seg_0a2s,NORM
-0.27627027,-3.0685234,-2.5658264,-1.5686944,2.7838278,-0.38587108,0.31117842,-0.59063697,0.45567748,-4.401164,0.32320642,-2.5174944,-0.34672552,-0.36348855,-0.34795472,913,seg_2a4s,NORM
-0.043314695,-2.5814128,-2.3656454,-0.8757046,3.8801527,-0.3585542,-0.08755952,0.5096754,0.19530472,-4.3137197,0.109258674,-2.7889423,-0.18484296,0.3437025,-0.5525123,913,seg_4a6s,NORM
-1.2077008,-3.2222111,-1.8003836,-0.6945622,4.084927,0.15378276,0.17359,0.8658887,0.3933534,-3.4529405,-0.51212204,-2.75453,-0.02523163,0.4700486,0.000462085,913,seg_6a8s,NORM
-1.0295599,-2.82432,-2.099958,-0.68537474,3.7341628,0.0075449944,0.06687673,0.9087503,0.28090602,-3.6367981,-0.24453488,-2.605473,-0.20159033,0.46517777,-0.14470994,913,seg_8a10s,NORM
-0.9742479,-2.984761,-2.5536923,-1.0792472,4.502135,0.23757234,1.0740733,0.9076966,-1.4631271,-4.6501455,0.46973732,-3.144547,0.88874733,-0.016692728,-0.637498,915,seg_0a2s,MI
-1.8278246,-4.141113,-2.5702415,-1.19872,4.941759,0.30634218,1.1080956,1.7901495,-1.5474374,-4.742499,-0.0060445443,-2.8802314,1.126663,0.18128799,0.48716757,915,seg_2a4s,MI
-1.6826862,-4.744033,-2.7449393,-0.96596676,5.5790114,-0.38872632,-0.93205345,1.9650545,-2.0149512,-3.699822,1.2980633,-4.137897,0.7142401,-0.115459785,-0.4226484,915,seg_4a6s,MI
-0.6423309,-3.5969398,-2.2994585,-0.5688428,6.3793817,-0.28220144,0.6250333,1.8854036,-2.7750947,-4.909769,-0.06050628,-2.5532298,1.6952673,0.69685936,0.17488466,915,seg_6a8s,MI
0.10006793,-3.2668564,-2.3372374,-1.4421601,5.3125415,0.37547466,0.5103532,1.0390391,-2.6071696,-4.5815864,0.48087814,-2.7218802,1.5935934,-0.16168873,-0.38672653,915,seg_8a10s,MI
-0.107025295,-2.121755,-2.1011462,-0.6409831,4.392517,-0.5217116,0.4159772,1.2432816,-1.112664,-5.203941,0.9440715,-4.131155,-0.18886817,0.12365621,-0.5002862,916,seg_0a2s,NORM
-1.4617958,-2.6063359,-1.5231901,-0.14221634,4.282456,-0.020721555,0.5517078,2.0784616,-0.6220593,-3.9509573,0.64876646,-4.1095223,-0.1925782,-0.038814336,0.06688693,916,seg_2a4s,NORM
-1.4554029,-2.525632,-1.485127,0.033512563,4.2114882,-0.037357926,0.44400832,2.0235116,-0.7541315,-3.9852688,0.72206444,-3.9994369,-0.29983294,-0.07625462,0.0073729157,916,seg_4a6s,NORM
-0.71624273,-2.2340255,-2.022778,-0.9233739,2.763709,-0.2383295,0.97821057,0.6695126,-0.3875693,-4.6362066,1.3718308,-3.8555171,-0.27331862,-0.73875916,-0.16890463,916,seg_6a8s,NORM
-0.6208252,-2.2834775,-2.1383119,-0.77258855,2.734079,-0.38003233,0.57887894,0.63023376,-0.629486,-4.6789722,1.5964199,-3.696708,-0.49022228,-0.8946514,-0.24522355,916,seg_8a10s,NORM
-0.41001797,-1.356601,-4.042538,-1.5938318,3.6245773,-0.27875522,0.30609477,1.8148196,-1.7017119,-4.02919,0.93688667,-4.476188,-0.90078825,0.35639676,-0.022564083,917,seg_0a2s,NORM
-0.7970908,-0.7662908,-3.6154346,-0.5050495,4.61844,0.4602378,-0.14273429,2.2412603,-1.6105525,-2.7457807,0.1332433,-4.0883713,-1.0396506,0.6798764,0.2679278,917,seg_2a4s,NORM
0.30508238,-1.5831807,-3.564343,-1.296036,3.7135568,-0.00741297,-0.17612591,1.7719879,-2.159794,-4.133647,0.8220938,-4.1527243,-0.6703674,0.44009733,-0.08637926,917,seg_4a6s,NORM
0.15748195,-1.4496409,-3.4284601,-1.2556398,3.248275,0.23182538,-0.09256151,2.0917842,-1.9039955,-4.1642923,1.1562755,-4.2205153,-0.14770155,0.56508654,-0.40036258,917,seg_6a8s,NORM
0.5547418,-1.5175649,-3.4154248,-1.9405162,2.4625869,0.34088215,0.5061653,1.3295475,-2.0878751,-4.262935,1.4562235,-3.5183692,0.45890754,-0.15842344,-0.023801655,917,seg_8a10s,NORM
-0.28326467,-2.204232,-2.2088933,-1.6664543,3.724866,0.82161236,-0.5599136,1.1449858,-1.5603578,-2.569859,-0.9957834,-2.5410733,-0.7713086,0.7703863,-0.08228803,918,seg_0a2s,NORM
0.24818073,-2.1358294,-2.212565,-0.8344625,3.4230258,-0.0075648427,0.12473256,1.057077,-1.6683145,-4.655953,0.3221162,-2.9685314,-0.5573087,0.23764935,-0.73234975,918,seg_2a4s,NORM
-0.7560082,-3.087687,-1.8883615,-0.29891124,4.1350255,0.43756813,0.09691966,1.7651067,-1.8260369,-4.1429977,-0.14264043,-3.5133688,-0.60513043,0.3597512,-0.15003866,918,seg_4a6s,NORM
0.20908792,-2.1629493,-2.148064,-0.61220396,3.3539646,-0.100678265,0.057336174,0.9234928,-1.8824914,-4.45323,0.49879453,-2.8887937,-0.4358124,0.14721528,-0.64395976,918,seg_6a8s,NORM
-0.83455986,-3.8354516,-1.1898267,0.12580474,4.4146795,-0.17995822,0.2672403,1.953191,-2.7392461,-5.000233,0.16939655,-3.9513068,-0.22255516,0.5846027,-0.016580299,918,seg_8a10s,NORM
-1.3523391,-4.319706,-1.2020202,-1.6062853,2.2316177,-1.6715833,0.473008,1.6716465,-1.1108794,-2.825815,0.8174874,-4.070967,-1.826061,-1.2827997,-1.2446321,920,seg_0a2s,NORM
0.8788941,-4.7272887,-0.38689113,-2.470416,5.124645,-2.4188032,-2.3878932,-0.42428467,-0.05282484,-3.2841208,0.92396086,-4.3048925,-1.3341326,-0.9324994,-0.7919642,920,seg_2a4s,NORM
-0.5780432,-4.262505,-0.41541716,-1.218777,2.9667225,-2.0184784,-1.1077744,0.7387785,-0.22215357,-2.0688756,1.3696865,-3.6865313,-1.4867109,-1.5351198,-1.1086205,920,seg_4a6s,NORM
0.6677529,-4.794722,-1.2611004,-3.0319812,5.1809144,-2.0758402,-2.353574,-0.22924408,-0.9631681,-3.342764,0.5152041,-4.338127,-1.8290263,-0.72345793,-0.5971898,920,seg_6a8s,NORM
-3.7269566,-5.4611874,-3.0154862,-1.8380389,-0.8094027,-2.2841017,4.2743573,3.345442,-2.7069564,-3.2023237,0.65743345,-4.752312,-2.7372057,-2.183422,-1.61553,920,seg_8a10s,NORM
0.45257288,-2.977167,-1.8015462,-1.7275589,3.439803,-0.3767369,0.54585826,0.30129397,-0.87094885,-5.0383134,0.84761924,-3.6486187,-0.009027876,-0.57708955,0.38769215,921,seg_0a2s,NORM
0.35904914,-2.8737173,-1.7991961,-1.652641,3.3237834,-0.27347335,0.71415997,0.33309323,-0.9507124,-5.102325,0.781523,-3.5214603,-0.036894515,-0.5737965,0.3556474,921,seg_2a4s,NORM
0.16683392,-2.977798,-1.9984617,-1.9414272,3.5171988,-0.06261805,0.65046734,0.35888165,-1.1330903,-4.971872,0.5570598,-3.6945312,-0.28147888,-0.53005755,0.47029218,921,seg_4a6s,NORM
0.42099506,-2.6949048,-1.8357228,-1.312058,4.709273,-0.5039979,0.09021021,1.3035803,-1.2242224,-4.603541,0.44723502,-3.7163696,0.0025672317,0.02927889,0.6101995,921,seg_6a8s,NORM
-0.29990456,-2.762136,-2.2970066,-1.6927311,2.710127,0.046912655,1.3820632,0.67890024,-1.4105384,-4.4895415,0.63364935,-3.6138656,-0.3044532,-0.6828829,0.25400558,921,seg_8a10s,NORM
-1.3312418,-4.9796762,-4.532477,-1.6323113,6.422669,-0.54646885,1.3649442,3.8020387,-2.3514884,-8.404987,1.5717424,-6.1721897,-0.2991482,-0.536394,-1.7893037,922,seg_0a2s,NORM
-2.0741234,-4.793104,-3.613708,-1.1191573,6.2069163,-0.2790484,1.0385705,3.7648087,-2.202815,-7.189843,1.8227015,-5.9280796,0.059720352,-0.6137531,-2.000262,922,seg_2a4s,NORM
-1.7850858,-5.479048,-4.0536423,-0.9486074,7.807587,-0.62313783,1.3213978,5.60758,-1.726223,-8.194223,0.93249,-6.9479012,-0.3876807,0.0106936395,-1.5562514,922,seg_4a6s,NORM
-2.139229,-4.364301,-3.1977468,0.33468145,6.8799605,-0.3351505,0.8061582,4.601415,-2.0612636,-6.445245,1.5272048,-5.7767496,0.10079251,-0.25953406,-1.7761724,922,seg_6a8s,NORM
-1.9137589,-5.308936,-4.322464,-1.9994695,6.7978163,-0.8156866,1.8279045,3.99677,-1.7296636,-8.044079,1.5747492,-6.321741,0.1602833,-0.65643936,-2.32085,922,seg_8a10s,NORM
-0.9009021,-4.7247095,-3.7276974,-0.59571844,5.2963433,-1.6482503,-0.16832283,3.1719599,-1.779892,-5.5353336,0.5717497,-3.147916,0.78681225,0.95194244,3.255077,923,seg_0a2s,MI
-0.6213806,-4.046619,-3.1667886,-0.5688704,3.5987349,-0.26617536,0.21182463,2.0894508,-0.91078466,-4.102379,0.5650733,-2.533764,0.6447396,-0.17752261,2.4834483,923,seg_2a4s,MI
0.2986052,-4.0999126,-3.6384993,-1.2031806,3.9181926,-0.43458202,-0.5068093,1.9932656,-0.695047,-4.516508,0.57201105,-2.4408102,0.53292555,-0.11742951,2.68046,923,seg_4a6s,MI
0.5077576,-3.5018685,-3.2498999,-0.7967499,2.239756,0.070539236,-0.1765874,0.39111966,-0.057800755,-4.1719003,1.360411,-2.0256748,0.5827778,-1.1849746,1.84232,923,seg_6a8s,MI
-0.6379723,-4.551284,-3.424522,-0.9594191,4.335682,0.33083194,0.121881954,2.896541,-0.20584002,-4.2983985,0.021155447,-2.5285628,0.7256285,-0.19657867,2.9261584,923,seg_8a10s,MI
-1.128397,-3.0344682,-2.3718843,-0.54206216,5.113344,0.97076,-0.6226984,1.5712383,-1.3954072,-4.566177,0.585879,-3.2933612,0.5918786,0.3464536,-0.486778,925,seg_0a2s,NORM
-0.8094163,-3.990207,-2.1620264,-0.9888472,6.722283,1.0774654,-1.1437718,1.7098186,-1.6882563,-5.151578,-0.23656762,-2.8102431,0.7926559,0.5583058,0.24802706,925,seg_2a4s,NORM
1.2731924,-3.7604842,-2.3692803,-1.6070414,7.4413104,1.3103862,-1.3430291,1.8742847,-3.2783117,-5.3288817,-0.08141942,-2.4687068,1.8046256,0.36206892,-0.12439513,925,seg_4a6s,NORM
0.7391038,-3.1425645,-2.9206452,-1.7005868,4.7388387,0.8403653,-0.6058245,0.53602284,-2.098908,-5.5474725,1.1499062,-2.2508447,1.1794745,-0.63440233,-0.60572374,925,seg_6a8s,NORM
2.9023542,-4.4543247,-3.056262,-2.2525804,7.1355634,0.35306722,-0.68784857,0.026235253,-4.2148404,-7.5448313,0.4745575,-2.4867873,1.7236191,-0.4226238,-0.5009234,925,seg_8a10s,NORM
3.2679749,-5.2575994,-2.3505058,-2.18487,8.265428,0.2917373,-0.82897794,2.2471092,-5.5353312,-7.6279182,0.07968173,-2.4872313,2.3341136,-0.001479581,0.34980172,926,seg_0a2s,NORM
-0.38366437,-3.407478,-2.4170375,-1.0501058,3.4724324,0.8101227,0.48720148,0.843019,-1.8903594,-5.381006,1.1784389,-2.5378401,0.72716963,-0.92387104,-0.31324804,926,seg_2a4s,NORM
3.1364973,-4.6219473,-2.8152637,-1.9771531,8.0048685,0.44575298,-0.70749646,1.3670356,-5.155483,-7.5708423,-0.23879337,-2.4781482,1.9690977,0.3844304,-0.12050471,926,seg_4a6s,NORM
5.202565,-6.638442,-2.0051441,-2.4711165,10.363547,0.94261396,-1.5084653,3.0168467,-6.725998,-7.8323984,-1.1526698,-1.5401053,3.5008411,0.20417795,0.88061213,926,seg_6a8s,NORM
5.3956804,-5.913513,-2.679236,-2.6784806,9.749895,0.3347896,-1.356797,2.0489614,-6.7721906,-8.605515,-0.5868027,-1.9771264,3.1380794,0.41616285,0.37226322,926,seg_8a10s,NORM
-1.1890411,-2.7354302,-3.883223,-0.6302972,4.4917865,0.38921824,-1.275414,2.7843778,-2.2063198,-5.4665494,2.2579918,-3.194532,-0.2142742,-0.59015536,-1.0194533,927,seg_0a2s,NORM
-2.2528322,-3.048956,-2.989933,0.43699294,4.423414,0.5804496,-1.3822325,2.9749753,-1.7316167,-4.460322,2.0814943,-2.9353974,-0.46486545,-0.8383919,-0.73898554,927,seg_2a4s,NORM
-1.3372256,-2.7669683,-4.0122437,-1.0477726,4.8686304,-0.19225332,-1.2395253,2.4515593,-2.4479706,-5.483318,2.1364253,-3.1118805,-0.5509895,-0.68647736,-0.70540416,927,seg_4a6s,NORM
-2.1201794,-3.0203898,-2.978754,0.2776723,4.4216056,0.5251117,-1.5665901,2.9129033,-1.8367105,-4.650894,2.070627,-2.9801571,-0.53782725,-0.69544697,-0.53512454,927,seg_6a8s,NORM
-1.1560826,-2.6760242,-4.0740833,-1.1106429,4.8499093,0.14744213,-1.0471876,2.38746,-1.9813242,-5.8134775,2.0468779,-3.04515,-0.26567203,-0.6009554,-1.5359404,927,seg_8a10s,NORM
-0.055894732,-3.7469943,-4.9765596,-4.9774756,2.4500933,0.0923745,-1.3444228,3.8757153,-0.930685,-4.4111595,0.5773953,-5.9841714,1.60831,3.9299626,-2.4108293,928,seg_0a2s,NORM
-0.19970292,-2.841793,-3.542491,-3.0905879,2.8500972,-0.32953122,0.05541805,2.5350933,-0.31110087,-3.6013827,0.3220325,-4.148453,0.67056614,1.6336104,-1.2491748,928,seg_2a4s,NORM
-0.0074733943,-3.5997596,-3.5878563,-3.372246,2.423287,-0.53069437,-0.13399324,2.929542,-0.10105032,-4.035087,0.14304352,-3.9630642,0.76481396,1.9982113,-1.4582769,928,seg_4a6s,NORM
-1.6777617,-3.458003,-2.073966,-1.5570474,3.0700006,-0.20945406,0.5235325,3.055231,0.4197554,-2.894289,-0.036161758,-3.3332627,0.1200773,0.5863441,-0.5352284,928,seg_6a8s,NORM
-0.24493092,-3.068907,-2.839624,-2.1627827,3.2464485,-0.91512084,0.33038622,2.4089737,0.1694785,-3.6793811,0.34304157,-3.4252121,-0.032499716,0.46259266,-0.7399932,928,seg_8a10s,NORM
-0.05811782,-4.4165382,-2.8337455,-2.3096004,4.017152,-0.2182841,-0.14003316,2.350365,-0.23207182,-4.805103,-0.6044313,-3.4568021,-0.10912652,0.97303,0.7846589,929,seg_0a2s,NORM
-1.0169748,-4.3948464,-3.6845798,-1.7752764,3.2243898,-0.92864263,1.0238391,2.0771775,-1.6923218,-3.241192,-0.75860643,-3.2893686,-1.4399343,-0.31763572,0.50301313,929,seg_2a4s,NORM
0.5802528,-4.1559186,-3.2237506,-1.9317884,2.5180867,-0.4724492,1.2088827,0.7777388,0.09405092,-5.3949833,-0.07131599,-2.6375084,-0.6790765,-0.877818,1.0353955,929,seg_4a6s,NORM
0.38857096,-3.6708753,-2.8674726,-2.0653245,1.9460547,-0.15483329,0.20721033,0.4354533,-0.16583356,-4.355721,0.3393181,-2.1683645,0.28866863,-0.09245536,0.57077754,929,seg_6a8s,NORM
-0.51143265,-3.8705072,-3.2667232,-2.324732,3.9709888,0.22400787,-0.32625157,2.1404648,-0.3353974,-3.872058,-0.52500474,-3.4538515,0.3093503,1.2528118,0.81245995,929,seg_8a10s,NORM
-3.3000598,-5.5414615,-3.3732858,-0.95135885,6.8386865,0.66004467,-3.0252953,4.5734735,-3.8272908,-5.503874,1.4889673,-3.0625942,-1.9740583,-1.4254768,-2.7565777,930,seg_0a2s,HYP
-1.7800546,-4.775519,-4.1478252,-1.6619377,6.749074,0.55101454,-2.7490075,3.9393048,-4.782442,-7.220686,1.9867271,-2.7386572,-1.4893724,-1.3243479,-3.25983,930,seg_2a4s,HYP
-1.728491,-4.864573,-3.9721856,-1.6569543,6.666542,0.45760053,-2.8317597,4.1945496,-4.991349,-6.9993706,2.1736343,-2.744166,-1.4710207,-1.5349174,-3.4589906,930,seg_4a6s,HYP
-2.6946821,-4.8499656,-3.468483,-0.59604913,7.7838273,0.34643236,-3.137764,5.015335,-4.3281393,-6.2143135,1.4230459,-2.9863973,-1.5825793,-0.599889,-3.1867402,930,seg_6a8s,HYP
-2.5743825,-5.1494093,-3.4940581,-1.7034142,6.9064875,1.0281783,-2.5852602,4.3471866,-4.2918973,-5.779568,0.8556976,-2.7646403,-1.8556665,-1.2014474,-2.4437857,930,seg_8a10s,HYP
-0.17866094,-3.281273,-2.773137,-1.403647,4.6852083,-0.06588787,0.056820087,1.6589086,-0.49000126,-4.426027,0.3520145,-3.1255162,0.4073739,-0.08624853,0.7051325,931,seg_0a2s,NORM
0.18492071,-3.1679435,-2.5607038,-1.8105519,3.0407474,-0.11248866,0.3288415,0.4768656,-0.31420764,-4.62795,0.6165115,-3.2225802,-0.23693646,-0.565431,0.75138724,931,seg_2a4s,NORM
0.80081856,-2.9796832,-2.632996,-1.203614,4.424717,-0.5164577,-0.3062485,0.9810718,-0.7676145,-4.888976,0.39816487,-3.494259,-0.19865444,0.12664245,0.7312602,931,seg_4a6s,NORM
-0.4504878,-2.8188994,-2.5863008,-1.0935588,1.6842374,0.22159383,0.9786922,0.9134345,-0.474626,-3.67618,0.75559336,-2.862314,-0.30145866,-0.7906499,0.71977675,931,seg_6a8s,NORM
0.6755868,-3.0963948,-2.1118982,-1.3413973,3.1133165,-0.1830186,-0.21738467,-0.021882057,-0.19584697,-4.638869,0.7382499,-3.1794448,-0.2103053,-0.529405,0.86244226,931,seg_8a10s,NORM
-1.772446,-3.342322,-3.9748635,-1.2798047,3.5076864,-0.39262202,-0.09454474,3.1843488,0.013883859,-4.727841,0.498134,-2.856733,-0.50176936,0.43341917,1.8931084,933,seg_0a2s,NORM
-0.09725383,-2.6398032,-4.012099,-1.3481376,3.5440736,-0.41997328,-0.84724385,2.6307404,0.07117323,-4.5937786,1.0250611,-2.7001996,-0.39132917,-0.001829952,1.307177,933,seg_2a4s,NORM
-1.027557,-3.434093,-3.695809,-1.2225409,3.7230706,-0.17222026,-0.7373943,3.1093946,0.27822593,-4.598948,0.6837782,-2.779386,-0.11829323,0.3565616,1.4274284,933,seg_4a6s,NORM
-0.8761555,-2.9742708,-3.6781054,-0.68678397,4.432473,-0.05867213,-1.0646474,3.59686,-0.23555696,-3.8778555,0.1602149,-2.5867023,0.011695251,1.0572213,1.3584497,933,seg_6a8s,NORM
-0.191104,-2.276771,-4.8492007,-2.9961715,1.6382045,0.009095222,-0.57436174,1.6784894,-0.252565,-4.5821824,1.3020947,-2.9031208,0.16544153,0.640215,1.1577021,933,seg_8a10s,NORM
-0.6492197,-2.7748759,-2.7162385,-0.33272672,2.1261737,0.6194964,0.8464397,0.100446284,-0.15176052,-4.658237,1.0259055,-2.2993665,0.45428014,-0.71376973,0.827945,934,seg_0a2s,STTC
-2.1739595,-3.2408476,-2.4417043,0.060015287,3.6700988,1.2787774,0.4727315,1.8362324,0.06854006,-3.4411578,0.0087480545,-2.1752648,0.78435117,0.06930141,1.458946,934,seg_2a4s,STTC
-1.2937559,-2.7905295,-2.679841,0.7874671,4.576195,0.66794544,0.3636751,2.2488184,-0.58251876,-4.025367,0.012217831,-2.3670564,0.86121136,0.5872312,1.0357807,934,seg_4a6s,STTC
-1.3035473,-2.7741756,-2.6992621,-0.010373756,3.4104085,0.8839508,0.4451184,1.4295392,-0.067497596,-3.860888,0.4834793,-2.093293,0.92180854,-0.047476023,1.1112111,934,seg_6a8s,STTC
-2.0002265,-3.2711794,-2.4615278,0.09400436,3.6911497,1.16844,0.36710122,1.704206,-0.09162137,-3.522362,0.10142391,-2.245185,0.72460896,0.043170407,1.3460562,934,seg_8a10s,STTC
-0.7247973,-1.8159512,-3.2575555,-1.9215281,5.1612854,0.51286566,-0.5408595,0.9325578,-0.9219338,-2.9551764,-0.3177915,-3.9392896,-1.3436428,0.078701235,0.6526327,935,seg_0a2s,NORM
-0.8258465,-2.1818104,-2.636107,-1.3702135,4.8732967,0.35828012,-0.26962447,1.5044031,-0.61942095,-3.6526492,0.11715136,-3.9435787,-0.7546172,0.104487464,0.44438142,935,seg_2a4s,NORM
-0.609006,-2.338031,-2.8855872,-1.4918656,2.752589,-0.029965669,0.4134511,1.1210763,-0.4836467,-4.3641148,1.3360758,-3.8992414,-0.668743,-0.7517727,0.11397876,935,seg_4a6s,NORM
-2.1546426,-3.1382291,-2.199616,-0.72582096,4.6967397,0.5237795,0.1218892,2.9488192,-0.6394339,-3.6668293,0.30529654,-4.27085,-0.5297616,0.048285455,0.7121521,935,seg_6a8s,NORM
-0.70899165,-2.4610355,-2.666451,-1.2203526,3.0243728,-0.022080272,0.23624873,1.2162421,-0.51149356,-4.7343926,1.6215153,-3.9557776,-0.5156874,-0.8546648,-0.04982695,935,seg_8a10s,NORM
-2.7240891,-4.8358965,-2.6012936,-1.5854857,6.0308123,0.74595916,-0.27919286,2.996968,-1.1279144,-5.282746,0.058013067,-2.7563899,0.7020239,0.22933733,-0.17113584,936,seg_0a2s,NORM
-0.95672655,-3.4290512,-2.8770933,-1.3869073,5.083849,0.16951793,-0.30077076,1.7998712,-0.642832,-5.7976193,0.89226145,-2.5462258,0.89273065,0.06917427,-0.8822584,936,seg_2a4s,NORM
-1.7480196,-3.7888532,-2.4499211,-0.9135454,4.943839,0.27557394,-0.3343213,2.297674,-0.4566157,-5.1808934,0.8355165,-2.5575197,0.7322303,-0.040680677,-0.82624507,936,seg_4a6s,NORM
-2.0076966,-3.910544,-2.1813087,-1.0811923,4.762637,0.39199314,-0.12517841,2.605358,-0.1332728,-4.813177,0.39620495,-2.5606186,0.8285809,0.2953619,-0.44749877,936,seg_6a8s,NORM
-1.9824395,-4.2715425,-2.243044,-1.2498481,5.2915664,0.49947017,0.007736288,2.3986049,-0.34011447,-5.382496,0.23672941,-2.7780266,0.8738812,0.30339292,-0.77112067,936,seg_8a10s,NORM
-0.7234443,-1.1528378,-4.3262205,0.9987807,4.0457416,-0.49312928,-0.8658561,3.392666,-2.150752,-2.2450109,1.2666172,-3.8103123,-0.80535644,0.53732556,-0.31916216,939,seg_0a2s,STTC
-1.4466313,-1.886657,-3.5981522,0.2519325,4.2732577,0.017172635,-1.195041,3.0000715,-1.1156509,-1.9986973,1.104324,-3.8823323,-0.8293366,0.1969165,0.44078177,939,seg_2a4s,STTC
-0.6818757,-1.937819,-4.152607,-0.3742242,4.3565197,0.010950327,-1.2387942,2.6975899,-1.9605634,-2.5698745,0.8172411,-4.0178175,-0.9606608,0.5132822,0.38364094,939,seg_4a6s,STTC
-0.9915554,-1.8424059,-4.337022,-0.22683644,3.8609664,-0.11960158,-0.8717999,2.9847949,-1.7641084,-2.6791916,0.92757374,-4.040271,-1.1699103,0.4192618,0.21201459,939,seg_6a8s,STTC
-0.45151472,-2.343022,-4.2235446,-1.233659,3.7822263,-0.1145052,-1.3530644,1.6718489,-1.1472099,-3.1700847,1.0688481,-4.060213,-1.1296496,0.12373298,0.55255437,939,seg_8a10s,STTC
-4.0940194,-5.753816,-4.416546,-2.239332,9.369386,-0.3218489,-0.80655706,4.902548,-0.9874763,-4.7479486,1.8512311,-5.8266754,0.5990462,-1.2091469,0.3872437,940,seg_0a2s,CD
-1.7700422,-2.4553964,-5.0630403,-0.0032700822,5.139395,-1.0110317,0.027150758,4.59659,-3.6811047,-4.7881594,2.8087611,-4.7588124,-0.5663459,-0.8311932,-1.1601374,940,seg_2a4s,CD
-1.9123058,-3.1703103,-4.4756327,-0.007995971,5.8739023,-0.44082543,-1.250467,4.3284125,-3.976951,-4.64931,1.8184739,-5.274335,-1.6333672,-0.15443642,-0.5729151,940,seg_4a6s,CD
-2.0808165,-3.4114861,-3.5268955,0.29711425,6.5774198,-0.39914212,-1.9770799,4.5263977,-2.8997087,-3.8989553,1.8837761,-5.32544,-1.2895545,-0.20971452,0.15653794,940,seg_6a8s,CD
-2.2911198,-2.9977083,-4.23116,0.08126841,3.495019,-0.41118708,-0.19409773,3.539718,-3.539644,-4.3541985,2.2808034,-4.8420525,-1.8114147,-0.9525598,-0.82968724,940,seg_8a10s,CD
-0.5460625,-1.5677241,-3.3202047,-1.9333544,3.2752562,-0.23833582,-0.39444742,1.5835235,-1.8843629,-3.5827446,0.4138007,-3.7345643,-1.1978521,0.783596,0.33469635,941,seg_0a2s,STTC
-0.043927267,-1.2372085,-2.9905763,-1.363622,2.564228,-0.17211723,0.06644837,1.2700711,-0.9244594,-2.8097444,0.31002,-3.3647542,-1.0287117,0.40689534,0.12070814,941,seg_2a4s,STTC
-0.6836313,-1.4377651,-2.5904093,-0.6139987,3.8485792,-0.23530474,-0.16305055,2.466638,-0.9843376,-2.1566854,-0.24942085,-3.5831726,-0.82351166,1.0354949,0.39866653,941,seg_4a6s,STTC
-0.8265064,-1.004589,-2.4158626,-0.099550664,3.580759,0.010335356,-0.20350972,2.352252,-0.9308136,-1.763913,0.1443133,-3.0722768,-0.6934396,0.5236607,0.21449235,941,seg_6a8s,STTC
-0.073689505,-1.2648036,-3.05507,-1.4356003,2.6202233,-0.26691583,-0.010919705,1.1528655,-0.9564095,-2.9516523,0.26592627,-3.3768137,-1.1623541,0.48393518,-0.07554048,941,seg_8a10s,STTC
-0.8004888,-5.273944,-3.1594982,-4.9827304,7.326258,-1.511471,0.13127553,2.375394,-1.6346331,-5.4532866,-1.9782078,-5.5734005,-1.2960422,1.7278758,0.41915667,942,seg_0a2s,HYP
-1.4074624,-4.706704,-3.022729,-4.231551,5.907938,-1.0891994,0.90786946,2.8176248,-1.9729819,-4.200953,-1.886603,-4.916807,-1.2808998,1.2164034,0.14159065,942,seg_2a4s,HYP
-0.042788997,-4.1927466,-3.7607932,-4.792392,5.758048,-1.7839131,1.3891293,1.9571526,-2.537095,-5.8420568,-1.5651816,-5.1855145,-1.2346566,1.4523185,-0.7332158,942,seg_4a6s,HYP
-0.13898632,-3.881054,-3.5123844,-4.4446945,5.49294,-1.6961416,1.0820519,1.7332301,-2.2006087,-4.9112782,-1.2828598,-4.8127084,-1.2111508,1.0361767,-0.660298,942,seg_6a8s,HYP
-0.07358368,-4.4000025,-4.1448193,-5.0408487,6.023242,-1.9014623,1.1567985,1.9571991,-2.8504558,-5.8326488,-1.645337,-5.310863,-1.682877,1.2846776,-0.79728353,942,seg_8a10s,HYP
0.03326176,-2.5111582,-2.613542,-1.3271809,2.2690563,-0.9153526,0.904289,2.3410468,-1.2167454,-4.7042155,0.022349171,-2.4858673,-1.3907018,-0.10674699,0.05802376,945,seg_0a2s,NORM
0.32626873,-2.2397163,-2.5123715,-0.77098477,3.8087828,-0.88931704,0.34138227,2.7707288,-1.781637,-5.1767087,-0.36146733,-2.4763985,-1.1875919,0.6889939,-0.30403942,945,seg_2a4s,NORM
-0.41411096,-2.7335331,-1.9528937,-0.55691755,3.89618,-0.75049365,0.37905392,3.610072,-1.5259132,-4.193874,-0.5071634,-2.6326642,-1.1740618,0.4302038,0.21526444,945,seg_4a6s,NORM
-0.60720456,-2.647558,-2.003373,-0.41263402,3.8621404,-0.5817236,0.39381197,3.3290026,-1.5525243,-4.4266653,-0.59816194,-2.5252135,-1.1535261,0.6459849,0.0019763857,945,seg_6a8s,NORM
-0.10147806,-2.711131,-1.9332558,-0.7618788,4.0946674,-0.7369933,0.23593625,3.6370463,-1.9140315,-4.0180764,-0.5778423,-2.6571774,-1.2491702,0.3367672,0.23138885,945,seg_8a10s,NORM
-1.5636283,-5.242166,-1.4421227,-0.97130305,3.792897,-1.2823802,1.2010915,2.44668,-0.34551582,-3.1395195,-0.50917053,-3.1040862,-0.6584509,-0.7679809,0.30192477,948,seg_0a2s,HYP
-0.12192991,-4.49336,-1.9790462,-1.5566497,4.007102,-1.5480579,1.1933717,1.3067266,-0.76590747,-4.1643066,-0.47258332,-2.9251,-0.4836582,-0.4600851,-0.07055062,948,seg_2a4s,HYP
-0.2686584,-4.6100745,-2.071908,-1.5256343,3.92749,-1.7099928,1.1017764,1.4541044,-0.81737417,-3.828374,-0.39537635,-3.0870757,-0.751252,-0.62997955,-0.099790335,948,seg_4a6s,HYP
-0.039982498,-4.375432,-2.1150746,-1.8118389,3.9691784,-1.5643271,1.0949236,1.2929207,-0.6589318,-3.8186536,-0.505788,-3.0640461,-0.5100634,-0.39075893,0.060424402,948,seg_6a8s,HYP
-1.3838706,-5.0552673,-1.6252892,-1.2153118,3.907008,-1.2405648,1.1257669,2.053522,-0.2503525,-2.8839803,-0.61268747,-3.0899131,-0.6759111,-0.7803235,0.3685438,948,seg_8a10s,HYP
1.7972625,-2.5618596,-3.0310354,-1.0538349,5.31995,0.69613254,-1.0098356,-1.1043186,-1.9514139,-3.501352,-0.2842667,-2.518121,0.95065343,0.4829849,0.09927183,949,seg_0a2s,NORM
-0.38377,-2.9586353,-2.416644,-0.44322366,4.451769,0.882476,-0.45339856,-0.06305267,-0.91209394,-2.486919,-0.1364317,-2.8257923,0.83699083,0.35233676,0.42037365,949,seg_2a4s,NORM
0.6704707,-3.249071,-2.9000459,-0.9351476,6.02183,0.7981839,-0.52692544,-0.7834595,-1.9941628,-3.6326406,-0.96520066,-2.6768308,1.0952958,0.9391934,0.7960018,949,seg_4a6s,NORM
-0.13311708,-2.8644848,-2.3489904,-0.61375123,4.7787004,1.1478059,-0.40368465,-0.12703957,-1.0810874,-2.3246665,-0.58644444,-2.504158,0.7953198,0.31741986,0.54932976,949,seg_6a8s,NORM
0.96791065,-2.8034544,-3.0396013,-1.27495,4.0447993,0.7537006,-0.3690063,-1.6948719,-1.5061643,-3.6491456,0.09786365,-2.5613647,0.86417264,0.060946032,0.3341813,949,seg_8a10s,NORM
-0.5175947,-2.7743745,-3.6975226,-1.0317478,3.4906137,-0.17859757,0.072524525,1.2281636,-0.43594742,-4.2826543,0.59394914,-3.0872164,-0.24236272,0.18184835,-0.69288516,952,seg_0a2s,NORM
-1.4221836,-3.4205246,-3.1243634,-0.8127955,3.5813065,0.22396034,0.13594127,1.9592326,-0.0878302,-3.6394465,-0.13550909,-3.3633084,-0.547835,0.45391548,-0.02085863,952,seg_2a4s,NORM
-0.47807574,-2.7548234,-3.7331033,-1.1442726,3.5182743,-0.08093873,0.14526337,1.1803305,-0.55423945,-4.3148584,0.46814993,-3.0875316,-0.290222,0.20474991,-0.6215669,952,seg_4a6s,NORM
-0.91246927,-2.7134438,-3.3262806,-0.16268578,4.3149962,-0.053204894,-0.17752422,2.2607005,-0.46733922,-3.4366844,-0.08221718,-3.1366851,-0.2533505,0.82748055,-0.41900298,952,seg_6a8s,NORM
-0.6854581,-2.9915564,-3.9775586,-1.4530191,3.8435535,-0.119240105,0.034345694,1.2907541,-0.9316792,-4.871156,0.331224,-3.3254833,-0.6427794,0.37045956,-0.9635122,952,seg_8a10s,NORM
1.4023728,-3.8344688,-2.3109922,-1.4845309,4.7554913,-0.8986436,0.23512542,5.08539,-2.2617075,-4.545676,0.047118142,-2.2915127,-0.54373354,-1.1311153,1.844043,953,seg_0a2s,STTC
1.5929712,-3.6635334,-2.2147021,-1.4555521,3.4115984,-0.8208091,0.43083915,4.167976,-1.910388,-4.407875,0.7744384,-2.1638117,-0.43909377,-1.8126558,2.2346625,953,seg_2a4s,STTC
1.6041178,-3.7746384,-2.366094,-1.9762845,3.6131542,-0.59570086,0.36283782,4.027028,-2.1042283,-4.5603833,0.33344674,-2.0399063,-0.7683486,-1.7697363,2.0352492,953,seg_4a6s,STTC
1.3808259,-4.007496,-2.1982636,-1.6512198,3.8193321,-0.99825823,0.4809406,4.4446325,-1.7930124,-4.310685,0.9051186,-2.1616845,-0.2524156,-2.118963,1.8732306,953,seg_6a8s,STTC
1.1649663,-3.5715454,-2.7762313,-2.515638,4.3572283,-0.77905846,1.030245,4.4131536,-1.7019849,-4.2724156,0.9080453,-2.416256,0.3826735,-1.9872646,1.6425564,953,seg_8a10s,STTC
-1.7034326,-4.6939354,-2.7725258,-1.5058753,5.828914,-0.35410926,1.4018158,2.022496,0.29407817,-3.9461858,0.49575147,-5.9865203,1.1611667,0.097794816,-0.76811683,954,seg_0a2s,NORM
-1.6696635,-4.7077565,-2.4411917,-1.4575484,5.9459534,-0.3113394,1.5997194,2.2388487,0.10666266,-3.7944622,0.6420482,-5.8807807,1.5989408,-0.08110185,-0.99984276,954,seg_2a4s,NORM
0.12763964,-4.9483533,-3.2512183,-3.118423,5.8767185,-0.025749773,1.606475,0.8142729,-0.40450984,-5.268646,0.09071056,-5.2758865,1.3408387,-0.3235637,-0.5594393,954,seg_4a6s,NORM
-1.271888,-4.419273,-2.6203833,-2.0531487,4.6775255,-0.48395577,1.5154195,0.87873435,0.5689646,-4.178561,1.2151481,-5.5708065,1.1019192,-0.7491941,-0.8352983,954,seg_6a8s,NORM
-1.2198603,-4.4124217,-2.5847106,-2.0050442,4.625205,-0.43671355,1.5578105,0.5343567,0.41653574,-4.1788044,0.9402151,-5.5597258,1.0860854,-0.4394216,-0.96034515,954,seg_8a10s,NORM
-0.8418662,-2.7371883,-2.195189,-0.920013,3.9419682,-0.9316124,0.7845668,1.2530462,-3.158868,-5.513818,0.53688616,-4.215821,-1.4391377,0.09809872,-2.5920608,955,seg_0a2s,MI
-1.2554644,-2.9824762,-1.7712879,-0.96451503,4.4753184,-0.83629525,0.3225779,1.405459,-2.9507186,-5.4059067,0.21799114,-4.4290237,-1.567576,0.5357811,-2.36317,955,seg_2a4s,MI
-0.8463213,-3.113109,-2.4359894,-2.0867167,4.803703,-0.11411747,0.7157774,1.2135841,-3.7496433,-5.8937964,-0.780382,-4.15805,-1.3667576,1.0361252,-1.265988,955,seg_4a6s,MI
-1.2173176,-3.289746,-2.2481098,0.025979482,4.0744824,-0.7697947,0.3032653,1.9492466,-3.1922703,-5.572904,1.6439589,-4.450372,-0.59646314,-0.17005132,-1.9718984,955,seg_6a8s,MI
-0.82910615,-3.0311096,-2.6045547,-0.91669434,4.131871,-0.7111139,0.5227242,1.3614975,-3.400281,-5.500875,0.81105334,-4.2847686,-0.7816513,0.3021969,-1.6089339,955,seg_8a10s,MI
0.73262984,-2.4971597,-2.2579794,-0.67771935,3.3359647,0.5240164,-2.1652043,-1.5243224,1.4201434,-4.341939,1.4480308,-1.9103818,1.0662019,-0.2111849,0.66370726,956,seg_0a2s,NORM
-0.43857068,-2.3480542,-3.370894,-0.84043187,1.5737203,0.9814606,0.40683618,-0.3729672,-0.18063736,-4.4122305,0.8103855,-1.4913648,0.7107921,-0.17743002,0.34786043,956,seg_2a4s,NORM
0.13730954,-2.5664043,-2.9561348,-0.96097773,2.3720844,0.72073615,-0.6099067,-0.6641481,0.41285485,-4.516953,1.0059183,-1.7292024,0.8712311,-0.15606324,0.7100308,956,seg_4a6s,NORM
1.016859,-2.6607819,-2.0063443,-0.7298221,3.550567,0.18695393,-2.573376,-1.7698474,1.7237914,-4.3498178,1.4559687,-1.8763106,0.9865756,-0.22195028,0.6576681,956,seg_6a8s,NORM
-1.1459984,-2.473804,-3.8343792,-0.63672215,0.6274352,0.72733045,1.5002625,0.43257278,-0.8816301,-4.1986756,0.820028,-1.8095639,0.33303666,-0.2632342,-0.018592551,956,seg_8a10s,NORM
-1.0930234,-3.1119397,-3.2848978,-0.32121766,3.9604375,0.85470283,-0.40846005,2.2495608,-0.64111775,-4.3938365,0.9089062,-2.0540926,0.51554626,-0.34893346,0.39262384,957,seg_0a2s,MI
-0.13010031,-2.563137,-3.9237132,-1.1078017,3.8297205,0.45628977,-0.4357896,1.8773096,-1.1731565,-4.800162,1.123225,-2.1194887,0.51740193,-0.23640405,0.34301525,957,seg_2a4s,MI
-0.5716854,-2.9853263,-3.9767795,-0.30332583,5.0629206,0.2892955,0.094774716,3.358423,-2.1498582,-5.238558,0.40126434,-2.6458635,0.41572863,0.5069458,0.36735523,957,seg_4a6s,MI
-0.81579256,-2.4586692,-4.008767,-0.21228868,4.6719694,0.6676613,0.032205902,3.1977866,-1.8254881,-4.48324,0.7019441,-2.1695902,0.5894815,0.06027133,0.15649036,957,seg_6a8s,MI
-0.82796663,-2.8629918,-3.6715655,-0.3416988,5.070735,0.4372628,-0.40735665,2.9860504,-1.2707107,-4.302721,0.3309359,-2.2215014,0.6083931,0.4925866,0.5573797,957,seg_8a10s,MI
0.023908332,-4.7328258,-3.7384539,-3.784556,4.7253423,-1.0905415,0.53087246,0.48558915,-1.1262119,-4.324936,-1.0158805,-4.8333616,-2.6018426,-0.91218054,0.8418745,958,seg_0a2s,NORM
0.6317443,-5.044074,-3.9783502,-3.300335,5.906223,-2.1140146,-0.020501412,1.5477307,-1.7733514,-4.7581573,-0.8610383,-5.3491096,-2.5786078,-0.33860534,0.5157217,958,seg_2a4s,NORM
-0.2410055,-5.131415,-3.4613514,-3.2494087,6.1891537,-0.9572048,0.33088157,1.8572528,-1.4218895,-4.85694,-1.341557,-5.1188755,-1.9215413,-0.013542771,1.0255643,958,seg_4a6s,NORM
-0.047222316,-5.255665,-3.0943866,-3.0490108,4.079819,-1.5330875,0.28797734,1.3575336,-0.6449744,-4.6380663,-0.14233407,-4.826878,-2.1077983,-0.9303807,0.73077583,958,seg_6a8s,NORM
0.19698851,-5.166848,-3.7055302,-3.686706,5.0470886,-1.0965533,0.18123284,0.77157915,-1.3850422,-5.07792,-0.63728255,-5.0572696,-2.3511791,-0.8399401,0.8396176,958,seg_8a10s,NORM
-2.1853197,-3.422359,-3.3436112,-1.4619703,4.3148623,-0.14314812,0.20395443,2.7370353,0.22591452,-4.424996,0.72337586,-1.7654856,1.2759535,0.0872777,1.991094,959,seg_0a2s,MI
-1.0181686,-1.8266995,-3.0734987,0.70373815,3.0981154,-0.2999697,0.4430298,3.251783,-0.3067588,-3.5814679,1.4601073,-1.291245,0.9579586,-0.34654093,0.30666196,959,seg_2a4s,MI
-1.625223,-3.342387,-2.9918518,-0.7134805,4.016439,0.1565989,0.27373543,3.033811,0.3543237,-4.6129785,1.0792193,-1.8840013,1.0505896,-0.5254946,1.1093093,959,seg_4a6s,MI
-0.5817635,-2.6401021,-2.9710727,-0.72565454,2.220053,0.2436319,-0.12661785,1.173016,0.91602814,-4.375313,1.9763316,-1.291298,0.92750835,-1.4277909,0.8244901,959,seg_6a8s,MI
-1.3157619,-2.2707798,-3.6489596,-0.29405212,4.413912,-0.1458388,1.1265635,3.420887,-0.09683122,-3.879447,1.0423102,-1.3263505,1.8941987,-0.28247845,0.5090252,959,seg_8a10s,MI
-0.3390512,-2.8495097,-2.5971136,-1.8686306,3.7716415,-0.16695684,-0.018534914,1.1618103,-1.2227113,-4.0724697,-0.2928976,-2.6710937,-0.7070845,0.3077963,-0.530071,960,seg_0a2s,NORM
-1.3237807,-3.5454319,-1.79883,-1.0202594,3.582551,-0.37351504,0.32399428,1.7102783,-0.6126763,-3.2304916,-0.37185115,-2.5831397,-0.60947925,-0.013596386,0.23601529,960,seg_2a4s,NORM
-0.8323204,-3.4527519,-1.8265897,-0.79113173,3.5256684,-0.6056888,0.2780468,1.296788,-0.6042124,-3.3541176,-0.057477348,-2.5127923,-0.49478692,-0.24465556,0.09180787,960,seg_4a6s,NORM
0.17558943,-2.8562574,-2.260561,-1.1524549,3.4729822,-0.8089937,0.42858508,0.82902277,-0.650673,-3.9394953,-0.11329072,-2.5275302,-0.7018389,-0.1822194,-0.16396132,960,seg_6a8s,NORM
-0.40681338,-3.3850718,-2.2805443,-1.5471597,1.9514503,-0.5287061,0.51726717,0.30567855,-0.32791352,-3.7354164,0.4051252,-2.33639,-0.6164047,-0.68589634,-0.24991563,960,seg_8a10s,NORM
-0.20701551,-2.317117,-2.9329462,-0.7208414,2.9673135,0.46508592,-0.3842132,0.9269587,-0.8360353,-4.6193166,0.5543406,-0.8585675,0.3711012,0.032892056,-0.4066153,961,seg_0a2s,NORM
-1.2943705,-2.8774872,-2.1353364,0.00882189,3.0407631,0.8974832,-0.34173477,1.6288898,-0.43337435,-3.9938378,0.3398971,-0.8378469,0.50748515,0.01624699,-0.068284005,961,seg_2a4s,NORM
-0.25281632,-2.4577866,-2.7497525,-0.4998505,2.8719,0.37792557,-0.23185642,1.1993763,-0.90568334,-4.90888,0.7921972,-0.89985204,0.5729952,-0.038754,-0.48217377,961,seg_4a6s,NORM
-1.1755037,-2.8234818,-2.1330876,-0.010461107,2.8552804,0.64342743,-0.40119404,1.7522125,-0.52391994,-3.915697,0.5740056,-0.8112453,0.54266936,-0.049509868,-0.050913736,961,seg_6a8s,NORM
-0.39787233,-2.4825346,-2.7309594,-0.53885466,2.8544347,0.38414925,-0.20176277,1.2407318,-1.0084357,-4.8914185,0.7616013,-0.8437797,0.58924484,0.0070140064,-0.31746158,961,seg_8a10s,NORM
0.4844702,-2.8608081,-5.350612,-3.596251,3.5627031,0.39994973,-1.0613691,3.249871,-2.4868147,-5.241863,1.3239503,-6.51027,0.7237692,2.463593,-0.7287332,962,seg_0a2s,MI
-0.9107195,-3.3177927,-3.7144027,-1.5514257,3.781485,0.588488,-0.5950563,3.3229663,-1.4636595,-4.2108703,1.0177287,-4.259253,0.15397376,0.5235313,0.5390203,962,seg_2a4s,MI
0.25066495,-3.8537364,-4.708627,-2.6490827,3.6978023,0.12717424,-0.90147454,3.3229408,-1.8931043,-5.737996,1.0863812,-4.8038244,0.45435196,1.4183743,0.13732451,962,seg_4a6s,MI
-0.11627394,-3.0802646,-4.1087136,-1.7316365,3.9818144,-0.03655076,-0.4015695,2.7933886,-1.528147,-5.069187,1.0808225,-4.0325947,-0.3038792,0.1811763,0.6062891,962,seg_6a8s,MI
-1.3319774,-3.7476182,-4.040754,-2.2698424,3.4548545,0.7126545,-0.8291883,3.9959068,-1.3490622,-4.322766,0.89328486,-4.651433,0.71194506,1.5499642,0.5114486,962,seg_8a10s,MI
-0.36068895,-1.5548058,-3.6250544,0.4385571,3.0771859,-0.17736274,1.1996459,2.4230132,-1.2912247,-3.1592133,0.35011637,-3.7132287,0.07907775,0.8201517,0.5255095,963,seg_0a2s,STTC
-0.49062026,-2.3995104,-3.0534282,-0.10568625,4.718031,0.038903877,0.3429972,2.3052375,-0.83198285,-3.3518996,-0.27739036,-3.9594016,0.32301372,1.2315093,1.276281,963,seg_2a4s,STTC
-0.57743585,-1.88155,-3.5594745,0.23400795,3.570513,-0.11550364,1.1948942,2.4733326,-1.1711905,-3.3716874,0.18778783,-3.6294882,0.26250815,0.8441218,0.7441503,963,seg_4a6s,STTC
-0.42180866,-2.421051,-2.9638748,-0.4966907,3.4180198,0.21438468,0.36996028,1.1048772,-0.32676104,-3.413892,0.16022858,-3.5538397,0.14569338,0.575759,1.1702832,963,seg_6a8s,STTC
-0.5645055,-1.420919,-3.3295927,0.5451423,3.216459,-0.13593385,0.9608462,2.0508533,-0.9551385,-2.8711646,0.5364518,-3.2909482,0.47105527,0.74130553,0.45989275,963,seg_8a10s,STTC
-1.2883153,-7.352232,-5.5212855,-7.5536213,11.407036,0.4531737,-0.35431778,3.4487252,-4.775516,-11.80975,-3.589382,-6.7189612,-3.0722153,2.4363434,-1.7820531,964,seg_0a2s,MI
-3.1788068,-5.5497637,-3.9614868,-2.527245,9.040346,0.39900053,-1.6750642,2.7884083,-3.091614,-6.3458805,1.133413,-5.5588965,-0.47430944,-0.2411455,-2.6278818,964,seg_2a4s,MI
-0.5139798,-4.5863047,-6.7864566,-8.397276,12.052327,0.4619005,2.509856,3.3717728,-5.654629,-11.570176,-4.3502417,-8.485255,-2.4383657,3.4973207,-2.7724605,964,seg_4a6s,MI
-2.2122114,-3.8517635,-5.43499,-5.359342,7.8451266,-0.004773736,0.7250824,2.1908197,-5.382097,-6.800222,-1.5875862,-5.4057927,-2.7999249,0.6187563,-3.5146732,964,seg_6a8s,MI
-1.333004,-5.6693835,-5.8885307,-5.3058457,8.178378,-0.41606703,-1.3251219,1.2430409,-3.634433,-8.1935425,0.30704284,-5.817956,-2.3493955,-0.39247262,-2.00037,964,seg_8a10s,MI
-2.110536,-2.3724017,-1.5223638,-0.5081717,3.9719477,0.18380052,0.5699609,2.5425687,-0.7826202,-4.548868,0.44408458,-3.0378833,-0.7692596,-0.13454665,-1.6807666,965,seg_0a2s,STTC
-1.2928118,-2.3285446,-2.5281453,-1.5986598,4.417977,0.07967259,0.85843134,2.044713,-1.4156837,-6.061399,0.23637524,-3.248305,-0.8624834,0.1364835,-2.0681882,965,seg_2a4s,STTC
-1.3831779,-2.4001231,-2.3054128,-1.4587793,4.436482,0.089147404,0.75925374,2.29422,-1.4109249,-5.958349,0.35362372,-3.2126133,-0.8657744,-0.010826707,-2.110476,965,seg_4a6s,STTC
-1.8217423,-2.6220973,-2.318912,-1.5082469,2.7120206,-0.0464288,1.2243974,1.5267203,-0.7792308,-5.6510835,1.0328624,-2.968328,-0.9051522,-0.79968774,-1.9858512,965,seg_6a8s,STTC
-1.2955425,-2.2104928,-2.3314157,-1.5417204,4.4099045,-0.07742068,0.83194757,2.1849222,-1.4587619,-6.2212133,0.3598566,-3.2140718,-1.0351046,0.022980288,-2.277124,965,seg_8a10s,STTC
0.5193538,-4.504484,-3.0783334,-2.3199422,4.6239448,-1.4420758,-2.053753,0.28874832,0.42377496,-3.6247795,1.4364325,-5.1809244,-1.0102376,-0.7485695,0.44908193,966,seg_0a2s,NORM
0.33226627,-4.01203,-2.959921,-2.3695626,4.270792,-1.2505462,-1.6122234,0.5691986,0.33806378,-3.7674618,1.3007752,-5.160622,-1.2681587,-0.70365703,0.55556154,966,seg_2a4s,NORM
-0.19531861,-3.5885508,-3.0465388,-0.93391734,3.8904262,-1.1333563,-1.1803747,1.6139144,-0.11446327,-2.7692828,1.1771183,-4.667462,-0.88133866,-0.21762167,0.09774062,966,seg_4a6s,NORM
0.29821503,-4.5203996,-3.11065,-2.209557,4.0492773,-1.5827615,-1.4637071,0.4790212,0.5115262,-3.453783,1.3190899,-5.1471186,-1.0428193,-0.69750667,0.34689933,966,seg_6a8s,NORM
-1.9589975,-5.543503,-2.579461,-2.07237,5.9511104,-0.71459603,-0.9197159,3.1721725,0.09989577,-2.7878683,-0.48533943,-5.8822703,-1.1725165,0.4934526,1.6043375,966,seg_8a10s,NORM
0.05133657,-3.0678606,-2.9116998,-1.2647963,2.9765556,0.018651903,-1.3453199,-1.4405731,-0.07209362,-3.778555,0.38653758,-1.1839921,-0.89506865,-0.85730565,-0.4118614,967,seg_0a2s,NORM
0.28535736,-3.5643325,-2.425406,-0.7083931,2.9890823,-0.25988767,-0.53262454,-0.5747366,-0.6990883,-4.9405265,0.98358965,-1.3301991,-0.008032344,-1.0566516,-0.52872074,967,seg_2a4s,NORM
0.5401914,-3.3766518,-2.4731627,-0.8757582,2.9613132,0.12719949,-0.5907174,-0.65761584,-0.3151921,-5.1735044,0.54047704,-1.0074143,-0.008905992,-0.75971127,-0.28303203,967,seg_4a6s,NORM
0.6069559,-3.3321376,-2.3268566,-0.9108754,2.878299,0.18497545,-0.7650439,-0.39582542,-0.8264842,-4.33424,0.77040774,-0.6560861,0.21512963,-1.1344979,-0.33548388,967,seg_6a8s,NORM
0.25959647,-3.3528938,-3.0547647,-1.373313,3.457261,0.19346485,-1.063997,-1.2718735,-1.0901432,-4.3677087,0.35399368,-1.3107764,-0.7112192,-0.95690763,-0.33260426,967,seg_8a10s,NORM
-1.7319689,-6.688388,-5.4598675,-3.251597,6.531687,-1.9131181,1.7035223,4.5613437,-0.29644617,-8.959547,0.61625797,-3.6103363,1.2048634,-0.033855364,2.4443915,968,seg_0a2s,MI
0.14686294,-4.4788585,-5.023878,-2.8029602,5.1941724,-1.3681421,0.95847917,2.0856392,-0.78994066,-7.6401806,0.92975444,-2.0451264,1.4685476,-0.23835944,1.0044813,968,seg_2a4s,MI
0.14536993,-7.0411863,-6.2691135,-5.378086,6.5686975,-3.2990882,1.5465527,1.6603671,-2.4965718,-10.94422,0.6646907,-2.4266043,2.219424,0.59228927,2.9013984,968,seg_4a6s,MI
-0.36599958,-4.551785,-4.1573234,-2.586084,3.4468515,-1.2187526,0.8231439,1.1832134,-0.79149604,-6.8318453,1.5382894,-1.469923,1.3952789,-0.9247732,1.112913,968,seg_6a8s,MI
-0.51549304,-5.1462646,-3.627183,-1.7346766,5.742176,-0.2005251,0.25387782,2.2309687,-0.44189787,-6.277826,-0.51075655,-1.7670909,1.188605,0.40681344,1.665674,968,seg_8a10s,MI
-1.3157786,-0.9287834,-3.8871484,-1.0292225,4.447997,0.057383984,1.9413227,3.526367,-1.8227215,-4.8123345,0.6251697,-5.848334,-0.22570907,1.2647367,-0.910023,969,seg_0a2s,NORM
-1.5232687,-0.96149564,-3.9906044,-0.5712792,4.35291,-0.071563065,1.6915425,3.9590483,-1.8077586,-4.6142964,1.3199606,-5.918623,0.04162819,0.96093756,-0.7016742,969,seg_2a4s,NORM
-1.4306631,-0.84048426,-4.070522,-0.9707001,4.336894,-0.01010415,1.8453279,3.894956,-1.8106425,-4.643246,1.0124766,-5.8722243,-0.08260469,1.0917578,-0.56962967,969,seg_4a6s,NORM
-1.5027763,-0.80139995,-4.01762,-0.4834755,4.2804604,0.021236897,1.6775469,3.8731332,-1.8652649,-4.572785,1.351635,-5.911402,0.088259146,1.0132657,-0.78725183,969,seg_6a8s,NORM
-1.5260893,-0.86680293,-4.097589,-0.69104826,4.3477063,-0.010798454,1.8827609,3.9816246,-1.7384949,-4.6415615,1.1921898,-5.973863,0.009264179,1.0038205,-0.6517738,969,seg_8a10s,NORM
-1.3071687,-2.2462535,-5.1674976,-3.6925654,5.9189568,0.74482,0.96339583,3.5309384,-2.8724043,-4.950512,-0.19967577,-5.952952,-1.263816,0.6326042,0.8996177,970,seg_0a2s,MI
1.2206284,-1.8889267,-4.5565643,-2.0686982,6.539221,0.20681877,-0.58732945,3.8327527,-4.0604196,-3.776749,1.153844,-4.637494,0.7620007,0.20793365,0.20814876,970,seg_2a4s,MI
-0.042345062,-2.042989,-5.5388145,-2.5224917,6.719277,0.42165375,0.50387704,4.152043,-3.3544872,-5.254925,0.5018167,-6.1597123,-0.048662268,1.0239542,0.7200309,970,seg_4a6s,MI
-0.84346396,-2.11539,-4.766298,-1.3457592,4.257057,0.18946263,0.1418074,3.0390766,-2.6344435,-4.075743,1.8341894,-5.822215,-0.55439574,-0.12755848,0.5025141,970,seg_6a8s,MI
-0.53758746,-2.455148,-5.695515,-1.8202126,4.6639667,-0.14685097,0.8149369,3.3277137,-2.6106927,-5.180888,2.1590965,-5.920968,0.09898691,-0.31489986,0.22064713,970,seg_8a10s,MI
-0.0842578,-2.7119837,-3.7635708,-0.51721936,2.357375,0.12009546,0.0015513822,0.72147846,0.62629557,-3.6931517,0.17078781,-1.5583931,0.08331674,0.16051547,0.48698208,971,seg_0a2s,NORM
-1.2810559,-3.011454,-3.1313758,-0.5307218,2.610273,0.76743555,0.603638,1.2545999,0.9367912,-3.106267,-0.53077036,-1.5210148,0.37123573,0.35171315,1.0278951,971,seg_2a4s,NORM
0.07151775,-2.6952097,-3.631228,-0.7324161,2.7554028,0.4039495,0.3800847,0.7869623,0.40817884,-4.2402973,-0.06995604,-1.5370641,0.3880306,0.23942299,0.6070492,971,seg_4a6s,NORM
0.014335737,-2.5677724,-3.711069,-0.43782932,2.2585378,0.26711214,-0.020467587,0.64174926,0.69650173,-3.5333543,0.12382094,-1.3738471,0.18387221,0.16387822,0.60212356,971,seg_6a8s,NORM
-1.2797217,-3.4734128,-3.1131325,-0.39066687,3.1609867,0.6317689,0.11014349,1.8641934,0.41817778,-3.777468,-0.2635253,-1.894331,-0.071467504,0.18422908,0.59058857,971,seg_8a10s,NORM
-1.4840183,-2.4961247,-3.2784772,-1.4946673,3.4661124,0.4229485,0.105425246,2.23218,0.12062168,-2.6579423,-0.008505728,-3.1589282,-0.5758972,0.13560459,0.28172147,972,seg_0a2s,NORM
-0.51436836,-2.3295836,-3.7699466,-1.8671112,3.19047,-0.090453506,0.010214739,1.8838539,-0.05376561,-3.1671543,0.05012185,-3.1551425,-0.80838495,0.25514156,0.1075808,972,seg_2a4s,NORM
-0.66646177,-2.4895964,-3.6316104,-2.195604,2.0590584,0.08044618,0.37481445,0.9474375,0.45043632,-3.3203812,0.65638465,-2.8708384,-0.657236,-0.60144037,0.1885296,972,seg_4a6s,NORM
-0.3116148,-2.291718,-3.5373597,-1.9488802,3.449167,-0.06888205,-0.30115378,1.5401876,0.20737618,-2.841161,-0.0437115,-2.9616609,-0.65711504,0.25527805,0.2608211,972,seg_6a8s,NORM
-0.20548676,-2.368444,-3.7474775,-2.2549393,3.589277,0.06956367,0.14070243,2.0331826,-0.34610254,-4.1894155,-0.17313945,-3.3749728,-0.72759277,0.6474485,0.19592108,972,seg_8a10s,NORM
0.35020524,-3.3057916,-3.623064,-1.4988165,2.246488,0.38617593,0.6729131,0.90759075,-0.2396704,-6.3716164,0.90564996,-1.4050343,0.3385365,-0.845533,-0.20924073,973,seg_0a2s,STTC
0.6941245,-2.7733598,-2.8366184,-0.632655,3.1562874,0.20364854,0.044353493,1.1701893,-0.584164,-5.439631,0.46725968,-1.3542695,0.32175946,-0.20336337,-0.0775103,973,seg_2a4s,STTC
-0.92918766,-3.4029164,-2.2063007,-0.25164282,3.5612035,1.0270822,-0.14675991,1.9661987,-0.2919334,-4.390372,-0.17328227,-1.3072848,0.3480044,0.07196802,0.46381453,973,seg_4a6s,STTC
-0.42864126,-2.9725347,-2.191495,-0.26512906,3.3140619,0.7063545,-0.26400313,1.5510479,-0.32099575,-4.003255,0.28780773,-0.96925354,0.6455633,-0.24664624,0.32203156,973,seg_6a8s,STTC
-0.75331175,-3.4772346,-2.4207435,-0.12926169,4.859805,0.75272024,-0.06402753,2.8046434,-0.9809287,-4.641866,-0.8370438,-1.6727878,0.23573254,0.6880908,0.43241996,973,seg_8a10s,STTC
-0.6164552,-2.8976207,-3.8863835,-0.027145848,3.7332804,0.8430635,-0.29856598,2.40839,-1.7013535,-4.0480533,-0.14121911,-0.65551007,0.32915586,0.17788951,0.64651644,975,seg_0a2s,MI
-1.1017617,-3.6561403,-3.3167424,-0.010717191,5.0448284,0.94505024,-1.4836433,2.4389646,-1.135093,-3.8731635,-0.32823002,-0.7402518,0.17691688,0.2461805,0.8463156,975,seg_2a4s,MI
-2.5887434,-5.766068,-4.3477573,-0.8294347,6.4798164,0.54423285,-3.6191597,2.351049,-1.7646129,-2.9080465,0.74446446,-4.56009,-1.7131332,-0.34963918,0.6658988,975,seg_4a6s,MI
-0.13211474,-2.13014,-3.7969031,1.0552306,4.2970204,0.34216574,-0.56318825,2.8875206,-1.9122262,-3.6237273,0.15784633,-0.52759624,0.61375356,0.3980365,0.09170289,975,seg_6a8s,MI
-0.7980444,-2.915705,-3.9960055,-0.11666785,3.8001308,0.9221078,-0.30966222,2.4440782,-1.8109679,-3.953882,-0.20197645,-0.604401,0.18234204,0.06837291,0.619668,975,seg_8a10s,MI
-0.10217809,-2.6907578,-3.8022418,-1.7733352,4.225129,-0.9255496,1.5351459,2.3878608,-0.35809636,-4.310151,-0.9675699,-3.340759,-0.25934374,1.0965538,-0.30846423,976,seg_0a2s,NORM
-0.7864376,-3.1697104,-3.4126868,-1.7665057,2.8255882,-0.5726751,1.6676768,1.9945226,0.19943249,-3.8289993,-0.4894761,-3.1173024,-0.37795502,0.28507847,-0.03913729,976,seg_2a4s,NORM
-0.12508486,-2.709825,-3.7510781,-1.7112646,4.1803412,-0.93242157,1.4626565,2.385316,-0.2682936,-4.149038,-0.9133094,-3.2940993,-0.23506811,1.0328801,-0.30078638,976,seg_4a6s,NORM
-0.70569134,-3.1009123,-3.5978804,-1.8795216,2.8059192,-0.7114003,1.9152502,1.8835979,0.02940981,-4.101975,-0.39123562,-3.1808822,-0.28123164,0.27882713,-0.24497372,976,seg_6a8s,NORM
-0.8308404,-3.1839898,-3.6359353,-1.8371372,2.7407684,-0.741086,1.8600565,2.0186536,0.1302997,-3.9237382,-0.38931996,-3.2065217,-0.46778518,0.1585982,-0.17863148,976,seg_8a10s,NORM
-0.40915304,-2.4392176,-2.5861692,-0.7424719,2.629849,-0.7222755,0.26851574,0.3164277,-0.5977573,-2.846872,0.0723172,-2.8168173,-0.5026869,0.45025504,-0.40355942,977,seg_0a2s,STTC
-0.36163473,-1.8671681,-2.6932392,-0.8437099,2.3720741,-0.19744143,0.13327909,0.3124637,0.043115094,-2.38391,0.08459217,-2.206121,-0.27558059,0.29271433,-0.5385206,977,seg_2a4s,STTC
-0.9770072,-1.9179277,-3.631425,-1.1703517,4.0731983,0.42311925,-0.81257516,1.7254274,-1.1166422,-1.9921076,-0.5067697,-3.2015955,-0.34372085,1.4683187,-0.73834515,977,seg_4a6s,STTC
-2.0206242,-2.9048226,-2.7776628,-0.9282617,2.8035016,0.56428134,-0.13229086,1.5309849,-0.421243,-1.8538724,-0.43057632,-2.9104326,-0.54678446,0.6574895,-0.04063742,977,seg_6a8s,STTC
-0.93091,-2.4583774,-3.8299994,-2.0095544,3.872954,-0.0107473135,-0.18942347,0.5528064,-1.0152228,-2.9297893,-0.17294526,-3.3330758,-0.51498485,0.6782,-0.36071858,977,seg_8a10s,STTC
-2.2221725,-4.7870307,-4.5456715,-2.736585,8.129866,-0.5232463,1.0931844,4.7998533,-3.1632857,-6.406226,0.7403821,-5.178014,-0.015333567,-0.6353203,-2.8926098,978,seg_0a2s,MI
-2.4826102,-5.085125,-3.7853093,-2.5119638,8.355288,-0.3742471,0.27378407,5.2354245,-3.68941,-6.420262,0.4787515,-5.244614,-0.7709548,-0.49403465,-2.6329398,978,seg_2a4s,MI
-2.958827,-5.020079,-5.3880596,-3.4000244,8.70457,0.16199668,0.9309344,4.6094756,-3.6557586,-7.4314322,0.3370855,-5.326094,-0.64148223,-0.45344722,-3.3582323,978,seg_4a6s,MI
-3.4499106,-4.913508,-4.0242033,-1.4486294,7.7043004,-0.48372617,1.315862,4.7581463,-2.3546917,-6.142376,0.8574322,-4.920061,0.06572433,-0.58187443,-3.1332808,978,seg_6a8s,MI
-2.5223596,-5.149031,-5.5225077,-3.7243464,9.434605,0.31560102,0.62460655,4.5733438,-4.405711,-7.596919,0.2550598,-5.342152,-0.37635082,-0.36711395,-3.4703832,978,seg_8a10s,MI
0.7285602,-2.8107207,-5.4738407,-3.3934035,3.7324092,-0.3157079,0.38381585,3.3559458,-2.9525793,-6.173695,1.280853,-7.4407597,1.3133656,2.9089487,-0.007984206,979,seg_0a2s,NORM
0.40173137,-2.5767832,-4.337311,-1.482996,2.510412,-0.056915194,0.50725764,1.7692952,-0.3110104,-4.106081,0.35700828,-2.679029,0.3215326,0.49029893,0.73788166,979,seg_2a4s,NORM
0.7583938,-2.6556385,-4.186954,-1.4222846,2.5714726,0.041599005,0.64247024,1.7441635,0.006003931,-4.1153584,0.20429283,-2.6049442,0.3771692,0.3130773,0.6701834,979,seg_4a6s,NORM
-0.14833282,-2.2113898,-3.348847,-0.33617625,3.4755704,0.19583304,0.23164362,2.556412,-0.15023533,-2.653546,-0.123526596,-2.5484025,0.54793847,0.80061686,0.57376814,979,seg_6a8s,NORM
-0.8565182,-3.212343,-3.6514935,-1.0660696,2.9619596,0.6295179,0.6109399,2.2931643,0.24013495,-3.422316,-0.42229018,-3.4895816,-0.0033608004,0.8759403,0.6942551,979,seg_8a10s,NORM
-2.5529943,-5.974638,-5.086518,-4.1783156,8.20832,1.2050812,-4.6368747,3.2799459,-1.973566,-2.6159031,-0.45862573,-6.3094707,-1.0132198,1.9674724,0.03470096,982,seg_0a2s,MI
-0.73874265,-4.4410043,-5.72328,-3.1083524,4.616096,0.54636693,-3.3260849,1.3459165,-2.6939442,-4.874845,1.8770334,-4.5857935,-1.4974792,-0.31454414,-0.9913949,982,seg_2a4s,MI
-0.7968088,-3.5089653,-4.8731313,-1.9056282,5.728531,0.19302502,-3.409306,2.2885144,-2.981929,-4.920249,1.846009,-4.6888313,-1.5695,0.11556408,-1.0765991,982,seg_4a6s,MI
-1.7628419,-4.2282715,-3.9259405,-0.9612734,5.5912285,0.14710993,-2.761948,2.6108348,-1.9330215,-3.8504372,1.3435766,-4.017681,-1.5127928,-0.48288912,-0.0896464,982,seg_6a8s,MI
-0.66690576,-3.610899,-4.1213307,-2.5667286,3.9719958,-0.037314355,-1.8798326,0.9000087,-2.1555107,-5.2005205,1.1947279,-3.7151885,-2.0818903,-0.64917934,-1.2089151,982,seg_8a10s,MI
-0.3214464,-2.7866771,-3.1074877,-0.7952555,2.7324553,0.19662364,0.24058983,1.2432284,0.031866252,-4.7919493,0.015275493,-1.242727,-0.10854168,0.10706054,-0.34629866,983,seg_0a2s,NORM
-0.43259066,-2.8258452,-2.7002,-0.5240784,2.762822,0.06902021,0.22405612,1.4381392,0.069841295,-4.6990557,0.21278393,-1.1970978,0.059388965,0.009866059,-0.24543831,983,seg_2a4s,NORM
-1.1854713,-3.2990797,-2.1538186,-0.33108237,3.1359596,0.5553329,0.00048470497,1.8021746,0.4764401,-4.0970316,-0.21179846,-1.283613,0.18196942,0.22149427,0.09301913,983,seg_4a6s,NORM
-0.8085073,-3.5691786,-2.547174,-0.9596283,3.5320575,-0.40466538,-0.18904538,1.633915,-0.4025336,-5.078458,0.103043415,-1.3827444,0.33218247,0.521029,0.7447473,983,seg_6a8s,NORM
-0.341593,-2.8590014,-2.5549235,-0.62855464,2.9978209,-0.13536978,-0.040416427,1.2977052,0.11186618,-4.921202,0.26675165,-1.3668032,0.08820647,0.20558004,-0.09027767,983,seg_8a10s,NORM
-0.50236,-3.6789856,-4.755525,-2.4130733,4.6410646,0.700499,-2.0759394,1.6611688,-2.012457,-6.7242384,1.8920337,-3.6870906,-0.58222425,-0.3413692,8.150935e-06,984,seg_0a2s,HYP
-0.87585676,-3.8981657,-4.3477626,-1.6676521,4.5639067,0.3998676,-2.2376223,1.7114038,-2.1531749,-6.8603377,2.4330769,-3.7314303,-0.6831251,-0.6663123,-0.68011737,984,seg_2a4s,HYP
-1.1585116,-3.7805097,-4.6506724,-2.2184577,4.7116504,1.1167979,-2.1830873,1.7151842,-2.3951054,-6.8685927,1.7575506,-3.554339,-1.0276816,-0.41835696,-0.4502538,984,seg_4a6s,HYP
-1.0540063,-3.6201727,-4.5635734,-1.9430635,4.135228,0.8347782,-1.7928584,1.7421174,-2.0143223,-6.556647,1.9515532,-3.2976863,-0.70347685,-0.54036796,-0.45356402,984,seg_6a8s,HYP
-0.82673156,-3.7293503,-4.4532976,-1.9559507,4.270371,0.7645298,-1.8859001,1.6350824,-2.109939,-6.631926,1.9526628,-3.3394701,-0.5678503,-0.47587067,-0.513327,984,seg_8a10s,HYP
-0.3718225,-3.9756045,-3.1811652,-2.1390908,3.982867,-0.56510866,0.015453048,1.2443067,-0.34121096,-3.5467122,-0.94958043,-2.4798677,-0.8822437,0.10315494,-0.3281468,985,seg_0a2s,NORM
-1.9759667,-6.1727734,-5.604589,-2.3125446,3.320495,-1.8972955,-0.7730485,1.0752565,-3.5945628,-3.1862047,1.1961048,-4.7353,-2.649473,-1.6137942,-1.7147964,985,seg_2a4s,NORM
-0.16976932,-3.556586,-3.3710527,-2.232531,4.0791974,-0.30899552,-0.10698036,0.83952904,-0.5642281,-3.2412667,-0.8080965,-2.1316926,-0.5541251,-0.023684144,-0.20787334,985,seg_4a6s,NORM
-0.98802,-3.9105768,-2.344191,-1.3832731,3.410937,-0.002108872,0.5139399,1.9517856,-0.006541565,-2.9406722,-0.6631182,-2.1558864,0.11884689,0.069578566,0.25817746,985,seg_6a8s,NORM
0.24696524,-3.6533937,-2.9416013,-2.1764176,3.9143362,-0.708333,0.146748,1.0717312,-0.18900889,-3.7156575,-0.5944394,-2.1599073,-0.24185029,0.011851743,0.07155018,985,seg_8a10s,NORM
-1.5030409,-5.333035,-3.014707,-4.2862434,7.363096,-0.65938497,1.1680609,4.566907,-2.2405074,-5.7464085,-0.59905154,-5.189671,0.5271486,0.6493659,1.0183755,987,seg_0a2s,STTC
-2.3833482,-5.034686,-2.917292,-2.7178192,6.3257318,-0.4464964,1.0918982,4.4880233,-1.3745005,-6.2585387,-0.20793888,-5.0155845,-0.85910684,0.043830834,0.0767983,987,seg_2a4s,STTC
-2.4309237,-4.7115307,-4.1796813,-4.0387926,3.8500314,-1.0566453,3.416888,3.8130622,-1.9984763,-5.834066,0.84135073,-4.6054864,0.17971243,-1.1097807,-0.9579283,987,seg_4a6s,STTC
-1.9287244,-4.50652,-3.1770205,-2.9577174,5.642429,-0.6330857,2.1780515,4.6920133,-1.5208983,-5.480157,0.044710547,-4.9221716,-0.15487112,-0.39272785,0.19972393,987,seg_6a8s,STTC
-1.9836711,-4.240027,-4.0089126,-3.1878371,7.52022,-1.2828643,2.1930923,5.006209,-1.6885295,-5.947291,-0.33375028,-5.2458987,0.3252958,0.5860907,-0.4661542,987,seg_8a10s,STTC
-1.3975797,-3.1930797,-2.5897832,-1.4592497,4.944643,0.0800744,0.625891,2.6537776,-1.7439325,-5.726967,0.4228954,-4.034608,0.1739643,0.582218,0.55634475,988,seg_0a2s,NORM
-0.70324814,-2.8046968,-2.8779426,-1.3233361,4.8681064,0.22074015,0.46335694,2.267821,-1.5945561,-6.051346,0.7306964,-4.0918155,-0.041468676,0.24452157,-0.44635323,988,seg_2a4s,NORM
-1.2939601,-3.170274,-2.5490217,-1.193994,4.6908817,0.451542,0.68396443,2.8062477,-1.3376155,-5.2965364,0.35948056,-3.960618,0.14789256,0.32849282,0.23607953,988,seg_4a6s,NORM
-1.0157475,-2.8357208,-2.9204025,-1.6143384,3.4069276,0.31093213,1.011171,1.4226758,-1.1108339,-6.072365,1.2347243,-3.7384243,-0.09808923,-0.5318445,-0.45680574,988,seg_6a8s,NORM
-0.17449959,-2.6214964,-2.8894377,-1.4002643,4.7025204,0.20356582,0.38041124,2.1013136,-1.4944706,-5.7434015,0.7463937,-3.9061813,0.19719823,0.23087183,-0.28246123,988,seg_8a10s,NORM
-2.0757735,-4.75914,-4.8538136,-3.5579932,7.1091647,-0.7294748,3.4562795,2.9251573,0.180648,-5.18007,0.12779498,-4.3776503,2.8722754,-0.21252929,-0.14273545,989,seg_0a2s,NORM
-0.075127006,-3.403681,-4.3590317,-2.7060828,4.582488,-0.82411444,1.6985767,1.4189805,-0.12264845,-4.6556783,0.5477571,-3.430429,1.4355232,-0.1386287,-0.44502053,989,seg_2a4s,NORM
-0.102827795,-3.0354922,-4.389627,-2.2664273,5.1692324,-0.98010826,2.5366273,1.0040215,-1.057987,-5.19001,0.46469,-3.6733127,1.6968284,-0.06042987,-0.1688441,989,seg_4a6s,NORM
0.5680109,-2.785881,-3.4398665,-1.4939744,3.7111087,-0.74292004,1.300556,0.55173355,-1.0499933,-4.635189,0.14172721,-3.818219,0.22505622,0.4084481,-0.13323459,989,seg_6a8s,NORM
0.37696588,-3.1397145,-3.7756891,-1.9321527,2.5100455,-0.856349,2.152068,-0.20492765,-0.93535405,-5.169661,0.90351707,-3.4788268,0.5213618,-0.61703783,-0.2994099,989,seg_8a10s,NORM
0.6024728,-4.0566115,-1.8634259,-2.675522,5.709991,-0.3938692,-2.110518,1.7054133,-3.6050239,-5.085201,-0.7855449,-1.20661,0.2587353,1.4332786,0.68209934,990,seg_0a2s,MI
0.9594455,-3.304848,-1.1963781,-1.0031927,5.4874654,0.44837463,-2.2376344,1.291042,-2.6124978,-4.689052,-0.3608303,-0.55146515,0.27346402,0.44344425,-0.5639998,990,seg_2a4s,MI
-0.14446026,-2.6927776,-2.5057416,-2.0777102,3.5613747,-0.19901818,-1.7026147,0.81977665,-1.8470757,-5.4839573,0.009207327,-1.514814,-0.46237832,1.4897473,-1.2693583,990,seg_4a6s,MI
-1.5757316,-3.07192,-1.3850626,-0.39882463,3.6482666,0.13975659,-1.3257574,1.4653592,-0.9303213,-4.0226564,-0.11058436,-1.2668166,-0.8742707,0.42961693,-0.57739186,990,seg_6a8s,MI
-1.2768208,-3.5987804,-2.927413,-2.2021859,2.5288265,-1.0175592,-1.2926441,0.5442165,-1.8141296,-6.431026,1.043207,-1.7989681,-0.8221652,0.7093577,-0.5650661,990,seg_8a10s,MI
-1.2710388,-3.4338546,-3.8379664,-1.1613648,3.2423096,-0.0564301,-0.05067265,1.0419571,-0.5669528,-2.5833218,0.13056302,-3.036508,-0.25446934,0.16774349,-0.346536,992,seg_0a2s,NORM
-1.7140982,-3.466655,-2.6811986,-0.5501065,2.975201,0.036696225,0.5998904,1.2626262,0.3904833,-2.243002,-0.09633823,-2.810128,0.2662384,0.23002583,0.28313679,992,seg_2a4s,NORM
-0.6280561,-2.779763,-3.7253885,-1.1915104,3.5398529,0.23750478,0.016921647,0.22386932,-0.5250173,-2.7065594,0.03370195,-2.9038167,-0.17278707,0.037327312,-0.23972291,992,seg_4a6s,NORM
-0.957579,-2.8599055,-3.5597959,-0.84762937,3.1596737,-0.07635099,-0.21355265,0.5596196,-0.27070558,-2.1980145,0.31866217,-3.0246067,-0.21828255,0.12182968,-0.3028982,992,seg_6a8s,NORM
-0.9077085,-2.986804,-4.181484,-1.1235974,2.876526,-0.27125236,-0.27657804,0.50128627,-0.40068293,-1.7754166,0.1738008,-2.9452958,-0.4036764,0.12673083,-0.47760072,992,seg_8a10s,NORM
-0.38059318,-1.5812072,-3.977995,-2.29875,3.9138386,0.19019023,0.36270988,1.6463312,-1.713619,-3.453098,0.34960973,-3.9403682,-0.46481174,0.39649934,0.42573905,993,seg_0a2s,STTC
-0.5281266,-2.026578,-3.440608,-1.5524216,3.5802383,-0.06981185,0.39690658,2.2575479,-1.5722375,-3.7968135,1.0223755,-4.0013485,0.045661584,0.21602729,0.26873928,993,seg_2a4s,STTC
-0.55223614,-1.4449416,-4.440168,-2.438796,5.392483,0.58364576,-0.046447933,2.411014,-2.1175213,-2.7273002,-0.45486042,-4.234587,-0.41201776,1.0537386,0.60941815,993,seg_4a6s,STTC
-1.3263723,-2.0135326,-3.4935203,-2.0040345,3.7737284,0.8589058,0.30338067,2.4303524,-1.539053,-2.2763424,0.22122118,-3.8529973,-0.16645822,0.20010939,0.7576107,993,seg_6a8s,STTC
-0.51083136,-1.510282,-4.7976117,-3.1222672,4.491609,0.42143366,-0.052370653,1.2699271,-1.9814539,-2.9402058,-0.1526151,-4.3737006,-1.1740497,0.46023464,0.31382072,993,seg_8a10s,STTC
-0.6181408,-1.5988164,-3.1817336,-0.5570487,3.068213,0.4935552,0.63521755,1.7811031,-1.7892728,-4.4957223,-0.74576086,-1.3533596,-0.31357867,1.1786838,-1.6278445,995,seg_0a2s,NORM
-0.6190023,-1.8712684,-2.57628,0.11942591,3.0413516,0.075616285,0.58077544,2.123743,-1.8688202,-4.404796,-0.16940077,-1.1768768,-0.14915934,0.59809065,-1.8532597,995,seg_2a4s,NORM
-0.3541155,-1.9062893,-3.2527347,-0.919843,3.50505,0.36860263,0.41592136,1.929636,-2.329998,-4.8165617,-0.78248847,-1.4219687,-0.2229598,1.2908771,-1.5866729,995,seg_4a6s,NORM
-0.7164631,-1.9081542,-3.004037,0.15380068,2.8484797,0.20870863,0.44665942,2.2175612,-1.760472,-4.446836,0.061255604,-1.5331306,0.031120144,0.8628777,-1.6608462,995,seg_6a8s,NORM
-0.35202062,-1.6623776,-3.547131,-0.77900946,3.0437453,0.45968717,0.27414745,2.1758158,-2.3755774,-4.832056,-0.16160464,-1.7454302,0.4566949,1.7080845,-1.6780928,995,seg_8a10s,NORM
-0.16974482,-2.5834713,-3.0461078,-1.4168749,3.9350753,0.34999636,0.5501343,1.4124155,-2.3965442,-5.369776,0.44785213,-1.6634665,0.6973461,0.035077065,-0.6593232,996,seg_0a2s,MI
0.28716046,-2.7786043,-2.4952736,-0.7211032,4.1520615,0.87580156,-0.12129569,1.829947,-2.7152786,-4.7393436,0.57721156,-1.5482678,0.62255853,-0.5015602,-0.773288,996,seg_2a4s,MI
0.3377419,-2.9917324,-2.403185,-0.79749054,4.0605683,0.94471395,-0.1074374,1.8266585,-2.5705302,-4.777381,0.5454397,-1.4376479,0.9110663,-0.41775274,-0.47463915,996,seg_4a6s,MI
0.28111172,-2.8288445,-2.862596,-1.0458105,4.347695,0.6024015,0.11532725,1.3792654,-2.9221494,-5.2880664,0.30024397,-1.6908895,0.74329394,0.09202134,-0.6367266,996,seg_6a8s,MI
-0.95814836,-3.1674407,-2.9921331,-1.5384476,4.4925957,0.6835599,1.1347412,1.9353101,-1.790283,-5.7293806,0.1883108,-2.7967312,0.42812198,-0.03765677,-1.2483124,996,seg_8a10s,MI
-2.17872,-2.1947217,-2.2686543,-0.18866652,2.8143375,0.412466,-0.20528495,2.938557,-1.5314012,-3.237328,0.768865,-2.748421,-1.4509871,-0.4758826,-1.3514067,997,seg_0a2s,MI
-1.9563864,-2.181817,-2.2953315,-0.24308994,2.571266,0.18315539,-0.14142072,2.9556782,-1.6161797,-3.123226,0.8587105,-2.6658268,-1.4777069,-0.60944235,-1.3059523,997,seg_2a4s,MI
-1.8777753,-3.1639738,-1.1795145,-0.7479934,4.49457,0.50938284,-1.6833882,2.6521504,-0.12856412,-2.380347,0.19865471,-2.7541544,-0.97082424,-0.24728076,-0.069198444,997,seg_4a6s,MI
-1.6136583,-2.7932584,-1.3468916,-0.66672,4.450062,0.6471167,-1.5751156,2.362392,-0.36528534,-2.990971,0.3531859,-2.6070392,-0.91077656,-0.25485492,-0.34090146,997,seg_6a8s,MI
-2.0799637,-2.1482675,-1.3724399,0.12513752,3.5343392,0.55631137,-1.1201794,2.1898065,-0.24014762,-2.0098095,0.7813104,-2.2860985,-0.79555607,-0.5843293,-0.3414841,997,seg_8a10s,MI
0.9425154,-5.9979863,-5.7330074,-3.7911258,6.3674026,-3.410343,3.0017483,1.5414416,-3.986347,-10.772795,2.4555268,-6.8659167,1.2772547,-0.6438921,0.7736695,998,seg_0a2s,CD
-0.32801303,-5.201254,-5.1904,-3.2490041,4.971907,-2.3909433,-0.7151729,3.3166325,-3.2076545,-7.7590556,1.8946059,-5.741023,0.20723842,1.4496025,1.6043609,998,seg_2a4s,CD
-1.0963773,-5.7139883,-3.3581347,-2.8203394,6.3004003,-2.1758356,-0.4074198,3.9606142,-4.2501035,-6.5927486,1.4557852,-4.4042068,1.09824,0.6801073,3.135569,998,seg_4a6s,CD
-1.4396839,-6.1594486,-4.851982,-4.6914597,6.4824715,-3.2782266,2.7546337,2.8540409,-4.0633125,-9.379026,1.6782598,-7.5160966,0.9790846,0.7217464,1.4054617,998,seg_6a8s,CD
1.2767631,-5.228027,-6.9499226,-6.028303,8.359209,-1.3578954,1.2107946,3.3077133,-3.7862046,-8.342395,0.8511281,-5.25395,4.3106475,1.9754362,0.36080527,998,seg_8a10s,CD
1.0187727,-4.0185914,-3.6624908,-1.9392204,3.1439054,-0.762303,-0.9091839,0.98576784,0.13854115,-5.649375,1.2708899,-3.670641,-0.1299918,-0.22951768,1.552249,999,seg_0a2s,NORM
1.1069349,-3.8731077,-3.8499484,-1.8940463,2.9237816,-0.5523541,-0.785066,0.64077103,0.30133545,-5.3172107,1.0805693,-3.416698,-0.02351673,-0.20933168,1.4646556,999,seg_2a4s,NORM
0.78948224,-4.033471,-3.5522628,-1.9018891,2.9124713,-0.90015364,-0.803175,0.9302523,0.58862174,-5.2902856,1.194819,-3.654506,-0.2694832,-0.2772969,1.5350032,999,seg_4a6s,NORM
0.673922,-3.7904382,-3.4004564,-1.5157473,2.8212726,-0.85524905,-0.8616442,0.96657383,0.55215013,-5.055807,1.4844289,-3.3912756,-0.25215676,-0.62634706,1.6264225,999,seg_6a8s,NORM
0.016247988,-3.2808824,-3.315786,-0.45137328,3.055463,-0.2356027,-0.75419503,1.9615314,0.4951345,-4.0591364,0.93901217,-3.1370013,0.20387466,0.25549516,1.3254265,999,seg_8a10s,NORM
