ecg_id,segment_id,label,mean_I,median_I,variance_I,std_I,mean_II,median_II,variance_II,std_II,mean_III,median_III,variance_III,std_III,mean_V3,median_V3,variance_V3,std_V3,mean_V6,median_V6,variance_V6,std_V6
8,seg_0a2s,MI,0.013816,-0.03,0.0246705366806806,0.1570685731796169,0.260129,0.286,0.0303865789379379,0.1743174659577689,0.246328,0.2945,0.0307368632792792,0.175319318043618,-0.054217,-0.0735,0.1033029268378378,0.3214077267861459,-0.1014609999999999,-0.136,0.0217348273063063,0.1474273628140526
8,seg_2a4s,MI,0.022796,-0.035,0.0331634498338338,0.1821083464145282,-0.079531,-0.129,0.1106351902292292,0.332618685929142,-0.1023019999999999,-0.1685,0.1119044912872872,0.3345212867476258,0.017955,0.035,0.1712679309059059,0.4138452982769116,0.031943,0.04,0.0436668065575575,0.2089660416372898
8,seg_4a6s,MI,7.499999999999929e-05,-0.048,0.025076646021021,0.1583560735211031,-0.462501,-0.506,0.0153912592582582,0.1240615140092134,-0.462562,-0.48,0.0159757579139139,0.1263952448231891,0.171209,0.147,0.1025473086276276,0.3202300870118665,0.139488,0.11,0.0209407886446446,0.1447093246637708
8,seg_6a8s,MI,-0.001543,-0.064,0.0331921282792792,0.1821870694623504,-0.0061419999999999,0.0055,0.0291568446806806,0.1707537545141561,-0.004591,0.019,0.0327512069259259,0.1809729452872056,-0.010296,-0.06,0.1375051375215215,0.370816851722682,0.012504,-0.031,0.0299399899739739,0.1730317600152468
8,seg_8a10s,MI,-0.022825,-0.07,0.0255827611361361,0.1599461194782047,0.31059,0.3,0.0085127026026026,0.0922643083895533,0.33341,0.34,0.0111129828828828,0.1054181335581449,-0.133132,-0.15,0.1101963269029029,0.331958321032781,-0.076142,-0.12,0.0222058016376376,0.1490161120068485
39,seg_0a2s,MI,-0.050004,-0.09,0.0415847267107107,0.2039233353756031,0.028354,0.0185,0.0124172179019019,0.1114325710997547,0.078361,0.102,0.0196648635425425,0.1402314641674348,0.0413729999999999,0.0595,0.076998113984985,0.2774853401262578,0.069739,0.043,0.030043142021021,0.1733295763019716
39,seg_2a4s,MI,0.086829,0.061,0.0447256734324324,0.2114844519874509,0.012957,-0.005,0.0135714105615615,0.1164963972042121,-0.073877,-0.0555,0.0159670549259259,0.1263608124614824,0.013971,0.035,0.0587151413003002,0.2423120741942099,-0.001586,-0.0415,0.0343620346386386,0.1853699939004116
39,seg_4a6s,MI,0.098211,0.065,0.034860603082082,0.1867099437150632,0.038821,0.0475,0.0106113923513513,0.1030116127014394,-0.059383,-0.065,0.0184030593703703,0.1356578761825879,0.0010079999999999,0.02,0.0636777777137137,0.2523445614902641,-0.057703,-0.064,0.0266183611521521,0.1631513443161047
39,seg_6a8s,MI,-0.085267,-0.113,0.0444182659769769,0.2107564138454082,0.0160029999999999,0.011,0.014458091082082,0.1202418025566902,0.101268,0.122,0.0224220462222222,0.1497399286169932,-0.037536,-0.005,0.0751485932972973,0.2741324375138727,0.003182,-0.02,0.0269807396156156,0.1642581493126463
39,seg_8a10s,MI,-0.055423,-0.0705,0.0386926407117117,0.196704450157366,-0.115595,-0.13,0.0160683993743743,0.126761190331956,-0.060169,-0.04,0.0142234478868868,0.1192620974446067,-0.0072869999999999,0.01,0.0709309435745745,0.2663286382921945,0.025108,0.0035,0.0396663186546546,0.199164049603975
63,seg_0a2s,MI,-0.037109,-0.065,0.0103993784974974,0.1019773430596105,-0.02639,-0.07,0.012977113013013,0.1139171322190521,0.010736,0.01,0.0024304968008008,0.0493000689735907,0.00339,-0.025,0.0777614053053053,0.2788573206951995,-0.003662,-0.09,0.0690698275835836,0.2628113916548968
63,seg_2a4s,MI,0.006157,-0.02,0.01089665901001,0.104387063422677,-0.019853,-0.065,0.013212652043043,0.1149463006931629,-0.0259979999999999,-0.04,0.0024586046006006,0.0495843180915155,-0.009845,-0.035,0.0763283793543543,0.2762759116433323,0.002989,-0.075,0.0665788897687687,0.2580288545274903
63,seg_4a6s,MI,-0.0059149999999999,-0.028,0.0097310067817817,0.098645865507794,0.016535,-0.03,0.0123389857607607,0.1110809873955069,0.022466,0.015,0.0028724693133133,0.0535954225033567,-0.019967,-0.045,0.0643863802912912,0.2537447148046463,0.002632,-0.075,0.0670820646406406,0.2590020552826572
63,seg_6a8s,MI,0.011529,-0.015,0.0111563114704704,0.105623441860557,-0.000267,-0.045,0.0151689066176176,0.1231621151881438,-0.011793,-0.025,0.0030146487997997,0.054905817540583,-0.009575,-0.0395,0.0770073116866866,0.2775019129423915,0.007493,-0.075,0.06895705901001,0.2625967612329025
63,seg_8a10s,MI,0.016415,-0.015,0.0116461669419419,0.1079174079652673,0.016717,-0.019,0.0129935364474474,0.1139891944328384,0.0003169999999999,-0.007,0.0032010715825825,0.0565780132435081,-0.0179099999999999,-0.035,0.074441165065065,0.2728390827302149,-0.017002,-0.0955,0.0656127587547547,0.2561498755704455
103,seg_0a2s,MI,0.0702459999999999,0.055,0.0079671646486486,0.0892589751714002,-0.051369,-0.05,0.0093746995385385,0.0968230320664383,-0.121636,-0.105,0.0111693568608608,0.1056851780566265,0.0265179999999999,0.045,0.0717914631391391,0.267939290025071,0.045608,0.025,0.0136323106466466,0.1167574864693765
103,seg_2a4s,MI,-0.00566,-0.0195,0.0077729933933933,0.0881645812863271,-0.007591,0.005,0.0093115352542542,0.0964962965831034,-0.001926,0.026,0.0088391076316316,0.0940165285023417,-0.0184139999999999,0.01,0.091492399003003,0.3024771049236669,-0.0122739999999999,-0.03,0.0147155444684684,0.1213076438995847
103,seg_4a6s,MI,-0.033661,-0.048,0.0062407648438438,0.0789985116558776,0.052999,0.06,0.0079086816806806,0.0889307690323246,0.086655,0.107,0.0059883623373373,0.0773845096730433,-0.029337,-0.022,0.0725806701011011,0.2694079993264882,-0.027081,-0.043,0.0119137622012012,0.1091501818651769
103,seg_6a8s,MI,-0.019931,-0.04,0.0080269451841841,0.0895932206374131,0.074551,0.08,0.0085952826816816,0.0927107473903736,0.0944899999999999,0.115,0.0080710929929929,0.0898392619793428,-0.0615179999999999,-0.0315,0.0880422419179179,0.2967191296797662,-0.052251,-0.07,0.014319059058058,0.1196622708210823
103,seg_8a10s,MI,-0.026812,-0.037,0.0077048615175175,0.0877773405698618,-0.08122,-0.099,0.0127221357357357,0.1127924453841467,-0.054412,-0.061,0.0100995598158158,0.1004965661891779,0.052928,0.064,0.0704365493653653,0.2653988495931461,0.036039,0.024,0.0118286421211211,0.1087595610561256
106,seg_0a2s,MI,0.0273069999999999,-0.03,0.0248778385895895,0.1577271016331359,-0.021641,-0.08,0.0342855796986987,0.1851636565276747,-0.04896,-0.06,0.0032854518518518,0.0573188612225666,0.026887,-0.084,0.1184103966276276,0.3441081176427368,0.010349,-0.074,0.0497073004994995,0.2229513411027157
106,seg_2a4s,MI,-0.0181039999999999,-0.06,0.0215730722562562,0.1468777459530757,0.017072,0.01,0.0278843771931931,0.1669861586874588,0.035193,0.049,0.005100304055055,0.0714164130648904,-0.048684,-0.13,0.08181986601001,0.2860417207506801,-0.0101409999999999,-0.065,0.0434856607797797,0.2085321576634639
106,seg_4a6s,MI,-0.004657,-0.06,0.0222862475985986,0.1492857916835979,0.001625,-0.07,0.0266913377127127,0.16337483806484,0.006261,0.005,0.0023236124914914,0.0482038638647514,0.0031009999999999,-0.1275,0.0923358166156156,0.3038680908151029,0.002648,-0.065,0.0363460361321321,0.1906463640674328
106,seg_6a8s,MI,0.003668,-0.05,0.0290454051811811,0.1704271257200014,0.039387,-0.019,0.031480798029029,0.1774282898216319,,,,,0.034925,-0.065,0.1113551785535535,0.3336992336724098,0.0124849999999999,-0.065,0.0517196834584584,0.2274196197746765
106,seg_8a10s,MI,-0.010687,-0.05,0.0178170721031031,0.1334806057189699,-0.022185,-0.064,0.0186255102852852,0.1364753101673899,-0.011503,-0.011,0.0017884344254254,0.0422898856161307,-0.0456329999999999,-0.137,0.0619248271381381,0.2488469954372327,-0.0271339999999999,-0.08,0.0285336096536536,0.1689189440342724
131,seg_0a2s,MI,0.04491,0.03,0.0062724263263263,0.0791986510385519,0.061667,0.03,0.0156183564674674,0.1249734230445316,0.0167629999999999,0.0,0.0027839147457457,0.0527628159383646,-0.067138,-0.089,0.022981100056056,0.15159518480498,-0.002035,-0.025,0.0134155273023023,0.115825417341369
131,seg_2a4s,MI,-0.022276,-0.04,0.005641227051051,0.0751081024327672,-0.006256,-0.035,0.0131557562202202,0.1146985449786535,0.016022,0.005,0.0020997152312312,0.0458226497622216,0.008326,-0.017,0.02007433606006,0.1416839301405069,-0.0068679999999999,-0.035,0.0125322668428428,0.1119476075798086
131,seg_4a6s,MI,0.0150639999999999,0.0,0.0083839938978978,0.0915641518166247,-0.028531,-0.07,0.0178574725115115,0.1336318544042232,-0.0435959999999999,-0.05,0.0040954882722722,0.0639960020022522,0.084277,0.06,0.018139754025025,0.1346839041052234,0.0306,-0.005,0.0170103383383383,0.1304236877961144
131,seg_6a8s,MI,0.014254,-0.005,0.0061076951791791,0.0781517445690061,-0.032379,-0.063,0.0135963096686686,0.1166032146583818,-0.0466109999999999,-0.054,0.0022046863653653,0.0469540878450999,0.072798,0.05,0.020018856052052,0.141488006742805,0.0188019999999999,0.0,0.0127835203163163,0.113064230932317
131,seg_8a10s,MI,-0.0420579999999999,-0.059,0.00650938402002,0.0806807537149971,0.0168699999999999,-0.024,0.0147942573573573,0.1216316462001454,0.058928,0.06,0.0032141009169169,0.056693041168356,-0.084149,-0.128,0.0270230438428428,0.1643868724772232,-0.009822,-0.037,0.013385706022022,0.1156966119729615
146,seg_0a2s,MI,-0.0320399999999999,-0.059,0.0168432996996996,0.129781738698862,0.042177,-0.025,0.0976080417127127,0.3124228572187264,0.074207,0.054,0.1160899841351351,0.3407198029688547,-0.042123,-0.095,0.072500130001001,0.2692584817624154,-0.040009,-0.1,0.0991784233423423,0.3149260601194228
146,seg_2a4s,MI,0.0094539999999999,-0.02,0.0194028026866866,0.139293943467355,0.032404,-0.015,0.0897490117957958,0.2995813942750714,0.022948,0.0,0.1059460213173173,0.3254935042628613,-0.013223,-0.05,0.0614298411121121,0.2478504410165778,0.0138529999999999,-0.05,0.109628660051051,0.3311021897406465
146,seg_4a6s,MI,0.006446,-0.019,0.0150773804644644,0.1227899851961244,-0.0349369999999999,-0.08,0.0615410841151151,0.2480747550943366,-0.041393,-0.045,0.0703499424934935,0.2652356357910707,0.046749,-0.005,0.0477434094084084,0.2185026530923787,0.016257,-0.026,0.0773575885395395,0.2781323219971737
146,seg_6a8s,MI,-0.010365,-0.035,0.0176371269019019,0.1328048451747973,-0.020443,-0.07,0.0958228956466466,0.309552734839553,-0.010075,-0.035,0.1143690444194194,0.3381849263634017,-0.0098789999999999,-0.049,0.0665612195785785,0.257994611530122,0.0019629999999999,-0.06,0.1047420376686686,0.3236387456233704
146,seg_8a10s,MI,0.00909,-0.005,0.015216188088088,0.1233539139552859,-0.014793,-0.041,0.0601522584094094,0.2452595735326338,-0.023875,-0.025,0.068230684059059,0.2612100382050028,-0.009365,-0.057,0.0450813251001,0.2123236329288383,0.0105689999999999,-0.03,0.0755402775165165,0.2748459159538604
152,seg_0a2s,MI,-0.011029,-0.015,0.0020713795385385,0.0455124108187924,0.026647,0.024,0.0042962306216216,0.0655456377009303,0.037667,0.04,0.0061312813923923,0.0783024992729631,-0.084561,0.015,0.2643682204994995,0.5141675023759277,0.004612,-0.04,0.0264434749309309,0.1626144979112592
152,seg_2a4s,MI,-0.007803,-0.011,0.001980815006006,0.0445063479293235,-0.0079599999999999,-0.015,0.0035890694694694,0.0599088429989218,-0.0001569999999999,0.005,0.0057984528038038,0.0761475725404546,0.029058,0.08,0.1745051918278278,0.4177381857429696,-0.015941,-0.0295,0.0132548363553553,0.115129650200786
152,seg_4a6s,MI,-0.012218,-0.013,0.0024697242002002,0.0496963197852738,-0.011213,-0.025,0.004696416047047,0.0685304023557942,0.001005,-0.005,0.0069385054804804,0.0832976919276907,0.017237,0.105,0.2713199267577577,0.5208837939096951,0.017212,0.001,0.0189890741301301,0.1378008495261554
152,seg_6a8s,MI,-0.000309,-0.005,0.0017982978168168,0.0424063417051838,0.033089,0.023,0.0045004054844844,0.0670850615598173,0.033386,0.03,0.0059898468508508,0.0773941008788838,-0.0183099999999999,0.072,0.2699846005005005,0.5196004238840655,-0.0438799999999999,-0.06,0.0203718354354354,0.1427299388195603
152,seg_8a10s,MI,0.008868,0.005,0.0019969154914914,0.044686860389733,-0.039027,-0.045,0.0037040363073073,0.0608607945011179,-0.047895,-0.0515,0.0059777997747747,0.0773162322851726,0.074164,0.114,0.1790593564604604,0.4231540575965926,0.0223949999999999,0.021,0.0137337006756756,0.1171908728343452
153,seg_0a2s,MI,-0.038303,-0.084,0.0205424456366366,0.143326360578355,0.0098059999999999,-0.02,0.00981371608008,0.0990642018091302,0.048094,0.055,0.0042647719359359,0.0653052213527826,0.036966,0.005,0.0312465634074074,0.1767669748776829,0.090306,0.065,0.013829664028028,0.1175995919551935
153,seg_2a4s,MI,-0.00963,-0.0485,0.0206332483483483,0.143642780355813,0.0065259999999999,-0.02,0.0099613626866866,0.0998066264668167,0.016168,0.025,0.0059363721481481,0.0770478562203267,-0.0087309999999999,-0.035,0.0289471658048048,0.1701386664012763,0.0221079999999999,-0.01,0.0159339382742742,0.1262297044053984
153,seg_4a6s,MI,0.0025889999999999,-0.045,0.0192852793583583,0.1388714490396005,0.0250039999999999,-0.005,0.0108804224064064,0.1043092632818696,0.022406,0.03,0.0041883835475475,0.0647177220515953,-0.0120409999999999,-0.05,0.0374516629819819,0.1935243214223524,-0.004918,-0.045,0.0183747079839839,0.1355533399956784
153,seg_6a8s,MI,0.022682,-0.019,0.0188425714474474,0.1372682463188316,-0.012822,-0.045,0.0105396279439439,0.1026626901261794,-0.035489,-0.035,0.0043546965755755,0.0659901248337626,-0.0028229999999999,-0.049,0.0376299836546546,0.1939844933355619,-0.037018,-0.0705,0.0194850247007007,0.1395887699662859
153,seg_8a10s,MI,0.022468,-0.02,0.0188935365125125,0.1374537613618212,-0.008553,-0.04,0.0112484396306306,0.1060586612711599,-0.031038,-0.03,0.0037097122682682,0.0609074073349725,-0.031026,-0.07,0.037634748072072,0.1939967733547959,-0.090504,-0.13,0.0190599939779779,0.1380579370336163
161,seg_0a2s,MI,0.028883,0.015,0.0031705818928928,0.0563079203389087,0.107321,0.11,0.0044603783373373,0.0667860639455368,0.078435,0.0895,0.0041728786536536,0.0645978223599964,-0.092316,-0.086,0.0510916157597597,0.2260345455008144,-0.0471979999999999,-0.055,0.0036755463423423,0.0606262842531384
161,seg_2a4s,MI,-0.002303,-0.015,0.0036837689599599,0.0606940603350934,-0.046085,-0.048,0.004922300075075,0.0701591054324032,-0.043784,-0.045,0.0041732385825825,0.0646006082214601,0.049851,0.06,0.0498601109099099,0.2232937771410343,-0.0089679999999999,-0.014,0.003768085061061,0.0613847298687634
161,seg_4a6s,MI,-0.021055,-0.035,0.0029762682432432,0.0545551853011539,-0.0653899999999999,-0.074,0.0040690549549549,0.0637891444914803,-0.044342,-0.034,0.0027671481841841,0.052603689834309,0.041558,0.04,0.0524927213573573,0.2291129008968228,0.008653,0.007,0.0053756702612612,0.0733189624944411
161,seg_6a8s,MI,0.010331,0.0,0.0033351605995995,0.0577508493409369,0.024409,0.025,0.0048438595785785,0.069597841766671,0.014094,0.035,0.0048123655295295,0.0693712154249118,0.015574,0.005,0.0506564209449449,0.2250698134911586,0.034645,0.025,0.0024759329079079,0.0497587470492164
161,seg_8a10s,MI,-0.0088659999999999,-0.02,0.0035478218658658,0.0595635951388586,-0.020252,-0.025,0.004479518014014,0.0669292015043808,-0.011394,-0.005,0.0045175803443443,0.0672129477433057,-0.018294,-0.018,0.0492299995635635,0.2218783440617032,0.013054,0.0,0.0023618249089089,0.0485986101540868
162,seg_0a2s,MI,0.015924,-0.0305,0.0895778540780781,0.2992955964896211,0.033278,0.066,0.0252221328488488,0.1588147752850749,0.01737,0.09,0.1860217988988989,0.4313024448097864,-0.0004649999999999,0.071,0.1313158045795795,0.3623752262221847,-0.2171,-0.21,0.0339675375375375,0.1843028419138933
162,seg_2a4s,MI,0.020759,-0.023,0.0808330039229229,0.2843114558418688,-0.004784,0.0225,0.0237395789229229,0.1540765359258927,-0.0255409999999999,0.04,0.1692979062252252,0.4114582679023781,0.023024,0.0945,0.1189820915155155,0.3449378081850632,0.1134259999999999,0.155,0.0263171456696696,0.1622256011536701
162,seg_4a6s,MI,0.0247269999999999,-0.05,0.1302998643353353,0.3609707250392133,-0.0269469999999999,0.02,0.0415872654564564,0.2039295600359508,-0.0516739999999999,0.065,0.2532107484724725,0.5032005052386896,-0.015553,0.101,0.1845576648558558,0.4296017514580869,0.149665,0.1615,0.0361270878628628,0.190071270482582
162,seg_6a8s,MI,-0.0309039999999999,-0.0805,0.0894248396236236,0.2990398629340637,-0.0001939999999999,0.025,0.0247790554194194,0.1574136443241799,0.030702,0.095,0.1845727499459459,0.4296193081624078,0.048042,0.123,0.1217666288648648,0.3489507542116292,0.13856,0.16,0.0234815099099099,0.1532367772759199
162,seg_8a10s,MI,-0.029445,-0.076,0.0838708758508508,0.289604688931051,-0.0084369999999999,0.024,0.0251341481791791,0.1585375292452206,0.0210109999999999,0.0885,0.176879105984985,0.4205699775126429,-0.044279,0.04,0.129153909068068,0.3593798951917984,-0.158465,-0.144,0.0409588536286286,0.2023829380867582
175,seg_0a2s,MI,-0.048746,-0.082,0.0218371206046046,0.1477738833644315,0.0015199999999999,-0.02,0.0108931547547547,0.1043702771614349,0.050271,0.06,0.0037165661251251,0.0609636459303831,-0.083122,-0.0925,0.0601703374534534,0.2452964277225688,0.0166379999999999,-0.02,0.0232359809369369,0.1524335295692419
175,seg_2a4s,MI,0.004662,-0.04,0.0228086584144144,0.1510253568590864,0.045552,0.0165,0.0093773306266266,0.0968366182114319,0.0409,0.055,0.0052259299299299,0.0722905936476519,0.049586,0.03,0.062685464068068,0.2503706533682973,-0.070898,-0.11,0.0202511867827827,0.1423066645761286
175,seg_4a6s,MI,0.031981,-0.019,0.0216602208598598,0.147174117493056,0.0139889999999999,-0.0104999999999999,0.010477216095095,0.1023582732127457,-0.018003,-0.01,0.0054045115025025,0.0735153827610419,0.055151,0.0295,0.0595035977967967,0.2439335930059588,-0.041003,-0.085,0.021863007998999,0.147861448657177
175,seg_6a8s,MI,0.017214,-0.03,0.0227543405445445,0.1508454193687847,-0.018385,-0.05,0.0114277024774774,0.1069004325411149,-0.035616,-0.025,0.0046947633073073,0.0685183428528982,0.044033,0.0,0.0619396395505505,0.2488767557457919,0.004966,-0.04,0.0224845974414414,0.1499486493485068
175,seg_8a10s,MI,-0.01387,-0.054,0.0203726877877877,0.1427329246802845,-0.019769,-0.045,0.0090137974364364,0.0949410208310213,-0.0059209999999999,0.004,0.0047208896486486,0.0687087305125676,-0.0746449999999999,-0.09,0.0544337567317317,0.23331042996774,0.034511,0.005,0.0198517216006006,0.1408961376354958
177,seg_0a2s,MI,-0.00942,-0.033,0.0102060856856856,0.1010251735246502,-0.009126,-0.011,0.0061737999239239,0.0785735319552578,0.0003039999999999,0.035,0.0208266121961961,0.1443142827172563,-0.056835,-0.0485,0.0885738616366366,0.2976136113094235,-0.0180439999999999,-0.015,0.0033254655295295,0.0576668494850336
177,seg_2a4s,MI,0.013809,-0.007,0.0101072978168168,0.1005350576506365,0.0096629999999999,0.0155,0.0061350304614614,0.0783264352658887,-0.0041599999999999,0.038,0.022144621021021,0.1488106885308344,0.005095,0.024,0.0862595595345345,0.2936997778932332,0.011738,0.015,0.0034782355915915,0.0589765681571214
177,seg_4a6s,MI,0.0189209999999999,-0.01,0.0121095402992992,0.1100433564523515,0.025742,0.038,0.0068363878238238,0.0826824517284279,0.006843,0.06,0.0253047951461461,0.159074809904479,0.000482,0.0289999999999999,0.1088650907667667,0.3299471029828369,0.017584,0.025,0.0037824453893893,0.0615015885111058
177,seg_6a8s,MI,-0.005815,-0.0235,0.0096885853603603,0.0984306119068674,0.027836,0.04,0.0078955486526526,0.0888568998595643,0.033648,0.0665,0.0215540901861861,0.1468131131274934,0.0292109999999999,0.0405,0.0869494699489489,0.294871955175376,0.003493,0.006,0.0030178077587587,0.0549345770781823
177,seg_8a10s,MI,-0.004855,-0.028,0.0097019799549549,0.0984986292034308,-0.017643,-0.01,0.0058173368878878,0.0762714683737496,-0.0127869999999999,0.021,0.0193082959269269,0.1389542943810191,0.027287,0.02,0.0933870076386386,0.3055928789069513,0.0004609999999999,0.0015,0.0030636661451451,0.0553503942636829
181,seg_0a2s,MI,0.021625,-0.02,0.0199772336086086,0.1413408419693635,0.028393,0.0305,0.0039828353863863,0.0631097091293121,0.0067569999999999,0.04,0.0340362221731731,0.1844890841572291,-0.048326,-0.082,0.2833191969209209,0.5322773684094796,,,,
181,seg_2a4s,MI,0.018622,-0.02,0.0201182974134134,0.1418389841101994,-0.007656,-0.006,0.0036392769409409,0.0603264199247804,-0.02629,0.0,0.0326100459459459,0.1805825183841058,0.0062979999999999,-0.045,0.2791095707667667,0.52830821569115,,,,
181,seg_4a6s,MI,0.021712,-0.005,0.0155643934494494,0.1247573382589154,-0.004999,-0.0005,0.0038062312302302,0.061694661278187,-0.0266979999999999,-0.002,0.0279230958918918,0.1671020523269893,0.034626,-0.007,0.2218347688928929,0.4709933851901668,,,,
181,seg_6a8s,MI,-0.01058,-0.044,0.0180303899899899,0.1342772876922601,0.005042,0.005,0.0038313776136136,0.0618981228601773,0.015616,0.04,0.0290352678118118,0.1703973820568022,0.033691,-0.0185,0.2251149985175174,0.4744628526212747,,,,
181,seg_8a10s,MI,-0.04405,-0.09,0.0221592267267267,0.1488597552286269,-0.016351,-0.01,0.0035179437427427,0.0593122562607657,0.0277099999999999,0.0765,0.0320646465465465,0.1790660396237839,-0.025985,-0.06,0.2807224332082083,0.5298324576771494,,,,
182,seg_0a2s,MI,-0.009837,-0.041,0.0127765429739739,0.1130333710634783,-0.0216489999999999,0.04,0.0828121919909909,0.2877710756677796,-0.0117829999999999,0.0845,0.1532215654764764,0.3914352634554997,-0.054394,-0.02,0.0775869657297297,0.2785443694094887,-0.050151,0.0,0.0445177919909909,0.210992397945971
182,seg_2a4s,MI,0.010016,-0.014,0.0088210007447447,0.0939201828402433,0.0368769999999999,0.079,0.065343213084084,0.2556231857326014,0.0268769999999999,0.09,0.1151005183893894,0.3392646730642455,-0.012869,0.015,0.0560661159549549,0.236782845567315,0.066768,0.095,0.04028789407007,0.2007184447679636
182,seg_4a6s,MI,0.012434,-0.008,0.0157580556996997,0.1255310945531014,-0.043317,-0.012,0.0715006691801801,0.2673960904354814,-0.055767,0.0,0.1140314121231231,0.3376853744584197,0.050805,0.0655,0.0606685214964965,0.246309807958385,0.0138349999999999,0.026,0.0356860258008008,0.1889074530049061
182,seg_6a8s,MI,0.02341,0.005,0.0086986085085085,0.0932663310552554,-0.0287259999999999,0.0,0.0612867616856856,0.2475616320952939,-0.0521439999999999,-0.005,0.1098073606246246,0.3313719369901812,0.063222,0.094,0.059487372088088,0.243900332283677,0.075413,0.1005,0.0374767531841841,0.1935891349848544
182,seg_8a10s,MI,-0.0397839999999999,-0.063,0.0087586439879879,0.0935876273232097,0.050923,0.085,0.0633233764474474,0.2516413647384854,0.090695,0.155,0.113725137112112,0.3372315778691433,-0.0202359999999999,0.005,0.0551259562602602,0.2347891740695475,-0.082296,-0.06,0.0333909193033033,0.1827318234553119
184,seg_0a2s,MI,-0.060729,-0.083,0.0096715851441441,0.0983442176446797,-0.035111,-0.033,0.0089478164954954,0.0945928987582868,0.025616,0.055,0.0203991356796796,0.1428255428124804,0.0221449999999999,0.01,0.0485925985735735,0.2204372894352803,-0.077514,-0.075,0.0046663501541541,0.0683106884327346
184,seg_2a4s,MI,0.0109909999999999,-0.009,0.0110512601791791,0.105124974098352,0.045548,0.0685,0.0135962839799799,0.1166031045040396,0.034563,0.07,0.0294097878188188,0.1714928214789727,-0.013648,-0.01,0.0648318179139139,0.2546209298426072,-0.008122,0.0144999999999999,0.0112713744904904,0.1061667296778538
184,seg_4a6s,MI,0.0274859999999999,0.005,0.0089684262302302,0.094701775222169,0.0415279999999999,0.055,0.0114135928088088,0.1068344177164307,0.0140389999999999,0.0455,0.0239394569359359,0.1547238085620178,0.018541,-0.015,0.0560876479669669,0.236828309048912,-0.021895,-0.03,0.0080203883633633,0.0895566209912107
184,seg_6a8s,MI,-0.001618,-0.015,0.0086920241001001,0.0932310254158995,-0.008824,-0.003,0.0102359209449449,0.1011727282667861,-0.0072029999999999,0.03,0.0215996214124124,0.1469680965802184,0.0108879999999999,-0.0085,0.0485938973533533,0.2204402353322853,0.032718,0.035,0.0071812497257257,0.0847422546651062
184,seg_8a10s,MI,0.028611,0.0075,0.0104420877667667,0.1021865341753343,-0.0438389999999999,-0.005,0.0293925216006006,0.1714424731523685,-0.072447,-0.006,0.0494547999909909,0.2223843519472334,-0.083055,-0.04,0.1224868568318318,0.3499812235418235,0.032926,0.045,0.0180467813053053,0.1343383091500905
189,seg_0a2s,MI,0.037555,0.023,0.0104451541291291,0.1022015368237147,-0.022143,-0.045,0.0134163889399399,0.1158291368349947,-0.059687,-0.06,0.0214478408718718,0.1464508138313743,-0.002882,0.04,0.0770941722482482,0.2776583732723511,0.034645,0.035,0.011348079054054,0.1065273629357924
189,seg_2a4s,MI,-0.0275409999999999,-0.045,0.0101582365555555,0.1007880774474618,0.002234,-0.0115,0.0149310242682682,0.1221925704299089,0.029774,0.055,0.0228626295535535,0.1512039336576715,-0.016929,0.02,0.0763900119709709,0.2763874309207475,-0.106471,-0.13,0.0094977729319319,0.0974565181603156
189,seg_4a6s,MI,-0.046215,-0.065,0.0149208996746746,0.1221511345615531,0.001589,0.0,0.0180362843633633,0.1342992344109353,0.047796,0.08,0.030599682066066,0.1749276480893345,-0.047498,-0.005,0.1133361141101101,0.3366542946556751,0.01928,-0.016,0.0446749925925925,0.2113645963556635
189,seg_6a8s,MI,0.007283,0.003,0.0110019969079079,0.1048904042699231,0.013787,-0.004,0.0154051327637637,0.1241174152315611,0.0065079999999999,0.0305,0.0212032611971972,0.1456133963521118,0.0276449999999999,0.07,0.0782259088838838,0.2796889502355856,0.217009,0.195,0.0298266115305305,0.1727038260448521
189,seg_8a10s,MI,0.018925,0.0,0.0109585899649649,0.1046832840761358,0.008165,-0.007,0.014535277052052,0.1205623367891152,-0.0107389999999999,0.011,0.0220528237027027,0.1485019316463685,0.045547,0.08,0.0828410488398398,0.2878212098505595,-0.159798,-0.155,0.0084700292252252,0.0920327616950899
199,seg_0a2s,MI,-0.054142,-0.0705,0.0086838476836836,0.0931871648011875,-0.022008,-0.0535,0.019299071007007,0.1389210963353191,0.032132,0.04,0.0088152438198198,0.0938895298732495,0.041006,-0.004,0.0469627507147147,0.216708907788108,-0.139853,-0.2065,0.0395382296206206,0.1988422229322047
199,seg_2a4s,MI,0.040377,0.015,0.0072200288998999,0.0849707532030868,-0.010493,-0.0495,0.0153653773283283,0.1239571592459601,,,,,-0.0074,-0.0935,0.0541429309309309,0.2326863359351617,0.245049,0.218,0.019423438037037,0.1393679950240981
199,seg_4a6s,MI,0.014622,-0.005,0.0066407518678678,0.0814908084870181,0.00705,-0.02,0.0148326121121121,0.1217892118051189,-0.0075689999999999,-0.0165,0.0054862174564564,0.0740690046946525,-0.0192249999999999,-0.082,0.0423923747497497,0.205894086242781,-0.107855,-0.14,0.0300759659409409,0.173424236890179
199,seg_6a8s,MI,-0.0058509999999999,-0.0285,0.0067478046036036,0.0821450217822334,0.0250089999999999,-0.005,0.0168914683873873,0.1299671819629378,0.0308719999999999,0.026,0.0064677393553553,0.0804222565920364,-0.012202,-0.0745,0.0388970402362362,0.1972233257914394,-0.0735039999999999,-0.09,0.0303657937777777,0.1742578370627208
199,seg_8a10s,MI,-0.020987,-0.037,0.0079707335645645,0.0892789648493113,-0.02487,-0.0615,0.0151911462462462,0.1232523681161796,,,,,-0.038532,-0.105,0.0532716966726726,0.2308066218128775,0.090385,0.08,0.0238957084834834,0.1545823679579384
210,seg_0a2s,MI,0.0009499999999999,-0.028,0.0152242677677677,0.1233866596021132,0.0065429999999999,-0.01,0.0104774355865865,0.1023593453798264,0.005588,0.03,0.0134949492052052,0.1161677631927429,-0.040841,-0.115,0.0843840717907907,0.2904893660545783,-0.0233929999999999,-0.07,0.0244003749259259,0.156206193622167
210,seg_2a4s,MI,-0.013282,-0.036,0.0109243167927927,0.1045194565274465,0.0167809999999999,-0.008,0.0097884434824824,0.0989365629203,0.0300679999999999,0.043,0.008065717093093,0.0898093374493604,-0.008308,-0.105,0.071989897033033,0.2683093308720981,0.008048,-0.04,0.0199919076036036,0.1413927424007456
210,seg_4a6s,MI,-0.015176,-0.037,0.0120391001241241,0.1097228331940263,0.023423,0.014,0.0083197097807807,0.0912124431247227,0.038607,0.056,0.0095082147657657,0.0975100752013132,-0.0456469999999999,-0.11,0.0633793177087087,0.2517524929543076,-0.023805,-0.055,0.0177905695445445,0.133381293832923
210,seg_6a8s,MI,0.0156249999999999,-0.013,0.0135207891641641,0.1162789282895407,-0.00572,-0.03,0.0112082118118118,0.1058688424977425,-0.0213739999999999,-0.003,0.0111155576816816,0.105430345165335,0.025056,-0.07,0.0884779548188188,0.2974524412722457,0.0086089999999999,-0.046,0.0257372713903903,0.1604283995756062
210,seg_8a10s,MI,0.042156,-0.006,0.024697367031031,0.1571539596415917,-0.01429,-0.035,0.0099127046046046,0.0995625662817336,-0.0564379999999999,-0.013,0.0278192794354354,0.1667911251698825,0.050851,-0.052,0.0885140948938938,0.2975131844034712,0.043703,-0.027,0.0355223751661661,0.1884738049867041
211,seg_0a2s,MI,-0.040394,-0.065,0.0251131178818818,0.1584711894379602,-0.060021,-0.096,0.0336387372962962,0.1834086619990896,-0.019622,-0.035,0.0081384575735735,0.0902134001885173,-0.085517,-0.084,0.0355820657767767,0.1886320910576373,-0.019725,-0.049,0.0501285218968969,0.2238939970095154
211,seg_2a4s,MI,-0.03259,-0.065,0.0329438237237237,0.1815043352752868,-0.019185,-0.064,0.0440376764514514,0.209851558134438,0.013431,0.003,0.0097515087477477,0.0987497278363224,0.032104,0.081,0.0500220632472472,0.2236561272293859,0.091207,0.049,0.0791927889399399,0.281412133604683
211,seg_4a6s,MI,-0.0114749999999999,-0.0375,0.0251934568318318,0.1587244682833489,-0.009464,-0.044,0.0384367754794794,0.1960529915086211,0.0020089999999999,-0.011,0.0091383452642642,0.0955946926574078,0.0733529999999999,0.13,0.0476361425335335,0.2182570560910541,0.011544,-0.0065,0.0712405345985986,0.2669092253905784
211,seg_6a8s,MI,0.042099,0.025,0.0261345597587587,0.1616618685985002,0.012131,-0.0144999999999999,0.0319854853243243,0.1788448638466431,-0.0299629999999999,-0.04,0.0077763139449449,0.0881834108262146,-0.04484,-0.0365,0.0386925629629629,0.1967042525289246,-0.084111,-0.115,0.0436481468258258,0.2089213891056294
211,seg_8a10s,MI,0.038933,0.0165,0.023152531042042,0.1521595578399268,0.030448,-0.002,0.0340339852812812,0.1844830216612935,-0.008497,-0.0155,0.0091536176086086,0.0956745400229789,0.03859,0.055,0.0332725124124124,0.1824075448341225,-0.005955,-0.05,0.0586343673423423,0.2421453434248578
223,seg_0a2s,MI,0.04928,0.025,0.0163506782782782,0.1278697707758885,0.010381,-0.055,0.1110899137527527,0.3333015357791691,-0.038897,-0.09,0.070299668059059,0.2651408457010331,-0.027271,-0.0605,0.2907500456046046,0.5392124308698795,0.009206,-0.04,0.097272512076076,0.3118854149781231
223,seg_2a4s,MI,-0.011118,-0.02,0.0122204805565565,0.1105462824185262,-0.0067579999999999,-0.06,0.0705937331691691,0.2656948120855377,0.004364,-0.035,0.0422019494534534,0.2054311306824101,0.0019249999999999,-0.07,0.2047719793543543,0.4525173801682697,-0.0008549999999999,-0.025,0.0659492792542542,0.2568059174829394
223,seg_4a6s,MI,0.0027309999999999,-0.0185,0.0169002168558558,0.1300008340583084,0.038704,-0.025,0.1073464308148148,0.3276376517050731,0.035975,-0.015,0.0662552396146146,0.2574009316506345,-0.012273,-0.065,0.2996622206916917,0.547414121750336,0.0570989999999999,-0.05,0.1061129541531531,0.3257498336962786
223,seg_6a8s,MI,-0.034477,-0.05,0.0115718953663663,0.1075727445330199,-0.062379,-0.115,0.0701775248838838,0.2649104091648417,-0.027907,-0.068,0.0428934397907907,0.2071073146723475,0.006872,-0.0615,0.2029700116276276,0.4505219324601496,-0.045308,-0.07,0.066057943079079,0.2570173983976164
223,seg_8a10s,MI,0.006672,-0.012,0.0166210214374374,0.1289225404552572,-0.00611,-0.07,0.1075850229229229,0.3280015593300174,-0.01279,-0.059,0.0672910069069069,0.2594051019292159,0.033153,-0.005,0.2897206182092092,0.5382570187273077,-0.031084,-0.075,0.0993840109549549,0.3152522973032154
234,seg_0a2s,MI,0.0007659999999999,0.0,0.0030303716156156,0.055048811209831,-0.010971,-0.021,0.0112494616206206,0.106063479202884,-0.0117249999999999,-0.01,0.0088908121871871,0.0942911034360463,-0.0019029999999999,0.05,0.2076749865775775,0.4557137112020852,-0.068573,-0.0965,0.0218674381091091,0.1478764285107978
234,seg_2a4s,MI,-6.599999999999984e-05,0.0,0.002508358002002,0.0500835102803507,0.033796,0.035,0.0088867291131131,0.0942694495216404,0.033885,0.0405,0.0068971409159159,0.0830490271822368,0.020429,0.025,0.1490021831421422,0.3860080091683878,0.0319,0.03,0.0154251811811811,0.1241981528895707
234,seg_4a6s,MI,0.0062389999999999,0.0045,0.0025889688478478,0.0508819108116808,-0.036275,-0.051,0.0122020674424424,0.110462968647608,-0.0425259999999999,-0.04,0.0101156429669669,0.1005765527693555,0.009785,0.055,0.2076481228978978,0.4556842359550063,0.014397,0.01,0.0254571365275275,0.1595529270415542
234,seg_6a8s,MI,-0.0045899999999999,-0.008,0.0030248207207207,0.0549983701642214,0.005791,0.006,0.0121674807997998,0.1103063044426736,0.010377,0.0245,0.0110074423133133,0.1049163586544696,0.009559,0.0445,0.2094745570760761,0.4576839051966718,0.0162,0.02,0.0211573653653653,0.1454557161660048
234,seg_8a10s,MI,-0.01111,-0.012,0.002677103003003,0.0517407286671052,0.007477,0.015,0.0089455009719719,0.0945806585511645,0.018585,0.026,0.0085553961711711,0.0924953845938875,0.020257,0.0355,0.1461297266776776,0.3822691809153305,-0.0036429999999999,-0.01,0.0151890986496496,0.12324406131595
240,seg_0a2s,MI,-0.106052,-0.14,0.0299366899859859,0.173022223965553,-0.1129339999999999,-0.142,0.0172566623063063,0.1313646158838304,-0.006892,-0.008,0.0134495819179179,0.1159723325535789,-0.003314,-0.0285,0.0363274768808808,0.190597683304076,0.048584,-0.005,0.051397092036036,0.2267092676447878
240,seg_2a4s,MI,0.029892,0.0,0.0186863226586586,0.1366979248513256,0.071416,0.059,0.0064592702142142,0.0803695851315298,0.041532,0.045,0.0082432362122122,0.0907922695619633,0.035491,-0.0095,0.0320988307497497,0.1791614655827244,0.017813,-0.015,0.0253709129439439,0.1592824941540781
240,seg_4a6s,MI,0.008586,-0.034,0.0319872038078078,0.178849668179194,0.096117,0.075,0.0120030683793793,0.1095585157775486,0.087508,0.099,0.0146247386746746,0.1209327857724061,-0.042247,-0.08,0.0424671611521521,0.2060756199848787,-0.02659,-0.08,0.0442690349349349,0.2104020792077277
240,seg_6a8s,MI,-0.005192,-0.035,0.0202354605965966,0.1422513992781673,0.097694,0.08,0.0079018442082082,0.0888923180494704,0.102896,0.105,0.0103589881721721,0.1017791146167629,-0.092541,-0.121,0.0266835318508508,0.1633509468930341,-0.097885,-0.14,0.0311968045795795,0.1766261718420562
240,seg_8a10s,MI,0.0541529999999999,0.02,0.0244938194104104,0.1565050140104476,-0.146138,-0.165,0.0261652421981982,0.1617567377211787,-0.200292,-0.19,0.0238698886246246,0.1544988304959769,0.067999,0.05,0.0454684994984984,0.2132334389782674,0.03643,-0.0055,0.0430790021021021,0.2075548171016565
257,seg_0a2s,MI,-0.006725,-0.03,0.0276148402152152,0.1661771350553836,-0.0596929999999999,-0.069,0.0079276483993994,0.0890373427242715,-0.052981,-0.0385,0.0121284871261261,0.1101294108134885,-0.012896,0.045,0.198961833017017,0.4460513793466141,0.0840409999999999,0.07,0.0696122515705705,0.2638413378729166
257,seg_2a4s,MI,0.025276,0.0,0.0282704542782782,0.1681381999376652,0.062114,0.05,0.0082330961001,0.0907364100022703,0.036848,0.045,0.0129588977937937,0.1138371547158211,-0.0137979999999999,0.044,0.2030246518478478,0.4505825694008234,-0.029013,-0.0195,0.0768863191501501,0.2772838241768714
257,seg_4a6s,MI,0.0253599999999999,-0.01,0.0355068632632632,0.1884326491435687,-0.01066,-0.025,0.0098942866866866,0.0994700290875934,-0.035995,-0.026,0.0162204634384384,0.1273595832218307,-0.034688,0.05,0.2609844591151151,0.51086638088165,-0.12583,-0.17,0.0830422793793793,0.2881705734098805
257,seg_6a8s,MI,-0.00685,-0.02,0.0199807442442442,0.1413532604655593,-0.038634,-0.037,0.007604977021021,0.0872065193722408,-0.031762,-0.015,0.0101169483043043,0.1005830418326285,0.074926,0.118,0.1436204669909909,0.3789729106294947,-0.046464,-0.0705,0.0480154521561561,0.2191242847248021
257,seg_8a10s,MI,0.0039649999999999,-0.015,0.0279950227977977,0.1673171324096782,0.060554,0.05,0.0077588859699699,0.0880845387679924,0.056605,0.065,0.0128896566316316,0.1135326236446231,-0.0097039999999999,0.085,0.2002968091931931,0.4475453152399131,0.0921879999999999,0.055,0.0663010276836837,0.2574898593802942
258,seg_0a2s,MI,0.024948,0.005,0.0092063936896896,0.0959499540890442,-0.017278,-0.03,0.0044207814974974,0.0664889577110176,-0.042226,-0.055,0.0070663112352352,0.0840613539935875,-0.049222,-0.12,0.0483061668828828,0.2197866394549106,-0.003405,-0.01,0.0116195285035035,0.1077939168204936
258,seg_2a4s,MI,0.0244499999999999,-0.015,0.0162131846846846,0.1273310044124552,0.0241849999999999,0.015,0.0059515923673673,0.0771465641967765,-0.000262,0.035,0.0073910203763763,0.0859710438250948,-0.044167,-0.135,0.0838402553663663,0.2895518181023327,0.032343,0.0185,0.0170019372882882,0.1303914770538637
258,seg_4a6s,MI,-0.0032089999999999,-0.026,0.0143285698888888,0.1197020045316238,-0.019781,-0.035,0.0066536867257257,0.0815701337851405,-0.0165589999999999,0.01,0.0055256962152152,0.074335026839406,0.0273,-0.04,0.0609213673673673,0.2468225422593474,-0.02684,-0.04,0.0216325409409409,0.1470800494320726
258,seg_6a8s,MI,-0.025732,-0.056,0.0105023104864864,0.102480781059116,-0.029157,-0.03,0.003445704055055,0.0587001197192565,-0.003449,0.0055,0.0066117291281281,0.08131253979632,0.032917,-0.069,0.076655892003003,0.2768680046574595,0.054851,0.045,0.0097889297287287,0.0989390202535315
258,seg_8a10s,MI,-0.010003,-0.055,0.0167064734644644,0.1292535239924407,0.041307,0.035,0.006700327078078,0.0818555256416943,0.051295,0.08,0.0072461481231231,0.0851243098246507,0.057997,-0.025,0.0841819649559559,0.2901412844735405,-0.068479,-0.095,0.0238676452042042,0.1544915700101601
263,seg_0a2s,MI,0.005388,-0.006,0.0039392126686686,0.0627631473770131,-0.040324,-0.0635,0.0125342933173173,0.1119566582089574,-0.045713,-0.064,0.012671442073073,0.1125675000747243,0.036493,0.1305,0.1746087026536536,0.4178620617544187,-0.110786,-0.125,0.0165031913953953,0.1284647476757549
263,seg_2a4s,MI,0.0070199999999999,-0.001,0.0036993529529529,0.0608223063764681,0.0058979999999999,-0.015,0.0113368404364364,0.1064745999590345,-0.001112,-0.015,0.0107773588148148,0.1038140588495354,-0.0084749999999999,0.064,0.1401128782532532,0.3743165481958462,0.0321709999999999,0.008,0.0140105242832832,0.1183660605210939
263,seg_4a6s,MI,-0.001626,-0.01,0.004011944068068,0.063339908967949,0.013174,-0.02,0.0123323881121121,0.1110512859543378,0.014786,-0.008,0.0134139001041041,0.1158183927712006,-0.011936,0.0584999999999999,0.1865252951991992,0.4318857432229029,0.12307,0.095,0.0127291002002002,0.1128233140809123
263,seg_6a8s,MI,0.0061489999999999,-0.001,0.0041303151141141,0.0642675276801131,0.034315,0.005,0.0110259537287287,0.1050045414671609,0.028166,0.01,0.0121980945385385,0.110444984216299,0.0173689999999999,0.115,0.1753787455845846,0.4187824561566358,0.0249059999999999,-0.001,0.0167631583223223,0.1294726161098258
263,seg_8a10s,MI,-0.02487,-0.0235,0.0045951962962962,0.0677878772074793,-0.0262629999999999,-0.0455,0.0104173451761761,0.1020653965660065,-0.0013939999999999,-0.02,0.0119228896536536,0.109191985299534,-0.007739,0.075,0.1461996285075075,0.3823606000982678,-0.08174,-0.095,0.0139128892892892,0.1179529113218037
267,seg_0a2s,MI,-0.078469,-0.134,0.0321127497887887,0.179200306330064,0.004691,-0.015,0.0138725841031031,0.1177819345362568,0.083166,0.1,0.0154921666106106,0.1244675323552717,0.03988,0.02,0.0591851887887887,0.2432800624563977,-0.0101309999999999,-0.065,0.0512646625015014,0.2264170101858548
267,seg_2a4s,MI,-0.040597,-0.089,0.0333136222132132,0.1825201967268642,0.0055459999999999,-0.02,0.0117697876716716,0.1084886522714319,0.046134,0.07,0.0181180761201201,0.1346034030777829,0.03662,0.0,0.0620276792792792,0.2490535670880449,0.0154899999999999,-0.045,0.0495273672672672,0.2225474494737409
267,seg_4a6s,MI,-0.02019,-0.0725,0.0313228687687687,0.1769826792902875,-0.0278319999999999,-0.065,0.0129294712472472,0.1137078328315479,-0.0076639999999999,0.009,0.015072932036036,0.1227718698889775,-0.005691,-0.05,0.0600999494684684,0.2451529103813953,-0.012007,-0.073,0.050829132083083,0.225453170487982
267,seg_6a8s,MI,0.08128,0.03,0.0399213669669669,0.1998033207105601,-0.0288899999999999,-0.07,0.0177373792792792,0.1331817528014978,-0.110176,-0.102,0.0222531501741741,0.1491748979358597,-0.017,-0.055,0.0801681561561561,0.2831398173273342,0.029645,-0.04,0.0690028398148148,0.2626839161707752
267,seg_8a10s,MI,0.064429,-0.0035,0.0358547637227227,0.1893535416165293,0.046356,0.024,0.0116673265905905,0.1080153997844316,-0.018091,0.009,0.0192566874064064,0.13876846690227,-0.033289,-0.085,0.073120594073073,0.2704081989753141,-0.008906,-0.09,0.0579563515155155,0.2407412542866625
269,seg_0a2s,MI,0.0063579999999999,-0.01,0.0400493551911911,0.2001233499399587,0.0227119999999999,0.04,0.0140135405965965,0.1183788012973462,0.016342,0.055,0.0440446536896896,0.2098681816991077,-0.022114,-0.075,0.055345064068068,0.2352553167689692,-0.051432,-0.0495,0.0141442976736736,0.1189298014530995
269,seg_2a4s,MI,0.0043399999999999,-0.01,0.0400934758758758,0.2002335533218044,-0.0130769999999999,0.002,0.0130587718428428,0.1142749834515098,-0.0174019999999999,0.02,0.0433573457417417,0.2082242678982009,-0.010153,-0.065,0.0508703359269269,0.2255445320262208,0.005238,0.005,0.0140964778338338,0.1187285889490557
269,seg_4a6s,MI,0.0038199999999999,-0.015,0.0292169825825825,0.1709297592070572,0.029991,0.05,0.009620165084084,0.0980824402433181,0.0261589999999999,0.059,0.0319147284474474,0.1786469379738915,-0.0444769999999999,-0.07,0.0354860915625625,0.188377524037669,-0.013634,-0.0055,0.0107241321761761,0.1035573859083753
269,seg_6a8s,MI,0.0043689999999999,-0.018,0.0410512741131131,0.202611140150568,0.032163,0.0505,0.0106507712022022,0.1032025736219896,0.027812,0.065,0.0417348174734734,0.2042910117295263,0.0495899999999999,0.002,0.0574616595595595,0.2397116174897653,0.0325159999999999,0.055,0.0136526503943943,0.1168445565458416
269,seg_8a10s,MI,-0.031748,-0.0405,0.0282812877837837,0.1681704129262451,-0.05236,-0.025,0.0076611555555555,0.0875280272573051,-0.0206039999999999,0.013,0.0323296988828828,0.179804613074534,0.03197,-0.01,0.0281386597597597,0.1677458189039588,0.028273,0.044,0.008699544015015,0.0932713461627686
270,seg_0a2s,MI,0.07956,0.032,0.029267618018018,0.1710778127578734,-0.060788,-0.08,0.0099917968528528,0.0999589758493595,-0.140347,-0.115,0.0181186852762762,0.1346056658401728,0.020474,0.01,0.0584020854094094,0.2416652341761417,-0.020012,-0.06,0.0343899357917917,0.1854452366381832
270,seg_2a4s,MI,0.0206899999999999,-0.026,0.0357314233233233,0.1890275729181415,0.002512,-0.02,0.0080445644204204,0.0896914958088024,-0.018186,0.0,0.0133658952992992,0.1156109653073587,-0.015515,-0.018,0.0685747685435435,0.261867845570134,-0.016176,-0.073,0.0528601551791791,0.2299133645075448
270,seg_4a6s,MI,-0.013106,-0.065,0.0329935403043043,0.1816412406484394,-0.031219,-0.052,0.0060587557947947,0.0778380099616812,-0.018117,0.005,0.0136964457567567,0.1170318151476629,-0.015441,-0.0405,0.065074575094094,0.2550971875464214,-0.046376,-0.09,0.0365566813053053,0.1911980159554625
270,seg_6a8s,MI,-0.037763,-0.08,0.0317370939249249,0.1781490778110426,-0.003482,-0.015,0.006780422098098,0.0823433184787818,0.034268,0.057,0.012480897073073,0.1117179353240699,0.036535,0.026,0.0581711899649649,0.2411870435263158,0.026647,-0.02,0.0392952936846846,0.1982304055504217
270,seg_8a10s,MI,-0.066125,-0.13,0.0374933407157157,0.1936319723488755,0.068088,0.05,0.009701800056056,0.0984977159941084,0.134186,0.154,0.0188192946986987,0.1371834344908258,-0.0163019999999999,-0.025,0.0561496344304304,0.236959140845907,0.049396,-0.015,0.0446877128968968,0.2113946851197941
271,seg_0a2s,MI,0.1107479999999999,0.081,0.0129710395355355,0.1138904716626265,0.025572,-0.02,0.0284429737897897,0.168650448531244,-0.085189,-0.081,0.0117751584374374,0.1085134021097736,-0.0387989999999999,0.03,0.2657971037027027,0.5155551412823877,0.0924929999999999,0.015,0.1436388067577577,0.3789971065295324
271,seg_2a4s,MI,0.023358,0.0,0.0110069748108108,0.1049141306536484,-0.0130949999999999,-0.05,0.0153264023773773,0.1237998480507039,-0.0364559999999999,-0.055,0.0068193173813813,0.0825791582748418,-0.041685,0.045,0.35318729507007,0.5942956293546756,-0.017878,-0.085,0.1667803474634634,0.4083874967031476
271,seg_4a6s,MI,-0.0290359999999999,-0.047,0.0088788895935935,0.0942278599650527,0.053791,0.0584999999999999,0.0148531144334334,0.1218733540747666,0.082797,0.067,0.0100337335245245,0.1001685256182026,-0.068366,-0.012,0.2706960941381381,0.5202846280048432,-0.090459,-0.14,0.1337860143333333,0.3657677054270009
271,seg_6a8s,MI,-0.060012,-0.067,0.0087911409969969,0.093761084662012,-0.0322869999999999,-0.04,0.0117668394704704,0.1084750638186973,0.02772,0.035,0.0074908304304304,0.0865495836525539,0.000557,0.0565,0.2778771318828829,0.5271405238481319,-0.042086,-0.086,0.131082493097097,0.3620531633573957
271,seg_8a10s,MI,-0.071351,-0.08,0.0092426824814814,0.0961388708144706,-0.07467,-0.093,0.0107486517517517,0.1036757047323612,-0.0033269999999999,-0.0055,0.0080444465175175,0.0896908385372637,0.136983,0.21,0.2820206733843844,0.5310561866548439,0.0308169999999999,-0.025,0.133904506017017,0.3659296462668979
274,seg_0a2s,MI,-0.004532,-0.07,0.0816667277037037,0.2857739101172528,0.028431,0.03,0.013192808047047,0.1148599497085343,0.03296,0.09,0.0781477981981982,0.2795492768693888,0.0153089999999999,0.07,0.0541103238428428,0.2326162587671869,-0.309044,-0.315,0.0512552913553553,0.2263963148007391
274,seg_2a4s,MI,-0.034412,-0.076,0.0641416799359359,0.2532620775717042,-0.014776,-0.024,0.0094357335575575,0.0971377040986534,0.019616,0.055,0.0643203088528528,0.2536144886493137,-0.0445489999999999,-0.0035,0.0418955711701701,0.2046840764939231,0.078754,0.116,0.0621264499339339,0.249251780202136
274,seg_4a6s,MI,-0.006802,-0.048,0.0561936684644644,0.237052037461112,-0.027201,-0.04,0.0091646672662662,0.0957322686781539,-0.0203999999999999,0.016,0.051892042042042,0.2277982485491098,-0.0064069999999999,0.034,0.0364593547057057,0.1909433285184525,0.242543,0.195,0.0597236477987988,0.2443842216649814
274,seg_6a8s,MI,0.010575,-0.029,0.053847668043043,0.2320510031071683,0.0184,0.012,0.0102455355355355,0.1012202328367976,0.007842,0.0424999999999999,0.0512139149509509,0.2263049158788888,0.024954,0.06,0.0345160679519519,0.1857850046477162,-0.097214,-0.11,0.0490767649689689,0.2215327627439539
274,seg_8a10s,MI,0.0838299999999999,-0.045,0.1939530861861862,0.4404010515271123,0.034323,0.01,0.0157520787497497,0.1255072856441001,-0.049499,0.051,0.1462483203193193,0.3824242674299309,0.028508,0.07,0.0399379799159159,0.1998448896417316,0.1057309999999999,0.06,0.0980075902292292,0.313061639664187
281,seg_0a2s,MI,-0.018125,-0.0515,0.0235260574324324,0.1533820635942561,-0.013469,0.0265,0.0395731081471471,0.1989299076236329,0.004648,0.079,0.0940131452412412,0.3066156311104201,0.0366509999999999,0.12,0.0722351683673673,0.2687660104391315,0.025337,0.0584999999999999,0.0154991045355355,0.1244953996561139
281,seg_2a4s,MI,-0.001728,-0.04,0.0286383023183183,0.1692285505413265,-0.00565,0.055,0.0607776891891891,0.2465313148246875,-0.0039239999999999,0.095,0.1314473735975976,0.3625567177664725,0.045732,0.14,0.0797535417177177,0.2824066955964707,0.075841,0.127,0.0217519937127127,0.1474855712017711
281,seg_4a6s,MI,-0.0006869999999999,-0.0385,0.0285978028338338,0.169108849070159,0.0110269999999999,0.069,0.0552930793503503,0.2351448050677504,0.011708,0.11,0.1305722289649649,0.3613477950188225,-0.017087,0.085,0.0929693768078078,0.3049088008041221,-0.075735,-0.038,0.0166661269019019,0.1290973543567098
281,seg_6a8s,MI,0.0029909999999999,-0.035,0.0283447176366366,0.1683588953296992,-0.0194339999999999,0.04,0.0605359435875876,0.2460405324079502,-0.0223999999999999,0.085,0.1328685705705705,0.3645114134983575,0.0066849999999999,0.0885,0.0824368286036036,0.287118143981887,0.075763,0.105,0.0171669077387387,0.1310225466808623
281,seg_8a10s,MI,0.0338889999999999,0.002,0.0210663149939939,0.1451423955775637,0.054534,0.093,0.0390466474914915,0.1976022456640903,0.0206449999999999,0.092,0.0879306055805805,0.2965309521459447,-0.058768,0.03,0.0648610512272272,0.254678328931276,-0.085632,-0.0795,0.0179417923683683,0.1339469759582812
282,seg_0a2s,MI,-0.1058529999999999,-0.16,0.0578315409319319,0.2404818931477626,-0.040661,-0.038,0.0089877898688688,0.0948039549220857,0.065204,0.1365,0.0741652476316316,0.27233297198766,0.2371809999999999,0.472,0.3421154176566566,0.584906332378661,0.014328,-0.044,0.1481376780940941,0.3848865782202519
282,seg_2a4s,MI,0.0033059999999999,-0.017,0.0371302826466466,0.1926921966418117,0.0020139999999999,0.0095,0.0060518936976976,0.0777939181279468,-0.0012869999999999,0.0325,0.0497768735045045,0.2231073138749702,-0.183444,-0.105,0.2044235364004004,0.4521322111953542,-0.078879,-0.109,0.1150572696286286,0.3392009281069682
282,seg_4a6s,MI,0.148124,0.0805,0.1125331577817817,0.3354596216861006,0.079208,0.0755,0.0163103851211211,0.1277121181451514,-0.068924,-0.027,0.144868829053053,0.3806163804318635,-0.1473039999999999,0.0255,0.2532092087927928,0.5031989753495061,0.033546,-0.035,0.1700970409249249,0.4124282251797576
282,seg_6a8s,MI,0.0124799999999999,-0.0335,0.0504217573573573,0.2245478954641021,0.0406919999999999,0.065,0.0094884996356356,0.0974089299583751,0.0282089999999999,0.095,0.0696875288478478,0.2639839556636877,0.009268,0.14,0.3100233154914915,0.5567973738187811,0.036714,-0.015,0.1440632434474474,0.3795566406314707
282,seg_8a10s,MI,-0.078923,-0.13,0.0525552483193193,0.2292493147630311,-0.099548,-0.09,0.0065021778738738,0.0806360829521987,-0.0206569999999999,0.055,0.0698701354864864,0.2643295963120408,0.072212,0.2025,0.3195746036596597,0.5653092991094872,-0.027428,-0.085,0.1467761169329329,0.3831137127967791
287,seg_0a2s,MI,0.0265889999999999,0.015,0.0262582483273273,0.1620439703516528,0.03686,0.01,0.0182821825825825,0.135211621477529,0.0102739999999999,0.005,0.0046809939179179,0.0684177894842994,0.035053,0.035,0.0156803425335335,0.1252211744615643,-0.088353,-0.1075,0.1143192776686686,0.338111339160148
287,seg_2a4s,MI,0.0035599999999999,-0.009,0.0273547051051051,0.1653925787485796,-0.015948,-0.0405,0.018875769065065,0.1373891155261764,-0.019537,-0.0245,0.0044631698008008,0.0668069592243263,-0.004063,0.0,0.0161911621931931,0.1272444976931937,-0.021279,-0.063,0.1115881112702702,0.3340480673050965
287,seg_4a6s,MI,-0.01397,-0.025,0.0271995666666666,0.1649229112848383,-0.0280769999999999,-0.055,0.0198895165875875,0.1410301974315699,-0.0140889999999999,-0.02,0.0043239189979979,0.0657565129701841,0.005302,0.0055,0.0165398826786786,0.1286074752052876,0.0265399999999999,-0.024,0.1106682746746746,0.3326684155051012
287,seg_6a8s,MI,-0.000864,-0.015,0.0202033108148148,0.1421383509641744,-0.0159029999999999,-0.055,0.0376255871781781,0.1939731609738269,-0.015033,-0.026,0.0186336635745745,0.1365051778306397,-0.034719,-0.034,0.2106061521911912,0.4589184591963927,0.023997,-0.0085,0.1018165895805805,0.3190871191079022
287,seg_8a10s,MI,0.0026959999999999,0.0,0.0260518113953954,0.1614057353237344,0.020544,0.005,0.0202290411051051,0.1422288335925775,0.0178569999999999,0.01,0.0043123248758758,0.0656682942969883,0.000592,0.005,0.014926502038038,0.1221740645064984,0.0519339999999999,0.025,0.1137202118558558,0.337224275306295
290,seg_0a2s,MI,-0.039204,-0.075,0.017294623007007,0.131509022530802,-0.046077,-0.065,0.0074053764474474,0.0860544969623752,-0.0068769999999999,0.009,0.0066537275985985,0.0815703843229796,-0.054431,-0.07,0.1049667019409409,0.3239856508256823,-0.0312029999999999,-0.069,0.0184731809719719,0.1359160806231991
290,seg_2a4s,MI,-0.0285409999999999,-0.065,0.0163233376566566,0.1277628179739968,-0.016277,-0.034,0.0058414617327327,0.076429455923307,0.012281,0.031,0.0062975055445445,0.0793568241838378,0.047089,0.013,0.0795311682472472,0.2820127093718423,0.038605,0.009,0.0129589739489489,0.1138374892069785
290,seg_4a6s,MI,-0.037093,-0.066,0.0141211955465465,0.1188326367061951,-0.020985,-0.034,0.0063371198948948,0.0796060292622041,0.01611,0.033,0.0054553872872872,0.0738605936023214,0.026586,-0.01,0.0782302308348348,0.2796966764815678,-0.03565,-0.065,0.0155596471471471,0.1247383146717444
290,seg_6a8s,MI,-0.022952,-0.054,0.0147461238198198,0.1214336189851056,-0.013971,-0.03,0.0077337459049049,0.0879417187966263,0.0089909999999999,0.024,0.0060494323513513,0.0777780968612073,0.012834,-0.015,0.1090519223663663,0.330230105178747,0.031335,-0.003,0.0193068256006006,0.1389490035970053
290,seg_8a10s,MI,0.048163,0.022,0.0122727471781781,0.1107824317217228,0.076635,0.07,0.0056497335085085,0.0751647091959285,0.028474,0.039,0.0049264838078078,0.0701889151348545,-0.0169509999999999,-0.065,0.0851260866856857,0.291763751493714,-0.0370809999999999,-0.0655,0.0190347912302302,0.1379666308577194
294,seg_0a2s,MI,-0.000559,-0.01,0.0020588653843843,0.0453747218656421,-0.0260709999999999,-0.065,0.039112106065065,0.1977678084650407,-0.0255319999999999,-0.0525,0.0294073843603603,0.1714858138749685,-0.041608,-0.005,0.1748535538898898,0.4181549400519977,0.0145659999999999,-0.05,0.0867897894334334,0.2946010682829127
294,seg_2a4s,MI,-0.0008479999999999,-0.011,0.0023964032992992,0.0489530724194028,0.022435,-0.0215,0.0417604041791791,0.2043536253145003,0.023286,-0.01,0.0312307669709709,0.176722287702969,-0.0154059999999999,-0.005,0.1914476528168168,0.4375473149464144,0.0061589999999999,-0.065,0.084960294013013,0.2914794915821918
294,seg_4a6s,MI,-0.004565,-0.011,0.002500226001001,0.0500022599589358,0.0205229999999999,-0.014,0.0406468863573573,0.2016107297674341,0.02508,0.005,0.03107448008008,0.1762795509413388,0.0072969999999999,0.015,0.184868235026026,0.4299630623972553,0.023915,-0.0424999999999999,0.0911488706456456,0.3019087124374612
294,seg_6a8s,MI,-0.002435,-0.015,0.0023992209959959,0.0489818435340687,-0.028741,-0.06,0.0386497096286286,0.1965952940144515,-0.026298,-0.055,0.0291066618578578,0.1706067462261028,0.008515,0.006,0.1940594912662662,0.4405218397154292,-0.02733,-0.1045,0.0976764075075075,0.3125322503478761
294,seg_8a10s,MI,-0.023075,-0.032,0.0020959273023023,0.0457812986087365,-0.009618,-0.0465,0.0275072232992993,0.165853017154646,0.013458,-0.014,0.0207592494854854,0.1440807047646751,0.023854,0.005,0.1454334441281281,0.3813573706225279,-0.0150009999999999,-0.064,0.0651926816806807,0.2553285759187183
298,seg_0a2s,MI,-0.023461,-0.061,0.0527149314104104,0.2295973244844338,-0.01125,-0.035,0.0491921856856856,0.2217931146038706,0.0122009999999999,0.035,0.0303598064054054,0.1742406565799308,-0.077718,0.06,0.7519895780540541,0.8671733264198421,-0.0139669999999999,-0.0715,0.2103457256366366,0.4586346319638724
298,seg_2a4s,MI,0.0023289999999999,-0.016,0.0412168596186186,0.2030193577435871,0.002138,-0.005,0.0347709939499499,0.1864698204802856,-0.0001849999999999,0.019,0.0258821309059059,0.1608792432413389,0.0013679999999999,0.091,0.6151943909669669,0.7843432864294606,0.0112129999999999,-0.0575,0.187428406037037,0.4329300244116097
298,seg_4a6s,MI,0.00703,-0.015,0.0418603174174174,0.2045979408924181,-0.003984,-0.01,0.0355768065505505,0.1886181501090246,-0.01103,0.01,0.026046946046046,0.1613906628217569,0.0062,0.101,0.5999927807807809,0.774592009241498,0.215786,0.186,0.1480443345385385,0.384765297991566
298,seg_6a8s,MI,0.0272929999999999,-0.007,0.0503746257767767,0.2244429232049359,0.0248899999999999,0.01,0.0464214353353353,0.2154563420633872,-0.0024129999999999,0.025,0.0316670695005005,0.1779524360622818,-0.040652,0.12,0.7501447696656656,0.8661089825568521,0.043336,-0.038,0.1915425856896897,0.4376557844810116
298,seg_8a10s,MI,-0.003327,-0.02,0.0440481402112112,0.2098764879904636,-0.013826,-0.02,0.0355021578818818,0.188420163151086,-0.0105009999999999,0.015,0.0282294874864864,0.1680163310112635,0.078439,0.17,0.6195858941731733,0.7871377860153668,-0.22996,-0.255,0.1530681945945946,0.3912393060450274
307,seg_0a2s,MI,-0.059446,-0.065,0.0177988919759759,0.1334124880810487,-0.023938,-0.025,0.0045484325885885,0.067442068389015,0.035506,0.04,0.0156466486126126,0.1250865644768158,-9.699999999999596e-05,0.03,0.1362747103013013,0.3691540468439989,0.042852,0.03,0.0321372553513513,0.1792686680693292
307,seg_2a4s,MI,-0.005329,-0.011,0.0365594562152152,0.1912052724566328,-0.018483,-0.02,0.0084611208318318,0.0919843510159844,-0.0131469999999999,-0.01,0.0269174368278278,0.1640653431649348,-0.011047,0.101,0.3124193821731731,0.5589448829474809,-0.0291829999999999,-0.06,0.0670759774884884,0.2589903038503343
307,seg_4a6s,MI,0.036623,0.0115,0.0530970359069069,0.2304279408121048,-0.0130619999999999,-0.015,0.0110687749309309,0.1052082455463018,-0.0497,-0.025,0.0461183443443443,0.2147518203516429,-0.0541529999999999,0.105,0.4091953068978979,0.6396837553806553,-0.041562,-0.075,0.0863774916476476,0.2939004791551856
307,seg_6a8s,MI,0.0052819999999999,0.014,0.0186662587347347,0.1366245173266304,-0.003045,-0.005,0.0044700169919919,0.0668581856767889,-0.008323,-0.009,0.0171269616326326,0.1308700180814254,0.061163,0.1,0.1495001866176176,0.386652539908401,-0.032813,-0.02,0.0351123603913913,0.1873829244925785
307,seg_8a10s,MI,0.014958,0.0,0.0361467349709709,0.1901229469868668,0.041343,0.035,0.0084511464974975,0.0919301174670058,0.026379,0.0385,0.0318636209799799,0.1785038402387466,0.014624,0.115,0.3055232038278277,0.5527415343791597,0.0291129999999999,0.005,0.0603891073383383,0.2457419527438046
308,seg_0a2s,MI,-0.062158,-0.0955,0.0285257988348348,0.1688958224315652,-0.100684,-0.1065,0.0194613755195195,0.1395040340618131,-0.038503,-0.02,0.0229848027937937,0.1516073968967008,-0.132159,-0.175,0.085022342061061,0.2915859085433674,0.330469,0.288,0.0654806677067067,0.2558919062938621
308,seg_2a4s,MI,-0.0226909999999999,-0.05,0.029118486005005,0.1706413959301933,0.006438,0.01,0.0195893014574574,0.139961785704018,0.029135,0.055,0.0228320488238238,0.1511027756986079,0.038471,-0.015,0.0883400331921921,0.2972205127379202,-0.088756,-0.115,0.0377411275915915,0.1942707584573437
308,seg_4a6s,MI,0.044745,0.03,0.0155778898648648,0.124811417205578,0.061523,0.055,0.0118552307017017,0.1088817280433301,0.016784,0.033,0.0134453847287287,0.1159542354928388,-0.0149479999999999,-0.0445,0.0412996329289289,0.2032231112076796,-0.220596,-0.235,0.0184777265105105,0.1359328014517118
308,seg_6a8s,MI,0.049924,0.0165,0.027086839063063,0.164580797977963,0.0007749999999999,-0.005,0.0204971795545545,0.1431683608712293,-0.0491659999999999,-0.034,0.0211067511951951,0.1452816271769943,-0.007189,-0.064,0.0915110663453453,0.3025079607966463,-0.094256,-0.125,0.0374972196836836,0.1936419884314445
308,seg_8a10s,MI,-0.034611,-0.065,0.030432380059059,0.1744487892163745,0.026444,0.0235,0.0226299448088088,0.150432525767564,0.061056,0.065,0.0322967756396396,0.1797130369217537,0.096003,0.055,0.0872568518428428,0.2953927078362681,0.056341,0.041,0.0367308595785785,0.1916529665269457
310,seg_0a2s,MI,0.0544339999999999,0.045,0.0082588484924924,0.0908782069172389,-0.014135,-0.046,0.0209754081831831,0.1448288927775917,-0.0685819999999999,-0.085,0.0084705057817817,0.092035350717981,0.0130639999999999,-0.02,0.1430953932972973,0.3782795174170779,0.144505,0.135,0.0377856115865865,0.1943852144237997
310,seg_2a4s,MI,0.001215,-0.01,0.0069506954704704,0.0833708310530156,0.0096999999999999,-0.016,0.0205398458458458,0.1433172908125388,0.0084839999999999,-0.012,0.0088202039479479,0.0939159408617512,-0.00314,-0.055,0.1417470814814814,0.3764931360350165,-0.148774,-0.17,0.0183076766006006,0.1353058631419962
310,seg_4a6s,MI,-0.023632,-0.035,0.0079953519279279,0.0894167318119373,-0.0192749999999999,-0.05,0.0213371325075075,0.1460723536727861,0.0043519999999999,-0.02,0.0089184405365365,0.0944374953952959,-0.0907759999999999,-0.115,0.1448426684924925,0.3805820128336237,-0.070533,-0.075,0.0181987036146146,0.134902570822852
310,seg_6a8s,MI,-0.025964,-0.0385,0.0080265852892892,0.0895912121208843,-0.023836,-0.055,0.0210645216256256,0.1451362174842159,0.002123,-0.02,0.0091457876586586,0.0956336115529402,-0.026314,-0.045,0.1420891425465465,0.3769471349493806,-0.011604,-0.045,0.0183785597437437,0.1355675467940013
310,seg_8a10s,MI,-0.010801,-0.025,0.0078900834824824,0.0888261418867355,0.031879,0.0,0.0216224968558558,0.1470459005068004,0.042674,0.03,0.0086407805045045,0.0929557986599249,0.0881839999999999,0.06,0.1436450692132132,0.379005368317143,0.069066,0.035,0.0187941217657657,0.1370916546175067
311,seg_0a2s,MI,-0.03208,-0.047,0.0186742498498498,0.1366537590037312,0.02674,-0.025,0.0211105429429429,0.1452946762374414,0.058829,0.0375,0.0075281559149149,0.0867649463488274,-0.0412089999999999,-0.075,0.0370736469659659,0.1925451816223038,0.018933,-0.025,0.0271191516626626,0.164678935090869
311,seg_2a4s,MI,-0.012877,-0.025,0.0089696955665665,0.0947084767408206,-0.034155,-0.07,0.0149739849599599,0.1223682350937528,-0.0212849999999999,-0.048,0.0077595172922922,0.0880881223110828,0.0098729999999999,-0.016,0.0217049658368368,0.1473260528108889,-0.02311,-0.06,0.016749135035035,0.1294184493611132
311,seg_4a6s,MI,-0.001034,-0.02,0.0184726174614614,0.1359140075984129,-0.0187169999999999,-0.052,0.0215318407517517,0.1467373188788447,-0.0176869999999999,-0.025,0.0088323313623623,0.093980483944074,0.027242,-0.005,0.039363627063063,0.1984026891528012,0.005995,-0.035,0.0289181611361361,0.1700534067172314
311,seg_6a8s,MI,0.0023539999999999,-0.02,0.0173858385225225,0.1318553697144053,0.058205,0.009,0.0233879609359359,0.1529312294331538,0.0558619999999999,0.03,0.0086559929489489,0.093037588903351,-0.0149199999999999,-0.05,0.0389052248248248,0.1972440742451464,-0.025044,-0.085,0.0300658258898898,0.1733949996103979
311,seg_8a10s,MI,0.056409,0.035,0.0178939636826826,0.1337683209234633,-0.0136979999999999,-0.0485,0.020482279075075,0.1431163130990841,-0.07011,-0.086,0.0074372831831831,0.0862396845030359,0.0133469999999999,-0.025,0.0371130256166166,0.192647412691208,0.015184,-0.035,0.0277534876316316,0.1665937802909569
319,seg_0a2s,MI,0.0010989999999999,-0.031,0.0243979451441441,0.1561984159463345,0.024677,0.019,0.0074177183893893,0.0861261771437081,0.023589,0.054,0.0235903944734734,0.1535916484496259,-0.051619,-0.053,0.0313185063453453,0.1769703544250995,-0.040105,-0.0495,0.0105876035785785,0.1028960814539532
319,seg_2a4s,MI,-0.0134199999999999,-0.055,0.031997447047047,0.1788783023372232,-0.017559,-0.019,0.0090763488678678,0.0952698738734751,-0.0041509999999999,0.045,0.0376315677667667,0.1939885763821333,0.0281389999999999,0.035,0.0414170547337337,0.2035118049001918,0.0071239999999999,-0.0135,0.0096875882122122,0.0984255465426136
319,seg_4a6s,MI,-0.060786,-0.087,0.022104825029029,0.148676914916301,0.0004529999999999,0.005,0.0061352029939939,0.0783275366266167,0.061232,0.09,0.0226935597357357,0.1506438174494251,0.081707,0.085,0.0293555406916916,0.1713345869685735,0.079424,0.0805,0.0084874536776776,0.0921273774601105
319,seg_6a8s,MI,-0.0094759999999999,-0.049,0.0320042156396396,0.1788972208829406,0.007225,0.01,0.0093748532282282,0.0968238257260485,0.016698,0.06,0.0327929237197197,0.1810881655981961,-0.0195949999999999,-0.015,0.0405568998748748,0.2013874372320053,-0.002987,-0.025,0.0134255503813813,0.1158686773091907
319,seg_8a10s,MI,0.045604,0.023,0.0218467759599599,0.147806549110518,-0.023457,-0.037,0.00640288904004,0.0800180544629775,-0.069068,-0.05,0.0196760314074074,0.1402712779132185,-0.0275949999999999,-0.034,0.0306828137887887,0.1751651043695312,-0.045215,-0.05,0.0149151999749749,0.1221278018101323
323,seg_0a2s,MI,0.037554,0.02,0.0092323534374374,0.0960851364022419,-0.004095,-0.035,0.0093456616366366,0.0966729622833428,-0.0416359999999999,-0.049,0.0113682697737737,0.1066220885828718,-0.0054579999999999,-0.06,0.0821280402762762,0.2865799020801637,-0.018903,-0.0405,0.0232503159069069,0.1524805427158065
323,seg_2a4s,MI,-0.0066159999999999,-0.03,0.0121886972412412,0.1104024331309833,0.041997,0.005,0.0125636306216216,0.1120876024438993,0.04861,0.045,0.0154512731731731,0.1243031502946452,-0.02491,-0.088,0.1141035214214214,0.3377921275302629,0.000152,-0.049,0.025579190086086,0.1599349557979308
323,seg_4a6s,MI,-0.01331,-0.035,0.0096023742742742,0.0979917051299459,0.0100049999999999,-0.026,0.0108962632382382,0.1043851677118844,0.023307,0.015,0.0110254882392392,0.1050023249230189,-0.003506,-0.075,0.0877043723363363,0.2961492399725792,0.014521,-0.045,0.0221712287877877,0.1489000630885957
323,seg_6a8s,MI,-0.010972,-0.031,0.0091777249409409,0.0958004433233006,-0.050679,-0.08,0.010214112071071,0.1010648903975612,-0.039707,-0.05,0.0113136508018018,0.1063656467182981,-0.005586,-0.07,0.0808832618658658,0.2843998274715825,-0.0206539999999999,-0.07,0.0207493356196196,0.1440462967924535
323,seg_8a10s,MI,0.0049539999999999,-0.014,0.0088157816656656,0.0938923940778254,-0.0028799999999999,-0.035,0.0104782638638638,0.102363391228817,-0.007828,-0.02,0.0110074638798798,0.1049164614342281,0.0084689999999999,-0.05,0.0822277848238238,0.2867538749935627,-0.014025,-0.055,0.0205009933683683,0.1431816795835569
325,seg_0a2s,MI,-0.0238379999999999,-0.0395,0.0401106223783783,0.2002763650019102,0.0111349999999999,-0.035,0.0270155463213213,0.1643640663932397,0.034975,0.03,0.0120734498248248,0.1098792511115034,0.0050449999999999,0.025,0.2308833663413413,0.4805032428000266,-0.00913,-0.08,0.0605337048048048,0.2460359827439978
325,seg_2a4s,MI,-0.078412,-0.1125,0.030263836092092,0.1739650427301189,-0.039575,-0.065,0.0176061064814814,0.1326880042863012,0.038831,0.0515,0.0094580104494494,0.097252303054732,-0.01716,-0.07,0.2307967731731731,0.4804131276028717,-0.037774,-0.07,0.0407986155395395,0.2019866716878604
325,seg_4a6s,MI,0.074991,0.0305,0.030051134053053,0.1733526292072117,-0.004167,-0.035,0.0179930021131131,0.1341379965301148,-0.079153,-0.065,0.0079806001911911,0.0893342050459463,0.025369,0.0265,0.2025285634024024,0.4500317359946989,0.046185,0.0155,0.0436670558308308,0.2089666380808927
325,seg_6a8s,MI,-0.009656,-0.07,0.0391642659299299,0.19789963600252,-0.007131,-0.045,0.027271233072072,0.1651400407898462,0.002523,0.01,0.0124358693403403,0.1115162290446567,0.0295249999999999,0.04,0.2526833787537538,0.5026762166183654,-0.005314,-0.07,0.0588717951991992,0.242635107103649
325,seg_8a10s,MI,0.0413539999999999,0.04,0.0315258945785785,0.1775553282179348,0.02451,0.0,0.0173293232232232,0.1316408873535241,-0.016839,-0.025,0.0094768939729729,0.0973493398692203,-0.052533,-0.094,0.1861342912022022,0.4314328350997432,-0.0110449999999999,-0.065,0.0395298247997997,0.1988210874122757
337,seg_0a2s,MI,-0.024036,-0.055,0.0281169456496496,0.1676810831598175,-0.031631,-0.064,0.0144356004394394,0.1201482435969808,-0.007596,-0.01,0.0049121609449449,0.0700868100639838,-0.0595549999999999,-0.09,0.0450502692442442,0.2122504870294629,0.009686,-0.049,0.0974729703743743,0.3122066148792725
337,seg_2a4s,MI,-0.019796,-0.0665,0.0436988332172172,0.2090426588455505,-0.006978,-0.05,0.0214518713873873,0.1464645738306277,0.012826,0.015,0.0076949867107107,0.0877210733558972,-0.0175549999999999,-0.055,0.0735735965715715,0.2712445327957258,-0.005802,-0.101,0.150629250046046,0.3881098427585238
337,seg_4a6s,MI,3.899999999999615e-05,-0.06,0.0543926501291291,0.233222319105889,0.010595,-0.045,0.0294446716466466,0.1715944977167002,0.010572,0.018,0.0098357045205205,0.0991751204714192,-0.008236,-0.02,0.0867155838878879,0.2944750989266969,0.0112599999999999,-0.1045,0.1923833737737737,0.4386152913132119
337,seg_6a8s,MI,-0.012806,-0.0565,0.0407992235875875,0.2019881768509919,-0.0064179999999999,-0.045,0.0212998511271271,0.1459446851623146,0.006371,0.011,0.0074132325915915,0.0861001311938117,0.0417249999999999,0.02,0.0707582496246246,0.2660042285841047,-0.084107,-0.165,0.1330491166676676,0.3647589843549678
337,seg_8a10s,MI,0.0042019999999999,-0.042,0.042993839035035,0.2073495575954649,0.015979,-0.0265,0.0205763629219219,0.1434446336463024,0.011783,0.015,0.0082157476586586,0.0906407615736907,-0.001579,-0.0104999999999999,0.0743839757347347,0.272734258454516,0.0503249999999999,-0.0655,0.160383622997998,0.4004792416567905
380,seg_0a2s,MI,-0.000566,-0.015,0.0498183199639639,0.2232001791306717,-0.002611,-0.006,0.0038062359149149,0.0616946992448696,-0.002063,0.02,0.0377243173483483,0.1942274886527351,-0.0143939999999999,0.0435,0.06504930607007,0.2550476545080744,0.0372669999999999,0.025,0.0094672809919919,0.0972999537101225
380,seg_2a4s,MI,-0.020058,-0.01,0.0378615782142142,0.1945805185886146,0.018374,0.025,0.0036254335575575,0.0602115732858522,0.038431,0.045,0.0310904576966966,0.1763248640909633,-0.015846,0.0295,0.0492411714554554,0.2219035183485279,0.014997,0.0335,0.0073267437347347,0.0855964002440215
380,seg_4a6s,MI,0.005741,0.004,0.0367623863053053,0.1917351983995252,-0.0009599999999999,0.001,0.0030492756756756,0.0552202469722444,-0.006714,-0.01,0.0290409471511511,0.1704140462260994,0.004221,0.035,0.0455766227817817,0.2134868210962489,-0.03675,-0.05,0.0065072467467467,0.0806675073790355
380,seg_6a8s,MI,0.004649,0.01,0.0354878436426426,0.188382174429118,-0.009063,-0.015,0.003172061092092,0.0563210537196534,-0.013709,-0.005,0.0279983746936936,0.1673271487048461,0.010701,0.0495,0.0467509645635635,0.2162197136330625,-0.009897,-0.015,0.0088779082992993,0.0942226527927297
380,seg_8a10s,MI,0.0095739999999999,0.015,0.0368679504744744,0.1920102874183424,0.007247,0.0,0.0032975975885885,0.0574247123509433,-0.002329,-0.001,0.0281540067657657,0.1677915574925203,0.009687,0.05,0.0478745655965965,0.2188025721891691,-0.0164829999999999,-0.01,0.0109446383493493,0.1046166255876634
383,seg_0a2s,MI,-0.022066,-0.029,0.0278298975415415,0.1668229526820021,-0.040521,-0.076,0.0191121857447447,0.1382468290585529,-0.01846,-0.049,0.0151317061061061,0.1230109999394611,-0.009769,0.02,0.0893912729119119,0.2989837335239359,-0.017285,-0.03,0.0683706264014013,0.2614777742015588
383,seg_2a4s,MI,0.0059199999999999,0.005,0.0144595131131131,0.1202477156253419,0.024981,0.011,0.0109943049439439,0.1048537311875163,0.0190529999999999,-0.004,0.0094390732642642,0.0971548931565686,-0.0059429999999999,-0.005,0.0449938956466466,0.2121176457691501,0.007725,0.005,0.0351432686436436,0.1874653798535709
383,seg_4a6s,MI,0.013048,0.0135,0.0277321958918919,0.16652986486481,-0.012862,-0.05,0.020549056012012,0.1433494192942964,-0.025914,-0.068,0.0159781607647647,0.1264047497713783,0.039301,0.065,0.0885075119109109,0.2975021208511141,0.015855,0.005,0.0708424664414414,0.2661624812805919
383,seg_6a8s,MI,0.011819,0.01,0.015009856095095,0.1225147178713443,-0.041796,-0.065,0.0104424127967967,0.1021881245389932,-0.053604,-0.079,0.0093799511351351,0.0968501478322833,0.027802,0.04,0.0485814382342342,0.2204119738903361,0.010515,0.005,0.0335711849599599,0.183224411473908
383,seg_8a10s,MI,-0.014286,-0.021,0.0268231113153153,0.1637776276397827,0.040462,0.015,0.0212216301861861,0.1456764572131893,0.054751,0.035,0.0169163833823823,0.1300629977448712,-0.048192,-0.035,0.086649860996997,0.2943634844830401,-0.017341,-0.015,0.0727311638828829,0.2696871592843881
407,seg_0a2s,MI,-0.002439,-0.016,0.0048033736526526,0.0693063752670174,0.00934,0.0,0.0032417221221221,0.0569361231743268,0.011798,0.02,0.0021980492452452,0.0468833578708399,0.0082659999999999,-0.013,0.0413694506946947,0.2033948148176219,0.0074309999999999,-0.02,0.0132810362752752,0.1152433784443829
407,seg_2a4s,MI,0.014975,0.003,0.0052157761511511,0.072220330594308,0.0142829999999999,0.005,0.0031933582692692,0.0565098068415498,-0.000676,0.005,0.0021575685925925,0.0464496350103269,-0.041092,-0.065,0.038057539075075,0.1950834156843555,-0.011983,-0.035,0.0141362869979979,0.1188961185152736
407,seg_4a6s,MI,0.0063089999999999,-0.015,0.0056726601791791,0.0753170643292685,-0.016709,-0.0345,0.003418757076076,0.0584701383278342,-0.023029,-0.019,0.0020621503093093,0.0454109051804663,-0.054261,-0.07,0.0408342731521521,0.2020749196514801,-0.022232,-0.05,0.0133094376136136,0.1153665359348785
407,seg_6a8s,MI,-0.015294,-0.035,0.0056203739379379,0.07496915324277,0.010239,-0.005,0.003123133012012,0.0558849980944082,0.025543,0.035,0.0021958379889889,0.0468597694081926,0.005843,-0.01,0.0401311995505505,0.2003277303584068,-0.008278,-0.03,0.0130139346506506,0.1140786336289607
407,seg_8a10s,MI,-0.013681,-0.025,0.0054758891281281,0.0739992508619386,-0.002429,-0.022,0.0035071821411411,0.0592214668945403,0.011256,0.02,0.0024380465105105,0.0493765785622141,0.066748,0.045,0.0387677662622622,0.1968953180303235,0.052281,0.035,0.0130401561951951,0.1141935032967952
409,seg_0a2s,MI,-0.160872,-0.215,0.0275878134294294,0.1660957959414669,-0.0336809999999999,-0.0415,0.0083418851241241,0.0913339209939227,0.127208,0.155,0.0270545753113113,0.1644827508017522,-0.055605,-0.044,0.1624516866616616,0.403052957639144,0.018381,0.0,0.0102451189579579,0.1012181750376776
409,seg_2a4s,MI,0.100878,0.087,0.0096061372532532,0.0980109037467426,0.027278,0.019,0.0093938245405405,0.0969217444154847,-0.0735939999999999,-0.06,0.0066466117757757,0.0815267549690025,-0.0260419999999999,-0.021,0.1684949551911912,0.4104813700902773,-0.03936,-0.064,0.010270663063063,0.1013442798734248
409,seg_4a6s,MI,0.024384,0.005,0.009243550094094,0.0961433829969285,-0.0234349999999999,-0.049,0.0091196354104104,0.0954967821992469,-0.0478209999999999,-0.05,0.0045547376966966,0.0674887968235965,-0.0034049999999999,0.014,0.1717833723473473,0.4144675769554807,0.033638,0.03,0.0120514243803803,0.1097789796836369
409,seg_6a8s,MI,-0.001457,-0.02,0.011068925076076,0.1052089591055632,0.026378,0.0165,0.011241885001001,0.1060277558047938,0.027839,0.0465,0.0068449139929929,0.082733995388794,0.035135,0.066,0.2180345393143143,0.466941687274026,0.053699,0.035,0.013725664063063,0.1171565792564082
409,seg_8a10s,MI,0.0571089999999999,0.0415,0.0085637288478478,0.0925404173745064,0.021682,0.004,0.0093333802562562,0.0966094211568222,-0.035436,-0.03,0.003253179083083,0.0570366468429121,0.020315,0.0235,0.1691924882632632,0.4113301450942579,-0.069468,-0.09,0.0113066936696696,0.1063329378399264
414,seg_0a2s,MI,0.032149,-0.0025,0.1263520968958959,0.3554604013049778,-0.027838,-0.01,0.0213268686246246,0.1460372165738057,-0.059977,0.005,0.0988643668378378,0.3144270453345861,-0.114867,-0.1,0.041033781092092,0.202567966599095,-0.00326,0.019,0.0674553717717717,0.2597217198691164
414,seg_2a4s,MI,0.021524,-0.02,0.1330934949189189,0.3648198115767823,0.017703,0.0385,0.0193227295205205,0.1390062211576176,-0.003812,0.06,0.1098121227787787,0.3313791224244201,-0.0449089999999999,-0.055,0.0273041869059059,0.1652397860864807,0.005447,0.016,0.0550540312222222,0.2346359546664198
414,seg_4a6s,MI,-0.018554,-0.021,0.0826126697537537,0.2874241982745255,0.0005259999999999,0.03,0.018082694018018,0.1344719079139506,0.019073,0.065,0.0611192288998998,0.247223034727551,0.077889,0.115,0.0381349416206206,0.1952816981199739,-0.007813,0.02,0.0573595976286286,0.2394986380517197
414,seg_6a8s,MI,0.013778,-0.0295,0.1325362569729729,0.3640552938400607,0.027195,0.05,0.0196324854604604,0.1401159714681394,0.013407,0.08,0.110127757108108,0.3318550242321307,0.040454,0.025,0.0297286485325325,0.1724199771851641,0.0230109999999999,0.04,0.0548654863653653,0.23423382839668
414,seg_8a10s,MI,-0.00991,-0.029,0.0882719738738738,0.2971059977076765,0.0104919999999999,0.037,0.0172493132492492,0.1313366409241886,0.020411,0.08,0.065189988067067,0.2553233010656627,0.045764,0.045,0.0268655898938938,0.1639072600402248,-0.024736,0.0165,0.0539055218258258,0.2321756271141004
418,seg_0a2s,MI,-0.0342609999999999,-0.065,0.0272691199989989,0.1651336428442096,-0.0113509999999999,-0.045,0.0146660318308308,0.1211033931433419,0.022908,0.031,0.0090954589949949,0.0953701158382173,-0.082978,-0.12,0.0188609945105105,0.1373353359864478,-0.075049,-0.1165,0.0217540946936936,0.1474926936959715
418,seg_2a4s,MI,0.0301109999999999,0.007,0.0244391137927927,0.1563301435833562,0.010384,-0.005,0.0094530035475475,0.097226557830397,-0.019717,-0.019,0.0092942751861861,0.0964068212637787,0.010914,-0.025,0.0150798284324324,0.1227999529007744,0.0205839999999999,-0.01,0.0132879128568568,0.1152732096232982
418,seg_4a6s,MI,-0.095375,-0.14,0.0282307911661661,0.1680202105883877,-0.026186,-0.045,0.011926684088088,0.1092093589766375,0.069187,0.085,0.0098453633943943,0.0992238045752852,0.035603,0.0035,0.0156202136046046,0.1249808529519806,0.0446419999999999,0.021,0.0157497295655655,0.1254979265389096
418,seg_6a8s,MI,-0.034436,-0.075,0.0226752851891891,0.1505831504159386,-0.070392,-0.089,0.0123271374734734,0.111027642834897,-0.035964,-0.03,0.0049879967007007,0.0706257509744194,0.0374269999999999,0.01,0.0165617163873873,0.1286923322789178,-0.0512909999999999,-0.09,0.0169664968158158,0.1302555058944373
418,seg_8a10s,MI,0.131764,0.1,0.0247053936976976,0.1571794951566447,0.090793,0.08,0.0119189611121121,0.1091739946695737,-0.04097,-0.025,0.0107067378378378,0.1034733677708319,0.022224,-0.0115,0.0214398516756756,0.1464235352519385,0.0470309999999999,0.021,0.0210828368758758,0.1451993005350779
423,seg_0a2s,MI,-0.011439,-0.0195,0.0094514196986986,0.0972184123440549,0.0316209999999999,0.028,0.0087263837427427,0.0934151151727746,0.043076,0.064,0.0137295938178178,0.1171733494350051,0.003412,0.03,0.0431593976536536,0.2077483998822942,-0.049553,-0.08,0.0241025477387387,0.1552499524596988
423,seg_2a4s,MI,-0.034262,-0.0475,0.0132186079639639,0.1149722051800519,-0.0069379999999999,-0.015,0.0055928229789789,0.0747851788724141,0.027324,0.0395,0.0121144234474474,0.1100655415988466,-0.005566,-0.025,0.0404108364804804,0.2010244673677323,0.017129,-0.016,0.0342112616206206,0.1849628655179753
423,seg_4a6s,MI,-0.021074,-0.042,0.0154403188428428,0.1242590795187331,-0.015744,-0.022,0.0062299143783783,0.0789298066536234,0.005323,0.032,0.0131036363073073,0.1144711156026152,-0.0894799999999999,-0.0955,0.0563120156156156,0.2373015288943912,0.056507,0.021,0.0407096215725725,0.2017662547914605
423,seg_6a8s,MI,-0.015602,-0.04,0.0149486582542542,0.1222647056768806,0.003693,0.0,0.0062333601111111,0.0789516314657975,0.019316,0.048,0.0128550411851851,0.1133800740217838,-0.0211599999999999,-0.006,0.0626884248248248,0.2503765660456761,-0.001956,-0.055,0.0408884465105105,0.2022089179796739
423,seg_8a10s,MI,0.064644,0.055,0.011473751015015,0.1071155965068346,-0.0068999999999999,-0.01,0.0091383443443443,0.0955946878458439,-0.0715229999999999,-0.0584999999999999,0.0175073708418418,0.132315421783864,0.072622,0.075,0.0626805736896896,0.2503608869006692,-0.054924,-0.0775,0.0221650272512512,0.1488792371395395
425,seg_0a2s,MI,-0.3386459999999999,-0.38,0.0489955302142142,0.2213493397645771,-0.083459,-0.12,0.0746614477667667,0.2732424706497267,0.255165,0.269,0.0579500758508508,0.2407282198888423,-0.206228,-0.31,0.3487213653813814,0.5905263460518771,-0.137054,-0.195,0.0498740171011011,0.2233249137492302
425,seg_2a4s,MI,-0.1422189999999999,-0.1985,0.0709583233623623,0.2663800355926892,-0.016911,-0.055,0.0332466297087087,0.1823365835719993,0.1252979999999999,0.145,0.0119592624584584,0.1093584128380549,-0.06526,-0.1755,0.2339286150150149,0.4836616741225368,-0.028593,-0.07,0.0426320233743743,0.2064752367098155
425,seg_4a6s,MI,0.0449699999999999,-0.01,0.065174936036036,0.2552938229492363,0.046608,0.015,0.0326702966326326,0.1807492645424391,0.00163,0.025,0.0101204755755755,0.1006005744296501,0.009689,-0.096,0.2374313876666667,0.4872693173868704,0.029306,-0.015,0.0410265389029029,0.2025500898615029
425,seg_6a8s,MI,0.117278,0.072,0.0459332299459459,0.2143203908776436,0.0082969999999999,-0.025,0.0747883871781781,0.2734746554585601,-0.1089899999999999,-0.078,0.0569959318318318,0.2387382077335587,0.0190279999999999,-0.085,0.3412199571731731,0.5841403574254849,0.052038,0.0,0.0481821126686686,0.2195042429400139
425,seg_8a10s,MI,0.278175,0.2165,0.071664713088088,0.2677026579772567,0.017303,-0.025,0.0355043335245245,0.1884259364432734,-0.260895,-0.25,0.011038036011011,0.1050620579039408,0.2296619999999999,0.14,0.2378262219779779,0.4876742990746774,0.053355,0.01,0.0441498868618618,0.2101187446703931
429,seg_0a2s,MI,0.024281,-0.005,0.0368602462852852,0.1919902244524061,-0.059097,-0.08,0.018381441032032,0.1355781731401925,-0.083381,-0.1065,0.008351205044044,0.09138492788225,0.011609,0.045,0.0849471112302302,0.291456877136619,0.060968,0.035,0.0397283092852853,0.1993196159069279
429,seg_2a4s,MI,0.008567,-0.02,0.0301768743853853,0.1737149227481202,0.056781,0.028,0.0232802592982983,0.1525786987043024,0.048215,0.055,0.0034528175925925,0.0587606806682205,-0.036849,-0.01,0.087787791990991,0.2962900470670437,-0.0451819999999999,-0.0765,0.0510404032792792,0.2259212324667145
429,seg_4a6s,MI,-0.036425,-0.055,0.0194990694444444,0.1396390684745656,0.017036,0.0205,0.0136806593633633,0.1169643508226475,0.053451,0.04,0.0065068464454454,0.080665026160322,0.036902,0.059,0.0468258482442442,0.2163928100567212,-0.0016149999999999,-0.018,0.023343262037037,0.1527850190203117
429,seg_6a8s,MI,0.0092069999999999,-0.016,0.0378370632142142,0.1945175139009704,-0.076499,-0.0915,0.0179461521511511,0.1339632492557236,-0.085698,-0.075,0.0082657105065065,0.090915952981347,0.0222699999999999,0.06,0.0833861352352352,0.2887665756891459,0.0157649999999999,-0.03,0.0432875633383383,0.2080566349298631
429,seg_8a10s,MI,-0.011302,-0.04,0.0321172019979979,0.1792127283370185,0.058532,0.0355,0.0208504794554554,0.1443969509908552,0.06985,0.105,0.0071338833833833,0.0844623193109411,-0.0182489999999999,0.02,0.0868613203193193,0.2947224462427646,-0.0245279999999999,-0.05,0.0513152484644644,0.2265286923647078
430,seg_0a2s,MI,-0.020245,-0.0745,0.03365806504004,0.1834613448114889,-0.017115,-0.045,0.0140056634384384,0.118345525637594,0.003128,0.035,0.0237340997157157,0.1540587541028283,0.2215109999999999,0.13,0.0833182581371371,0.2886490224080745,0.0698709999999999,0.0245,0.0375198422012011,0.193700392878283
430,seg_2a4s,MI,0.000267,-0.06,0.0342581118228228,0.1850894697783286,0.022209,-0.01,0.0128051384574574,0.1131597916994258,0.021925,0.055,0.0243967261011011,0.156194513671579,-0.026393,-0.1345,0.0795510916426426,0.2820480307370407,-0.015893,-0.05,0.0358046862372372,0.1892212626457112
430,seg_4a6s,MI,-0.0158289999999999,-0.069,0.0309466544134134,0.1759166121019087,-0.015196,-0.039,0.0116326622462462,0.1078548202272213,0.000639,0.03,0.0219975622412412,0.1483157518311566,-0.079894,-0.165,0.0532919827467467,0.2308505636699784,-0.001086,-0.045,0.0387865651691691,0.1969430505734314
430,seg_6a8s,MI,0.0243299999999999,-0.036,0.0338207878878878,0.1839042900203469,0.0073179999999999,-0.02,0.0135875524284284,0.1165656571569363,-0.017017,0.011,0.0235182429539539,0.1533565875792558,-0.160983,-0.27,0.0903748395505505,0.3006240834506619,-0.081131,-0.135,0.0401416034424424,0.2003536958542129
430,seg_8a10s,MI,0.026288,-0.011,0.0171548939499499,0.1309766923920051,0.0158859999999999,0.009,0.0093722512552552,0.0968103881577553,-0.010383,-0.01,0.0124839622732732,0.1117316529604448,0.069007,-0.074,0.092380085036036,0.3039409235954185,0.0208789999999999,0.009,0.0290458702292292,0.1704284900749555
455,seg_0a2s,MI,-0.006784,-0.0315,0.0662931444884884,0.2574745511472706,0.009427,0.055,0.0938759826536536,0.3063918775908618,0.016222,0.05,0.2888101428588588,0.5374105905719191,0.0094349999999999,0.055,0.0933835913663663,0.3055872892748754,-0.034124,0.01,0.0815537884124124,0.2855762392294086
455,seg_2a4s,MI,0.006674,-0.01,0.0917726483723723,0.3029400078767616,-0.0003849999999999,0.07,0.1419795883633633,0.376801789225268,-0.0070429999999999,0.07,0.4288255186696696,0.6548477064704966,-0.0211209999999999,0.03,0.1333668311901901,0.3651942376190925,-0.0296059999999999,0.03,0.1110439527167167,0.3332325805150462
455,seg_4a6s,MI,0.026753,0.015,0.0635892031941941,0.2521689972899011,0.042273,0.075,0.0972146531241241,0.3117926444355673,0.0155159999999999,0.055,0.2935649546986987,0.5418163477588127,-0.037412,0.025,0.0996706949509509,0.3157066596556857,-0.0132489999999999,0.03,0.0807163313303303,0.2841061972754736
455,seg_6a8s,MI,0.0189269999999999,-0.005,0.0919117934644644,0.3031695787252812,-0.0011269999999999,0.06,0.1346444092802802,0.3669392446717579,-0.0200599999999999,0.06,0.4160521585585586,0.6450210528025877,-0.014259,0.025,0.1193580619809809,0.3454823613167262,-0.020619,0.04,0.1155004382772772,0.3398535541630796
455,seg_8a10s,MI,-0.038216,-0.04,0.0621523416856856,0.2493037137422659,-0.04424,-0.0065,0.1046767731731731,0.3235379006749799,-0.006025,0.009,0.3039122466216216,0.5512823656000811,0.026825,0.1195,0.1191449833583583,0.3451738451249723,0.0649189999999999,0.0895,0.0772833237627627,0.2779987837433156
464,seg_0a2s,MI,-0.030249,-0.039,0.0051461131121121,0.0717364141291723,-0.043112,-0.04,0.0223503397957957,0.1495003003200856,-0.012879,-0.011,0.0100066309899899,0.1000331494555179,-0.034773,-0.035,0.0415828963673673,0.203918847504019,0.0742119999999999,0.015,0.0915634485045045,0.3025945282130933
464,seg_2a4s,MI,0.0220739999999999,0.015,0.0045784529769769,0.0676642666181861,0.0272399999999999,0.02,0.0157157501501501,0.125362475047959,0.005167,0.004,0.0077786597707707,0.0881967106573185,0.06988,0.08,0.0319102738738738,0.1786344700047386,0.152004,0.095,0.0780131871711711,0.2793084087011545
464,seg_4a6s,MI,-0.0067339999999999,-0.009,0.0051371263703703,0.0716737495207999,-0.03312,-0.035,0.0168689385385385,0.129880477896174,-0.0263989999999999,-0.029,0.0073629747737737,0.0858077780493923,-0.058993,-0.068,0.0430459208718718,0.2074751090417158,-0.320417,-0.3915,0.0810738709819819,0.2847347379263408
464,seg_6a8s,MI,-0.033102,-0.04,0.0053229045005005,0.0729582380578129,-0.060917,-0.0665,0.0174743444554554,0.1321905611435833,-0.027821,-0.03,0.0058261591181181,0.0763292808699133,-0.075135,-0.061,0.0364339146896896,0.190876700227371,0.086891,0.055,0.0764642493683683,0.2765216978256288
464,seg_8a10s,MI,0.016267,0.0,0.0046348745855855,0.0680799132313312,0.080927,0.085,0.0154483019729729,0.1242911982924493,0.064658,0.062,0.0064853824184184,0.0805318720657754,0.072621,0.065,0.028281715074074,0.168171683330084,0.037778,-0.03,0.0627834902062062,0.2505663389328387
468,seg_0a2s,MI,-0.0511059999999999,-0.065,0.0125948876516516,0.1122269470833616,-0.0522719999999999,-0.075,0.0241574454614614,0.155426656212702,-0.001158,-0.014,0.0053861391751751,0.0733903207185741,0.0269769999999999,0.005,0.0466880665375375,0.2160742153463423,-0.145002,-0.19,0.0311164364324324,0.1763985159587019
468,seg_2a4s,MI,-0.025834,-0.0415,0.0142770274714714,0.1194865158562733,0.013879,-0.0035,0.0265669493083083,0.1629937094133031,0.039709,0.042,0.004661708027027,0.068276701934313,-0.062673,-0.101,0.0417422343053053,0.2043091635372856,0.101359,0.074,0.0301504826016016,0.1736389432172449
468,seg_4a6s,MI,0.015569,-0.003,0.0182548921311311,0.135110666237463,0.063189,0.034,0.0358191043833833,0.1892593574526326,0.047617,0.039,0.0057303386496496,0.0756990003213361,0.0691199999999999,0.059,0.0555418374374374,0.2356731580758348,0.114604,0.0685,0.0439611163003002,0.2096690637654976
468,seg_6a8s,MI,0.041456,0.027,0.0121697898538538,0.1103167705013786,0.028624,0.0045,0.0255496462702702,0.1598425671411413,-0.012821,-0.027,0.0054766516106106,0.0740044026434279,0.056428,0.03,0.0439733501661661,0.2096982359634104,-0.010045,-0.05,0.0294100189939939,0.1714934954859629
468,seg_8a10s,MI,0.044328,0.026,0.0137411675835835,0.1172227263954545,-0.0403769999999999,-0.07,0.0261418447157157,0.1616843984919872,-0.0846809999999999,-0.095,0.0041701473863863,0.0645766783474218,-0.0887089999999999,-0.115,0.0419021124314314,0.204700054790983,-0.027298,-0.055,0.0301349741701701,0.173594280349815
477,seg_0a2s,MI,0.0035489999999999,-0.005,0.0035528244234234,0.0596055737613809,-0.025569,0.0155,0.045840802041041,0.214104652077065,-0.0291099999999999,0.035,0.0665792011011011,0.2580294578165468,-0.125896,-0.1,0.012386892076076,0.1112964153783763,-0.238214,-0.21,0.0359621823863863,0.1896369752616466
477,seg_2a4s,MI,0.004946,0.0,0.0025385516356356,0.0503840414777897,0.036401,0.08,0.0461573855845845,0.2148426996306473,0.031464,0.09,0.0637025872912912,0.2523937148411015,-0.0332719999999999,-0.0055,0.0110431371531531,0.1050863319045495,-0.009908,0.0,0.0344991366726726,0.185739432196485
477,seg_4a6s,MI,0.010184,0.01,0.0024040441881881,0.0490310533049024,-0.0055489999999999,0.04,0.0472435171161161,0.2173557386316637,-0.01574,0.03,0.0628122526526526,0.2506237272339804,-0.012332,0.02,0.0162012250010009,0.1272840327810248,0.1724299999999999,0.21,0.0383674725725725,0.1958761664230045
477,seg_6a8s,MI,0.0027099999999999,-0.004,0.0025737016016016,0.0507316627127635,0.0107809999999999,0.055,0.0467419569959959,0.2161988829665777,0.00808,0.055,0.0647812748748748,0.2545216589504219,0.05982,0.083,0.0126998614614614,0.1126936620288002,0.0537239999999999,0.07,0.0325035573813813,0.1802874299039768
477,seg_8a10s,MI,0.0045959999999999,0.0,0.0025976704544544,0.0509673469434544,0.005684,0.05,0.0445314816256256,0.2110248365136806,0.001075,0.045,0.0611015589339339,0.2471872952518675,0.110497,0.145,0.0167803863773773,0.1295391306801824,0.028112,0.0475,0.035529567023023,0.1884928832158472
483,seg_0a2s,MI,0.011363,0.005,0.0083882855165165,0.0915875838556543,0.013168,0.0115,0.009603313089089,0.097996495289827,0.0018,0.01,0.0031743983983983,0.0563417997440479,-0.062639,-0.0745,0.0892007574364364,0.2986649585010542,-0.0174089999999999,-0.008,0.0183538575765765,0.1354764096681654
483,seg_2a4s,MI,-0.010757,-0.015,0.0079534013523523,0.0891818442977736,-0.015686,-0.0135,0.0073696971011011,0.0858469399635252,-0.0049259999999999,-0.005,0.0027309815055055,0.0522587935710872,0.035135,0.0405,0.0744905012762762,0.2729294804089076,0.020878,0.0445,0.018314890006006,0.1353325164400854
483,seg_4a6s,MI,-0.048128,-0.0505,0.0086097773933933,0.0927888861523479,0.0100799999999999,0.015,0.0092245581581581,0.0960445633971968,0.0581999999999999,0.061,0.0023791311311311,0.0487763378200037,0.0285029999999999,0.04,0.0967198658568568,0.3109981766133957,-0.174571,-0.179,0.0228116846436436,0.1510353754709261
483,seg_6a8s,MI,0.015974,0.014,0.0069790443683683,0.0835406749336415,0.036724,0.045,0.0077527145385385,0.0880495005013574,0.020775,0.029,0.0027704948698698,0.0526354905920888,0.0389439999999999,0.055,0.0733944533173173,0.2709141068998019,0.070127,0.07,0.0118469197907907,0.1088435564964265
483,seg_8a10s,MI,0.0003729999999999,-0.008,0.0097586004714714,0.0987856288711646,-0.059698,-0.043,0.0120626494454454,0.1098300935328994,-0.060082,-0.055,0.0059395227987987,0.0770682995712166,-0.006232,0.002,0.0957790792552552,0.3094819530364497,0.0627269999999999,0.085,0.0163958323033033,0.1280462115929374
486,seg_0a2s,MI,0.013729,-0.016,0.0211439795385385,0.1454096954763971,0.00379,-0.025,0.0092625564564564,0.0962421760791829,-0.0099499999999999,0.002,0.0132522297297297,0.1151183292518169,0.056104,0.03,0.0342642694534534,0.1851061032312372,-0.315841,-0.392,0.0816966864054054,0.2858263221003366
486,seg_2a4s,MI,-0.004035,-0.038,0.014780264039039,0.1215741092463318,-0.039154,-0.05,0.0067756199039039,0.0823141537276786,-0.035116,-0.025,0.0071125891331331,0.0843361674083731,0.0109369999999999,-0.008,0.0297824074384384,0.1725758020072293,0.162029,0.128,0.1514326367957958,0.3891434655699563
486,seg_4a6s,MI,0.014675,-0.005,0.0113920053803803,0.1067333377177926,-0.013659,-0.026,0.0046914922112112,0.0684944684716307,-0.028317,-0.02,0.0052431636746746,0.0724096932369877,-0.0037359999999999,-0.027,0.0203202425465465,0.1425490881996323,0.171439,0.252,0.1174348211001001,0.3426876436349874
486,seg_6a8s,MI,-0.0056589999999999,-0.039,0.0190248155345345,0.1379304735529264,0.007238,-0.0165,0.0071585018578578,0.084607930230315,0.0128929999999999,0.0375,0.0121495691201201,0.1102250838970881,-0.0040529999999999,-0.02,0.0285461763673673,0.168956137406628,-0.1114979999999999,-0.158,0.090890028024024,0.3014797307017903
486,seg_8a10s,MI,-0.0247939999999999,-0.055,0.0208870265905905,0.1445234465081378,0.0235409999999999,0.005,0.0093285889079079,0.096584620452264,0.048325,0.07,0.0121067441191191,0.1100306508165752,-0.065533,-0.093,0.0339632381491491,0.1842911776215811,0.080541,0.0965,0.114749724043043,0.3387472863995268
492,seg_0a2s,MI,-0.045795,-0.05,0.0022389679429429,0.0473177339159742,-0.0915,-0.095,0.0075613013013013,0.0869557433485638,-0.045701,-0.055,0.0028623059049049,0.0535005224731955,-0.030801,-0.028,0.0559939113103103,0.2366303262692893,-0.126336,-0.115,0.0430398369409409,0.2074604466903051
492,seg_2a4s,MI,0.0058899999999999,-0.006,0.0027545724724724,0.0524840211156926,0.045719,0.045,0.0030415395785785,0.0551501548373037,0.039825,0.045,0.000706707082082,0.0265839628739223,0.069745,0.065,0.0470598318068068,0.2169327817707752,-0.000369,-0.02,0.0190218306696696,0.1379196529493519
492,seg_4a6s,MI,-0.0023689999999999,-0.015,0.0024855383773773,0.0498551740281525,0.004712,0.005,0.0047537928488488,0.0689477544873569,0.007091,0.015,0.0014980888078078,0.0387051522126939,-0.091988,-0.09,0.052462238094094,0.2290463666904456,0.054402,0.025,0.0287605369329329,0.1695893184517613
492,seg_6a8s,MI,0.025039,0.015,0.0026643538328328,0.0516173791743908,-0.010314,-0.015,0.0037637651691691,0.0613495327542856,-0.035358,-0.03,0.0015271609969969,0.0390789073158014,0.0225349999999999,0.004,0.0480064171921921,0.2191036676831134,0.0088899999999999,-0.025,0.0186569868868868,0.1365905812524673
492,seg_8a10s,MI,0.025348,0.01,0.0036384593553553,0.0603196431965189,0.033902,0.03,0.0049168712672672,0.0701204054984515,0.008556,0.013,0.00235719606006,0.0485509635337967,0.02439,-0.01,0.066435175075075,0.2577502183802665,0.0516379999999999,0.02,0.0253808738298298,0.1593137590725604
496,seg_0a2s,MI,-0.014646,-0.04,0.0240192959799799,0.1549815988431529,-0.004567,-0.01,0.0042193388498498,0.0649564380939245,0.010077,0.04,0.0152693804514514,0.1235693345917645,0.097864,0.135,0.041770502006006,0.2043783305685952,0.02755,0.03,0.0128633748748748,0.1134168191886674
496,seg_2a4s,MI,0.0292489999999999,0.003,0.0249694184174174,0.1580171459602325,0.024596,0.017,0.0043861088928928,0.0662277048741151,-0.0046489999999999,0.024,0.0181989747737737,0.1349035758376099,0.005992,0.025,0.0395204063423423,0.1987974002404014,0.006167,0.01,0.0114351082192192,0.1069350654332769
496,seg_4a6s,MI,0.043052,0.025,0.0244094026986986,0.1562350879242518,0.0556859999999999,0.06,0.0042773127167167,0.0654011675485745,0.012631,0.036,0.0153991579969969,0.1240933438867572,0.041603,0.08,0.0428087901811811,0.2069028520373297,0.031376,0.045,0.0151246292532532,0.1229822314533821
496,seg_6a8s,MI,-0.0056129999999999,-0.04,0.0255214887197197,0.1597544638491198,0.009382,0.015,0.0051642102862862,0.0718624400245794,0.014979,0.065,0.0205301727317317,0.1432835396398753,-0.083359,-0.055,0.0390321482672672,0.1975655543541618,-0.076571,-0.085,0.0118714143733733,0.1089560203631418
496,seg_8a10s,MI,-0.050912,-0.07,0.0262807229789789,0.1621133029056498,-0.07558,-0.08,0.0058579075075075,0.0765369682408932,-0.0246589999999999,-0.005,0.0156156243433433,0.1249624917458968,-0.046951,-0.025,0.0385341127117117,0.1963010766952431,0.0209029999999999,0.02,0.0129751667577577,0.1139085894819076
500,seg_0a2s,MI,0.149727,0.017,0.2076759644354354,0.4557147840869719,0.0557289999999999,-0.0045,0.1126621497087087,0.3356518281027361,-0.094012,-0.05,0.0380730288848848,0.1951231121238201,,,,,-0.008525,-0.079,0.2286662095845846,0.4781905578162169
500,seg_2a4s,MI,-0.182958,-0.307,0.17404974397998,0.4171926940635226,-0.193029,-0.255,0.08399888104004,0.2898256045280334,-0.010058,0.0305,0.0396672358718718,0.1991663522582865,,,,,-0.0389929999999999,-0.1145,0.1876824954464464,0.4332233782316536
500,seg_4a6s,MI,-0.0466909999999999,-0.2005,0.2064206661851852,0.4543354115465635,0.101411,-0.012,0.1141144024814814,0.3378082332943966,0.148087,0.1975,0.0358597311621621,0.1893666580001932,,,,,0.0206489999999999,-0.095,0.2213609067057057,0.470490070783333
500,seg_6a8s,MI,0.128171,-0.0125,0.1979523801391391,0.4449183971686709,0.176338,0.1169999999999999,0.1105524041601601,0.3324942167319007,0.048142,0.0905,0.0414677115475475,0.2036362235643441,-0.012012,-0.071,0.3098319558118118,0.5566255076905943,0.044113,-0.065,0.2005265808118118,0.4478019437338473
500,seg_8a10s,MI,-0.073934,-0.225,0.1814984781221221,0.4260263819555335,-0.121617,-0.2035,0.1098007830940941,0.3313620121469782,-0.047683,-0.018,0.0263747612722722,0.1624030827055702,-0.502055,-0.53,0.2163971331081081,0.4651850525415753,-0.042955,-0.135,0.1963818948698698,0.4431499688253062
507,seg_0a2s,MI,-0.006184,-0.011,0.0012368109549549,0.0351683231751949,0.012015,-0.005,0.0202868796546546,0.1424320176598459,0.0181989999999999,0.015,0.015352602001001,0.1239056173101163,-0.0522599999999999,-0.06,0.051543652052052,0.2270322709485417,0.017109,-0.01,0.0137596848038038,0.1173016828685923
507,seg_2a4s,MI,0.015473,0.01,0.0009217029739739,0.0303595614917932,0.011212,-0.02,0.0140668138698698,0.1186035997340294,-0.0042739999999999,-0.025,0.0099776265505505,0.0998880701112527,-0.02081,-0.065,0.0480462141141141,0.2191944664313269,-0.00428,-0.03,0.0105448304304304,0.1026880247664275
507,seg_4a6s,MI,0.022301,0.015,0.0011510394384384,0.0339269721377908,-0.003727,-0.03,0.0230146811521521,0.1517059034848418,-0.026033,-0.041,0.0174485784894894,0.1320930675300164,0.0607669999999999,0.04,0.0575145772882882,0.2398219699866721,0.0035839999999999,-0.03,0.0158520149589589,0.1259047852901507
507,seg_6a8s,MI,0.0019739999999999,-0.003,0.0010922956196196,0.0330498959093613,-0.041788,-0.06,0.0171842272832832,0.131088623775228,-0.043757,-0.0505,0.0130935434944944,0.1144270225711326,-0.062396,-0.0395,0.0414144956796796,0.2035055175656908,-0.010588,-0.03,0.0125554176736736,0.1120509601639971
507,seg_8a10s,MI,-0.019442,-0.024,0.0012512458818818,0.0353729541017128,0.0062479999999999,-0.025,0.0149950835795795,0.1224544142919298,0.0256999999999999,0.015,0.0104011951951951,0.1019862500300662,0.04349,0.015,0.0333007486486486,0.1824849271820789,-0.003557,-0.025,0.011326287038038,0.1064250301293734
510,seg_0a2s,MI,0.0557339999999999,0.025,0.0217271303743743,0.1474012563527678,0.036948,0.055,0.0118500453413413,0.1088579135448651,-0.0187969999999999,0.034,0.0442476814724724,0.210351328668189,-0.109472,-0.099,0.0953473645805805,0.3087836857422693,-0.043801,-0.0405,0.0116048362352352,0.1077257454614969
510,seg_2a4s,MI,-0.017788,-0.035,0.01162503409009,0.1078194513531305,0.003204,0.02,0.0072538121961961,0.0851693148745262,0.020994,0.06,0.0237911771411411,0.1542438885049944,-0.00068,-0.01,0.0547948624624624,0.2340830247208508,-0.0051959999999999,0.02,0.0068718594434434,0.0828966793269998
510,seg_4a6s,MI,-0.011347,-0.045,0.02268646906006,0.1506202810383119,0.011283,0.025,0.0119993062172172,0.1095413447845936,0.022625,0.071,0.045145686061061,0.2124751422191806,-0.013666,-0.0005,0.1004608472912913,0.3169555919861508,-0.0010069999999999,0.009,0.0094672902412412,0.0973000012396774
510,seg_6a8s,MI,-0.01407,-0.0295,0.0120521072072072,0.1097820896467507,0.024969,0.039,0.0068072112502502,0.0825058255534131,0.0390309999999999,0.07,0.0241668629019019,0.1554569487089654,0.0329449999999999,0.04,0.0569889309059059,0.2387235449341055,0.027592,0.044,0.0068229284644644,0.082601019754386
510,seg_8a10s,MI,0.004243,-0.026,0.019006122073073,0.1378626928254089,-0.067207,-0.055,0.0096541022532532,0.0982552912226779,-0.071464,-0.03,0.0333706373413413,0.1826763185017186,0.0874259999999999,0.09,0.1181513378618618,0.3437314909371294,0.022196,0.017,0.0175696732572572,0.1325506441223778
513,seg_0a2s,MI,-0.036929,-0.08,0.0461884403993993,0.2149149608552168,0.021418,0.0185,0.017775795071071,0.1333258979758661,0.058336,0.084,0.0107333904944944,0.1036020776552984,-0.075419,-0.11,0.0510482296686686,0.2259385528604374,-0.021537,-0.04,0.0240501147457457,0.1550809941473994
513,seg_2a4s,MI,0.006591,-0.045,0.0634502179369369,0.251893266954353,-0.03279,-0.05,0.0268005264264264,0.1637086632601537,-0.039402,-0.01,0.0128392015975975,0.1133102007658516,0.0072659999999999,-0.054,0.0820861013453453,0.2865067212917445,0.039644,-0.0015,0.0385937189829829,0.1964528416261342
513,seg_4a6s,MI,0.0102489999999999,-0.035,0.0437421711701701,0.2091462913134492,-0.006629,-0.02,0.0180974287877877,0.1345266842964168,-0.0168699999999999,0.02,0.0107108559559559,0.1034932652685958,0.001387,-0.042,0.0511104296606606,0.2260761589833405,0.031211,0.025,0.025047554033033,0.1582641906213563
513,seg_6a8s,MI,0.003743,-0.036,0.0423794143653653,0.2058626104113259,0.0354089999999999,0.025,0.0188070948138138,0.1371389616914675,0.031667,0.064,0.0091725806916916,0.0957735907841597,0.0028259999999999,-0.045,0.055343373097097,0.2352517228355556,-0.0131269999999999,-0.025,0.0253158026736736,0.1591094047304359
513,seg_8a10s,MI,0.0126969999999999,-0.04,0.0637666138048048,0.2525205215518232,0.0078409999999999,-0.01,0.0263924601791791,0.1624575642411863,-0.0048609999999999,0.025,0.0133577874664664,0.1155758948330769,0.044169,-0.01,0.0757458623013013,0.2752196619089946,-0.031085,-0.065,0.0365050087837837,0.1910628398820235
514,seg_0a2s,MI,0.0018889999999999,-0.047,0.0733142789579579,0.270766096396794,0.0150879999999999,0.005,0.0055217219779779,0.0743082901026391,0.0131969999999999,0.03,0.0850751433343343,0.29167643602858,0.002438,0.0075,0.039481918074074,0.1987005739148079,,,,
514,seg_2a4s,MI,-0.020505,-0.0575,0.0524448288038038,0.229008359681047,-0.000235,-0.014,0.0049043321071071,0.0700309367858742,0.020248,0.033,0.062461596092092,0.2499231803816766,0.005033,0.0065,0.0265496936046046,0.1629407671658772,0.0008529999999999,-0.1,0.0298740414324324,0.1728410872230108
514,seg_4a6s,MI,-0.008549,-0.0515,0.0752517113103102,0.2743204536856672,0.0031919999999999,-0.006,0.0054261592952952,0.0736624687021504,0.011744,0.024,0.0874278242882882,0.2956819647666869,0.0088469999999999,0.02,0.0397841657567567,0.1994596845399008,,,,
514,seg_6a8s,MI,0.0061129999999999,-0.04,0.0642412274584584,0.2534585320293212,-0.028918,-0.035,0.0046960012772772,0.0685273761155151,-0.0350239999999999,-0.0185,0.0725758192432432,0.2693989963664364,-0.0444809999999999,-0.04,0.0284198094484484,0.1685817589433935,-0.155491,-0.25,0.0306222101291291,0.1749920287588241
514,seg_8a10s,MI,0.0154519999999999,-0.0195,0.0631306503463463,0.2512581348859103,0.0125859999999999,0.023,0.0052361867907907,0.0723615007499899,-0.002881,-0.007,0.077683157996997,0.2787169854834775,0.016663,0.0245,0.0422182216526526,0.2054707318638171,,,,
515,seg_0a2s,MI,-0.092861,-0.0755,0.0280417674464464,0.167456762916421,-0.0492029999999999,-0.064,0.0179775333243243,0.1340803241505789,0.04365,0.06,0.006318508008008,0.079489043320498,0.062301,0.0545,0.0069344168158158,0.0832731458263455,0.117038,0.085,0.0216693599159159,0.1472051626673328
515,seg_2a4s,MI,-0.015538,-0.04,0.014701472028028,0.1212496269191292,0.0042359999999999,0.005,0.008339790094094,0.0913224512050245,0.019752,0.031,0.0076091596556556,0.0872304972796536,0.015965,0.011,0.004208320095095,0.0648715661526303,-0.019119,-0.04,0.0137288156546546,0.1171700288241607
515,seg_4a6s,MI,-0.01148,-0.05,0.0225541537537537,0.1501804040271358,-0.0647669999999999,-0.065,0.0111856703813813,0.105762329689646,-0.053283,-0.04,0.0091195684794794,0.0954964317630741,0.001891,0.0,0.0064574025215215,0.0803579648916118,-0.027411,-0.041,0.0192829129919919,0.1388629287894792
515,seg_6a8s,MI,0.0098769999999999,-0.02,0.0155616555265265,0.1247463647828125,0.00109,0.004,0.0100128047047047,0.1000640030415768,-0.0087939999999999,0.01,0.0050063338978978,0.0707554513652333,-0.011072,-0.015,0.0067155703863863,0.08194858379732,0.011795,-0.001,0.0210563413163163,0.1451080332590733
515,seg_8a10s,MI,0.0997599999999999,0.063,0.0166122886886886,0.1288886678055471,0.087782,0.09,0.0113082927687687,0.1063404568768103,-0.011994,-0.002,0.0063259178818818,0.0795356390675392,-0.057728,-0.061,0.0050902702862862,0.0713461301423299,-0.082911,-0.1115,0.02003995103003,0.1415625339912719
518,seg_0a2s,MI,-0.0258,-0.07,0.038977081081081,0.1974261408250718,-0.059695,-0.09,0.0156876596346346,0.1252503877624123,-0.033898,-0.025,0.0199848324284284,0.1413677206027897,0.0006929999999999,0.0615,0.2080528936446446,0.4561281548475654,-0.023399,-0.05,0.026799293092092,0.1637048963595533
518,seg_2a4s,MI,-0.020039,-0.05,0.0283331406196196,0.1683245098600308,-0.012713,-0.024,0.0116319786096096,0.1078516509359481,0.007319,0.025,0.0158847159549549,0.1260345823770403,0.0013489999999999,0.015,0.1544387139129129,0.3929869131573122,-0.029424,-0.05,0.01845182605005,0.1358374986888747
518,seg_4a6s,MI,-0.013841,-0.04,0.0235655772962962,0.1535108377160919,0.046096,0.015,0.0110977765605605,0.1053459850234481,0.059938,0.0635,0.0116221943503503,0.107806281590408,-0.032968,-0.01,0.1481667297057057,0.384924316854243,0.0043989999999999,-0.02,0.0176617575565565,0.1328975453368366
518,seg_6a8s,MI,0.020166,-0.01,0.0278828452892892,0.1669815717056504,0.046287,0.04,0.0113188394704704,0.1063900346389194,0.0261219999999999,0.045,0.0179634966126126,0.1340279695161148,0.0097279999999999,0.04,0.1559627067227227,0.3949211398782328,-0.001173,-0.025,0.0178601312022022,0.133641801851824
518,seg_8a10s,MI,0.0322489999999999,-0.005,0.0254044714704704,0.1593878021382767,-0.039275,-0.07,0.0128057491241241,0.1131624899165979,-0.0715339999999999,-0.065,0.0107090238678678,0.1034844136470215,0.021065,0.055,0.1428901248998999,0.3780081016326236,0.04155,0.02,0.0170929604604604,0.1307400491833335
526,seg_0a2s,MI,0.034898,0.024,0.0043921377337337,0.0662732052471716,0.059847,0.03,0.0213808264174174,0.1462218397415974,0.024945,0.006,0.0168746886636636,0.1299026122280212,-0.058841,-0.0245,0.1004468145335335,0.3169334544246371,-0.13128,-0.14,0.0475671147147147,0.21809886454247
526,seg_2a4s,MI,0.012778,0.006,0.0036858045205205,0.0607108270452686,-0.014885,-0.042,0.0186221098848848,0.1364628516662497,-0.027681,-0.05,0.0139150803193193,0.1179621986880514,0.0244099999999999,0.058,0.1078077596596596,0.3283409198678405,0.089167,0.055,0.03410191903003,0.1846670491182171
526,seg_4a6s,MI,-0.0033699999999999,-0.005,0.0031880711711711,0.0564630071035113,-0.107155,-0.14,0.019806041016016,0.1407339369733399,-0.103778,-0.136,0.0168232719879879,0.1297045565428909,0.007368,0.035,0.0984419565325325,0.3137546119701391,0.094593,0.065,0.0356596109619619,0.1888375253014134
526,seg_6a8s,MI,-0.019989,-0.03,0.0043707416206206,0.0661115846173771,0.012119,-0.0205,0.0185334923313313,0.136137769672238,0.032097,0.017,0.0148680996906906,0.1219348173849072,0.0340559999999999,0.065,0.1088124012652652,0.3298672479426614,0.001381,-0.026,0.0346457155545545,0.1861335959856644
526,seg_8a10s,MI,-0.031168,-0.035,0.0036110248008008,0.0600918031082509,0.038609,0.005,0.0210797718908908,0.1451887457446027,0.069798,0.056,0.0167011843803803,0.1292330622572272,-0.0057069999999999,0.025,0.100926876027027,0.3176899054534579,-0.054392,-0.082,0.0353326289649649,0.1879697554527455
528,seg_0a2s,MI,0.02003,0.015,0.0124471062062062,0.1115665998684472,-0.0505479999999999,-0.08,0.0414394951911911,0.203566930495086,-0.07056,-0.105,0.0909305529529529,0.3015469332507843,-0.0100399999999999,0.005,0.0179305169169169,0.1339048801086686,,,,
528,seg_2a4s,MI,-0.0059079999999999,-0.011,0.0084622217577577,0.0919903351323265,0.0156539999999999,0.0075,0.0265046289129129,0.1628024229331766,0.0215709999999999,0.015,0.0581836025615615,0.2412127744576591,-0.033577,-0.0375,0.0126023283993994,0.1122600926393676,,,,
528,seg_4a6s,MI,0.010057,-0.003,0.0130075052562562,0.1140504504868624,0.036838,0.025,0.0420378195755755,0.2050312648733738,0.026786,0.017,0.0921010252292292,0.3034815072277539,-0.0191439999999999,-0.0195,0.0167084917557557,0.1292613312470351,0.0095839999999999,0.03,0.0051542852292292,0.071793350870601
528,seg_6a8s,MI,0.012758,0.0,0.0121037091451451,0.1100168584588068,-0.028921,-0.04,0.0375834882472472,0.1938646131898425,-0.041698,-0.045,0.085220205001001,0.291924998931234,0.056197,0.0515,0.0152041883793793,0.1233052650107828,,,,
528,seg_8a10s,MI,-0.0221329999999999,-0.029,0.0087005078188188,0.0932765126857711,0.045292,0.035,0.0319184672032032,0.1786574017587942,0.067428,0.055,0.0657771299459459,0.2564705245168457,0.003282,0.015,0.013801600076076,0.1174802114233545,,,,
530,seg_0a2s,MI,0.010234,0.037,0.0249698571011011,0.1580185340430074,-0.041428,-0.025,0.017486195011011,0.1322353773050578,-0.051667,-0.07,0.0647366087197197,0.2544338985271414,-0.016126,-0.045,0.1416203584824825,0.3763248045006899,-0.013384,-0.0045,0.0433158323763763,0.2081245597626007
530,seg_2a4s,MI,-0.012125,0.02,0.0274684137887887,0.1657359761451592,0.006754,0.015,0.0185079414254254,0.1360438952155716,0.018901,-0.005,0.0705153405395395,0.2655472472829261,-0.0334819999999999,-0.07,0.1399001278038038,0.3740322550313058,0.000314,-0.02,0.0478182536576576,0.2186738522495491
530,seg_4a6s,MI,-0.0142179999999999,0.0104999999999999,0.025588547023023,0.1599642054430397,-5.6000000000000047e-05,0.01,0.0182765173813813,0.1351906704672381,0.014174,0.0,0.0678141358598598,0.2604114741324964,-0.005698,-0.03,0.1429306574534534,0.3780617111708794,0.109333,0.167,0.0342193334444444,0.1849846843510144
530,seg_6a8s,MI,-0.0101919999999999,0.015,0.0153808239599599,0.1240194499260497,-0.010035,0.0,0.0132874171921921,0.1152710596472167,0.0001619999999999,-0.019,0.041435313069069,0.2035566581300377,0.0095719999999999,-0.009,0.1111283631791791,0.3333592104309991,0.0348309999999999,0.08,0.0244451155545545,0.1563493381967271
530,seg_8a10s,MI,0.059023,0.09,0.022413534005005,0.1497115025808137,0.03996,0.06,0.0190784928928928,0.1381249177118049,-0.019065,-0.025,0.0642832039789789,0.2535413259785847,0.036917,0.0144999999999999,0.1279357038148148,0.3576810084625892,-0.116935,-0.087,0.0406978846596596,0.2017371672738062
535,seg_0a2s,MI,-0.010037,-0.027,0.0060548765075075,0.0778130869938181,0.062878,0.025,0.0141024675835835,0.1187538108171,,,,,-0.10694,-0.087,0.0167137461461461,0.1292816543293987,-0.100923,-0.085,0.0107197768478478,0.1035363551987795
535,seg_2a4s,MI,0.027148,0.0,0.007969906002002,0.0892743300283009,-0.031791,-0.093,0.0184362916106106,0.1357803064166914,,,,,0.004522,0.0,0.0309418093253253,0.1759028405834463,-0.01375,-0.056,0.0222877272272272,0.1492907472927482
535,seg_4a6s,MI,-0.025764,-0.047,0.0062695458498498,0.0791804638143137,-0.028372,-0.09,0.015139471087087,0.1230425580321178,,,,,0.0460439999999999,0.047,0.0207037378018018,0.1438879348722532,0.0635439999999999,0.025,0.0098643023663663,0.0993191943501676
535,seg_6a8s,MI,-0.008548,-0.035,0.0079640397357357,0.0892414687000148,-0.023725,-0.08,0.015856688063063,0.1259233420103797,,,,,-0.019948,-0.015,0.0257651044004004,0.1605151220302947,-0.03196,-0.087,0.0200902026026026,0.1417399118195104
535,seg_8a10s,MI,0.024359,0.0055,0.0061751492682682,0.0785821179930158,0.023547,-0.0385,0.0177264982892892,0.133140896381575,,,,,0.078473,0.0935,0.023014756027027,0.1517061502610458,0.0948529999999999,0.07,0.0148193287197197,0.1217346652343518
536,seg_0a2s,MI,-0.0368089999999999,-0.05,0.0089370695885885,0.0945360755933341,-0.069561,-0.065,0.0088986188978978,0.0943324912100698,-0.0327529999999999,-0.006,0.0242201141051051,0.1556281276154959,-0.062144,-0.045,0.0240565137777777,0.1551016240333342,-0.040523,-0.055,0.0128031706416416,0.113151096511
536,seg_2a4s,MI,-0.0087679999999999,-0.026,0.0112544286046046,0.1060868917661583,0.082214,0.0925,0.0099325647687687,0.0996622534802859,0.090978,0.116,0.025844530046046,0.1607623402605412,0.0985,0.1325,0.0270524684684684,0.1644763462278648,0.092114,0.075,0.0175592842882882,0.1325114496497879
536,seg_4a6s,MI,0.035884,0.023,0.0100297763203203,0.1001487709376421,0.063645,0.071,0.0113032562312312,0.1063167730474887,0.027761,0.06,0.0300398657447447,0.173320125042491,-0.03569,-0.025,0.0329264683683683,0.1814565192225629,-0.042972,-0.045,0.0122739511671671,0.1107878656133746
536,seg_6a8s,MI,0.0198269999999999,0.01,0.0102300871581581,0.1011438933310269,0.0093819999999999,0.019,0.009235986062062,0.0961040376990585,-0.010424,0.015,0.0243760102342342,0.1561281852652948,-0.060215,-0.06,0.0265975162912912,0.1630874498276654,-0.0541059999999999,-0.06,0.011251260024024,0.1060719568218858
536,seg_8a10s,MI,0.0037099999999999,-0.005,0.0095622761761761,0.0977868916377659,-0.0735649999999999,-0.07,0.0088018556306306,0.0938182052196194,-0.077277,-0.055,0.0217037039749749,0.1473217702003847,0.0648039999999999,0.071,0.0240283519359359,0.1550108123194506,0.024289,0.0165,0.0121033207997998,0.1100150935090263
537,seg_0a2s,MI,0.013749,0.0,0.0364314154144144,0.1908701532833628,-0.1214739999999999,-0.145,0.0136548101341341,0.1168537981159967,-0.13523,-0.1405,0.0148935086086086,0.122038963485473,0.024842,0.045,0.1677754604964965,0.4096040289065728,-0.066219,-0.11,0.0497250961351351,0.2229912467679732
537,seg_2a4s,MI,0.010679,0.0185,0.0254167246836836,0.1594262358700213,0.0357819999999999,0.035,0.0124370775535535,0.1115216461210717,0.025105,0.02,0.010285103078078,0.1014154972283727,0.003873,-0.001,0.1412988016726727,0.3758973286319985,-0.004584,-0.047,0.0333961631071071,0.1827461712515671
537,seg_4a6s,MI,-0.005318,-0.0005,0.0367412701461461,0.1916801245464592,-0.016627,-0.038,0.0196637776486486,0.1402275923227973,-0.011318,-0.02,0.0121976685445445,0.110443055664648,0.01138,0.025,0.1264442238238238,0.3555899658649324,-0.014186,-0.0255,0.0319636971011011,0.1787839397180325
537,seg_6a8s,MI,-1.0000000000012222e-06,0.01,0.0280271321311311,0.1674130584247571,0.056353,0.05,0.0116514318228228,0.1079417983119737,0.056373,0.06,0.0103834112822822,0.1018990249329319,-0.0286389999999999,-0.045,0.1370607774564564,0.370217203080106,0.0154029999999999,0.025,0.0332126092002002,0.1822432692864134
537,seg_8a10s,MI,-0.022377,-0.0085,0.0292954583293293,0.1711591608104262,0.0321609999999999,0.028,0.0109294485275275,0.104544002829084,0.0545499999999999,0.045,0.0144698833833833,0.1202908283427435,0.006565,-0.013,0.1315681198948949,0.3627232001056658,0.0661099999999999,0.09,0.0479220459459459,0.2189110457376373
540,seg_0a2s,MI,-0.033119,-0.057,0.0240560568958958,0.1551001511794746,-0.06609,-0.071,0.007408112012012,0.0860703898678983,-0.032984,-0.016,0.0183230187627627,0.1353625456422963,-0.018446,-0.0305,0.0583940911751751,0.2416486937170883,-0.1242429999999999,-0.145,0.0443949048558558,0.2107009844681696
540,seg_2a4s,MI,-0.008907,-0.035,0.0268105649159159,0.1637393200056599,-0.027629,-0.03,0.0069637631221221,0.0834491648976916,-0.018713,0.008,0.0216280466776776,0.1470647703485701,-0.066106,-0.085,0.0577497805445445,0.2403118402088098,-0.0387599999999999,-0.0665,0.0386834718718718,0.1966811426443111
540,seg_4a6s,MI,0.023209,0.004,0.0251148061251251,0.1584765160051328,0.0100189999999999,0.011,0.0080801007397397,0.089889380572678,-0.013192,0.001,0.0217976768128128,0.1476403630881908,0.010279,-0.01,0.0587689501091091,0.2424230808093757,-0.001364,-0.015,0.0421818933973973,0.2053823103322128
540,seg_6a8s,MI,0.0198239999999999,-0.0015,0.0264186576816816,0.1625381729984734,0.098025,0.1,0.0066137981731731,0.0813252615930202,0.0782009999999999,0.103,0.0226529755745745,0.1505090547926422,-0.011322,-0.025,0.0563869672832832,0.2374594013369091,0.058287,0.035,0.0373513519829829,0.1932649786769009
540,seg_8a10s,MI,-0.012711,-0.031,0.0281674629419419,0.1678316505964889,-0.005866,-0.0025,0.0101991231671671,0.1009907083209498,0.00684,0.035,0.0244125129129129,0.1562450412426356,0.069146,0.055,0.0589054881721721,0.2427045285365977,0.096116,0.075,0.0404527252692692,0.201128628666506
544,seg_0a2s,MI,0.005466,-0.02,0.0559279628068068,0.2364909359929188,0.096547,0.0815,0.0167969527437437,0.1296030583888503,0.0910909999999999,0.105,0.0546879046236236,0.2338544517934684,0.044506,0.089,1.2740023603243242,1.1287171303406025,-0.0160689999999999,-0.068,0.5064507630020021,0.7116535414104268
544,seg_2a4s,MI,0.0095119999999999,-0.04,0.0687577095655655,0.262216913195098,-0.10817,-0.13,0.0139230581581581,0.1179960090772487,-0.117684,-0.0985,0.0565930111551551,0.2378928564609604,-0.067394,0.074,1.516875472236236,1.2316149853896046,0.0281419999999999,-0.064,0.6178953812172173,0.7860632170615907
544,seg_4a6s,MI,-0.030239,-0.055,0.0550540078868868,0.2346359049397318,-0.066742,-0.08,0.011914646082082,0.1091542307108711,-0.036496,-0.02,0.0466822862702702,0.2160608392797507,0.096075,0.18,1.351925627002002,1.1627233664986707,-0.0447399999999999,-0.0565,0.5203196,0.7213318237815382
544,seg_6a8s,MI,0.0142429999999999,-0.0185,0.0556520099609609,0.2359067823547279,-0.0546559999999999,-0.065,0.0122021137777777,0.1104631783798464,-0.0688859999999999,-0.052,0.051292053057057,0.2264774890735435,0.045542,0.129,1.2317793996356357,1.109855576025834,0.093045,0.05,0.4762907617367368,0.6901382192986683
544,seg_8a10s,MI,0.0001529999999999,-0.046,0.076171487078078,0.2759918242957173,0.101981,0.1,0.0142682208598598,0.1194496582659819,0.101831,0.14,0.0737699223613613,0.2716061898436068,-0.151804,0.065,1.576822323907908,1.255715861135754,-0.0464069999999999,-0.209,0.6204472746256257,0.7876847558672351
545,seg_0a2s,MI,-0.022713,-0.095,0.1189003469779779,0.3448192961218643,0.007271,-0.027,0.0368217553143143,0.1918899562622137,0.0299879999999999,0.045,0.0399758637197197,0.1999396501940516,-0.00124,-0.006,0.2222139283283283,0.4713957237060263,0.0753119999999999,0.036,0.1099832459019019,0.331637220320491
545,seg_2a4s,MI,-0.074763,-0.11,0.096235196027027,0.3102179814695257,-0.0095229999999999,-0.045,0.0292736351061061,0.1710953976765772,0.065234,0.07,0.0356336889329329,0.1887688770240818,-0.0174049999999999,0.005,0.2109702352102102,0.4593149629722617,-0.03564,-0.055,0.1055030734734734,0.324812366564873
545,seg_4a6s,MI,0.0026979999999999,-0.06,0.1301611639599599,0.3607785525221254,0.0157489999999999,-0.03,0.0373778498488488,0.1933335197239445,0.013051,0.035,0.0507095659649649,0.2251878459530286,-0.0076159999999999,0.07,0.2809712918358358,0.5300672521820564,0.048579,-0.0225,0.1439463140730731,0.3794025752061695
545,seg_6a8s,MI,-0.034678,-0.06,0.1021591214374374,0.3196234056470793,-0.045129,-0.085,0.0276274538128128,0.1662150829883161,-0.010448,0.0,0.0396375608568568,0.1990918402568444,0.037222,0.04,0.2283947995155155,0.4779066849454144,-0.091514,-0.105,0.1058244022062062,0.3253066279776762
545,seg_8a10s,MI,0.090918,0.0495,0.086918822098098,0.2948199825284882,0.006783,-0.03,0.0314015874984985,0.1772049307962351,-0.084115,-0.065,0.0302467124874874,0.1739158201184915,-0.016377,-0.008,0.2003214102812813,0.4475727988621307,-0.025579,-0.055,0.1120700958548548,0.3347687199468535
554,seg_0a2s,MI,-0.015808,-0.062,0.0475616107467467,0.2180862461200768,0.012579,-0.037,0.0442757394984985,0.2104180113452707,0.028407,0.0555,0.0214817751261261,0.1465666235066023,-0.077163,-0.08,0.0879900204514514,0.2966311184812737,-0.039616,-0.09,0.0603555721161161,0.2456737106735601
554,seg_2a4s,MI,0.0077779999999999,-0.031,0.0345364771931931,0.1858399235718557,-0.0218729999999999,-0.075,0.0388954523233233,0.1972193000781701,-0.029662,-0.04,0.0152689246806806,0.1235674903875638,-0.001778,-0.027,0.0679783991151151,0.2607266751123005,-0.025796,-0.074,0.0482845909749749,0.2197375502161043
554,seg_4a6s,MI,0.012685,-0.045,0.0397719897647647,0.1994291597654785,0.007261,-0.015,0.0371414603393393,0.1927211984690302,-0.0054309999999999,-0.002,0.0143571704094094,0.1198214104799697,-0.0143019999999999,-0.025,0.0705788076036036,0.2656667228005864,0.063842,0.029,0.0437352222582582,0.2091296780905528
554,seg_6a8s,MI,0.034398,-0.018,0.051909431027027,0.2278364128646407,0.03408,0.0,0.0418082958958959,0.2044707702726624,-0.0003229999999999,0.01,0.0178295762472472,0.1335274363089745,-0.000505,0.01,0.0806626125875875,0.2840116416409503,0.066588,0.0115,0.0537844186746746,0.2319146797308757
554,seg_8a10s,MI,-0.015757,-0.0595,0.0412945464974975,0.2032105964203085,-0.0279519999999999,-0.055,0.0346025362322322,0.186017569686931,-0.012202,-0.015,0.0158479371331331,0.125888590162624,0.079226,0.07,0.0679633382622622,0.2606977910575044,-0.0714969999999999,-0.1055,0.0430566466376376,0.2075009557511426
556,seg_0a2s,MI,-0.0340629999999999,-0.09,0.0489094344654654,0.2211547749099382,0.008446,-0.015,0.0138697428268268,0.1177698723223678,0.042511,0.0725,0.019105159038038,0.1382214130952148,-0.048581,-0.0385,0.1391883417807808,0.373079538142714,-0.0023699999999999,-0.04,0.0311893824824824,0.176605159841049
556,seg_2a4s,MI,-0.0147109999999999,-0.055,0.0319520615405405,0.1787513959121453,-0.0003699999999999,-0.0255,0.0121947958958958,0.1104300497867129,0.0143549999999999,0.025,0.0101088157907907,0.1005426068430234,0.0088169999999999,-0.0085,0.1053607943053053,0.3245932752003733,-0.007611,-0.035,0.0265086923713713,0.1628149021784289
556,seg_4a6s,MI,0.033146,-0.03,0.0484289396236236,0.2200657620431302,0.0085109999999999,-0.025,0.0140333932722722,0.1184626239464257,-0.024644,-0.0065,0.0181360993633633,0.1346703358700919,0.074953,0.07,0.1480236604514514,0.3847384312119748,0.0229819999999999,-0.02,0.0304569986746746,0.1745193361054146
556,seg_6a8s,MI,0.0237749999999999,-0.036,0.0474778262012011,0.217894071055642,-0.0071719999999999,-0.043,0.0151240925085085,0.1229800492295742,-0.0309459999999999,-0.011,0.0157858909749749,0.1256419156769546,-0.016851,-0.014,0.1454730778768769,0.3814093311350378,0.018732,-0.0205,0.0340647669429429,0.1845664296207274
556,seg_8a10s,MI,0.011774,-0.0415,0.0466926035275275,0.2160847137757031,0.0027319999999999,-0.02,0.0138486127887887,0.1176801291161289,-0.0090489999999999,0.01,0.0152961527517517,0.1236776162114703,-0.03383,-0.025,0.1332922313313313,0.3650920860979204,-0.001298,-0.04,0.0334692664624624,0.1829460752857586
558,seg_0a2s,MI,-0.133347,-0.15,0.0359076262172172,0.1894930769638226,-0.562974,-0.537,0.048611697021021,0.2204806046368274,-0.429621,-0.4,0.0336489783373373,0.1834365785151296,0.2467389999999999,0.2,0.1265904693483483,0.3557955443064856,0.015088,-0.023,0.0221842324884884,0.1489437225548243
558,seg_2a4s,MI,-0.060613,-0.0995,0.0352474827137137,0.1877431296045576,0.018186,0.011,0.0454019873913913,0.2130774211205668,0.0787969999999999,0.065,0.0332424602512512,0.182325149804549,-0.0141119999999999,-0.0725,0.1138251165725725,0.337379780918437,-0.066097,-0.105,0.022674424015015,0.1505802909248584
558,seg_4a6s,MI,0.0107419999999999,-0.0075,0.019684632068068,0.1403019318044768,0.452722,0.43,0.0192952779939939,0.1389074439833733,0.4419619999999999,0.426,0.0101002427987988,0.1004999641731219,-0.125417,-0.18,0.1008008139249249,0.3174914391364354,-0.001917,-0.02,0.0211431472582582,0.1454068336023388
558,seg_6a8s,MI,0.065885,0.03,0.0309741779529529,0.175994823653859,0.286475,0.3555,0.1227100113863863,0.3502998877909988,0.220575,0.2935,0.1261572496246246,0.3551862182357652,-0.156861,-0.18,0.1440908905695695,0.3795930591693815,-0.078728,-0.115,0.0299469549709709,0.1730518851991245
558,seg_8a10s,MI,0.130577,0.105,0.0222161141851851,0.1490507101129853,-0.1937129999999999,-0.2715,0.0565670516826826,0.2378382889332217,-0.324292,-0.405,0.0406181188548548,0.2015393729643289,0.079974,0.0175,0.0869189883123123,0.2948202644193786,0.1621669999999999,0.15,0.0191920431541541,0.1385353498358962
564,seg_0a2s,MI,-0.042688,-0.055,0.0080192258818818,0.0895501305520091,-0.085518,-0.1075,0.0156358555315315,0.1250434145868207,-0.042827,-0.054,0.004800940011011,0.0692888159157811,-0.0695679999999999,-0.0745,0.014988666042042,0.1224282077057491,-0.064728,-0.11,0.0352401361521521,0.187723563124484
564,seg_2a4s,MI,0.0005429999999999,-0.018,0.0108118359869869,0.1039799787795082,0.053904,0.045,0.0216626794634634,0.1471824699597865,0.05335,0.059,0.0064130825825825,0.0800817243981583,0.054415,0.075,0.0201795723473473,0.1420548216265373,-0.069125,-0.088,0.0410350944694694,0.2025712083921836
564,seg_4a6s,MI,0.0022209999999999,-0.007,0.0076095537127127,0.0872327559619247,-0.021207,-0.0424999999999999,0.0158312954464464,0.1258224759192349,-0.023425,-0.034,0.0047698642392392,0.0690642037472324,-0.021087,-0.01,0.0130113127437437,0.1140671413849919,0.0303719999999999,0.046,0.0371147623783783,0.1926519202561406
564,seg_6a8s,MI,0.008232,-0.018,0.0106781343103103,0.1033350584763482,-0.049352,-0.08,0.0229146147107107,0.1513757401656907,-0.057568,-0.065,0.0063822276036036,0.0798888453014787,-0.014587,0.0,0.0212480564874874,0.1457671310257819,0.068615,0.08,0.0386713701451451,0.1966503754004684
564,seg_8a10s,MI,-0.000669,-0.01,0.0078004378768768,0.0883200876181453,0.063875,0.045,0.014858650025025,0.1218960623852346,0.0645509999999999,0.062,0.0043103297287287,0.0656531014402878,0.054955,0.075,0.0128745034784784,0.1134658692227688,0.0005269999999999,0.005,0.0295679071781781,0.1719532121775519
567,seg_0a2s,MI,-0.054074,-0.12,0.1570262707947948,0.3962654044889546,0.094735,0.0895,0.0101603431181181,0.1007985273608603,0.148808,0.2145,0.124500855991992,0.352846788269345,0.0042979999999999,0.0065,0.0319251403363363,0.1786760765640894,-0.141994,-0.145,0.0094725184824824,0.0973268641356664
567,seg_2a4s,MI,-0.034672,-0.1025,0.1341352036196196,0.3662447318660292,-0.047533,-0.069,0.0157420529639639,0.1254673382357495,-0.012877,0.0575,0.0928209348058058,0.3046652832303113,0.05801,0.065,0.0252718757757757,0.1589713048816539,0.0185199999999999,0.025,0.0106361717717717,0.1031318174559712
567,seg_4a6s,MI,-0.027017,-0.11,0.1875549556666667,0.4330761545810005,-0.178606,-0.195,0.0098031338978978,0.0990107766755614,-0.151595,-0.076,0.1459561451201201,0.3820420724476823,0.037043,0.055,0.0390930021531531,0.197719503724729,0.030708,0.035,0.0109609176536536,0.1046944012526632
567,seg_6a8s,MI,0.040134,-0.0355,0.1647792112552552,0.4059300570975931,-0.036021,-0.055,0.0121120586176176,0.1100547982489524,-0.0761639999999999,0.005,0.1175320311351351,0.3428294490488457,-0.004797,0.0195,0.0331963701611611,0.1821987106462643,0.090988,0.086,0.0216669968528528,0.1471971360212312
567,seg_8a10s,MI,0.0357399999999999,-0.045,0.1517338002002002,0.389530230149343,0.149381,0.1495,0.0135695193583583,0.1164882799184465,0.1136489999999999,0.1815,0.1131509947937937,0.3363792425132588,-0.055584,-0.035,0.0310876986426426,0.1763170401369154,0.00637,0.011,0.0064821852852852,0.0805120195081783
577,seg_0a2s,MI,0.015495,-0.013,0.0136078117867867,0.1166525258482935,0.0099449999999999,0.013,0.0121951911661661,0.1104318394584015,-0.0055369999999999,0.031,0.0281620026336336,0.1678153825894206,-0.0038809999999999,-0.015,0.0444723832222222,0.2108847628972331,0.047291,0.044,0.0077738701891891,0.0881695536406371
577,seg_2a4s,MI,0.013059,-0.008,0.0142833288478478,0.1195128815142863,0.00437,0.0005,0.0082156947947947,0.0906404699612418,-0.008681,0.015,0.0195092404794794,0.139675482742962,0.037109,0.0135,0.0335603434624624,0.183194823787307,0.0232849999999999,0.011,0.0071138516266266,0.0843436519640134
577,seg_4a6s,MI,0.022355,-0.005,0.0132475064814814,0.1150978126702739,0.0516169999999999,0.061,0.0124940323433433,0.1117767075170106,0.029259,0.07,0.031495109028028,0.1774686142055209,-0.0112059999999999,-0.02,0.052139497061061,0.2283407477018963,-0.008587,-0.021,0.0074970634944944,0.0865855847961685
577,seg_6a8s,MI,-0.027725,-0.055,0.0155539433183183,0.1247154493970908,-0.025232,-0.034,0.0107626147907907,0.1037430228535432,0.0024779999999999,0.0305,0.0253320815975975,0.1591605528942319,0.007941,0.0,0.039479517036036,0.1986945319731674,-0.0192219999999999,-0.035,0.0111282489649649,0.1054905159953489
577,seg_8a10s,MI,-0.0261449999999999,-0.051,0.0103454254004004,0.1017124643315675,-0.025552,-0.027,0.0099040413373373,0.0995190501227646,0.0006169999999999,0.027,0.0219676759869869,0.1482149654622871,-0.010971,-0.034,0.0408863064654654,0.2022036262421261,-0.0384689999999999,-0.0365,0.0070554785175175,0.0839968958802497
599,seg_0a2s,MI,0.0033659999999999,-0.02,0.0117946707147147,0.1086032721179003,0.0813889999999999,0.075,0.0068614851641641,0.0828340821411341,0.078022,0.105,0.0163964699859859,0.1280487016177282,-0.00505,0.025,0.0484368923923924,0.2200838303746833,-0.05062,-0.085,0.0375812108108108,0.1938587393201833
599,seg_2a4s,MI,0.018815,-0.001,0.0117548476226226,0.1084197750533666,0.0286359999999999,0.024,0.006344570074074,0.0796528095805419,0.009821,0.03,0.0160132762352352,0.1265435744525783,0.036585,0.066,0.048885256031031,0.2211001040954776,0.061645,0.035,0.0343403313063063,0.1853114440780879
599,seg_4a6s,MI,0.0153579999999999,-0.008,0.011003227063063,0.1048962681083701,-0.051504,-0.06,0.0073319839679679,0.0856270048989684,-0.066868,-0.055,0.0133429635395395,0.115511746327114,0.042188,0.075,0.0491560947507507,0.2217117379633987,0.153294,0.1015,0.0428146542182182,0.2069170225433814
599,seg_6a8s,MI,-0.012156,-0.035,0.010129405069069,0.100644945571395,-0.044738,-0.055,0.0079262456016016,0.0890294647945364,-0.032572,-0.015,0.0123407395555555,0.1110888813318216,-0.0092099999999999,0.015,0.0498991970970971,0.2233812818861444,0.0355149999999999,-0.005,0.0541445042792792,0.232689716745883
599,seg_8a10s,MI,-0.037323,-0.065,0.0109006493203203,0.1044061747231471,-0.024682,-0.031,0.0073843252012012,0.0859320964552896,0.012623,0.03,0.0129465674384384,0.1137829839582283,-0.0500629999999999,-0.035,0.0514804975285285,0.226893141210854,-0.219251,-0.27,0.0538614474464464,0.2320806916709066
600,seg_0a2s,MI,-0.018035,-0.017,0.0081325823573573,0.0901808314297298,0.053773,0.0505,0.0049247742452452,0.0701767357836287,0.0718159999999999,0.055,0.0116197498938938,0.1077949437306495,-0.018242,-0.045,0.0172604879239239,0.1313791761426594,-0.008874,-0.015,0.0050094675915915,0.0707775924399212
600,seg_2a4s,MI,-0.0127699999999999,-0.005,0.011910922022022,0.1091371706707756,-0.0022429999999999,-0.015,0.0059355334844844,0.0770424135427005,0.0105269999999999,-0.02,0.0164442535245245,0.128235149333264,-0.019725,-0.04,0.0211919633383383,0.1455745971601444,-0.0088349999999999,-0.015,0.0069071849599599,0.0831094757531291
600,seg_4a6s,MI,0.02609,0.0435,0.0120229028028028,0.1096489981842187,-0.012709,-0.025,0.0060813977167167,0.0779833169127648,-0.0387839999999999,-0.065,0.0161415368808808,0.1270493482111611,0.0015539999999999,-0.029,0.0211088579419419,0.1452888775575816,0.022201,0.015,0.0063953279269269,0.0799707942121805
600,seg_6a8s,MI,-0.011764,-0.005,0.01019575606006,0.1009740365641587,0.015759,0.004,0.0068855584774774,0.0829792653466965,0.027515,0.006,0.0174907385135135,0.1322525557919903,0.00263,-0.014,0.0232813904904904,0.1525824055731541,0.039288,0.045,0.0091562993553553,0.0956885539411864
600,seg_8a10s,MI,0.004089,0.005,0.0074729099889889,0.0864459946382074,-0.040077,-0.05,0.0049321772482482,0.0702294613979649,-0.044187,-0.064,0.0116232833143143,0.1078113320310732,0.024653,-0.005,0.0240305851761761,0.1550180156503629,-0.024087,-0.025,0.0064416811121121,0.0802600841770809
607,seg_0a2s,MI,-0.016162,-0.035,0.0099894652212212,0.0999473122260985,0.042356,0.05,0.0157022274914914,0.1253085292048849,0.058536,0.09,0.0289428675715715,0.1701260343732598,0.172898,0.1235,0.0894059835795795,0.2990083336289802,-0.160752,-0.1185,0.0511573918878878,0.2261799988679102
607,seg_2a4s,MI,-0.0493749999999999,-0.058,0.0150801585335335,0.1228012969537925,-0.040975,-0.0365,0.0172672896646646,0.1314050595093836,0.0084169999999999,0.045,0.0370893044154154,0.1925858364870465,-0.0583529999999999,-0.09,0.0542944268178178,0.2330116452407858,0.022006,0.0235,0.02766612609009,0.1663313743407722
607,seg_4a6s,MI,-0.039637,-0.065,0.0146892164474474,0.1211990777499872,-0.048825,-0.03,0.0228725309059059,0.1512366718289777,-0.0091849999999999,0.034,0.0449906274024024,0.2121099417811489,0.050411,0.0705,0.0504914755545545,0.2247030830997976,0.0114609999999999,0.0275,0.035480537016016,0.1883627803362862
607,seg_6a8s,MI,-0.064612,-0.081,0.0118850364924924,0.1090185144482004,-0.0543829999999999,-0.049,0.0176595398508508,0.1328892014079807,0.010228,0.054,0.0320423984144144,0.1790039061428951,0.047268,0.064,0.0389518039799799,0.1973621138414867,0.0530379999999999,0.065,0.0245986251811811,0.1568394885900269
607,seg_8a10s,MI,0.1538569999999999,0.096,0.0323490255765765,0.1798583486429711,0.055497,0.09,0.033001087078078,0.1816620133051433,-0.09834,0.0035,0.1051421925925925,0.3242563686230273,-0.261714,-0.185,0.1345401563603603,0.3667971596950559,0.082618,0.105,0.0333996857617617,0.182755809105379
610,seg_0a2s,MI,0.23499,0.2,0.0575342961961962,0.2398630780178479,-0.028911,-0.04,0.0038091262052052,0.0617181189376766,-0.263911,-0.2475,0.0496384355145145,0.222796848080296,-0.032179,0.01,0.0299726275865865,0.1731260453732672,-0.8728859999999999,-0.375,1.5129152722762764,1.2300062082267214
610,seg_2a4s,MI,-0.043795,-0.0725,0.0287086015765765,0.1694361283096866,0.027278,0.03,0.002409300016016,0.0490846209725206,0.07109,0.11,0.0268606745745745,0.1638922651456577,0.029602,0.05,0.0163271227187187,0.1277776299620505,0.446186,0.465,0.0182147181221221,0.1349619135983264
610,seg_4a6s,MI,-0.09545,-0.139,0.0443470585585585,0.2105874131057185,-0.003971,0.0,0.0022270412002002,0.0471915373790704,0.091471,0.14,0.0423639551141141,0.2058250594901265,0.0430729999999999,0.09,0.0245869586296296,0.1568022915318192,0.0600639999999999,0.045,0.0206218057097097,0.1436029446414999
610,seg_6a8s,MI,-0.070596,-0.115,0.0430757205045045,0.2075469115754424,-0.008376,-0.014,0.002176385009009,0.0466517417575057,0.06222,0.113,0.0392295631631631,0.1980645429226623,0.022854,0.055,0.0225909516356356,0.1503028663586813,0.048971,0.06,0.0208779921511511,0.1444921871630129
610,seg_8a10s,MI,-0.03076,-0.054,0.0294570634634634,0.1716306017686341,0.022092,0.025,0.0022593168528528,0.0475322716988453,0.0528429999999999,0.084,0.0285252776286286,0.168894279443173,-0.064006,-0.0295,0.0182310229869869,0.1350223055164849,0.304996,0.31,0.0346018998838838,0.1860158592267978
617,seg_0a2s,MI,-0.0107249999999999,-0.031,0.0122252286036036,0.1105677557138771,0.024405,-0.01,0.010072077052052,0.1003597382023889,0.035126,0.045,0.0058275596836836,0.0763384548159293,,,,,0.050586,0.012,0.0145185631671671,0.1204930004903486
617,seg_2a4s,MI,0.029027,-0.002,0.0166322004714714,0.1289658887902978,0.0169419999999999,-0.0185,0.0117272038398398,0.10829221504725,-0.012119,0.004,0.0071449197587587,0.0845276271922899,0.334229,0.3725,0.0485369475065065,0.2203110244779105,-0.015439,-0.04,0.0183434997787787,0.1354381769619584
617,seg_4a6s,MI,0.0289339999999999,0.001,0.0164228765205205,0.1281517714295066,0.047366,0.015,0.0109462382822822,0.1046242719558051,0.01843,0.037,0.0047058589589589,0.0685992635453104,,,,,-0.064411,-0.095,0.0184065165955955,0.135670618026143
617,seg_6a8s,MI,0.0138079999999999,-0.015,0.0129107238598598,0.11362536626942,-0.010868,-0.05,0.0098291457217217,0.0991420482021716,-0.024666,-0.025,0.0044413437877877,0.0666434076843898,,,,,0.0295439999999999,0.01,0.0139272693333333,0.1180138522942681
617,seg_8a10s,MI,-0.048204,-0.085,0.016862679063063,0.1298563785998326,-0.074911,-0.113,0.0122606877667667,0.1107279899879283,-0.026705,-0.02,0.0051091931681681,0.0714786203571961,-0.032789,-0.0275,0.0379442607397397,0.1947928662444796,0.0141209999999999,-0.015,0.0180919082672672,0.1345061644210675
623,seg_0a2s,MI,-0.00936,-0.02,0.0116027111111111,0.1077158814247514,0.043248,0.045,0.0222383708668668,0.1491253528641822,0.052616,0.065,0.0378756421861861,0.1946166544419726,-0.5761489999999999,-0.7805,0.5932890098088087,0.7702525623513424,-0.150912,-0.215,0.080535818074074,0.2837883332240317
623,seg_2a4s,MI,-0.033789,-0.055,0.014484569048048,0.1203518551915509,-0.036598,-0.0435,0.0255513537497497,0.1598479081807133,-0.0028119999999999,0.0165,0.0513922228788788,0.2266985286208953,0.279134,0.39,0.1064363003443443,0.3262457667837919,-0.013259,0.01,0.0552817736926926,0.2351207640611366
623,seg_4a6s,MI,0.003872,-0.01,0.0108000336496496,0.1039232103509589,-0.025552,-0.035,0.0182164817777777,0.1349684473415093,-0.029421,-0.03,0.0358871869459459,0.189439137841012,-0.1379219999999999,-0.0305,0.0811361881041041,0.2848441470420343,0.249155,0.295,0.0396266916666666,0.1990645414599663
623,seg_6a8s,MI,-0.002486,-0.0195,0.0142626104144144,0.1194261713964506,-0.0081259999999999,-0.005,0.0268543204444444,0.1638728789166909,-0.00564,0.0065,0.0530519663663663,0.2303301247478635,-0.60066,-0.5475000000000001,0.111612693093093,0.3340848591197947,0.0160229999999999,0.06,0.0542861826536536,0.2329939541139504
623,seg_8a10s,MI,0.0024049999999999,-0.011,0.0098428117867867,0.0992109459020867,0.01539,0.013,0.0174514393393393,0.1321038960036354,0.0129839999999999,0.025,0.033152314058058,0.1820777692582432,1.044514,1.3135,0.819405201005005,0.9052100314319352,-0.086844,-0.0745,0.0391750367007007,0.1979268468417074
627,seg_0a2s,MI,0.0139599999999999,-0.011,0.0123998262262262,0.1113545069865886,0.015527,0.0195,0.0031191043753753,0.0558489424732051,0.001553,0.04,0.0115797229139139,0.107609120960604,0.010147,-0.015,0.0628162956866866,0.2506317930484612,-0.0263909999999999,-0.065,0.0393540701891891,0.1983786031536394
627,seg_2a4s,MI,-0.026265,-0.071,0.0197603411161161,0.1405714804507518,-0.024807,-0.02,0.0033830808318318,0.0581642573392958,0.001454,0.055,0.0201342501341341,0.1418952082846145,-0.029769,-0.04,0.0812875612002001,0.2851097353655258,0.0191449999999999,-0.03,0.049716046021021,0.2229709533123564
627,seg_4a6s,MI,-0.04922,-0.0854999999999999,0.0139293589589589,0.11802270526877,-0.042196,-0.05,0.0038437433273273,0.0619979300245365,0.007053,0.0485,0.0134873435345345,0.1161350228593189,0.027186,-0.011,0.069383681085085,0.2634078227484618,-0.058127,-0.1,0.0374875424134134,0.1936169992883202
627,seg_6a8s,MI,-0.014886,-0.045,0.0124022572612612,0.1113654221976519,-0.026136,-0.025,0.003548552056056,0.0595697243241569,-0.0112459999999999,0.0265,0.0113401796636636,0.1064902796675061,-0.0073319999999999,-0.025,0.0619349226986987,0.2488672792849608,-0.0172499999999999,-0.055,0.0395899394394394,0.1989722077061
627,seg_8a10s,MI,0.091682,0.055,0.0190806635395395,0.1381327750374238,0.092779,0.097,0.004753884043043,0.0689484158124249,0.001091,0.054,0.0210969857047047,0.1452480144604555,0.0143659999999999,0.014,0.0820118158598598,0.2863770519085981,0.073863,0.025,0.0497496438748748,0.2230462819122409
634,seg_0a2s,MI,0.147611,0.135,0.0152274991781781,0.1233997535580123,0.070555,0.08,0.0145837707457457,0.1207632839307781,-0.077063,-0.065,0.0042874004314314,0.0654782439550071,0.1829419999999999,0.28,0.1676042308668668,0.4093949570608642,-0.2353679999999999,-0.375,0.1011961967727727,0.3181134966843953
634,seg_2a4s,MI,0.07481,0.06,0.0141699478478478,0.1190375900623321,-0.153637,-0.15,0.0167022334644644,0.1292371210777478,-0.228453,-0.229,0.0067893811721721,0.082397701255388,0.181916,0.2795,0.1584924954394394,0.3981111596519739,-0.023733,-0.025,0.0421970527637637,0.2054192122557278
634,seg_4a6s,MI,-0.000964,-0.025,0.0114328575615615,0.1069245414372283,-0.237271,-0.215,0.0104099294884884,0.102029061979852,-0.2363,-0.23,0.0075548488488488,0.0869186334962121,0.132818,0.235,0.1164508357117117,0.3412489351070736,-0.038977,-0.016,0.037942581052052,0.1947885547255075
634,seg_6a8s,MI,-0.074094,-0.0925,0.0192376227867867,0.1386997577026967,0.001365,-0.02,0.0267907965715715,0.1636789435803261,0.07544,0.045,0.0202764348348348,0.1423953469564045,-0.16189,-0.016,0.2023867326326326,0.4498741297659075,0.1578059999999999,0.1605,0.0549901224864864,0.2344997281160182
634,seg_8a10s,MI,-0.144726,-0.165,0.020947112036036,0.144731171611495,0.318847,0.355,0.03091747907007,0.1758336687613327,0.463589,0.5295000000000001,0.0481644204994995,0.2194639389501143,-0.363682,-0.3165,0.1427688837597597,0.3778476991590127,0.130816,0.144,0.0743781222662662,0.2727235271594042
636,seg_0a2s,MI,-0.024863,-0.04,0.0245610252562562,0.1567195752171893,-0.050473,-0.0695,0.0056872605315315,0.0754139279677933,-0.025577,-0.003,0.0152814935645645,0.1236183383020681,0.012704,0.05,0.0461668732572572,0.214864779005907,-0.173021,-0.191,0.0484040846436436,0.2200092830851544
636,seg_2a4s,MI,0.017079,-0.002,0.0244452179769769,0.1563496657398952,-0.01263,-0.0155,0.0046473384384384,0.0681713901753399,-0.0297059999999999,-0.01,0.015305439003003,0.1237151526814844,-0.02743,0.029,0.0610840491491491,0.2471518746624211,0.0620519999999999,0.03,0.0449636749709709,0.2120463981560898
636,seg_4a6s,MI,0.0247419999999999,0.0195,0.0270838753113113,0.1645717937901611,0.005861,0.006,0.003388420099099,0.0582101374255301,-0.018891,0.01,0.0176911963153153,0.133008256568212,0.021298,0.0705,0.0524752824784784,0.2290748403436712,0.061555,0.045,0.0376202191941941,0.1939593235557244
636,seg_6a8s,MI,-0.00145,-0.006,0.019977589089089,0.1413420994929999,0.013809,0.02,0.0023362667857857,0.0483349437341742,0.0152539999999999,0.036,0.0153464899739739,0.1238809508115512,0.0198479999999999,0.055,0.0388895044004004,0.1972042200369971,-0.000845,-0.01,0.0225954183933933,0.1503177248144522
636,seg_8a10s,MI,-0.049695,-0.07,0.0282907847597597,0.1681986467239251,0.039222,0.04,0.0034128375535535,0.0584194963479963,0.088917,0.115,0.0199898599709709,0.1413855012756646,-0.023044,0.03,0.052109950014014,0.2282760390711517,0.037437,0.0285,0.0373248969279279,0.1931965241093326
646,seg_0a2s,MI,-0.011268,-0.032,0.0135465907667667,0.1163898224363572,-0.053163,-0.025,0.0178021405715715,0.1334246625312261,-0.041885,0.0,0.0536955393143143,0.2317229796854734,-0.12472,-0.095,0.1417283399399399,0.376468245593091,0.033837,0.055,0.0691529173483483,0.2629694228391361
646,seg_2a4s,MI,-0.0019659999999999,-0.0395,0.0181989978418418,0.1349036613359394,-0.0163419999999999,0.02,0.0294981171531531,0.1717501591066312,-0.0143779999999999,0.045,0.0761086938098098,0.2758780415506276,-0.0064409999999999,0.115,0.1990279324514514,0.446125467163052,-0.244667,-0.225,0.0741460982092092,0.2722978116129639
646,seg_4a6s,MI,0.0051429999999999,-0.007,0.0130172998508508,0.1140933821518621,0.015648,0.036,0.0209466827787787,0.144729688657092,0.010504,0.054,0.0538463863703703,0.2320482414722645,0.0114069999999999,0.07,0.1372030784294294,0.3704093390148654,0.273028,0.265,0.116198808024024,0.3408794626022871
646,seg_6a8s,MI,-0.012562,-0.019,0.0108652834394394,0.1042366703201874,0.053973,0.073,0.0184820222932932,0.1359486016599409,0.06655,0.105,0.0485923938938939,0.2204368251764979,0.064886,0.1015,0.1366488458498498,0.3696604466937866,-0.220737,-0.238,0.1230296474784784,0.3507558231569057
646,seg_8a10s,MI,-0.009726,-0.034,0.0185248317557557,0.136105957826084,-0.008464,0.025,0.0305972919959959,0.1749208163598489,0.0012529999999999,0.058,0.0792413343253253,0.2814983735749202,0.032756,0.125,0.1901230054694694,0.4360309684752557,0.16054,0.27,0.1632412496496496,0.4040312483579081
651,seg_0a2s,MI,0.003635,0.004,0.0017234712462462,0.041514711202732,0.018663,-0.005,0.0108477832142142,0.1041526918241396,0.015003,-0.005,0.0118121451361361,0.1086836930552883,-0.111438,-0.062,0.2015206488048048,0.4489105131368665,0.137619,0.13,0.0120323982372372,0.1096922888686221
651,seg_2a4s,MI,0.011526,0.01,0.0015463716956956,0.0393239328614991,-0.016944,-0.05,0.014966187051051,0.122336368472548,-0.0284899999999999,-0.06,0.017996156056056,0.1341497523518253,0.038567,0.11,0.2349103878988989,0.4846755491036234,0.0432939999999999,0.1,0.0484513689329329,0.2201167166140112
651,seg_4a6s,MI,0.0120999999999999,0.011,0.0026302202202202,0.0512856726603075,0.046275,0.02,0.0105844538288288,0.1028807748261492,0.034179,0.025,0.0130134964554554,0.1140767130288011,-0.0489349999999999,0.0104999999999999,0.1952674622372372,0.4418907808918819,-0.0190839999999999,0.042,0.0458009919359359,0.2140116630838981
651,seg_6a8s,MI,-0.011397,-0.011,0.0017642075985985,0.0420024713391795,-0.00422,-0.0435,0.0162126202202202,0.1273287878691233,0.007147,-0.025,0.0192521755665665,0.1387522092313004,0.129248,0.19,0.2344688293253253,0.4842198150895163,-0.030564,-0.04,0.0114608587627627,0.1070554004371697
651,seg_8a10s,MI,0.010261,0.009,0.0018322671461461,0.0428049897342137,-0.041436,-0.07,0.0114408867907907,0.1069620810885371,-0.0517139999999999,-0.075,0.0127176938978978,0.1127727533489268,0.001767,0.0405,0.1832697404514514,0.4281001523609299,-0.135038,-0.147,0.0065567773333333,0.0809739299610271
652,seg_0a2s,MI,-0.016356,-0.0565,0.0235236949589589,0.1533743621305691,0.01146,0.01,0.0072309353353353,0.0850349065698042,0.027825,0.056,0.0341312215965966,0.1847463709970959,0.004431,0.0575,0.1301832004394394,0.360809091403528,-0.0644069999999999,-0.101,0.0717862996506506,0.2679296542950232
652,seg_2a4s,MI,0.0056329999999999,-0.01,0.0245541444554554,0.156697621090607,0.012699,0.01,0.0073544007997998,0.0857578031423368,0.007075,0.038,0.0340163597347347,0.1844352453701155,0.0041139999999999,0.0584999999999999,0.1336812882922922,0.3656245181771762,-0.0097329999999999,-0.06,0.0769506003113112,0.2773997121687607
652,seg_4a6s,MI,0.0196769999999999,-0.014,0.0324243029739739,0.1800674956064363,-0.000268,-0.001,0.0085821763523523,0.0926400364440361,-0.019953,0.0225,0.0458025693603603,0.2140153484223978,-0.0083749999999999,0.075,0.1717541905655655,0.4144323715222612,0.017255,-0.03,0.0949138077827827,0.3080808461796721
652,seg_6a8s,MI,0.0057829999999999,-0.009,0.0243675334444444,0.1561010360133604,-0.0039429999999999,-0.0045,0.0073314672182182,0.0856239873996663,-0.0097059999999999,0.011,0.0366618634274274,0.1914728790910802,0.0119759999999999,0.064,0.1377895249489489,0.3712001144247519,0.0173339999999999,-0.004,0.0725863968408408,0.2694186274941672
652,seg_8a10s,MI,-0.0095669999999999,-0.022,0.0226266061171171,0.1504214283841139,0.002202,0.001,0.0073083455415415,0.0854888620905761,0.011787,0.042,0.0343484761071071,0.1853334187541661,0.01927,0.067,0.1362475766766766,0.3691172939279283,0.007274,-0.018,0.0722145454694694,0.2687276418038707
661,seg_0a2s,MI,-0.0497209999999999,-0.085,0.0384810642232232,0.1961659099416186,0.034262,0.025,0.0108589603163163,0.10420633529837,0.083981,0.08,0.0202690897287287,0.1423695533768675,-0.026849,-0.052,0.0454826088078078,0.2132665205976029,-0.222703,-0.292,0.0349194702612612,0.186867520616241
661,seg_2a4s,MI,-0.012138,-0.035,0.0270735985545545,0.164540568111802,0.0014739999999999,-0.005,0.0070298431671671,0.0838441600063306,0.013621,0.035,0.0119790964554554,0.1094490587234785,0.099673,0.0835,0.0334402383093093,0.1828667228046407,0.6004599999999999,0.735,0.1324585409409409,0.3639485416112296
661,seg_4a6s,MI,0.009279,-0.02,0.0270830882472472,0.1645694025244281,-0.021526,-0.04,0.0059046279519519,0.0768415769746558,-0.0308029999999999,-0.02,0.0130406468378378,0.114195651571493,-0.0759549999999999,-0.08,0.0337157727477477,0.1836185522972767,-0.844837,-0.9345,0.0971413798108108,0.3116751190114649
661,seg_6a8s,MI,0.037719,0.0155,0.0250108568958958,0.1581482118011326,0.041329,0.032,0.0067147054644644,0.0819433064042723,0.003609,0.015,0.0109912413603603,0.104839121325774,0.0314529999999999,0.06,0.0364557695605605,0.190933940305438,0.6761960000000001,0.605,0.1325298474314314,0.3640464907555509
661,seg_8a10s,MI,0.018772,-0.008,0.0220961842002001,0.1486478529955956,-0.038759,-0.0115,0.0142625694884884,0.1194260000522854,-0.0575249999999999,-0.03,0.0175884137887887,0.1326213172487318,-0.032611,-0.057,0.0355479236026026,0.188541569958995,-0.209593,-0.23,0.0432263597107107,0.2079094988467595
685,seg_0a2s,MI,0.071587,0.065,0.0107475019329329,0.1036701593175824,-0.042465,-0.05,0.0098076424174174,0.0990335418806043,-0.114046,-0.11,0.0119133412252252,0.1091482534226967,0.307552,0.3325,0.1011275248208208,0.3180055421228077,,,,
685,seg_2a4s,MI,-0.026445,-0.0385,0.0136459389139139,0.1168158333185784,0.020771,0.01,0.0133572858448448,0.1155737247164979,0.047192,0.04,0.0125686557917917,0.1121100164650411,-0.289437,-0.2715,0.1761652552862863,0.4197204489732258,,,,
685,seg_4a6s,MI,0.01047,0.0,0.0139061052052052,0.1179241502204073,0.052607,0.039,0.0123548413923923,0.111152334174287,0.042147,0.035,0.011482700091091,0.1071573613481178,0.0983759999999999,0.125,0.2876857844084084,0.536363481613363,,,,
685,seg_6a8s,MI,-0.026997,-0.029,0.0098964534444444,0.0994809200020006,0.009704,0.006,0.0093649132972972,0.0967724821284299,0.036716,0.035,0.0082200353793793,0.0906644107650812,0.235767,0.204,0.148755320031031,0.3856881123797193,,,,
685,seg_8a10s,MI,-0.022552,-0.0345,0.0144278691651651,0.1201160653916251,-0.025372,-0.045,0.0137385681841841,0.1172116384331529,-0.0028069999999999,-0.015,0.0119049947457457,0.1091100121242122,-0.360448,-0.285,0.1798109662622622,0.4240412317950487,0.489848,0.545,0.0901437166126126,0.300239432141437
691,seg_0a2s,MI,0.038974,0.035,0.0042046259499499,0.0648430871408043,-0.0204169999999999,-0.011,0.0049757328438438,0.0705388746993021,-0.0593879999999999,-0.043,0.0091518152712712,0.0956651204529177,-0.0317629999999999,0.054,0.1596153601911911,0.3995189109306231,0.047613,0.0305,0.0212534346656656,0.1457855777011761
691,seg_2a4s,MI,-0.0042,-0.006,0.0039906746746746,0.0631717870150486,0.030517,0.035,0.006400368079079,0.0800023004611684,0.034704,0.055,0.0101889132972972,0.1009401471036044,-0.008318,0.07,0.1511450238998999,0.3887737438406816,-0.0303109999999999,-0.03,0.0256239121911911,0.1600747081558832
691,seg_4a6s,MI,-0.009833,-0.01,0.0040010801911911,0.0632540922880977,-0.063875,-0.065,0.0043462476226226,0.0659260769545907,-0.054049,-0.051,0.008509462061061,0.0922467455309999,0.0557939999999999,0.162,0.1473618594234234,0.3838774015534431,-0.052346,-0.084,0.0299580163003003,0.1730838418232629
691,seg_6a8s,MI,0.019249,0.02,0.0045695445435435,0.0675984063683719,0.002128,0.01,0.005168388004004,0.0718915016118317,-0.0171079999999999,-0.0005,0.0097253717077077,0.0986172992314619,0.008123,0.085,0.1471720639349349,0.3836301134360218,0.0289469999999999,0.0,0.0216277319229229,0.1470637002217845
691,seg_8a10s,MI,-0.023725,-0.025,0.0051372025775775,0.0716742811444773,0.075479,0.085,0.0043304119709709,0.0658058657793587,0.099193,0.115,0.0103767545055055,0.1018663561020296,0.02267,0.09,0.1508565296296296,0.3884025355602479,-0.037368,-0.035,0.0239076382142142,0.154620950114188
693,seg_0a2s,MI,0.080293,0.063,0.0280913505015015,0.1676047448657152,0.0497609999999999,0.035,0.0161047946736736,0.1269046676591277,-0.030512,-0.025,0.0049977816376376,0.0706949901876903,0.023778,0.025,0.0426135462622622,0.2064304877247114,-0.152867,-0.17,0.0644634027137137,0.2538964409236839
693,seg_2a4s,MI,-0.023469,-0.046,0.0336484675065065,0.1834351861189845,-0.006878,-0.024,0.013775895011011,0.1173707587562209,0.016589,0.034,0.0085298439229229,0.0923571541512779,-0.093471,-0.103,0.0393117429019019,0.1982718913560414,-0.003899,-0.0385,0.05643623103003,0.2375631095730775
693,seg_4a6s,MI,-0.023443,-0.059,0.0438161168678678,0.2093229965098624,-0.035842,-0.063,0.0196014685045045,0.140005244560711,-0.012399,-0.003,0.0095028186176176,0.097482401579042,0.034396,0.0125,0.0560826178018018,0.2368176889546087,0.126884,0.0765,0.0827726932372372,0.2877024387057524
693,seg_6a8s,MI,-0.031953,-0.065,0.0362333801711711,0.1903506768340243,-0.059758,-0.0815,0.0164149924284284,0.128121006975548,-0.027809,-0.018,0.0080533758948948,0.0897406033793783,0.035582,0.025,0.0434206459219219,0.2083762124665911,0.1049849999999999,0.088,0.0616857665415415,0.2483661944418795
693,seg_8a10s,MI,-0.016072,-0.042,0.0340345894054054,0.18448465899745,0.047167,0.031,0.0139362974084084,0.1180520961627044,0.063239,0.076,0.00752117105005,0.0867246853557281,-0.0018499999999999,-0.016,0.0396925020020019,0.1992297718765998,-0.074558,-0.1,0.0597375181541541,0.2444125981903432
699,seg_0a2s,MI,0.0723289999999999,0.065,0.0190033981571571,0.1378528133813639,0.017063,0.015,0.0143503774084084,0.1197930607690128,-0.0552699999999999,-0.06,0.0039683894894894,0.0629951544921471,-0.016453,0.0635,0.1451309947857858,0.3809606210434167,-0.0051939999999999,-0.016,0.0358545449089089,0.1893529638239362
699,seg_2a4s,MI,0.045117,0.035,0.0196296289399399,0.140105777682221,-0.012714,-0.025,0.0141050332372372,0.1187646127313908,-0.0578269999999999,-0.055,0.002975008079079,0.0545436346339247,0.004219,0.09,0.1467227437827828,0.3830440494026539,0.070335,0.068,0.0329655483233233,0.1815641713646261
699,seg_4a6s,MI,0.0044159999999999,0.0,0.0145101671111111,0.1204581550211986,-0.0069629999999999,-0.011,0.0088946783093093,0.0943116021988244,-0.011394,-0.01,0.0022765533173173,0.0477132404822531,0.025532,0.08,0.0919312402162162,0.3032016494285877,0.013142,0.0215,0.0226025684044044,0.1503415059270207
699,seg_6a8s,MI,-0.015862,-0.0305,0.0227918888448448,0.150969827597586,-0.0038559999999999,-0.015,0.0180488981621621,0.1343461877470371,0.011994,0.0045,0.0042518838478478,0.0652064709047181,-0.0017409999999999,0.1,0.1871733432622622,0.4326353467555122,-0.023495,-0.055,0.0457052372122122,0.2137878322361031
699,seg_8a10s,MI,-0.078282,-0.09,0.0228644249009009,0.1512098703818666,0.032101,0.035,0.0128819407397397,0.1134986376118221,0.110386,0.115,0.0037212042082082,0.0610016738148078,0.012473,0.09,0.1289112024734734,0.3590420622621721,-0.0265679999999999,-0.01,0.0287161094854854,0.1694582824340123
700,seg_0a2s,MI,-0.043476,-0.051,0.0065564638878878,0.0809719944665307,0.0558549999999999,0.055,0.0164224664414414,0.1281501714452284,0.099333,0.1,0.0121519901011011,0.1102360653375341,0.019869,-0.01,0.0878635934324324,0.2964179370963107,-0.0266649999999999,-0.055,0.0560653921671671,0.2367813171835294
700,seg_2a4s,MI,0.0266,0.025,0.0090781641641641,0.0952794005237447,-0.04139,-0.06,0.0137412851851851,0.1172232280104296,-0.0679709999999999,-0.08,0.0100125126716716,0.1000625437997239,0.0087749999999999,-0.03,0.0969294938688688,0.3113350186999029,0.0065309999999999,-0.025,0.06042003107007,0.2458048638047467
700,seg_4a6s,MI,0.045132,0.035,0.0077489795555555,0.0880282883825168,0.03224,0.015,0.0128759443443443,0.1134722183811718,-0.012881,-0.0175,0.008415184023023,0.0917343121357707,-0.027842,-0.065,0.1085576146506506,0.3294808259226182,0.020772,-0.015,0.0672447707867867,0.259315967088004
700,seg_6a8s,MI,0.018232,0.01,0.0062135737497497,0.0788262250126805,-0.029896,-0.035,0.0093522834674674,0.0967072048374239,-0.048133,-0.05,0.0065041414524524,0.0806482575909266,0.0091189999999999,-0.03,0.0712542891281281,0.2669349904529717,0.010994,-0.015,0.0431821401041041,0.2078031282346445
700,seg_8a10s,MI,-0.017773,-0.03,0.0098936911621621,0.0994670355553143,0.0057509999999999,-0.0095,0.0123244974964964,0.1110157533708459,0.02354,0.024,0.0097528732732732,0.0987566366036899,-0.0228829999999999,-0.05,0.1005642295405405,0.3171186363816238,-0.02149,-0.0535,0.0623159118118118,0.2496315521159371
701,seg_0a2s,MI,0.0326949999999999,0.0115,0.0324497337087087,0.1801380962170654,-0.011322,-0.025,0.0048134797957957,0.0693792461460615,-0.04402,-0.0289999999999999,0.0341401117117117,0.1847704297546328,-0.048233,-0.06,0.0115136723833833,0.1073017818276256,0.016941,-0.017,0.0634968363553553,0.2519857860184882
701,seg_2a4s,MI,0.012009,0.0,0.0152727837027027,0.1235831044386841,-0.0002699999999999,-0.0075,0.003653927027027,0.0604477214378426,-0.0122659999999999,-0.018,0.0083866458898898,0.0915786322778948,0.059763,0.0605,0.0173980188498498,0.1319015498386954,-0.028801,-0.0525,0.0641375709699699,0.253253965358827
701,seg_4a6s,MI,0.015428,0.0035,0.0144996304464464,0.1204144112905363,-0.017082,-0.025,0.0034306018778778,0.0585713400724098,-0.032495,-0.024,0.0058109749499499,0.0762297510815164,0.05231,0.039,0.0123353392392392,0.1110645723857938,-0.030406,-0.053,0.0640292564204204,0.2530400292847367
701,seg_6a8s,MI,-0.069247,-0.075,0.0178865245155155,0.1337405118709941,0.022847,0.019,0.0034134069979979,0.0584243698981683,0.0921149999999999,0.095,0.0094184382132132,0.0970486383892799,0.205779,0.185,0.02809888104004,0.1676272085314315,0.027474,0.019,0.0638549302542542,0.2526953308912815
701,seg_8a10s,MI,-0.0049169999999999,-0.02,0.0169194415525525,0.1300747537093672,-0.011416,-0.02,0.0043124814254254,0.0656694862582723,-0.006491,0.005,0.0067458337527527,0.0821330247388512,-0.2895,-0.61,0.245764986986987,0.4957468981113114,0.013875,-0.009,0.0634033947697697,0.2518003073265991
703,seg_0a2s,MI,0.102353,0.0825,0.0129997721631631,0.1140165433749118,-0.049865,-0.1,0.0242687655405405,0.1557843558915353,-0.152215,-0.14,0.0092396103853853,0.0961228920985286,-0.045341,-0.03,0.0591329516706706,0.2431726787093292,0.098295,0.083,0.0704099259009009,0.2653486873924589
703,seg_2a4s,MI,-0.016724,-0.044,0.0113199057297297,0.1063950456070663,-0.010271,-0.068,0.0325869104694694,0.1805184491110797,0.006449,-0.0185,0.0085305859849849,0.0923611714141012,0.0166669999999999,-0.005,0.0723145546656656,0.2689136565250372,-0.079833,-0.19,0.0733070341451451,0.2707527177059265
703,seg_4a6s,MI,-0.068766,-0.094,0.010340828072072,0.1016898621892667,-0.0382399999999999,-0.085,0.0266860644644644,0.1633586987719492,0.030517,0.018,0.007980316027027,0.0893326145762398,0.075102,0.0655,0.051275441037037,0.2264408113327565,0.144655,0.1205,0.0647733733483483,0.2545061361703256
703,seg_6a8s,MI,-0.0442919999999999,-0.067,0.0107659546906906,0.1037591185905638,0.0706579999999999,0.031,0.023105062098098,0.1520034937035925,0.114962,0.11,0.0046869655215215,0.0684614162979522,0.032321,0.0225,0.0552987166756756,0.2351567916851981,0.16653,0.161,0.0670182633633633,0.2588788584712227
703,seg_8a10s,MI,0.0366019999999999,0.029,0.007599431027027,0.0871747155259311,0.0199379999999999,-0.0135,0.0176407328888888,0.1328184207438444,-0.016674,-0.0395,0.0080401538778778,0.0896669051427441,-0.06027,-0.095,0.0428692123123123,0.2070488162543131,-0.345195,-0.44,0.0601471501251251,0.2452491592750628
704,seg_0a2s,MI,0.058435,0.02,0.0380821879629629,0.1951465807104059,0.053963,0.07,0.0211598274584584,0.1454641792966861,-0.0044579999999999,0.036,0.0704038861221221,0.2653373063142876,-0.043151,0.0,0.1336200522512512,0.3655407668800448,0.1812939999999999,0.07,0.0915419054694694,0.3025589289204162
704,seg_2a4s,MI,0.0068759999999999,-0.054,0.0564870176416416,0.2376699763151451,0.00885,0.02,0.0332177472472472,0.1822573654128887,0.001976,0.0725,0.1103264799039038,0.3321543013478884,0.004663,0.076,0.1860873167477477,0.4313783916096722,-0.074557,-0.106,0.0623844892402402,0.2497688716398427
704,seg_4a6s,MI,0.0139359999999999,-0.04,0.0565633332372372,0.2378304716331304,-0.04293,-0.04,0.0334243414414414,0.1828232519168211,-0.056852,0.015,0.1075554355315315,0.327956453712275,0.035482,0.11,0.1852720056816816,0.4304323473923419,-0.058991,-0.09,0.0591561891081081,0.2432204537207101
704,seg_6a8s,MI,-0.007416,-0.04,0.0381548758198198,0.1953327310509424,-0.030554,-0.02,0.0230047037877877,0.151673016017312,-0.023138,0.0144999999999999,0.0730252161721721,0.2702317823132064,0.034681,0.081,0.1230511263653653,0.3507864398253805,-0.035698,-0.049,0.0416215743703703,0.2040136622149859
704,seg_8a10s,MI,-0.0678019999999999,-0.1305,0.0575986234194194,0.2399971321066554,-0.000493,0.005,0.0355053913423423,0.1884287434080648,0.067304,0.1315,0.1108366882722722,0.3329214445965778,-0.035082,0.04,0.1855173506266266,0.4307172513687217,-0.0332489999999999,-0.07,0.0585235465455455,0.2419164040439291
706,seg_0a2s,MI,-0.009407,-0.036,0.008959733084084,0.094655866612081,-0.006517,-0.005,0.003873341052052,0.0622361715729048,0.0028949999999999,0.0235,0.0051586486236236,0.0718237330109179,0.030707,0.0505,0.0281057328838838,0.1676476450293408,-0.008353,-0.056,0.0296157821731731,0.1720923652378953
706,seg_2a4s,MI,0.0095879999999999,-0.016,0.0087185167727727,0.0933729980924505,-0.004,-0.001,0.0032555035035035,0.0570570197565865,-0.0135819999999999,0.018,0.0064330142902902,0.0802060738989902,0.028439,0.055,0.0263596639429429,0.1623565950090816,0.012347,-0.025,0.0324193559469469,0.1800537584915875
706,seg_4a6s,MI,0.0248819999999999,0.0,0.0087782903663663,0.0936925310062993,0.034992,0.04,0.0027491911271271,0.0524327295410712,0.010124,0.038,0.0066916602842842,0.081802568934504,-0.015567,0.011,0.0276633708818818,0.1663230918480109,-0.014721,-0.07,0.0304129861451451,0.1743931940906672
706,seg_6a8s,MI,0.0093849999999999,-0.029,0.0128730237987988,0.1134593486619714,0.0065229999999999,0.005,0.0044528343053053,0.0667295609554364,-0.002848,0.02,0.0078487816776776,0.0885933500759378,-0.023441,0.015,0.0404457182372372,0.201111208631536,0.03897,-0.035,0.0419871282282282,0.2049076090052007
706,seg_8a10s,MI,-0.000217,-0.032,0.0095684964074074,0.097818691503247,-0.004008,0.001,0.0040012872232232,0.0632557287778998,-0.0037909999999999,0.014,0.0050401694884884,0.0709941510864697,-0.025298,0.0,0.0279941453413413,0.1673145102534186,0.001747,-0.048,0.033017072063063,0.1817060044771858
708,seg_0a2s,MI,0.0272929999999999,0.0325,0.0384584115625625,0.196108162916699,0.0564289999999999,0.0605,0.0250189579169169,0.1581738218445673,0.0291269999999999,0.018,0.0186332401111111,0.1365036267324466,0.505811,0.55,0.076089773052052,0.2758437475311921,0.2889,0.3035,0.0207129389389389,0.1439199045960597
708,seg_2a4s,MI,-0.115616,-0.1415,0.0241036702142142,0.1552535674766097,-0.074341,-0.09,0.0135400087277277,0.1163615431649465,0.0412719999999999,0.04,0.0113719479639639,0.106639335912992,-0.50806,-0.626,0.2574356940940941,0.5073812118063638,-0.286449,-0.336,0.0343949083073073,0.185458643118371
708,seg_4a6s,MI,0.064325,0.063,0.0329028121871871,0.1813913233514414,0.089823,0.077,0.0104551508218218,0.1022504318906371,0.025512,0.023,0.0139738797357357,0.1182111658674244,-0.150444,-0.134,0.1104127175815815,0.3322840916769588,0.2710639999999999,0.304,0.0316129648688688,0.1778003511494532
708,seg_6a8s,MI,-0.063524,-0.0805,0.0256767081321321,0.1602395336118154,-0.039143,-0.064,0.0094390135645645,0.0971545859162837,0.0243889999999999,0.029,0.0149674891681681,0.1223416902293252,0.185955,0.219,0.0507895545295295,0.2253653800598697,-0.025261,-0.02,0.0120011099889889,0.1095495777672784
708,seg_8a10s,MI,0.0466,0.025,0.034951029029029,0.186951943100437,-0.04629,-0.065,0.0113274413413413,0.1064304530730812,-0.092887,-0.1,0.0143040302612612,0.1195994576127386,-0.041468,-0.005,0.0662341371131131,0.2573599368843432,-0.2604749999999999,-0.3225,0.0397366079829829,0.1993404323838568
713,seg_0a2s,MI,0.065261,0.035,0.0228803412202202,0.1512624911212962,0.021456,-0.015,0.0200132813453453,0.1414683050910886,-0.043799,-0.044,0.0115107993983983,0.1072883935866242,-0.0284399999999999,-0.1465,0.097665624024024,0.3125149980785306,0.032629,-0.02,0.0912324598188188,0.3020471152300892
713,seg_2a4s,MI,-0.028968,-0.025,0.0359066896656656,0.1894906057451547,-0.009246,-0.0175,0.030345573057057,0.1741998078559705,0.019715,0.025,0.0118255333083083,0.1087452679812243,-0.0038069999999999,-0.12,0.0989184522032032,0.3145130397983575,-0.0392,-0.1,0.0921665845845846,0.3035895001224262
713,seg_4a6s,MI,-0.054437,-0.032,0.037974006037037,0.194869202382103,-0.053547,-0.051,0.030331301092092,0.1741588386849547,0.000895,0.005,0.0127693132882882,0.1130013862228613,0.0066989999999999,-0.115,0.101241656055055,0.318184940019252,-0.029347,-0.07,0.0900051357267267,0.3000085594224383
713,seg_6a8s,MI,0.00803,-0.022,0.0265588899899899,0.1629689847486017,-0.019005,-0.048,0.0233866536286286,0.1529269552061657,-0.0270469999999999,-0.03,0.0148234021931931,0.1217513950359222,0.020418,-0.1,0.1040989061821822,0.3226436210157923,-0.019682,-0.08,0.0896040849609609,0.2993394143125174
713,seg_8a10s,MI,-0.028907,-0.05,0.0211436359869869,0.1454085141488867,-0.002651,-0.014,0.15553988108008,0.394385447348251,0.0262499999999999,0.0375,0.1012929324324324,0.3182655061932292,-0.0251009999999999,-0.121,0.1112868776766766,0.3335968789972062,-0.006195,-0.062,0.1443120450200199,0.3798842521348048
716,seg_0a2s,MI,0.021357,-0.013,0.0202069985495495,0.1421513227147378,0.180063,0.175,0.0209720771081081,0.1448173922845875,0.158717,0.185,0.0288376425535535,0.1698164967061609,-0.018165,-0.063,0.0430674992742742,0.2075271049146936,-0.062873,-0.0925,0.0322516385095095,0.1795874118904482
716,seg_2a4s,MI,0.023773,0.001,0.0147390465175175,0.1214044748661165,-0.0743109999999999,-0.098,0.007826787066066,0.0884691305827409,-0.098097,-0.092,0.0123650906816816,0.1111984293130153,0.056447,-0.001,0.0344870222132132,0.1857068178964176,0.0463509999999999,0.015,0.0201484482472472,0.1419452297445999
716,seg_4a6s,MI,0.027809,0.005,0.0143508673863863,0.1197951058532292,-0.1101589999999999,-0.131,0.0060716773963963,0.0779209689133573,-0.137977,-0.13,0.0101763167877877,0.1008777318727368,0.048406,0.005,0.0302462954594594,0.1739146211779201,0.040051,0.006,0.0205707471461461,0.1434250575950595
716,seg_6a8s,MI,-0.00988,-0.0405,0.0208653849849849,0.1444485548040719,-0.140466,-0.151,0.0095339608048048,0.0976420032813993,-0.13059,-0.12,0.0169432771771771,0.13016634425679,0.0159889999999999,-0.04,0.0464779328118118,0.2155874133891211,0.018494,-0.025,0.0296913753393393,0.1723118549007564
716,seg_8a10s,MI,-0.0518449999999999,-0.079,0.014968057032032,0.1223440110182432,0.179912,0.171,0.0162993976536536,0.127669094355892,0.2317639999999999,0.251,0.017366725029029,0.1317828707724529,-0.1100839999999999,-0.165,0.0349962972412412,0.1870729730379063,-0.0412909999999999,-0.077,0.0208529172362362,0.1444053919915604
717,seg_0a2s,MI,0.050113,0.0455,0.0095616799109109,0.0977838427906722,0.024218,0.02,0.0070460745505505,0.0839408991526213,-0.0258899999999999,-0.025,0.0033325284284284,0.0577280558171538,0.201591,0.2005,0.0331248625815815,0.1820023697141924,0.175116,0.149,0.1108541226666666,0.3329476275131971
717,seg_2a4s,MI,-0.02707,-0.044,0.0062225076076076,0.078882872713965,0.0018799999999999,-0.0045,0.0052239255255255,0.0722767287965187,0.028946,0.0395,0.0026840871711711,0.0518081766825582,0.101501,0.1095,0.0211727387377377,0.1455085521120244,-0.103875,-0.18,0.1126171465215215,0.3355847829111468
717,seg_4a6s,MI,0.013762,0.0,0.0065222516076076,0.0807604581933981,-0.049515,-0.07,0.0099495152902902,0.0997472570564739,-0.063287,-0.072,0.0040862048358358,0.0639234294749259,-0.38166,-0.35,0.0782992636636636,0.2798200558638777,-0.13615,-0.18,0.1284574049049049,0.3584095491262822
717,seg_6a8s,MI,0.048235,0.0325,0.0071627985735735,0.0846333183419719,-0.009297,-0.012,0.0073997745655655,0.086021942349412,-0.05752,-0.0584999999999999,0.0023518354354354,0.0484957259501848,0.275663,0.2955,0.0514834428738738,0.226899631718242,-0.038652,-0.0445,0.11352715405005,0.3369379083006987
717,seg_8a10s,MI,-0.076263,-0.0995,0.0094385884194194,0.0971523979087465,0.017914,0.006,0.0069309835875875,0.0832525290161661,0.094187,0.088,0.0043515896206206,0.0659665795734523,-0.1857089999999999,-0.16,0.0641852816006006,0.2533481430770721,0.098961,0.065,0.1034113928718718,0.3215764184013994
720,seg_0a2s,MI,-0.004265,-0.026,0.0101247835585585,0.1006219834755733,-0.010571,-0.022,0.0086721711301301,0.0931244926436119,-0.0063049999999999,0.01,0.0094713813563563,0.0973210221707332,0.046905,-0.017,0.0851908388138138,0.2918746971113012,0.131855,0.085,0.0629636215965966,0.2509255299816991
720,seg_2a4s,MI,0.028857,0.005,0.0097843388898898,0.0989158171875958,0.015949,0.01,0.0087513817807807,0.0935488203067295,-0.012887,0.005,0.0087510252562562,0.093546914734032,0.060995,-0.004,0.0830532542292292,0.2881896150613849,-0.058463,-0.1455,0.071458356987988,0.267316959783677
720,seg_4a6s,MI,0.019554,-0.01,0.0116730841681681,0.1080420481487099,-0.001199,-0.015,0.0080209503493493,0.0895597585378017,-0.0207459999999999,0.0,0.0089494989829829,0.0946017916478487,0.0110279999999999,-0.064,0.0992986118278278,0.3151168225084592,-0.026406,-0.075,0.0608581813453453,0.2466945101645866
720,seg_6a8s,MI,-0.002144,-0.032,0.0108657049689689,0.1042386922834749,0.019547,0.014,0.0077595233143143,0.0880881564928811,0.021673,0.04,0.0082495175885885,0.0908268549966836,-0.033949,-0.1,0.0934271235225225,0.305658508015927,0.071847,0.0,0.0610091086996997,0.2470002200397799
720,seg_8a10s,MI,0.0001449999999999,-0.032,0.0098422121871871,0.0992079240140987,-0.002471,-0.025,0.0104062474064064,0.1020110161031954,-0.002629,0.015,0.0080449683273273,0.0896937474260459,-0.0866579999999999,-0.165,0.0842319209569569,0.2902273608000406,-0.104019,-0.007,0.1371856803193193,0.370385853292643
722,seg_0a2s,MI,-0.004332,-0.002,0.0174691389149149,0.1321708701451076,0.007308,0.021,0.0033285016376376,0.0576931680325984,0.011651,0.03,0.0181401813803803,0.1346854906082328,-0.035458,-0.0155,0.0154680923283283,0.1243707856706241,-0.031015,-0.024,0.0983634562312312,0.3136294887781301
722,seg_2a4s,MI,-0.003952,-0.02,0.0135881538498498,0.1165682368823079,0.002708,0.0055,0.0020011118478478,0.044733788659668,0.006649,0.029,0.0191044802792792,0.1382189577419801,-0.050505,-0.015,0.0177686225975975,0.1332989969864649,0.066262,0.035,0.0769988442002001,0.2774866558957388
722,seg_4a6s,MI,-0.030877,-0.0015,0.0250310709419419,0.1582121074442216,-0.034678,-0.007,0.0054563686846846,0.0738672368826984,-0.0037999999999999,0.01,0.0246602742742742,0.1570359012273126,-0.00041,0.005,0.0196295374374374,0.1401054511339135,-0.0316709999999999,0.035,0.1274595663253253,0.3570147984682502
722,seg_6a8s,MI,0.006092,0.005,0.0188939034394394,0.1374550960839191,0.0094849999999999,0.0155,0.0037700017767767,0.0614003402008228,0.003406,0.02,0.0208746458098098,0.1444806070371031,0.018507,0.04,0.0153111491001001,0.1237382281273661,0.0066539999999999,0.015,0.0999486749589589,0.3161466035859929
722,seg_8a10s,MI,-0.016542,-0.01,0.0190284546906906,0.1379436649168445,0.001149,0.015,0.0037075443433433,0.0608896078435667,0.017692,0.034,0.0185800531891891,0.1363086687969227,0.05342,0.07,0.0223209185185185,0.1494018691935228,-0.0080429999999999,0.01,0.1041782033543543,0.3227664842488363
727,seg_0a2s,MI,0.179865,0.174,0.0154626914664664,0.1243490710317792,-0.4763239999999999,-0.4645,0.1006801932172172,0.3173014232826843,-0.656172,-0.63,0.1728638762922922,0.4157690179562353,-0.377286,-0.342,0.1303293635675675,0.3610115837027498,0.03942,0.0015,0.0422078094094094,0.2054453927675415
727,seg_2a4s,MI,0.12663,0.096,0.0188495446446446,0.1372936438610493,-0.251138,-0.17,0.0766737487047047,0.2769002504598085,-0.377783,-0.2605,0.1563687846956956,0.3954349310514887,-0.0164029999999999,0.07,0.1331541967877878,0.3649029964083438,0.003201,-0.02,0.040633494093093,0.2015775138578038
727,seg_4a6s,MI,0.019281,0.0045,0.0101961822212212,0.1009761467932957,0.0251729999999999,0.065,0.0279988839549549,0.1673286704511661,0.0058819999999999,0.0579999999999999,0.063073011087087,0.2511434074131493,0.070626,0.1285,0.0846245146386386,0.2909029299244658,-0.0072869999999999,-0.0355,0.0283145131441441,0.1682691687272037
727,seg_6a8s,MI,-0.093024,-0.115,0.0114900374614614,0.107191592307706,0.240896,0.265,0.0317976308148148,0.1783189020121389,0.333925,0.373,0.0722725158908908,0.2688354810862786,0.105891,0.15,0.0774324355545545,0.2782668423555968,-0.0079149999999999,-0.0335,0.0270738556306306,0.1645413493035432
727,seg_8a10s,MI,-0.213383,-0.23,0.0127064948058058,0.1127230890536885,0.5057470000000001,0.475,0.0837552882792792,0.2894050591805183,0.719124,0.71,0.1370627033273273,0.3702198040722934,0.265865,0.265,0.1282983611361361,0.3581876060615946,0.021037,-0.04,0.052067397028028,0.2281828149270405
728,seg_0a2s,MI,-0.092187,-0.116,0.0286091451761761,0.1691423813719559,-0.05865,-0.065,0.0071714829829829,0.0846846088907717,0.0335419999999999,0.05,0.0137833195555555,0.1174023830914669,-0.068481,-0.05,0.0273411247637637,0.1653515187827549,-0.10761,-0.14,0.0159914533533533,0.1264573183068238
728,seg_2a4s,MI,0.011962,-0.022,0.0312360185745745,0.1767371454295179,0.043818,0.0355,0.0048686975735735,0.0697760530094213,0.031855,0.059,0.0173388147897897,0.1316769334006142,0.08518,0.051,0.0475237693693693,0.2179994710300219,0.028049,0.026,0.0111651997987988,0.1056655090310873
728,seg_4a6s,MI,0.073002,0.029,0.0413537937897897,0.2033563222272418,0.046361,0.0405,0.0083785252042042,0.0915342843103293,-0.0266499999999999,0.0005,0.0235033468468468,0.1533080129896896,-0.0013459999999999,0.049,0.0369630753593593,0.1922578356253897,-0.008646,-0.0495,0.0224665612452452,0.1498884960403741
728,seg_6a8s,MI,0.034361,0.001,0.0279149956746746,0.1670778132328606,-0.0139339999999999,-0.03,0.0050456573013013,0.0710327903246191,-0.048282,-0.037,0.0163024028788788,0.1276808634012116,0.023194,0.045,0.0289668652292292,0.1701965488170345,0.065947,0.12,0.0269991193103103,0.164314087376312
728,seg_8a10s,MI,-0.074296,-0.109,0.0318239503343343,0.1783926857646757,-0.033137,-0.04,0.0068657619929929,0.0828598937544153,0.041144,0.055,0.0146658571211211,0.1211026718166082,-0.046759,-0.029,0.0251740429619619,0.1586633006147356,0.0302439999999999,0.04,0.020160547011011,0.1419878410675048
731,seg_0a2s,MI,0.018348,0.011,0.0035282231191191,0.059398847792858,0.029087,0.0375,0.0035963597907907,0.059969657250903,0.0107399999999999,0.0275,0.0081759103103103,0.0904207404875137,-0.024831,0.007,0.0294137642032032,0.1715044145297817,0.2311689999999999,0.255,0.0174039283673673,0.1319239491804553
731,seg_2a4s,MI,-0.011828,-0.03,0.0099698782942942,0.0998492778856927,-0.016375,-0.015,0.0093109192942942,0.0964931049054505,-0.0045539999999999,0.032,0.0219088439279279,0.1480163637167456,-0.0216869999999999,0.065,0.0838497367677677,0.2895681901862975,-0.104707,-0.125,0.0427010562072072,0.2066423388543771
731,seg_4a6s,MI,-0.000509,-0.02,0.0095676435625625,0.0978143320917878,-0.0035699999999999,0.014,0.0100005416416416,0.1000027081715372,-0.0030659999999999,0.041,0.0224468544984984,0.1498227435955519,0.000744,0.08,0.0817933237877878,0.2859953212690512,0.088525,0.07,0.0241807341091091,0.1555015566131384
731,seg_6a8s,MI,-0.028755,-0.03,0.0035439649399399,0.0595312097973822,-0.056318,-0.05,0.0037864052812812,0.0615337735010724,-0.02755,-0.02,0.007411551051051,0.0860903656110894,0.0148719999999999,0.045,0.0338705922082082,0.1840396484679543,-0.168107,-0.17,0.0224920175685685,0.149973389534839
731,seg_8a10s,MI,0.034454,0.025,0.0077182941781781,0.0878538227863658,0.023392,0.055,0.0109076279639639,0.1044395900220025,-0.011068,0.03,0.0218191024784784,0.1477129055921603,0.0059069999999999,0.086,0.0710978241751751,0.2666417524979446,-0.040752,-0.0745,0.0205662467427427,0.1434093676952197
734,seg_0a2s,MI,-0.015665,-0.032,0.0379729617367367,0.1948665228733164,0.021093,0.0035,0.0139252656166166,0.1180053626604173,0.036774,0.054,0.0177552641881881,0.1332488806263984,0.028344,0.072,0.0494762158798798,0.2224324973556694,-0.0125769999999999,-0.025,0.0219073073783783,0.148011173153848
734,seg_2a4s,MI,-0.008015,-0.0245,0.0401799607357357,0.2004493969453032,-0.007755,-0.025,0.0111796726476476,0.105733971114527,0.000261,0.01,0.0196808777567567,0.1402885517665527,-0.039067,0.015,0.0516793218328328,0.2273308642328023,-0.039424,-0.045,0.0169934056296296,0.1303587573952346
734,seg_4a6s,MI,0.059277,0.045,0.0412714957667667,0.2031538721431781,-0.028845,-0.04,0.0109211941691691,0.1045045174581901,-0.088128,-0.085,0.0202118834994995,0.1421685038941449,-0.0268709999999999,0.032,0.0548892896486486,0.2342846338295549,-0.0151969999999999,-0.028,0.0147380682592592,0.1214004458775142
734,seg_6a8s,MI,-0.003676,-0.037,0.042325048072072,0.2057305229470631,-0.005014,-0.01,0.0126932971011011,0.1126645334659541,-0.0013439999999999,0.005,0.0197605061701701,0.1405720675318186,0.032856,0.08,0.052574800064064,0.2292919537708728,-0.0086869999999999,-0.013,0.0181674745055055,0.1347867742232356
734,seg_8a10s,MI,-0.041608,-0.065,0.046134715051051,0.2147899323782449,0.027598,0.015,0.0131900964924924,0.1148481453593939,0.069212,0.075,0.0206965195755755,0.143862849879931,0.044504,0.08,0.052306100084084,0.2287052690343711,0.070298,0.06,0.0179799851811811,0.1340894670776984
742,seg_0a2s,MI,-0.028924,-0.065,0.0338649491731731,0.1840243167985502,-0.082208,-0.093,0.0109715663023023,0.1047452447717905,-0.0532819999999999,-0.035,0.0090178102862862,0.0949621518621302,0.11218,0.1045,0.0330321517517517,0.1817474944854859,0.080788,0.075,0.0140252342902902,0.1184281819935199
742,seg_2a4s,MI,0.0060769999999999,-0.0235,0.0246064054764764,0.1568642899976807,0.026993,0.005,0.0082773743253253,0.090980076529564,0.020915,0.034,0.0065014452202202,0.0806315398601578,-0.002444,-0.025,0.023961133997998,0.1547938435403617,-0.001765,-0.045,0.0116674832582582,0.1080161249918652
742,seg_4a6s,MI,0.009628,-0.0315,0.0332021938098098,0.1822146915311984,0.027489,0.005,0.0094044983773773,0.0969767929835658,0.017857,0.035,0.009198457008008,0.0959085867271956,-0.0425109999999999,-0.07,0.0350839838628628,0.187307191166978,-0.050213,-0.09,0.0182499175485485,0.1350922556942053
742,seg_6a8s,MI,0.0030549999999999,-0.025,0.0226119439189189,0.150372683419958,-0.075666,-0.0985,0.0080915399839839,0.0899529876323403,-0.078727,-0.065,0.006367604075075,0.0797972685940758,0.009856,-0.015,0.0238020352992993,0.1542790825073162,0.038431,0.025,0.0203035187577577,0.1424904163716204
742,seg_8a10s,MI,0.03032,-0.01,0.0328762378378378,0.1813180571201827,0.112147,0.12,0.0172321215125125,0.1312711754823293,0.081821,0.1095,0.0222170339929929,0.1490537956343044,-0.036212,-0.065,0.0338746256816816,0.184050606306205,-0.083729,-0.1015,0.014646442001001,0.121022485518192
745,seg_0a2s,MI,0.0086819999999999,-0.016,0.0206230559319319,0.1436072976277039,0.072964,0.054,0.0117924451491491,0.1085930253245996,0.064278,0.06,0.0148449696856856,0.1218399346917327,-0.282145,-0.235,0.1464221741491491,0.3826515048306346,-0.0277199999999999,-0.055,0.0361573629629629,0.1901508952462831
745,seg_2a4s,MI,3.999999999999826e-05,-0.0275,0.0225975959959959,0.150324967972709,0.022201,0.015,0.0154881107097097,0.1244512382811424,0.0221619999999999,0.019,0.0176099356916916,0.1327024328778176,0.2287159999999999,0.225,0.0991862175615615,0.3149384345575521,0.0024969999999999,-0.025,0.0335065325235235,0.1830478968016937
745,seg_4a6s,MI,-0.026017,-0.06,0.0266407774884884,0.1632200278412195,-0.139063,-0.175,0.0150523593903903,0.1226880572443397,-0.113049,-0.125,0.0207486312302302,0.144043851761296,0.239432,0.245,0.1290123136896897,0.3591828415858554,0.0424419999999999,-0.005,0.0704687553913913,0.2654595174247692
745,seg_6a8s,MI,0.0211479999999999,-0.01,0.0215817037997998,0.1469071264432049,0.025455,0.015,0.0174118918668668,0.1319541278886979,0.004289,0.01,0.019859585064064,0.1409240400501775,0.1842559999999999,0.19,0.1128738983623623,0.335967109048434,-0.032808,-0.07,0.0409318089449449,0.2023161114319493
745,seg_8a10s,MI,0.01082,-0.015,0.0205751207207207,0.1434403036831724,0.03397,0.007,0.0170385256256256,0.1305317035268659,0.023136,0.015,0.0190760375415415,0.1381160292708328,-0.369722,-0.4195,0.1031479706866866,0.321166577785869,-0.0214399999999999,-0.065,0.0427362126126126,0.2067273871856668
747,seg_0a2s,MI,0.020678,0.004,0.010709758074074,0.1034879610103227,0.0468499999999999,0.0424999999999999,0.0155597932932932,0.1247389004813386,0.026156,0.029,0.004154432096096,0.0644548841911619,0.0123609999999999,-0.032,0.0745687073863864,0.2730727144670196,0.434399,0.42,0.1325291149139139,0.3640454846772775
747,seg_2a4s,MI,0.0162509999999999,0.0,0.0087721181171171,0.0936595863599509,-0.017207,-0.04,0.0190750131641641,0.1381123208267972,-0.0334509999999999,-0.05,0.0068220616606606,0.0825957726561151,0.012277,-0.02,0.066822821092092,0.2585011046245104,0.0063569999999999,-0.034,0.1408107763273273,0.3752476200155403
747,seg_4a6s,MI,0.029855,0.016,0.0096225765515515,0.0980947325372343,0.037842,0.0265,0.0165453944304304,0.1286289020027397,0.007999,0.005,0.0052777487477477,0.0726481159270338,-0.014639,-0.055,0.0720641107897897,0.2684475941218132,-0.480712,-0.575,0.163336021077077,0.4041485136395741
747,seg_6a8s,MI,0.018826,0.003,0.0100559636876876,0.1002794280382955,-0.0385069999999999,-0.06,0.0163442762272272,0.1278447348435876,-0.0573309999999999,-0.07,0.0056625159549549,0.0752496907299621,-0.0032769999999999,-0.04,0.0711352595305305,0.2667119411097496,0.250269,0.2405,0.1292588194584584,0.359525825857418
747,seg_8a10s,MI,0.0029109999999999,-0.014,0.0092060211001001,0.0959480124864507,-0.011597,-0.024,0.0170580666576576,0.1306065337479624,-0.014507,-0.013,0.0056865084594594,0.0754089415086795,-0.0141819999999999,-0.0525,0.0699202851611611,0.2644244413082141,-0.193735,-0.2585,0.2152684832582583,0.4639703473911434
760,seg_0a2s,MI,-0.145967,-0.2135,0.0668735394504504,0.258599186871209,-0.006439,-0.03,0.0278424407197197,0.1668605427287101,0.13954,0.23,0.0686514978978978,0.2620143085747377,0.012306,-0.015,0.0603010694334334,0.2455627606813244,-0.427044,-0.4034999999999999,0.2830007668308308,0.5319781638665546
760,seg_2a4s,MI,0.101476,0.09,0.0249864178418418,0.1580709266179009,-0.021494,-0.031,0.0186752472112112,0.1366574081826931,-0.122971,-0.15,0.0383864145735735,0.1959245124367381,-0.023728,-0.065,0.0516381621781781,0.2272403181175782,0.2741889999999999,0.24,0.0459206999789789,0.2142911570246868
760,seg_4a6s,MI,0.258537,0.26,0.015455456087087,0.1243199746102254,-0.083245,-0.09,0.0216592041791791,0.1471706634461473,-0.341783,-0.3375,0.025725127038038,0.160390545351146,-0.047134,-0.125,0.0551656336776776,0.2348736547117996,0.230379,0.195,0.0374158191781781,0.1934316912457164
760,seg_6a8s,MI,-0.058705,-0.0765,0.0161662221971971,0.127146459632965,-0.043445,-0.061,0.0193165655405405,0.13898404779161,0.015254,0.04,0.0140174249089089,0.1183952064439642,0.102018,0.055,0.0463855031791791,0.2153729397560872,0.051338,0.015,0.0387810207767767,0.1969289739392778
760,seg_8a10s,MI,-0.156378,-0.174,0.0117442093253253,0.1083707032611919,0.143851,0.145,0.0208939807797797,0.1445475035404616,0.3002289999999999,0.325,0.0148026011601601,0.1216659408386758,-0.0241969999999999,-0.075,0.0497644346256256,0.2230794356851962,-0.100867,-0.125,0.0426681314424424,0.2065626574249141
761,seg_0a2s,MI,0.038706,-0.004,0.0424415631271271,0.2060135022932407,-0.014836,-0.032,0.0258830201241241,0.1608820068376949,-0.053533,-0.025,0.0307292801911911,0.1752976902049516,-0.04267,-0.024,0.0472987638638638,0.2174827898107431,-0.154351,-0.214,0.0248686964954954,0.1576981182370148
761,seg_2a4s,MI,0.013406,-0.025,0.0320071302942942,0.1789053668683371,-0.069275,-0.11,0.0217731204954955,0.1475571770382433,-0.08268,-0.076,0.0174212528528528,0.1319895937294029,0.017503,0.045,0.0425732712622622,0.2063329136668754,0.058659,0.045,0.0106151438628628,0.1030298202602667
761,seg_4a6s,MI,0.0585889999999999,0.016,0.0495911432222222,0.2226906895723802,0.0397639999999999,0.019,0.0170442125165165,0.1305534852714262,-0.0188179999999999,0.005,0.0224547996756756,0.1498492565069165,0.0091969999999999,0.0295,0.0490931453363363,0.2215697301896997,0.1001109999999999,0.082,0.0094901668458458,0.0974174873718566
761,seg_6a8s,MI,-0.019242,-0.068,0.0593171986346346,0.2435512238413813,0.081085,0.068,0.0122288586336336,0.1105841699052519,0.100308,0.149,0.0329903314674674,0.181632407536396,0.038675,0.08,0.0489417831581581,0.2212278986885654,0.040992,0.027,0.0066163022382382,0.0813406555065684
761,seg_8a10s,MI,-0.0837769999999999,-0.1425,0.0612516769479479,0.2474907613385759,-0.0125739999999999,-0.039,0.0181812157397397,0.1348377385591279,0.071196,0.115,0.0260068384224224,0.1612663586195906,-0.0029469999999999,0.035,0.0607997599509509,0.2465760733545551,-0.042198,-0.075,0.0155914982942942,0.1248659212687525
765,seg_0a2s,MI,-0.004592,-0.025,0.0170428183543543,0.1305481457331139,0.0030309999999999,-0.013,0.0117552432822822,0.1084215997035751,0.007618,0.01,0.0034130431191191,0.0584212557133028,-0.013992,-0.03,0.0303426706066066,0.1741914768483424,0.075424,0.075,0.0242792955195195,0.1558181488772072
765,seg_2a4s,MI,-0.013515,-0.023,0.0091065042792792,0.0954280057387729,-0.036779,-0.06,0.0076261923513513,0.0873280730999565,-0.0232479999999999,-0.035,0.0028838203163163,0.0537012133598144,0.049121,0.075,0.0200604648238238,0.1416349703421574,-0.0406449999999999,-0.04,0.0105643933683683,0.1027832348604011
765,seg_4a6s,MI,0.026903,0.009,0.0159565421331331,0.1263192073009213,0.027019,0.014,0.0114197003393393,0.1068629979896659,0.000134,-0.0055,0.0033270831271271,0.0576808731480993,-0.0018319999999999,0.024,0.032883229005005,0.1813373348348458,0.025653,0.035,0.0257192318228228,0.1603721666088689
765,seg_6a8s,MI,0.0022569999999999,-0.02,0.0175399368878878,0.1324384267797224,-0.031625,-0.056,0.0113718302052052,0.1066387837759096,-0.033881,-0.04,0.0029798687077077,0.0545881736982261,0.015101,0.03,0.029937214013013,0.1730237382933712,-0.040467,-0.065,0.0235092701811811,0.1533273301834385
765,seg_8a10s,MI,0.0060059999999999,-0.007,0.0087115715355355,0.0933357998601583,0.062618,0.06,0.0077037137897897,0.0877708026042247,0.0566,0.05,0.0022109029029029,0.0470202392901493,-0.0442819999999999,-0.03,0.0202456721481481,0.1422872873736376,-0.031462,-0.03,0.0159650796356356,0.126352996148234
799,seg_0a2s,MI,-0.019401,-0.067,0.0366087109099099,0.1913340296703906,-0.114106,-0.115,0.0448265793433433,0.2117228833719759,-0.0947179999999999,-0.0695,0.0300981826586586,0.1734882781592424,0.070559,-0.04,0.1137520685875875,0.3372715057451305,0.018562,-0.01,0.0298337358918918,0.1727244507644817
799,seg_2a4s,MI,-0.00925,-0.055,0.0352448043043043,0.1877359962934767,0.025984,0.0,0.0179417575015015,0.1339468458064672,0.035219,0.05,0.008878045084084,0.0942233786492719,-0.0106989999999999,-0.105,0.0974685209199199,0.3121994889808757,-0.0191269999999999,-0.055,0.0284310158868868,0.1686149930667106
799,seg_4a6s,MI,0.016216,-0.049,0.0449511284724724,0.2120168117684832,-0.024677,-0.075,0.0219725432142142,0.1482313840393262,-0.040887,-0.025,0.0084005287597597,0.0916543984747036,0.046086,-0.08,0.1322305371411411,0.3636351703852931,0.0502289999999999,-0.01,0.0416350456046046,0.2040466750638309
799,seg_6a8s,MI,-0.026267,-0.07,0.0311528845955956,0.1765017977120788,0.0291449999999999,-0.009,0.0170249128878878,0.1304795496922329,0.055416,0.061,0.0051816465905905,0.0719836550238357,-0.038996,-0.15,0.0981764444284284,0.3133312056409773,-0.0219239999999999,-0.065,0.0295973515755755,0.1720388083415354
799,seg_8a10s,MI,-0.015825,-0.06,0.0326451955705705,0.1806798150612585,0.044262,0.013,0.0165851905465465,0.1287835026179461,0.060102,0.07,0.0053828644604604,0.0733680070634364,-0.083142,-0.18,0.1000806765125125,0.3163553010659257,-0.026444,-0.07,0.0306386735375375,0.175039062890366
810,seg_0a2s,MI,0.0102259999999999,-0.027,0.0163193022262262,0.1277470243341356,-0.138656,-0.15,0.0084138855495495,0.0917272345028974,-0.148888,-0.125,0.014726546002002,0.1213529810181933,0.038634,-0.005,0.0600171131571571,0.244983903873616,-0.0216619999999999,-0.062,0.0159117835395395,0.1261419182490084
810,seg_2a4s,MI,0.0207329999999999,-0.02,0.0172806283393393,0.1314558037491663,0.064877,0.011,0.0360672451161161,0.1899137833758153,0.044138,0.01,0.0404797687247247,0.2011958466885554,-0.0497509999999999,-0.0825,0.068959096095095,0.262600639936568,-0.040211,-0.079,0.0272449714504504,0.1650605084520535
810,seg_4a6s,MI,0.0180729999999999,-0.015,0.012466396067067,0.1116530163814084,0.147351,0.135,0.0139524202192192,0.1181203632707723,0.129258,0.144,0.0194048002362362,0.1393011135498788,-0.056347,-0.09,0.0525009175085085,0.2291307869067544,-0.041986,-0.066,0.01675420601001,0.1294380392697989
810,seg_6a8s,MI,0.005163,-0.04,0.0236347551861861,0.1537359918372603,-0.0217679999999999,-0.035,0.01041987405005,0.1020777843120139,-0.0269349999999999,0.01,0.0236624151901901,0.1538259249612697,0.027947,-0.01,0.0716255857767767,0.2676295682034718,0.047243,0.009,0.0176536255765765,0.1328669468926586
810,seg_8a10s,MI,-0.0497989999999999,-0.09,0.017720463062062,0.133118229638401,-0.035048,-0.035,0.0098136313273273,0.0990637740414089,0.0147599999999999,0.05,0.0197298222222222,0.140462885568474,0.0132469999999999,-0.015,0.0511507207117117,0.2261652508934821,0.042589,0.01,0.0138742363153153,0.1177889481883394
821,seg_0a2s,MI,0.0046599999999999,-0.012,0.0049234218218218,0.070167099283224,-0.035063,-0.065,0.0137819329639639,0.1173964776471763,-0.039727,-0.058,0.0071558943653653,0.0845925195591511,-0.014202,-0.01,0.0262250462422422,0.1619414901816154,0.0129179999999999,-0.0125,0.0112150783543543,0.1059012670101465
821,seg_2a4s,MI,0.0153349999999999,0.003,0.0066210658408408,0.0813699320439733,-0.001938,-0.045,0.0178858239799799,0.1337378928351272,-0.017264,-0.025,0.0086704927967967,0.0931154809728049,0.0431089999999999,0.05,0.0382016207397397,0.1954523490258936,0.010778,-0.015,0.0139021788948948,0.1179075014360617
821,seg_4a6s,MI,-0.004288,-0.016,0.0047644074634634,0.0690246873478139,0.010906,-0.014,0.0122976107747747,0.1108945930817854,0.015186,0.01,0.0063033807847847,0.0793938334178718,0.011238,0.01,0.0241411164724724,0.1553741177689272,-0.00928,-0.035,0.0103699535535535,0.101832968892955
821,seg_6a8s,MI,0.0093929999999999,-0.008,0.0063547833343343,0.07971689491152,0.033026,0.008,0.0176248201441441,0.1327585030954482,0.023635,0.013,0.0091194472222222,0.0954957968824922,-0.0410699999999999,-0.05,0.0339026037037037,0.1841265969481424,-0.021817,-0.055,0.0145390505615615,0.1205779853935267
821,seg_8a10s,MI,-0.037245,-0.051,0.0051131381131131,0.0715062103115045,-0.001822,-0.025,0.0114475959119119,0.1069934386395348,0.035431,0.035,0.0055764216606606,0.0746754421524282,-0.024023,-0.03,0.0223297221931931,0.1494313293563073,-0.004199,-0.0265,0.0096237431421421,0.0981006786018432
826,seg_0a2s,MI,-0.0138759999999999,-0.01,0.0120730696936936,0.1098775213303143,0.028848,0.045,0.0117214923883883,0.1082658412814881,0.042733,0.07,0.0185282759869869,0.136118609995059,0.0300379999999999,-0.08,0.2199941306866867,0.4690353192315977,-0.027562,-0.017,0.0065810572132132,0.0811237154795884
826,seg_2a4s,MI,0.019011,0.025,0.0116564833623623,0.1079651951434459,0.030425,0.055,0.0092365208958958,0.0961068202361096,0.01142,0.03,0.0151039275275275,0.1228980371182856,-0.003205,-0.11,0.21833204502002,0.4672601470487506,0.019898,0.03,0.0054701317277277,0.0739603388832672
826,seg_4a6s,MI,-0.016736,-0.008,0.0119915498538538,0.1095059352448708,-0.031983,-0.01,0.0111895802912912,0.1057808124911663,-0.01525,0.0095,0.0166031346346346,0.1288531514346259,0.045228,-0.085,0.2281134514674674,0.4776122396541649,-0.0077439999999999,-0.005,0.0071391175815815,0.0844932990336013
826,seg_6a8s,MI,0.007366,0.015,0.0119045766206206,0.1091080960360899,-0.030549,-0.005,0.0090902158148148,0.0953426232847346,-0.0379129999999999,-0.015,0.0153174709019019,0.1237637705546413,-0.0101089999999999,-0.135,0.2182094505695695,0.4671289442643963,0.036011,0.041,0.0057630819609609,0.0759149653293799
826,seg_8a10s,MI,-0.0069,-0.0065,0.0061831531531531,0.0786330283859979,0.027527,0.04,0.0049859091801801,0.0706109706786429,0.034434,0.045,0.0078062258698698,0.0883528486799937,-0.055078,-0.105,0.1126162541701701,0.3355834533617087,-0.004251,0.007,0.0041626726716716,0.0645187776672161
827,seg_0a2s,MI,-0.011571,-0.0485,0.0211222091681681,0.1453348174670067,-0.006712,-0.0424999999999999,0.0130851922482482,0.1143905251681635,0.0048439999999999,-0.003,0.013522392056056,0.116285820528799,-0.006971,-0.035,0.048285878037037,0.2197404788313638,0.161187,0.135,0.0235687147457457,0.1535210563595292
827,seg_2a4s,MI,0.0101399999999999,-0.011,0.0166272456456456,0.1289466775285259,0.01769,-0.0025,0.0119463022022022,0.1092991409033126,0.007548,0.005,0.0105185562522522,0.1025600129302461,-0.001519,-0.035,0.0430912709099099,0.2075843705819633,-0.136336,-0.157,0.0364737508548548,0.1909810222374329
827,seg_4a6s,MI,-0.013079,-0.04,0.0182785733323323,0.1351982741470183,-0.000879,-0.042,0.0114145108698698,0.1068387142840547,0.012173,0.0165,0.0108565896606606,0.1041949598620809,-0.003296,-0.035,0.0363484908748748,0.1906528019066986,-0.009626,0.006,0.0273744505745745,0.1654522607115858
827,seg_6a8s,MI,-0.021371,-0.0505,0.0184083417007007,0.135677344095102,-0.0234469999999999,-0.06,0.0107127779689689,0.1035025505433028,-0.002078,0.005,0.0115551951111111,0.1074950934280775,0.01625,-0.0055,0.034939549049049,0.1869212375548831,0.159972,0.158,0.0205200953113113,0.1432483693146672
827,seg_8a10s,MI,0.036882,0.01,0.0161898198958958,0.1272392231031607,0.021694,0.02,0.0109953437077077,0.1048586844648916,-0.015208,-0.025,0.0109001488848848,0.1044037781159517,0.0036469999999999,-0.03,0.0401582426336336,0.2003952160946803,-0.152241,-0.17,0.0355824193383383,0.1886330282276631
829,seg_0a2s,MI,0.1741209999999999,0.1625,0.0361400103693693,0.1901052612879753,0.042663,0.04,0.0063944538848848,0.0799653292676575,-0.1314519999999999,-0.098,0.0237027304264264,0.1539569109407772,0.4448809999999999,0.364,0.1216817185575575,0.3488290678219886,0.323361,0.375,0.1317271378168168,0.3629423340102623
829,seg_2a4s,MI,-0.0607809999999999,-0.085,0.0317884975365365,0.178293290778247,-0.001739,-0.005,0.0054025794584584,0.0735022411798338,0.059024,0.09,0.0190107261501501,0.1378793898671957,-0.220585,-0.2355,0.0275517965715715,0.1659873385881332,-0.13659,-0.145,0.0279028507507507,0.1670414641660888
829,seg_4a6s,MI,-0.099909,-0.125,0.0702623770960961,0.2650705134414164,-0.032746,-0.04,0.017102612096096,0.1307769555238846,0.067151,0.095,0.1011899541531531,0.3181036845953739,-0.293421,-0.32,0.0872759497087087,0.2954250322987352,-0.2133189999999999,-0.237,0.0335849882272272,0.1832620752562494
829,seg_6a8s,MI,-0.0644449999999999,-0.108,0.0457668678428428,0.2139319233841523,-0.0180889999999999,-0.015,0.0109297848638638,0.1045456114041324,0.046369,0.079,0.0201776785175175,0.1420481556287075,-0.098385,-0.11,0.0617641349099099,0.2485239121491328,0.220512,0.224,0.0411416314874874,0.2028339998311119
829,seg_8a10s,MI,0.019279,0.0,0.0198375887477477,0.1408459752628656,0.0265889999999999,0.02,0.0031448869659659,0.0560792917748251,0.007289,0.02,0.0130425199989989,0.1142038528202923,0.169586,0.145,0.0216162588628628,0.147024687936628,-0.237331,-0.2795,0.0526856811201201,0.2295336165360536
831,seg_0a2s,MI,-0.015337,-0.059,0.01704164908008,0.130543667330438,-0.0357,-0.058,0.0102594674674674,0.1012890293539604,-0.0203399999999999,-0.002,0.0104587451451451,0.1022680064592301,0.0023749999999999,-0.045,0.0785675819569569,0.280299093749796,0.0378569999999999,-0.03,0.0958151196706706,0.3095401745665184
831,seg_2a4s,MI,-0.019879,-0.059,0.0153440624214214,0.1238711524989633,0.022085,-0.005,0.0112304722472472,0.1059739224868422,0.041961,0.055,0.0095828122912912,0.0978918397584359,-0.018627,-0.095,0.0766725464174174,0.2768980794758559,-0.004622,-0.1,0.0890325816976976,0.2983832798561234
831,seg_4a6s,MI,-0.0227929999999999,-0.0615,0.014681920071071,0.121168973219513,0.0024249999999999,-0.035,0.01138468506006,0.1066990396398208,0.02523,0.035,0.0086000871871871,0.0927366550355747,0.001727,-0.085,0.0773149414124124,0.2780556444534302,0.003958,-0.099,0.0915101583943944,0.302506460087044
831,seg_6a8s,MI,-0.006282,-0.0395,0.0150411215975975,0.1226422504587941,-0.001693,-0.03,0.011322305056056,0.1064063205644103,0.004589,0.025,0.0099478319109109,0.0997388184756111,0.0121299999999999,-0.0765,0.0787393504504504,0.2806053286209128,0.0055619999999999,-0.09,0.0915480101661661,0.3025690171946992
831,seg_8a10s,MI,0.038191,0.0,0.0149447592782782,0.1222487598230684,-0.007188,-0.035,0.0118847874434434,0.1090173722094026,-0.045373,-0.035,0.0100615494204204,0.1003072750124357,0.003811,-0.09,0.0796005778568568,0.2821357436711216,-0.019068,-0.12,0.0893752906666666,0.2989570047124948
844,seg_0a2s,MI,-0.036483,-0.0665,0.018391357068068,0.1356147376506995,-0.02586,-0.057,0.0170790914914914,0.1306869981730833,0.010617,0.015,0.0104978581691691,0.1024590560622591,-0.033021,-0.045,0.0713191437027027,0.267056442915543,0.060416,0.024,0.0449153983423423,0.211932532524722
844,seg_2a4s,MI,-0.0062029999999999,-0.04,0.0157928506416416,0.1256696090613862,0.0020659999999999,-0.02,0.0111116873313313,0.105411988556005,0.008272,0.025,0.0075784544704704,0.0870543190799311,0.0188989999999999,-0.03,0.0575673281271271,0.2399319239432867,-0.018466,-0.045,0.0278815043483483,0.1669775564210602
844,seg_4a6s,MI,-0.005785,-0.035,0.0177705132882882,0.133306088714238,0.015006,-0.015,0.0164515755395395,0.1282636953293469,0.020809,0.025,0.0104092757947947,0.1020258584614449,-0.019684,-0.045,0.0716877138578578,0.2677456140777246,0.0297519999999999,0.005,0.0453312237197197,0.2129113048189779
844,seg_6a8s,MI,0.0172219999999999,-0.015,0.014364345061061,0.1198513456789746,0.03184,0.011,0.0121982626626626,0.110445745335267,0.014619,0.022,0.0095012951341341,0.0974745871195879,0.0165039999999999,-0.035,0.0570892712552552,0.2389336126526681,0.001648,-0.025,0.0336672313273273,0.1834863246330018
844,seg_8a10s,MI,0.030794,-0.005,0.0189266942582582,0.1375743226705414,-0.013816,-0.04,0.0148052073513513,0.1216766508059428,-0.044586,-0.035,0.0090838824864864,0.0953094039771862,0.008486,-0.011,0.0720794112152152,0.2684760905839014,-0.062977,-0.11,0.0431444569279279,0.2077124380674588
847,seg_0a2s,MI,0.1735659999999999,0.15,0.0372136953393393,0.1929085154661124,0.06537,0.06,0.0044932663663663,0.0670318309936881,-0.1082009999999999,-0.095,0.0345147293283283,0.1857814019979619,0.03514,0.05,0.0160511775775775,0.1266932420359411,0.055222,0.06,0.0101610918078078,0.1008022410852447
847,seg_2a4s,MI,-0.014109,-0.074,0.0454356387577577,0.2131563716095715,0.009981,0.014,0.00837045109009,0.0914901693631074,0.024087,0.0805,0.0411865639949949,0.2029447313802331,-0.0123969999999999,0.01,0.0254261215125125,0.1594557039196544,-0.024048,-0.03,0.0145119736696696,0.1204656534854216
847,seg_4a6s,MI,-0.0753989999999999,-0.111,0.0311353091081081,0.1764520022785463,-0.056636,-0.0685,0.0069981656696696,0.0836550397147097,0.018756,0.0555,0.0266618743383383,0.1632846420773807,0.033788,0.05,0.0166418889449449,0.1290034454770295,-0.016346,-0.0165,0.0103064146986986,0.1015205136841746
847,seg_6a8s,MI,-0.061751,-0.113,0.0462917387377377,0.2151551503862683,-0.018781,-0.031,0.0081758969359359,0.0904206665311417,0.042987,0.1,0.0398286274584584,0.1995711087769431,-0.0215709999999999,0.01,0.0240573282872872,0.1551042497396099,-0.034767,-0.039,0.0143199666776776,0.1196660631828325
847,seg_8a10s,MI,-0.049652,-0.095,0.0323406455415415,0.1798350509259569,-0.0037459999999999,-0.006,0.0061431125965965,0.0783780109252371,0.045925,0.09,0.0296852446196196,0.1722940643772141,-0.0271989999999999,-0.015,0.0175735029019019,0.1325650893029605,0.012786,0.01,0.0134527789829829,0.1159861154750127
853,seg_0a2s,MI,-0.030958,-0.051,0.0136195537897897,0.1167028439661595,0.0142709999999999,0.045,0.0147716592182182,0.1215387148945479,0.045231,0.105,0.0521161537927927,0.2282896269934154,0.00341,-0.08,0.0799653012012012,0.2827813664320922,-0.117096,-0.14,0.0586308816656656,0.2421381458293295
853,seg_2a4s,MI,-0.00702,-0.039,0.019666434034034,0.1402370636958505,-0.0097599999999999,0.03,0.0204987911911911,0.1431739892270631,-0.0027539999999999,0.07,0.0728294729569569,0.269869362760868,-0.038829,-0.1125,0.0909605402992993,0.3015966516712334,0.047752,0.04,0.0287862187147147,0.1696650191250828
853,seg_4a6s,MI,0.021561,0.0,0.013457736015015,0.1160074825820085,-0.110216,-0.085,0.0143072966406406,0.1196131123273725,-0.1317819999999999,-0.085,0.0516221866626626,0.2272051642517455,,,,,0.056851,0.055,0.0297029977967968,0.1723455766673366
853,seg_6a8s,MI,-0.00883,-0.03,0.0126481952952952,0.1124641956148502,-0.0127259999999999,0.02,0.013889118042042,0.1178521024082389,-0.0039059999999999,0.055,0.048573847011011,0.2203947526848382,-0.035801,-0.135,0.0844724418408408,0.2906414317347766,-0.04172,-0.005,0.0268807683683683,0.1639535555221916
853,seg_8a10s,MI,0.0168299999999999,-0.01,0.0135284795795795,0.1163119924151399,0.0995329999999999,0.125,0.0152097406516516,0.1233277772914587,0.082708,0.115,0.0522936563923923,0.228678062770333,-0.042213,-0.125,0.0864761277587587,0.2940682365689275,0.057571,0.075,0.0287298908498498,0.169498940556718
854,seg_0a2s,MI,0.0248349999999999,0.023,0.0116979597347347,0.1081571067232049,-0.003656,-0.045,0.0150517053693693,0.122685391833622,-0.028481,-0.06,0.0100450747137137,0.1002251201731068,-0.002142,0.0,0.0016947706066066,0.0411675917027776,0.180274,0.135,0.0349707937177177,0.1870047959751774
854,seg_2a4s,MI,-0.0531569999999999,-0.05,0.0143592776286286,0.1198302033238224,0.016197,-0.025,0.0150365647557557,0.1226236712700927,0.069331,0.0225,0.0149322997387387,0.1221977894183799,-0.0013429999999999,0.0,0.0012818371881881,0.0358027539190519,-0.110067,-0.14,0.0093332257367367,0.0966086214410325
854,seg_4a6s,MI,-0.019557,-0.025,0.0117020487997998,0.1081760084297798,-0.007031,-0.03,0.0149953373763763,0.122455450578471,0.012537,-0.0085,0.0099779145455455,0.0998895116893938,-0.014415,-0.015,0.0014291058808808,0.0378035167792744,0.0433349999999999,0.04,0.0528217485235235,0.2298298251392179
854,seg_6a8s,MI,0.013477,0.005,0.0142809243953953,0.1195028217047421,0.0036869999999999,-0.03,0.0137774725035035,0.1173774786894977,-0.009794,-0.05,0.011306504068068,0.1063320462892916,0.0001049999999999,0.0,0.001087049024024,0.0329704265065531,-0.16415,-0.2,0.0136992107107107,0.1170436273818899
854,seg_8a10s,MI,0.098174,0.036,0.0553205362602602,0.2352031808038749,0.044856,-0.03,0.0502388681321321,0.2241402867226954,-0.053318,-0.085,0.0129794503263263,0.1139273905885951,0.0219299999999999,0.017,0.0024445816816816,0.0494427111077222,0.096842,0.1165,0.0463704234594594,0.2153379285204059
873,seg_0a2s,MI,0.038338,-0.005,0.0456250848408408,0.2136002922302327,0.024507,0.03,0.0173463422932932,0.131705513526554,-0.0138139999999999,0.0375,0.0805170544584584,0.2837552721245166,0.073309,0.09,0.1108708323513513,0.332972720130871,-0.014372,-0.075,0.1017497753913913,0.3189824060843974
873,seg_2a4s,MI,-0.042793,-0.0965,0.0562607488998999,0.2371934841008494,0.046711,0.05,0.0159873207997998,0.1264409775341831,0.089511,0.147,0.0953620859649649,0.3088075225200399,-0.006586,0.025,0.1101738744784784,0.3319245011722974,0.0059729999999999,-0.058,0.0873899442152152,0.2956179023929626
873,seg_4a6s,MI,0.000872,-0.072,0.0687983439599599,0.262294384156352,-0.064549,-0.058,0.0255526502492492,0.159851963545179,-0.065425,0.007,0.1230088412162161,0.3507261627198863,-0.062842,-0.0015,0.1503364614974975,0.3877324612377683,0.0867229999999999,-0.004,0.1422914537247247,0.3772153943368758
873,seg_6a8s,MI,-0.004615,-0.0555,0.0542273501251251,0.2328676665514668,-0.036969,-0.0395,0.0183147527917917,0.1353320094870086,-0.0323409999999999,0.025,0.0910174701891892,0.3016910177469478,0.009583,0.032,0.1191941452562562,0.3452450510235537,-0.046789,-0.106,0.091175556035035,0.3019529036704814
873,seg_8a10s,MI,-0.0070899999999999,-0.053,0.0450688627627627,0.2122942833963335,0.0364279999999999,0.042,0.0178824012172172,0.1337250956896917,0.043532,0.092,0.0786717647407407,0.2804848743528619,-0.00341,0.011,0.1097724963963964,0.3313193269285636,-0.016556,-0.075,0.1014024152792792,0.3184374589762945
890,seg_0a2s,MI,0.0023129999999999,-0.032,0.0356133523833833,0.1887150030691343,-0.029929,-0.0685,0.0192532311901901,0.1387560131676829,-0.032239,-0.032,0.0088626905695695,0.0941418640646634,0.108685,0.08,0.0780304722472472,0.2793393496220094,0.1580099999999999,0.11,0.1010834513513513,0.3179362378706638
890,seg_2a4s,MI,0.0104489999999999,-0.0225,0.0263460834824824,0.1623147666803069,0.001157,-0.025,0.0140131915425425,0.1183773269783641,-0.009288,-0.009,0.005706968024024,0.0755444771245656,-0.043375,-0.065,0.0643860304054054,0.2537440253590327,-0.125966,-0.1725,0.0602487696136136,0.2454562478602115
890,seg_4a6s,MI,0.015623,-0.018,0.035555194065065,0.1885608497675619,-0.04478,-0.076,0.0179996092092092,0.1341626222507938,-0.060385,-0.065,0.0082338426176176,0.0907405235692279,-0.091464,-0.11,0.0783435702742742,0.2798992144938501,-0.0926639999999999,-0.205,0.1526475386426427,0.3907013420026129
890,seg_6a8s,MI,0.0003389999999999,-0.036,0.0281633774564564,0.1678194787754283,-0.036877,-0.065,0.013998170041041,0.1183138624212777,-0.037199,-0.05,0.0068241855845845,0.0826086289959141,0.0155069999999999,-0.03,0.0572464884394394,0.2392623840879285,0.188959,0.145,0.0415764597787787,0.2039030646625468
890,seg_8a10s,MI,-0.049455,-0.088,0.0367751251001001,0.1917684152828616,0.074619,0.06,0.0184783221611611,0.1359349924087288,0.1240629999999999,0.125,0.0107268418728728,0.1035704681503027,0.004391,-0.023,0.0787147588778778,0.2805615064079138,-0.1284499999999999,-0.175,0.0735061036036036,0.2711200907413605
912,seg_0a2s,MI,-0.101058,-0.111,0.0212590837197197,0.1458049509437855,-0.02137,-0.05,0.0146263134134134,0.1209392963987033,0.0796799999999999,0.105,0.00862247007007,0.0928572564211869,-0.026692,-0.005,0.0275900972332332,0.166102670758881,-0.1233969999999999,-0.1205,0.0485259473383383,0.2202860579753933
912,seg_2a4s,MI,0.0660169999999999,0.038,0.0195184591701701,0.1397084792350491,-0.0327449999999999,-0.066,0.0161494774524524,0.1270805943189299,-0.098765,-0.109,0.0052317335085085,0.0723307231299985,-0.028756,-0.006,0.0389019263903904,0.1972357127661986,-0.109925,-0.1565,0.0452897491241241,0.2128138837673053
912,seg_4a6s,MI,-0.011823,-0.032,0.0136032389099099,0.1166329237818803,-0.0689259999999999,-0.104,0.0124734239479479,0.1116844839176326,-0.057119,-0.065,0.004038183022022,0.0635466995368132,0.011063,0.035,0.0267514624934934,0.1635587432499207,0.028515,0.052,0.0576761138888888,0.2401585182517765
912,seg_6a8s,MI,-0.033072,-0.057,0.0144887415575575,0.1203691885723151,-0.0216179999999999,-0.058,0.0135760941701701,0.1165164974163323,0.011448,0.011,0.0053001734694694,0.0728022902762644,-0.0033999999999999,0.025,0.0290712832832832,0.1705030301293302,0.0028709999999999,-0.045,0.0354384868458458,0.1882511270772258
912,seg_8a10s,MI,0.013944,-0.002,0.0163973382022022,0.128052091752545,0.118945,0.102,0.0122693933683683,0.1107672937665643,0.105008,0.105,0.0035006065425425,0.0591659238290296,0.040777,0.06,0.0293416749459459,0.1712941182467919,0.164903,0.154,0.06462948908008,0.2542233055407786
915,seg_0a2s,MI,-0.0137639999999999,-0.04,0.0237114117157157,0.1539851022525092,-0.0337419999999999,-0.055,0.0138473688048048,0.1176748435512229,-0.0199469999999999,-0.0265,0.0074509691601601,0.0863189965196547,0.0785209999999999,0.095,0.0399890045635635,0.1999725095195926,-0.0049279999999999,-0.0565,0.0422679267427427,0.2055916504694262
915,seg_2a4s,MI,-0.028195,-0.045,0.015044083058058,0.1226543234381,0.018528,-0.005,0.0095223976136136,0.0975827731395947,0.046739,0.039,0.0056835644434434,0.0753894186437555,-0.061745,-0.0645,0.0251578878628628,0.1586123824386446,-0.106531,-0.125,0.0591139289679679,0.2431335619941598
915,seg_4a6s,MI,0.014561,0.0,0.0169684767557557,0.1302631058886427,0.008895,-0.021,0.0147767667417417,0.1215597249986266,-0.005671,-0.024,0.0145224512102102,0.1205091333061947,-0.116158,-0.1215,0.0544807898258258,0.2334112032997256,-0.0504379999999999,-0.037,0.0718641022582582,0.2680748072054856
915,seg_6a8s,MI,0.026402,0.0055,0.0164497321281281,0.1282565091062755,0.012976,-0.015,0.0105640054294294,0.1027813476727632,-0.0134279999999999,-0.025,0.0067236224384384,0.0819976977630374,-0.016617,-0.014,0.0232131154264264,0.1523585095307328,0.430482,0.4,0.0319185302062062,0.1786575780822246
915,seg_8a10s,MI,0.000133,-0.03,0.0227242976086086,0.150745804613623,0.007779,-0.027,0.0132871052642642,0.1152697066200147,0.007675,0.0,0.0089983116866866,0.0948594311952516,0.1144739999999999,0.125,0.0434456069309309,0.2084360979555387,-0.2894130000000001,-0.415,0.1360876881191191,0.3689006480329346
957,seg_0a2s,MI,0.0263499999999999,0.02,0.01391257007007,0.1179515581502426,0.037314,0.04,0.0035195149189189,0.0593254997359391,0.010944,0.025,0.0088526915555555,0.0940887429799949,0.0606499999999999,0.025,0.0251280255255255,0.1585182182764035,-0.021953,-0.03,0.0225646234144144,0.1502152569295623
957,seg_2a4s,MI,-0.0330939999999999,-0.044,0.0161321973613613,0.1270125874130645,-0.043621,-0.0325,0.0054366139729729,0.0737333979481006,-0.010509,0.008,0.0114134713903903,0.1068338494597587,0.027592,0.0,0.0461318373733733,0.2147832334549728,0.15709,0.16,0.0262773152152152,0.1621027921265245
957,seg_4a6s,MI,0.087028,0.085,0.0121057789949949,0.1100262650233797,0.060982,0.075,0.0045684901661661,0.06759060708535,-0.0260339999999999,-0.025,0.0094856364804804,0.097394232275225,-0.124489,-0.151,0.0261756415205205,0.1617888794711197,-0.205033,-0.235,0.0205659198308308,0.1434082279049247
957,seg_6a8s,MI,-0.008069,-0.0075,0.0187465968358358,0.1369182122138462,0.036725,0.046,0.0048313607357357,0.0695079904452411,0.0447819999999999,0.05,0.0126414299059059,0.112434113621738,-0.026826,-0.0595,0.0353432009249249,0.1879978747883202,-0.069004,-0.058,0.0324021701541541,0.1800060281050447
957,seg_8a10s,MI,-0.041412,-0.057,0.0139781964524524,0.1182294229557619,-0.062571,-0.057,0.0057302852442442,0.0756986475720949,-0.0211229999999999,-0.0095,0.0090997756466466,0.0953927442033546,0.077897,0.055,0.0289780063973973,0.1702292759703729,0.173399,0.175,0.0134887004994995,0.1161408648990505
959,seg_0a2s,MI,-0.030979,-0.035,0.0044825611201201,0.0669519314144119,-0.06291,-0.078,0.0038365684684684,0.0619400392998621,-0.031918,-0.045,0.002024738014014,0.0449970889504422,-0.050102,-0.05,0.0222298914874874,0.1490969197786711,-0.050917,-0.06,0.0100373614724724,0.1001866332026008
959,seg_2a4s,MI,-0.017872,-0.019,0.005745443059059,0.0757987009061438,-0.001959,-0.019,0.0044173346536536,0.0664630322333675,0.015917,0.013,0.0013611252362362,0.0368934308005671,0.03032,0.043,0.0121861097097097,0.1103907138744455,-0.008147,-0.019,0.010633615006006,0.1031194210903358
959,seg_4a6s,MI,0.009719,0.01,0.0085984384774774,0.0927277654075491,0.008813,0.004,0.0042441261571571,0.0651469581573626,-0.0009,-0.01,0.0025395275275275,0.0503937250808821,0.061323,0.055,0.0162849936646646,0.1276126704707046,-0.021181,-0.035,0.0178823746136136,0.1337249962184094
959,seg_6a8s,MI,0.01801,0.012,0.0050078477477477,0.0707661483178768,0.022817,0.015,0.0029653728838838,0.0544552374329952,0.004803,0.0,0.0018614756666666,0.0431448220145438,-0.049825,-0.052,0.0136363547297297,0.1167748034882942,0.042494,0.045,0.0137889809449449,0.1174264916658287
959,seg_8a10s,MI,0.035579,0.034,0.0046048846436436,0.0678593003474368,0.047616,0.04,0.0042213158598598,0.0649716542798462,0.012065,0.005,0.0015037365115115,0.0387780416152171,-0.007028,0.015,0.0155715527687687,0.1247860279389033,0.024665,0.025,0.0151746093843843,0.1231852644774706
962,seg_0a2s,MI,-0.020873,-0.055,0.0182728417127127,0.1351770753963582,-0.095351,-0.11,0.0119873131121121,0.1094865887317351,-0.074479,-0.057,0.0151686662252252,0.1231611392657003,0.8385719999999999,0.823,0.3970426674834835,0.6301132179882306,0.0134129999999999,-0.05,0.0540259623933934,0.2324348562358782
962,seg_2a4s,MI,-0.016103,-0.041,0.0143046049959959,0.1196018603366853,0.038769,0.035,0.0077120937327327,0.0878185272749021,0.0548739999999999,0.076,0.0112491332572572,0.1060619312348085,-0.4654079999999999,-0.4645,0.0682776752112112,0.2612999717015125,-0.057167,-0.0625,0.0357956627737737,0.1891974174606349
962,seg_4a6s,MI,0.021337,-0.014,0.0177555509819819,0.1332499567804131,0.050544,0.04,0.0101812192832832,0.1009020281425665,0.029206,0.0565,0.0151761176816816,0.1231913863940238,-0.7149549999999999,-0.75,0.0517882832582582,0.2275703918752575,-0.061058,-0.095,0.0474722969329329,0.2178813827130095
962,seg_6a8s,MI,0.012083,-0.02,0.0194772954064064,0.1395610812741374,0.018635,0.006,0.0111845603353353,0.1057570817266405,0.006564,0.035,0.0157500179219219,0.125499075382737,-0.294327,-0.2775,0.0759027448158158,0.2755045277591927,0.016079,-0.0104999999999999,0.0469011799389389,0.2165668024858356
962,seg_8a10s,MI,0.007134,-0.02,0.0132326266706706,0.1150331546584317,0.0045219999999999,-0.004,0.007844510026026,0.0885692385991097,-0.0026189999999999,0.018,0.0109383321711711,0.1045864817802529,0.6233289999999999,0.6,0.1355536183773774,0.3681760698054361,0.070329,0.065,0.0338564692282282,0.1840012750722891
964,seg_0a2s,MI,0.487069,0.3945,0.094243836075075,0.3069915895836155,0.479152,0.485,0.0232583092052052,0.1525067513430313,-0.0078999999999999,0.03,0.0839666426426426,0.2897699823008633,0.344678,0.395,0.1109031074234234,0.3330211816437859,0.557671,0.505,0.0685929076666666,0.2619024773969629
964,seg_2a4s,MI,-0.023712,-0.0985,0.0881998629189189,0.2969846173102555,-0.035019,-0.025,0.0369207814204204,0.1921478113859755,-0.0112979999999999,0.044,0.0844460152112112,0.2905959655797224,0.0135889999999999,0.04,0.1131834775565565,0.3364275219962787,-0.0228849999999999,-0.085,0.0364084322072072,0.1908099373911306
964,seg_4a6s,MI,-0.588302,-0.6014999999999999,0.0583967895855855,0.2416542769859155,-0.579014,-0.555,0.0269216514554554,0.1640781870190412,0.009299,0.002,0.0497617533523523,0.2230734259214941,-0.394836,-0.38,0.264857951055055,0.5146435184232432,-0.5735910000000001,-0.5335000000000001,0.0962956733923924,0.3103154417562754
964,seg_6a8s,MI,0.2127569999999999,0.256,0.1180531831341341,0.3435886830705199,0.412076,0.45,0.0471323425665665,0.2170998446949388,0.199317,0.26,0.0860360946056056,0.2933191003081892,0.1681199999999999,0.23,0.1473277033033033,0.383832910656842,0.18738,0.17,0.0668272388388388,0.2585096494114656
964,seg_8a10s,MI,-0.0444419999999999,-0.084,0.1100984991351351,0.331810938841888,-0.2598479999999999,-0.316,0.0453766635595595,0.2130179888168122,-0.215406,-0.1555,0.0857085497137137,0.2927602256347568,-0.117178,-0.099,0.116410709025025,0.341190136177799,-0.126812,-0.195,0.0507447634194194,0.2252659837157386
970,seg_0a2s,MI,-0.173239,-0.18,0.016496190069069,0.1284374947944293,-0.176001,-0.171,0.0193346216206206,0.1390489900021594,-0.002772,0.035,0.0215807387547547,0.1469038418651968,-0.037175,-0.0905,0.1786534237987987,0.4226741342911804,-0.062887,-0.112,0.1519883585895896,0.38985684371265
970,seg_2a4s,MI,0.047172,0.041,0.0137331515675675,0.1171885300170949,0.087592,0.1195,0.0174808503863863,0.1322151670058559,0.040419,0.065,0.0189290985375375,0.137583060503601,-0.0157979999999999,-0.07,0.163843802998999,0.4047762381847519,0.397637,0.287,0.336521773004004,0.580104967229211
970,seg_4a6s,MI,0.125108,0.1,0.0116008211571571,0.1077071082016278,0.116923,0.115,0.0085942613323323,0.0927052389691776,-0.0081849999999999,0.018,0.0194066013763763,0.1393075783163872,-0.041655,-0.1005,0.2259619719469469,0.4753545749721432,-0.3123849999999999,-0.42,0.0851571238988988,0.2918169355930167
970,seg_6a8s,MI,0.021548,0.01,0.0112238055015015,0.105942463165161,0.0137399999999999,-0.013,0.0122491735735735,0.1106759846288867,-0.007806,-0.01,0.0177905689329329,0.1333812915402041,0.0455,0.003,0.1664602802802802,0.4079954414944856,-0.0257749999999999,-0.12,0.0833068792542542,0.2886293111488406
970,seg_8a10s,MI,-0.035576,-0.06,0.009994787011011,0.0999739316572626,-0.038403,-0.044,0.0083678864774774,0.0914761525069647,-0.002812,0.02,0.0172198465025025,0.1312244127535059,0.038478,0.0035,0.1665909264424424,0.4081555174715177,0.003075,-0.081,0.0805568482232232,0.2838253833314124
975,seg_0a2s,MI,0.022244,0.0485,0.0153877762402402,0.1240474757511826,-0.007448,-0.035,0.0083821794754754,0.0915542433504612,-0.0297,-0.075,0.0156604464464464,0.1251417054640316,-0.05121,-0.05,0.006105101001001,0.0781351457476147,-0.01827,-0.025,0.0380511962962963,0.1950671584257491
975,seg_2a4s,MI,0.02356,0.052,0.016903654054054,0.1300140532944576,-0.009037,-0.0255,0.0106749966276276,0.103319875278804,-0.032579,-0.0245,0.0204597094684684,0.1430374407925018,0.0231619999999999,0.017,0.0054512269829829,0.0738324250108513,-0.038186,-0.06,0.0300328582622622,0.1732999084311998
975,seg_4a6s,MI,0.026816,0.035,0.0187024285725725,0.1367568227642503,-0.023326,-0.049,0.0247158395635635,0.1572127207434677,-0.050153,-0.075,0.0703267683593593,0.2651919462565923,0.033075,0.025,0.0540527881631631,0.2324925550704004,-0.032768,-0.04,0.0185817098858858,0.1363147456656318
975,seg_6a8s,MI,-0.008672,0.007,0.0121948612772772,0.1104303458170682,0.005251,-0.0185,0.0088286046036036,0.0939606545507405,0.013917,-0.015,0.0138738539649649,0.117787325145641,0.0308979999999999,0.03,0.0057889905865865,0.0760854163857081,0.058449,0.0445,0.0312434028018018,0.1767580346173882
975,seg_8a10s,MI,-0.0606149999999999,-0.041,0.0147987435185185,0.1216500863892768,0.0189249999999999,-0.001,0.0084155028778778,0.0917360500451042,0.079514,0.058,0.015220234038038,0.123370312628436,-0.019608,-0.021,0.0057525568928928,0.0758456122191184,0.010581,0.011,0.0343328743133133,0.1852913228225038
978,seg_0a2s,MI,-0.137085,-0.194,0.0766924101851851,0.276933945527061,0.014214,-0.0315,0.0422071833873873,0.2054438691890984,0.151307,0.17,0.0318206614124124,0.1783834673180573,-0.013583,-0.02,0.0677983995105105,0.2603812579862661,-0.217466,-0.27,0.0705094362802802,0.265536129896254
978,seg_2a4s,MI,0.143813,0.1135,0.0877005425735735,0.2961427739681885,0.0041289999999999,-0.044,0.0428114498088088,0.2069092791752192,-0.139707,-0.14,0.0469196127637637,0.2166093552083191,-0.08377,-0.085,0.0694058929929929,0.2634499819567141,0.1209919999999999,0.115,0.0959384824184184,0.3097393782172657
978,seg_4a6s,MI,0.259918,0.2055,0.0818519792552552,0.2860978490923259,-0.009981,-0.045,0.0372329996386386,0.1929585438342615,-0.269875,-0.253,0.0360352306056056,0.1898294777046115,-0.099925,-0.114,0.0608704758508508,0.2467194273883815,-0.033152,-0.085,0.0545246815775775,0.2335052067461828
978,seg_6a8s,MI,-0.0391559999999999,-0.084,0.0720958114754754,0.2685066320884374,-0.075845,-0.1,0.0290856145895895,0.1705450514954614,-0.0366649999999999,-0.0315,0.0382486874624624,0.1955727165594998,0.0135179999999999,0.031,0.0425185682442442,0.2062003109702898,-0.07772,-0.101,0.0357607363363363,0.1891050933643415
978,seg_8a10s,MI,-0.2520759999999999,-0.318,0.0925892494734734,0.3042848163702445,0.02403,-0.008,0.0386757808808808,0.1966615897446191,0.276091,0.299,0.0424376263453453,0.2060039474023382,0.181658,0.1905,0.0555531501861861,0.2356971577813067,0.19334,0.135,0.0732148112112112,0.2705823556908528
982,seg_0a2s,MI,-0.032504,-0.075,0.0291901721561561,0.1708513159333464,-0.155461,-0.2225,0.0598556581371371,0.2446541602694242,-0.1229529999999999,-0.1605,0.1043033701611611,0.3229603228899196,0.594202,0.5115000000000001,0.3069255087047047,0.5540085817969833,0.129544,0.12,0.0342613634274274,0.1850982534424013
982,seg_2a4s,MI,-0.1239439999999999,-0.156,0.0347669097737737,0.1864588688525535,0.062853,0.058,0.0216433907817817,0.1471169289435508,0.1867809999999999,0.24,0.0627927297687687,0.2505847756125036,-0.420023,-0.4725,0.0773701686396396,0.2781549363927227,-0.086519,-0.105,0.020034446085085,0.141543089146327
982,seg_4a6s,MI,0.015575,0.008,0.0532785689439439,0.2308215088416674,-0.005842,0.002,0.0200864735095095,0.1417267565052891,-0.0214149999999999,-0.0065,0.07916023501001,0.2813542873496155,-0.318137,-0.2635,0.0923910412722722,0.3039589466889769,-0.0881339999999999,-0.1025,0.0281520821261261,0.1677858221844924
982,seg_6a8s,MI,0.0344299999999999,0.0,0.0325234745745745,0.1803426587764929,-0.039716,-0.04,0.0167572786226226,0.1294499077737123,-0.074169,-0.04,0.0489484208598598,0.2212429001343543,-0.016338,-0.0825,0.0601115352912913,0.2451765390311465,-0.028345,-0.046,0.0203833273023023,0.1427701905241507
982,seg_8a10s,MI,0.102039,0.1195,0.0572153448238238,0.2391972926766183,0.112095,0.135,0.0274596656406406,0.1657095822233603,0.010024,0.045,0.0498407121361361,0.2232503351310724,0.120799,0.128,0.0728351197187187,0.2698798245862753,0.06168,0.041,0.0188150446446446,0.1371679432106665
990,seg_0a2s,MI,-0.0435889999999999,-0.07,0.0329432873663663,0.1815028577360873,-0.1080629999999999,-0.125,0.0131691561871871,0.1147569439606474,-0.064466,-0.06,0.0113249557997998,0.1064187755981048,0.2382709999999999,0.335,0.0428581797387387,0.2070221720945337,,,,
990,seg_2a4s,MI,0.043079,0.02,0.0353387455045045,0.187986024758503,0.0488609999999999,0.049,0.0117792649439439,0.108532322116243,0.005784,0.029,0.0132040353793793,0.1149088133233451,-0.152538,-0.173,0.0101227593153153,0.1006119243197113,,,,
990,seg_4a6s,MI,0.11256,0.075,0.0485324428428428,0.2203008008220643,0.109022,0.09,0.0171816411571571,0.1310787593668675,-0.0035369999999999,0.0295,0.0154307533843843,0.1242205835777001,-0.282025,-0.25,0.0262523246996997,0.1620256914803936,-0.1460539999999999,-0.115,0.0600736587427427,0.2450992834398802
990,seg_6a8s,MI,-0.0155389999999999,-0.0455,0.0375734559349349,0.1938387369308181,-0.045663,-0.085,0.0146684859169169,0.1211135249132685,-0.030143,-0.015,0.0110696522032032,0.1052124146819338,-0.043708,-0.041,0.0143271638998999,0.119696131516018,0.030292,0.0645,0.0416723731091091,0.2041381226256112
990,seg_8a10s,MI,-0.066753,-0.098,0.0374655935845845,0.1935603099413322,0.009235,0.007,0.0139095112862862,0.1179385911662772,0.0759859999999999,0.091,0.0134836454494494,0.1161191002783325,0.2303049999999999,0.239,0.0105557917667667,0.1027413829319362,0.167497,0.12,0.0114117177087087,0.1068256416255419
996,seg_0a2s,MI,-0.081199,-0.075,0.02877365105005,0.1696279783822528,-0.078649,-0.0755,0.0089413451441441,0.094558686243751,0.002535,0.0085,0.0093959847597597,0.0969328879161234,-0.085972,-0.036,0.0325145557717717,0.1803179297013244,-0.27634,-0.307,0.0435393417417417,0.2086608294379703
996,seg_2a4s,MI,-0.051542,-0.04,0.0278078801161161,0.1667569492288585,-0.0062239999999999,0.005,0.0099836194434434,0.0999180636493894,0.045321,0.065,0.0107148147737737,0.1035123894699266,-0.084849,-0.033,0.0325870572562562,0.1805188556806636,0.0273049999999999,0.1745,0.1803963042792793,0.4247308609923221
996,seg_4a6s,MI,0.029056,0.01,0.0277268537177177,0.1665138244042149,-0.0087199999999999,-0.015,0.008106426026026,0.0900356930668389,-0.0377609999999999,-0.025,0.0096372931721721,0.0981697161663013,0.1281859999999999,0.17,0.0289772426466466,0.170227032655353,-0.085654,-0.1155,0.1806961924764764,0.4250837476033122
996,seg_6a8s,MI,-0.0308449999999999,-0.019,0.0292059429179179,0.1708974631699309,0.016644,0.025,0.0100883496136136,0.1004407766478018,0.047511,0.065,0.009766214093093,0.0988241574367982,-0.018545,0.01,0.0414854173923923,0.203679693127205,0.36982,0.435,0.0746739015015015,0.2732652584971267
996,seg_8a10s,MI,0.132019,0.145,0.0330596062452452,0.1818230080194617,0.0768239999999999,0.075,0.0140746837077077,0.1186367721564764,-0.055215,-0.05,0.0091635082832832,0.0957262152353433,0.060178,0.097,0.0537474137297297,0.231834884626386,-0.0271879999999999,-0.035,0.0401729736296296,0.2004319675840898
997,seg_0a2s,MI,0.0305169999999999,-0.015,0.0365438655765765,0.1911644987349287,0.026711,0.025,0.0134647542332332,0.1160377276287037,-0.0037899999999999,0.045,0.0207705524524524,0.1441199238566703,0.054281,0.0345,0.0411657537927927,0.2028934542876945,0.0569649999999999,0.065,0.0219395773523523,0.1481201449916666
997,seg_2a4s,MI,0.020035,-0.027,0.034662219994995,0.1861779256383393,0.0487019999999999,0.047,0.0130529041001001,0.1142493067817048,0.0286809999999999,0.066,0.0184771724114114,0.1359307633003339,0.011557,0.0,0.0425679186696696,0.2063199424914365,-0.033055,-0.05,0.0305471651401401,0.1747774732056169
997,seg_4a6s,MI,0.0016199999999999,-0.037,0.0295472908908908,0.1718932543495843,0.0290389999999999,0.025,0.0162270845635635,0.1273855743935064,0.027426,0.0555,0.017006543067067,0.1304091372069728,-0.015122,-0.045,0.0465577608768768,0.2157724747897119,-0.04022,-0.055,0.0287341397397397,0.1695114737701838
997,seg_6a8s,MI,-0.051717,-0.086,0.0332685915025025,0.1823967968537345,-0.035875,-0.05,0.013875701076076,0.1177951657585152,0.0158399999999999,0.065,0.0175554058058058,0.1324968143232349,-0.0175989999999999,-0.034,0.0426007869859859,0.2063995808764784,-0.0079399999999999,-0.025,0.0273885629629629,0.1654949031328849
997,seg_8a10s,MI,-0.017415,-0.045,0.0187484812562562,0.1369250935959375,-0.04632,-0.04,0.0082676152152152,0.0909264274851663,-0.028913,0.005,0.0142589483793793,0.1194108386176873,-0.0440959999999999,-0.07,0.0227541749589589,0.1508448705092717,0.01137,0.02,0.0158308079079079,0.1258205384979253
1006,seg_0a2s,MI,0.063877,0.0675,0.0188836154864864,0.1374176680288473,0.0058669999999999,-0.01,0.0308741874984985,0.1757105218775998,-0.058015,-0.055,0.0095819747497497,0.097887561772422,-0.0871459999999999,0.04,0.8051873380220221,0.8973223155711788,-0.034709,-0.14,0.1736555558748748,0.4167199969702376
1006,seg_2a4s,MI,-6.39999999999974e-05,0.005,0.0093658637677677,0.0967773928547766,0.00849,0.005,0.0180344903903903,0.1342925552306992,0.008565,0.008,0.0053885363113113,0.0734066503207394,0.0963229999999999,0.0865,0.464192427098098,0.681316686349379,-0.076204,-0.05,0.0787528172012012,0.280629323487766
1006,seg_4a6s,MI,-0.004547,0.005,0.0219314312222222,0.1480926440516956,0.021238,0.015,0.0315512886446446,0.1776268241134898,0.025779,0.005,0.0085308089679679,0.0923623785313477,-0.001163,0.11,0.853301467898899,0.9237431828700544,0.184009,0.23,0.162219168087087,0.40276440767164
1006,seg_6a8s,MI,-0.020461,-0.028,0.0189149294084084,0.1375315578636714,-0.026174,-0.0405,0.030939283007007,0.1758956594319684,-0.005707,-0.03,0.0099018429939939,0.0995080046729608,-0.0373969999999999,0.105,0.8036189663573573,0.8964479719188154,0.054653,0.0445,0.1486640606516516,0.3855697870057399
1006,seg_8a10s,MI,-0.016224,-0.01,0.0091023001241241,0.0954059753061836,-0.007355,-0.01,0.0182956366116116,0.1352613640756724,0.0088729999999999,0.0,0.0047926295005005,0.0692288198693326,0.060847,0.053,0.4644302198108108,0.6814911736851849,-0.134948,-0.195,0.1124381754714714,0.3353180213938276
1014,seg_0a2s,MI,0.008189,-0.01,0.0084032905695695,0.0916694636701315,-0.0741439999999999,-0.114,0.0268258851491491,0.1637860957137362,-0.08234,-0.098,0.0071598282282282,0.0846157682008987,-0.074692,-0.0785,0.0281664555915915,0.1678286494958223,0.0237399999999999,-0.045,0.0849998082082082,0.2915472658218701
1014,seg_2a4s,MI,0.0021959999999999,-0.015,0.0082922017857857,0.0910615274733835,0.004578,-0.035,0.0253465945105105,0.1592061384196932,0.0023819999999999,-0.008,0.0061446186946946,0.0783876182486411,0.040875,0.0055,0.0240618252002002,0.155118745482937,-0.006077,-0.07,0.0820931442152152,0.2865190119611877
1014,seg_4a6s,MI,-0.004782,-0.025,0.0083607292052052,0.0914370231646087,0.0424269999999999,0.0045,0.027072361032032,0.1645368075295981,0.047199,0.035,0.006790654053053,0.082405424900628,0.041407,0.005,0.0217125258768768,0.1473517080894445,-0.024778,-0.09,0.0788370617777777,0.2807793827505463
1014,seg_6a8s,MI,0.0036449999999999,-0.015,0.0076914484234234,0.0877009032075692,0.024894,-0.01,0.0252486734374374,0.1588983116255092,0.021219,0.015,0.0071782953343343,0.0847248212410881,-0.0098709999999999,-0.053,0.0206878201791791,0.1438326116677966,-0.006717,-0.06,0.0755110319429429,0.2747927072229955
1014,seg_8a10s,MI,-0.003779,-0.02,0.0079644646236236,0.0892438492201206,-0.0126799999999999,-0.058,0.0249810146146146,0.1580538345457477,-0.008917,-0.031,0.0063846427537537,0.0799039595624256,-0.011584,-0.051,0.0223317466906906,0.1494381032089563,-0.000703,-0.064,0.0812907855765765,0.2851153899328771
1025,seg_0a2s,MI,0.016137,-0.05,0.1145837099409409,0.3385021564790111,0.010653,0.005,0.0451909975885885,0.2125817433096939,-0.005486,0.055,0.1226023781821821,0.3501462240010338,-0.048691,0.0025,0.217383559078078,0.4662440981697013,0.024476,-0.065,0.2942401475715716,0.5424390726815055
1025,seg_2a4s,MI,-0.043933,-0.083,0.0734148833943944,0.2709518100961763,-0.035001,-0.039,0.0314487997987988,0.1773380946068802,0.008936,0.047,0.0744724703743743,0.2728964462472429,-0.010065,0.0,0.1520769056806807,0.3899703907743262,0.024471,-0.03,0.2140960311901901,0.4627051233671291
1025,seg_4a6s,MI,-0.0226399999999999,-0.066,0.0836290054054054,0.2891868001922034,-0.0043789999999999,-0.005,0.0293754127717717,0.1713925691848155,0.0182689999999999,0.062,0.0893547553943944,0.2989226578805869,0.062503,0.0745,0.1615269489399399,0.4019041539222255,-0.061006,-0.11,0.2000664704344344,0.4472879055311404
1025,seg_6a8s,MI,-0.001674,-0.045,0.0757148285525525,0.2751632761698998,-0.0082499999999999,-0.015,0.0316764699699699,0.1779788469733692,-0.006591,0.035,0.0789537714904904,0.2809871375890549,0.014515,0.0315,0.1485846364114114,0.3854667773121458,0.0249709999999999,-0.045,0.1990894295885886,0.4461943854292528
1025,seg_8a10s,MI,-0.00426,-0.05,0.0834953117117117,0.2889555531768021,0.010746,0.0125,0.0293378793633633,0.1712830387497938,0.0149919999999999,0.061,0.0891068828188188,0.2985077600646569,-0.0255209999999999,0.003,0.1555311006596596,0.394374315415773,-0.017869,-0.0765,0.2001263702092092,0.4473548593781107
1033,seg_0a2s,MI,-0.058814,-0.061,0.0044229823863863,0.066505506436583,0.036639,0.029,0.0080906913703703,0.0899482705246208,0.095426,0.09,0.0035843068308308,0.0598690807581912,0.0018319999999999,0.06,0.1621066203963963,0.4026246644163722,0.033408,-0.045,0.1230681536896896,0.3508107092004029
1033,seg_2a4s,MI,-0.042133,-0.05,0.0039279012122122,0.062672970347768,-0.0118789999999999,-0.027,0.0045008492082082,0.06708836865067,0.0302639999999999,0.026,0.0016750693733733,0.0409276113812347,-0.019166,0.061,0.1945608312752753,0.4410905023634892,-0.054275,-0.1235,0.0884927801551551,0.2974773607438979
1033,seg_4a6s,MI,0.0036459999999999,-0.001,0.0040861568408408,0.0639230540637792,0.012439,0.005,0.0043279222012012,0.0657869455226582,,,,,-0.0197659999999999,0.06,0.1895501033473473,0.4353735216424482,0.0124999999999999,-0.05,0.0818637817817817,0.2861184750794359
1033,seg_6a8s,MI,0.022296,0.017,0.0032935419259259,0.0573893886178091,-0.036677,-0.061,0.0076095021731731,0.0872324605475116,-0.058963,-0.07,0.0039306662972972,0.0626950260969504,-0.0036919999999999,0.102,0.2220223374734734,0.4711924633029198,-0.082741,-0.16,0.12322909101001,0.351040013403045
1033,seg_8a10s,MI,0.0606059999999999,0.049,0.0042861589229229,0.0654687629554959,-0.0192029999999999,-0.034,0.0049233151061061,0.0701663388392618,-0.0798199999999999,-0.083,0.001143439039039,0.0338147754545115,0.0111009999999999,0.091,0.1904856664654654,0.4364466364465024,0.087882,0.0385,0.0843558879639639,0.2904408510591511
1040,seg_0a2s,MI,0.023866,0.011,0.0378638458898898,0.1945863455895348,-0.0150189999999999,-0.08,0.0385289976366366,0.1962880476153263,-0.038906,-0.07,0.0326279851491491,0.1806321819309869,0.025081,-0.015,0.1070301585975975,0.3271546401896167,0.045924,0.025,0.0368443705945945,0.1919488749500621
1040,seg_2a4s,MI,-0.009876,-0.035,0.0192943389629629,0.1389040638821016,-0.087463,-0.125,0.0391966432742742,0.1979814215381692,-0.0776,-0.0885,0.057597059059059,0.2399938729614968,-0.021993,-0.026,0.0954494904414414,0.3089490094521124,-0.058709,-0.086,0.0160597941131131,0.1267272429792154
1040,seg_4a6s,MI,0.035542,0.012,0.0213759662022022,0.1462052194766049,0.121762,0.1165,0.0429410624184184,0.2072222536756572,0.086212,0.115,0.0598935425985986,0.2447315725414246,0.059106,0.045,0.0945578546186186,0.3075026091248961,0.078036,0.071,0.016060367071071,0.1267295035541095
1040,seg_6a8s,MI,0.067248,0.065,0.0210799624584584,0.1451894020183927,0.063831,0.05,0.0451504368758758,0.2124863216206536,-0.00341,-0.0245,0.0584843862862862,0.2418354529143448,-0.027477,-0.024,0.0984638513223223,0.3137895016126612,-0.063715,-0.09,0.0212451809559559,0.1457572672492042
1040,seg_8a10s,MI,-0.116095,-0.13,0.0154141761511511,0.1241538406621041,-0.098908,-0.128,0.0279528543903903,0.1671910715032067,0.0171699999999999,0.0065,0.0470926897897897,0.2170085016532527,-0.012951,-0.052,0.0776710696686686,0.2786952989712397,-0.0250879999999999,-0.054,0.0211011073633633,0.1452622021152211
1049,seg_0a2s,MI,-0.0106309999999999,0.039,0.0411175423813813,0.2027746098045349,0.0001769999999999,-0.0215,0.0349486323033033,0.1869455329856889,0.0108179999999999,-0.0475,0.1243745394154154,0.3526677464915319,-0.1558,-0.16,0.0536266646646646,0.2315743178002791,0.0828729999999999,0.126,0.0466159668378378,0.2159073107558839
1049,seg_2a4s,MI,-0.0110709999999999,0.041,0.0444411971561561,0.2108108089168014,-0.005542,-0.0305,0.0338836719079079,0.1840751800431223,0.0055369999999999,-0.055,0.1274171998308308,0.3569554591693911,0.03716,0.005,0.0451787331331331,0.2125528949064988,-0.034574,-0.035,0.0400288774014014,0.2000721804784498
1049,seg_4a6s,MI,-0.0180129999999999,0.034,0.0415676304614614,0.2038814127414793,-0.064343,-0.089,0.0333099372882882,0.1825101018801104,-0.046316,-0.115,0.119002921065065,0.3449680000595201,0.010107,-0.005,0.0416430566076076,0.2040663044395316,0.079603,0.117,0.0425593287197197,0.2062991243794304
1049,seg_6a8s,MI,0.008799,0.048,0.0314291597587587,0.1772827113927321,-0.0045879999999999,-0.015,0.0242011133693693,0.1555670703245689,-0.013387,-0.052,0.0835492024334334,0.2890487890191437,0.050989,0.037,0.0270089258048048,0.1643439253663025,-0.036891,-0.0225,0.0320657849039039,0.1790692181920273
1049,seg_8a10s,MI,0.022532,0.05,0.0294099789549549,0.1714933787496035,0.07038,0.07,0.0213430306306306,0.1460925413244311,0.047859,0.0185,0.0776485656846846,0.2786549222330097,0.0431419999999999,0.026,0.026655173009009,0.1632641203970088,-0.094427,-0.0965,0.0345457464174174,0.1858648606310978
1055,seg_0a2s,MI,-0.0133939999999999,-0.045,0.0140757465105105,0.1186412513020261,0.098667,0.11,0.0107830711821821,0.1038415676989816,0.112054,0.15,0.0358732122962962,0.1894022499768582,0.01044,0.03,0.1269717501501501,0.3563309559246153,0.037321,0.03,0.0071524964554554,0.0845724331886901
1055,seg_2a4s,MI,0.0109949999999999,-0.0205,0.0129472422172172,0.1137859491203427,0.005795,0.004,0.0085733062812812,0.0925921502141584,-0.005186,0.031,0.0298171085125125,0.1726763113820552,0.03603,0.085,0.1679508039039038,0.4098180131520623,-0.052976,-0.06,0.0177380454694694,0.1331842538345636
1055,seg_4a6s,MI,-0.0034099999999999,-0.04,0.01712216006006,0.1308516719803765,-0.0343159999999999,-0.029,0.0103507569009009,0.1017386696438522,-0.030908,0.016,0.0369670225585585,0.1922681007306166,0.056144,0.076,0.1349191564204204,0.3673134307650898,-0.0297659999999999,-0.032,0.0108630783223223,0.1042260923297152
1055,seg_6a8s,MI,0.011104,-0.0215,0.0130580872712712,0.1142719881303868,-0.0154099999999999,-0.019,0.008305125025025,0.0911324586797976,-0.0265089999999999,0.008,0.0286607066256256,0.1692947330120628,-0.085255,-0.036,0.1491951831581581,0.3862579231008189,-0.087532,-0.105,0.0089459769529529,0.0945831747878709
1055,seg_8a10s,MI,0.0040929999999999,-0.029,0.0140623987497497,0.1185849853470065,-0.036231,-0.036,0.0105461037427427,0.1026942244858139,-0.040324,0.0,0.0316369539779779,0.1778677991598759,-0.053349,-0.055,0.1055986478468468,0.3249594556969328,0.133946,0.1275,0.0162756167007007,0.1275759252394459
1059,seg_0a2s,MI,-0.113108,-0.1485,0.0216492656016016,0.1471368940871106,-0.107732,-0.12,0.0044181162922922,0.0664689122243797,0.005366,0.03,0.0131199359799799,0.1145422890463604,-0.02825,-0.0175,0.0309012467467467,0.1757875045239187,0.004676,-0.005,0.0028097147387387,0.0530067423894238
1059,seg_2a4s,MI,0.090381,0.06,0.0230426584974975,0.1517980846305298,0.134462,0.138,0.0039550496056056,0.0628891851243566,0.044083,0.065,0.0132808689799799,0.115242652607357,0.033901,0.045,0.0310859491481481,0.1763120788492613,0.051381,0.045,0.0031058216606606,0.0557298991624842
1059,seg_4a6s,MI,0.072619,0.045,0.0316558356746746,0.1779208691375879,0.052016,0.055,0.0053827184624624,0.0733670120862398,-0.0205909999999999,0.008,0.0174655452642642,0.1321572747307701,0.001156,0.029,0.0445246943583583,0.2110087542220899,-0.010003,-0.0115,0.006299026017017,0.0793664035786995
1059,seg_6a8s,MI,-0.062468,-0.1095,0.0232689619379379,0.1525416727912013,-0.0510679999999999,-0.06,0.002757681057057,0.0525136273462142,0.011385,0.045,0.0145634662412412,0.1206791872745306,-0.009757,0.0,0.0327289809319319,0.1809115279133199,-0.0404709999999999,-0.05,0.0033261032622622,0.0576723786769911
1059,seg_8a10s,MI,0.007777,-0.035,0.0196295988698698,0.1401056703701526,-0.024065,-0.035,0.0025768936686686,0.0507631132680873,-0.031816,-0.001,0.0116270612052052,0.1078288514508301,-0.0045749999999999,0.0,0.0293064628378378,0.1711913047962361,-0.002896,-0.018,0.0036876147987987,0.0607257342384495
1074,seg_0a2s,MI,0.026232,-0.0265,0.0366961803563563,0.1915624711585136,0.021906,0.01,0.0183410362002002,0.1354290818111095,-0.0043129999999999,0.015,0.0176692442752752,0.132925709609824,-0.0271459999999999,-0.034,0.0522862589429429,0.2286618878233601,-0.284755,-0.355,0.0367877667417417,0.1918013731487388
1074,seg_2a4s,MI,0.012816,-0.029,0.0310355556996996,0.176169111082788,-0.0023189999999999,-0.035,0.0157470382772772,0.1254872036395634,-0.015142,-0.006,0.0104538897257257,0.1022442650016406,-0.019084,-0.015,0.0521694423863863,0.2284063098655253,0.1777499999999999,0.22,0.0660242037037037,0.2569517536497926
1074,seg_4a6s,MI,-0.022549,-0.059,0.0273121237227227,0.1652638004002168,-0.0266169999999999,-0.045,0.0131710894004004,0.1147653667288193,-0.004076,0.009,0.0122439221461461,0.1106522577543998,0.004766,0.029,0.0441146358798798,0.2100348444422493,-0.224977,-0.3335,0.0560847652362362,0.2368222228513115
1074,seg_6a8s,MI,-0.00307,-0.045,0.0312084995995996,0.1766592754417373,0.049557,0.025,0.0149505553063063,0.1222724634016437,0.0526209999999999,0.065,0.0116773807397397,0.1080619301129668,-0.0135299999999999,-0.015,0.0549991522522522,0.2345189805799356,0.1716649999999999,0.1695,0.06238631509009,0.2497725266919684
1074,seg_8a10s,MI,-0.006773,-0.045,0.0323938973683683,0.1799830474471648,-0.034787,-0.06,0.0179338434744744,0.1339173008780959,-0.028013,-0.0245,0.0130418426736736,0.1142008873593969,0.049015,0.114,0.0597006654404404,0.2443371961868279,0.143742,-0.085,0.1239914969329329,0.3521242634822726
1077,seg_0a2s,MI,-0.224849,-0.185,0.0324903125115115,0.1802506935118739,-0.0041589999999999,-0.01,0.0062131268458458,0.0788233902204532,0.220688,0.185,0.0200281808368368,0.1415209554689228,-0.079216,-0.095,0.0277354407847847,0.1665396072554057,0.0823619999999999,0.09,0.0077575324884884,0.0880768555778899
1077,seg_2a4s,MI,-0.170086,-0.137,0.038022449053053,0.1949934590006881,-0.0042889999999999,-0.02,0.0318698933723723,0.1785214087227982,0.1658079999999999,0.135,0.0102790541901901,0.1013856705367686,-0.0563689999999999,-0.075,0.0327919087477477,0.1810853631516024,0.0115289999999999,0.0,0.0373165937527527,0.1931750339789092
1077,seg_4a6s,MI,-0.048488,-0.0675,0.0392983121681681,0.1982380189776122,0.0008669999999999,-0.015,0.0326133866976977,0.1805917680784418,0.0493609999999999,0.045,0.0096698305095095,0.0983352963564432,0.076508,0.045,0.0448223723083083,0.2117129478995281,-0.0143199999999999,-0.015,0.0384901697697697,0.1961891173581495
1077,seg_6a8s,MI,0.1142629999999999,0.082,0.0417556294604604,0.2043419424896916,0.025377,0.0115,0.03581614902002,0.1892515495841976,-0.088895,-0.1,0.0132721721471471,0.1152049137283091,0.0033079999999999,0.015,0.0348787859219219,0.186758630113636,-0.041121,-0.056,0.0419665429019019,0.2048573720955677
1077,seg_8a10s,MI,0.3066569999999999,0.27,0.0233788481991991,0.1529014329533873,-0.035042,-0.045,0.0169205167527527,0.1300788866524954,-0.341704,-0.3345,0.008209660044044,0.0906071743519465,0.040216,0.06,0.0155045979419419,0.1245174603898663,-0.053196,-0.07,0.0200600476316316,0.1416334975619526
1079,seg_0a2s,MI,0.0360049999999999,-0.0165,0.0324568898648648,0.1801579580947366,0.056289,0.052,0.0079061756546546,0.0889166781580073,0.020285,0.058,0.016440286061061,0.1282196789149819,0.0028119999999999,-0.008,0.0265699886446446,0.1630030326240731,-0.0133319999999999,-0.04,0.0172742019779779,0.1314313584270434
1079,seg_2a4s,MI,0.003761,-0.06,0.0336572691481481,0.1834591756989771,-0.015311,-0.035,0.0071724767557557,0.0846904761809482,-0.019073,0.015,0.0170419255965965,0.1305447264220068,0.015365,0.0,0.0219841959709709,0.1482706847996965,-0.0007679999999999,-0.025,0.0153800602362362,0.1240163708396445
1079,seg_4a6s,MI,-0.009476,-0.071,0.0359623677917917,0.1896374641039891,-0.02804,-0.045,0.0067995219219219,0.0824592136872643,-0.0185729999999999,0.02,0.0193677243953953,0.1391679718735435,0.0237909999999999,0.01,0.0223153206396396,0.149383133718769,-0.0343059999999999,-0.0525,0.0167483146786786,0.1294152799273666
1079,seg_6a8s,MI,-0.037476,-0.107,0.0437884198438438,0.2092568274724718,-0.0281689999999999,-0.049,0.0079801846236236,0.0893318791004847,0.009287,0.0545,0.0241355902212212,0.1553563330579774,0.0064569999999999,-0.005,0.0281994095605605,0.1679267982204167,0.099982,0.085,0.0197291308068068,0.1404604243436805
1079,seg_8a10s,MI,-0.02694,-0.079,0.0254617301301301,0.1595673216236023,0.014501,-0.001,0.0067401161151151,0.082098210182166,0.0414369999999999,0.065,0.0114516396706706,0.1070123341987766,-0.0050119999999999,-0.026,0.0171276034594594,0.1308724702122622,-0.03917,-0.064,0.0174220291291291,0.1319925343689147
1081,seg_0a2s,MI,-0.0188389999999999,-0.05,0.0160597248038038,0.1267269695203187,-0.0048419999999999,-0.005,0.0154484534894894,0.1242918078132645,0.013998,0.035,0.0151298978938938,0.1230036499210242,0.022704,-0.015,0.0382758141981982,0.1956420563125377,-0.0601449999999999,-0.115,0.0375688187937938,0.1938267752241516
1081,seg_2a4s,MI,-0.030365,-0.05,0.0104719076826826,0.1023323393785301,-0.0043169999999999,-0.005,0.01192651903003,0.1092086032784506,0.026024,0.04,0.0114059894134134,0.1067988268353796,-0.063515,-0.075,0.0225148626376376,0.1500495339467525,-0.1434909999999999,-0.135,0.0279863162352352,0.1672911122422086
1081,seg_4a6s,MI,0.0021219999999999,-0.021,0.0168165376536536,0.1296785936600704,0.0001869999999999,0.002,0.0152764084394394,0.1235977687478194,-0.0019449999999999,0.025,0.015484062037037,0.1244349711175963,-0.054312,-0.115,0.0388136983543543,0.1970119243963531,0.045108,0.06,0.023966751087087,0.1548119862513464
1081,seg_6a8s,MI,0.0059939999999999,-0.02,0.0152484824464464,0.12348474580468,-0.0030479999999999,0.006,0.0138840357317317,0.1178305381967328,-0.009038,0.02,0.015334539095095,0.1238327060799976,-0.001273,-0.04,0.0307256321031031,0.175287284487789,0.0936519999999999,0.145,0.0338755023983984,0.1840529880181205
1081,seg_8a10s,MI,0.020012,0.0,0.0114409888448448,0.1069625581446369,0.002572,0.005,0.0126457025185185,0.1124531125337067,-0.0174259999999999,-0.005,0.010204551075075,0.1010175780499368,0.103656,0.1,0.0318961398038038,0.1785949041932714,0.044486,0.0305,0.0330100098138138,0.1816865702626746
1085,seg_0a2s,MI,0.042366,0.02,0.0185285045485485,0.1361194495601144,-0.031575,-0.06,0.0166461665415415,0.1290200238007323,-0.073949,-0.073,0.0097669453443443,0.0988278571271498,-0.032936,-0.035,0.0334700359399399,0.182948178290848,-0.031903,-0.07,0.0219033229139139,0.147997712529329
1085,seg_2a4s,MI,-0.052261,-0.0825,0.0163024273063063,0.1276809590593143,0.038238,0.017,0.0164360534094094,0.1282031723843423,0.090494,0.095,0.008325075039039,0.0912418491649475,0.023581,0.03,0.0327137111501501,0.1808693206438011,0.007614,-0.025,0.0210379209249249,0.1450445480703253
1085,seg_4a6s,MI,0.0882,0.05,0.0206995315315315,0.1438733176497001,0.023453,-0.02,0.0257203481391391,0.1603756469640548,-0.064766,-0.075,0.008370824068068,0.0914922076904261,0.032589,0.035,0.0477183624414414,0.2184453305553621,0.059821,0.035,0.0347953162752752,0.1865350269393801
1085,seg_6a8s,MI,-0.0045109999999999,-0.043,0.0179073131921921,0.1338182094940453,0.016641,-0.009,0.0165092473663663,0.1284883160694635,0.0211549999999999,0.024,0.0067894504254254,0.0823981214920912,0.01252,0.015,0.0337652188188188,0.1837531464188268,0.041568,0.014,0.0200069683443443,0.141445990909408
1085,seg_8a10s,MI,-0.0570389999999999,-0.09,0.0143619774564564,0.119841468016945,-0.033779,-0.06,0.0173416538128128,0.1316877132188603,0.023243,0.031,0.0073512752262262,0.0857395779452303,-0.014612,-0.02,0.0347818473033033,0.1864989203810663,-0.063218,-0.071,0.0263862927687687,0.1624385815278155
1091,seg_0a2s,MI,0.032619,0.009,0.0132228226616616,0.114990532921896,-0.014762,-0.05,0.0123550524084084,0.1111532833901383,-0.047376,-0.055,0.0068501547787787,0.0827656618337507,-0.014087,-0.025,0.0306868322632632,0.1751765745277126,-0.0103129999999999,-0.015,0.0093316146456456,0.0966002828445426
1091,seg_2a4s,MI,0.023185,-0.005,0.0142416444194194,0.1193383610555274,0.025904,-0.009,0.0121381629469469,0.1101733313780923,0.0027139999999999,-0.0035,0.0066561964004003,0.0815855158738387,-0.004926,-0.0175,0.0306647452692692,0.1751135210920883,-0.0318659999999999,-0.059,0.0064798538978978,0.0804975397008995
1091,seg_4a6s,MI,-0.00337,-0.036,0.0191053324324324,0.1382220403279898,0.0167189999999999,-0.027,0.0165974735125125,0.1288311822212018,0.020074,0.01,0.0096167032272272,0.0980647909661119,0.0097819999999999,0.01,0.0433871276036036,0.2082957695288207,0.047958,0.035,0.0091373716076076,0.0955895998924967
1091,seg_6a8s,MI,-0.018489,-0.05,0.0146301079869869,0.1209549833077868,-0.009402,-0.05,0.0133877901861861,0.1157056186457087,0.009092,-0.001,0.0072473268628628,0.0851312331806773,0.00286,-0.02,0.0310573157157157,0.1762308591470736,-0.0205299999999999,-0.054,0.0075493764764764,0.0868871479361388
1091,seg_8a10s,MI,-0.020451,-0.0424999999999999,0.0139861917907907,0.1182632309333327,-0.004842,-0.045,0.012345016052052,0.1111081277497378,0.015593,0.01,0.0065873587097097,0.0811625449928087,-0.0040819999999999,-0.01,0.030733791067067,0.1753105560628539,0.004875,0.0,0.0086617471221221,0.093068507681826
1105,seg_0a2s,MI,0.0003299999999999,-0.005,0.005661993093093,0.0752462164702856,-0.006747,-0.045,0.0164644394304304,0.1283138317970063,-0.0070659999999999,-0.04,0.0096283079519519,0.0981239417876796,-0.0049699999999999,0.025,0.0354445756756756,0.1882672984765959,-0.151907,-0.185,0.0522800483993994,0.2286483072305574
1105,seg_2a4s,MI,0.007542,0.0,0.0058282945305305,0.0763432677485744,0.001922,-0.03,0.0157214193353353,0.1253850841820323,-0.0056149999999999,-0.0305,0.0089673301051051,0.0946959877983492,0.01051,0.0375,0.0363674173173173,0.1907024313356211,0.045743,0.015,0.0532432902412412,0.2307450763098559
1105,seg_4a6s,MI,-0.014261,-0.025,0.0060929157947947,0.078057131607527,0.010051,-0.025,0.0150528772762762,0.1226901678060482,0.024319,-0.005,0.0080566719109109,0.0897589656296846,-0.0214789999999999,0.01,0.0367928223813813,0.1918145520584436,0.1186999999999999,0.07,0.0541132472472472,0.2326225424313973
1105,seg_6a8s,MI,0.0090699999999999,0.0,0.0076906977977977,0.0876966236396692,-0.0079169999999999,-0.045,0.0210262643753753,0.1450043598495416,,,,,-0.01426,0.04,0.0513374198198198,0.2265776242699614,0.071513,0.015,0.0755428927237237,0.2748506735005824
1105,seg_8a10s,MI,-0.008494,-0.015,0.0058963262902902,0.0767875399416486,0.0020329999999999,-0.025,0.0154966345455455,0.1244854792557973,0.0105289999999999,-0.015,0.0078038189779779,0.0883392267227757,0.035961,0.065,0.0362189964754754,0.1903128909860692,-0.089996,-0.119,0.0538059098938939,0.2319610094259246
1108,seg_0a2s,MI,0.021001,-0.004,0.0151194224214214,0.1229610605900153,0.169952,0.175,0.0109328945905905,0.104560482930171,0.1489479999999999,0.174,0.0129227019979979,0.1136780629585057,0.0829839999999999,0.011,0.0706656774214214,0.2658301665000069,0.087684,0.045,0.0351666067507507,0.1875276159682908
1108,seg_2a4s,MI,-0.0125429999999999,-0.051,0.0197421182692692,0.1405066484877825,-0.082458,-0.1,0.1003462725085085,0.3167747977799189,-0.069915,-0.065,0.0594308125875875,0.243784356732723,0.0576339999999999,-0.006,0.1232511131571571,0.3510713790059753,-0.0148409999999999,-0.0775,0.0829272629819819,0.2879709412110569
1108,seg_4a6s,MI,-0.003923,-0.029,0.0135111422132132,0.1162374389480997,-0.085337,-0.1,0.0067385559869869,0.082088708035801,-0.081421,-0.07,0.0067287184774774,0.0820287661584488,-0.191326,-0.225,0.0387571368608608,0.1968683236604123,0.0168289999999999,-0.005,0.0300999517107107,0.1734933765615008
1108,seg_6a8s,MI,-0.001096,-0.04,0.0200115243083083,0.1414620949523522,-0.052425,-0.0705,0.0101742165915915,0.1008673217231011,-0.051335,-0.04,0.0123315423173173,0.1110474777620694,-0.0711209999999999,-0.135,0.0746500964554554,0.2732216983613407,-0.0618,-0.128,0.0486428548548548,0.2205512522178345
1108,seg_8a10s,MI,-0.018361,-0.035,0.0121621668458458,0.1102822145490642,0.03405,0.027,0.0079729384384384,0.0892913122226257,0.0524119999999999,0.055,0.0084859081641641,0.0921189891616498,0.110189,0.06,0.0617719692482482,0.2485396733888741,-0.017978,-0.05,0.0290617332492492,0.1704750223617795
1109,seg_0a2s,MI,-0.027576,-0.051,0.0243695397637637,0.1561074622295928,-0.058353,-0.055,0.0126504448358358,0.1124741963111354,-0.030779,-0.01,0.013511872031031,0.1162405782462864,0.09616,0.148,0.1877159423423423,0.4332619788792254,0.0814829999999999,0.05,0.0213350687797797,0.1460652894420155
1109,seg_2a4s,MI,-0.021936,-0.0385,0.0253135975015014,0.1591024748440498,0.0043119999999999,0.011,0.0109992418978978,0.1048772706447774,0.0262559999999999,0.055,0.0116412597237237,0.1078946695797513,0.050094,0.1075,0.1891634105745746,0.4349292017956193,0.156005,0.115,0.0245956606356356,0.1568300374151445
1109,seg_4a6s,MI,0.000567,-0.021,0.0248070245355355,0.1575024588237769,0.051136,0.055,0.0125561496536536,0.1120542263979973,0.050581,0.08,0.0132270524914914,0.1150089235298352,-0.044414,0.005,0.1892355081121121,0.4350120781221047,-0.035567,-0.08,0.0254591706816816,0.1595593014577391
1109,seg_6a8s,MI,0.012977,-0.011,0.0270923187897897,0.1645974446636089,0.039056,0.0565,0.0138654463103103,0.1177516297564934,0.02607,0.051,0.0146742673673673,0.1211373904596238,-0.0192579999999999,0.018,0.205968580016016,0.4538376141485146,0.071497,0.07,0.0195236015925925,0.1397268821400971
1109,seg_8a10s,MI,0.0378409999999999,-0.002,0.0333905442632632,0.1827307972490222,-0.018073,-0.025,0.0138156893603603,0.1175401606275929,-0.055921,-0.02,0.0183184492082082,0.1353456656424881,-0.162152,-0.013,0.365461156052052,0.604533833670252,-0.252326,-0.2745,0.012239317041041,0.1106314468902989
1126,seg_0a2s,MI,0.0279489999999999,0.03,0.0093304848838838,0.0965944350564973,0.04126,0.03,0.0123099823823823,0.1109503599921261,0.013309,-0.002,0.0040728383573573,0.0638187931361707,0.022085,0.005,0.0147341439189189,0.1213842820093232,0.484108,0.478,0.147549690026026,0.3841219728498046
1126,seg_2a4s,MI,-0.019688,-0.0235,0.0053425852412412,0.0730929903700843,-0.036258,-0.0575,0.0092958012372372,0.0964147355814309,-0.016568,-0.035,0.0037319092852852,0.0610893549260858,0.047828,0.044,0.0179024788948948,0.1338001453470619,-0.520663,-0.7915000000000001,0.3900870424734735,0.624569485704732
1126,seg_4a6s,MI,-0.0312729999999999,-0.035,0.0078342567277277,0.088511336718681,-0.052582,-0.0885,0.014415781057057,0.1200657363990953,-0.021289,-0.055,0.0051662357147147,0.0718765310425782,-0.166601,-0.19,0.0254523541531531,0.1595379395415183,-0.097503,-0.095,0.3077140880790791,0.5547198284531382
1126,seg_6a8s,MI,-0.023046,-0.032,0.0094858997837837,0.0973955840055584,0.0190959999999999,0.0,0.0126950778618618,0.1126724361228684,,,,,0.0682779999999999,0.09,0.0208360167327327,0.1443468625662946,0.440752,0.4895,0.200304547043043,0.4475539599233181
1126,seg_8a10s,MI,0.01437,0.013,0.0051324535535535,0.0716411442786444,-0.006761,-0.0235,0.00992114102002,0.099604924677548,-0.021115,-0.04,0.0034001859609609,0.0583111135287344,0.024033,0.016,0.0179960359469469,0.1341493046830543,-0.3207,-0.305,0.1620866126126126,0.402599816955513
1153,seg_0a2s,MI,0.01712,-0.01,0.0317691067067067,0.1782389034602342,-0.0123539999999999,-0.04,0.0118945292132132,0.1090620429536014,-0.029461,-0.03,0.0135606971761761,0.1164504065092783,-0.026189,-0.011,0.008522758037037,0.0923187848546385,-0.123435,-0.1395,0.014335303078078,0.1197301260254831
1153,seg_2a4s,MI,0.023459,-0.03,0.048803679998999,0.2209155494730939,-0.004344,0.0,0.014133379043043,0.1188838889128507,-0.027803,0.006,0.0211039961871871,0.1452721452556793,-0.0009499999999999,0.006,0.0105769384384384,0.1028442435843564,0.02533,-0.005,0.0135013944944944,0.1161955011800994
1153,seg_4a6s,MI,-0.0081249999999999,-0.037,0.032536688063063,0.1803792894515971,0.0591089999999999,0.05,0.0074943694884884,0.0865700265016044,0.067226,0.07,0.0126972081321321,0.1126818891043815,-0.0047269999999999,-0.002,0.0075351175885885,0.0868050550866053,0.0374339999999999,0.02,0.0099565862302302,0.0997826950439315
1153,seg_6a8s,MI,0.0034719999999999,-0.05,0.0500893385545545,0.2238064756760951,-0.042469,-0.066,0.0112992302692692,0.1062978375568819,-0.04595,-0.035,0.0203949544544544,0.1428109045362239,0.000335,0.024,0.0119130518268268,0.1091469277021887,0.0417949999999999,0.02,0.0134507637387387,0.1159774277122007
1153,seg_8a10s,MI,-0.045141,-0.061,0.0335133244434434,0.1830664481641664,-0.009502,-0.03,0.0074488728688688,0.0863068529658501,0.035623,0.045,0.0138023111821821,0.1174832378775039,0.030764,0.032,0.0083413816856856,0.0913311649202269,0.0062019999999999,0.0,0.011120840036036,0.1054553935843778
1177,seg_0a2s,MI,-0.039739,-0.053,0.0067536225015015,0.0821804265108274,-0.059875,-0.058,0.0063495108858858,0.0796838182185435,-0.0201479999999999,-0.007,0.010822935031031,0.1040333361525575,0.005338,-0.025,0.2367281999559559,0.4865472227399474,0.0216569999999999,0.002,0.0108599272782782,0.1042109748456383
1177,seg_2a4s,MI,-0.020679,-0.0295,0.0074792512102102,0.0864826642178084,-0.016842,-0.02,0.0067698669029029,0.0822792009131281,0.003855,0.019,0.0106086626376376,0.1029983623056096,0.009134,-0.025,0.212644985029029,0.4611344543937581,0.025501,0.005,0.0101791751741741,0.1008918984565865
1177,seg_4a6s,MI,0.0240559999999999,0.0205,0.0077655364004003,0.0881222809532322,0.041324,0.054,0.0078541972212212,0.0886239088577186,0.017241,0.035,0.0113560629819819,0.1065648299486372,-0.0086119999999999,-0.026,0.2203743097657658,0.4694404219555084,-0.01527,-0.035,0.0107697948948948,0.1037776223224202
1177,seg_6a8s,MI,0.015954,0.005,0.0072735194034034,0.0852849306935486,0.0409369999999999,0.0405,0.0067821271581581,0.0823536711881028,0.024982,0.042,0.0109804941701701,0.1047878531613763,-0.0142499999999999,-0.037,0.2061505880880881,0.4540380910100914,-0.0280279999999999,-0.041,0.0111936288448448,0.1057999472818623
1177,seg_8a10s,MI,0.0071939999999999,-0.003,0.0066782526166166,0.0817205764579314,0.024397,0.03,0.0055988602512512,0.0748255320813106,0.017193,0.035,0.010912282033033,0.1044618687992562,-0.0215199999999999,-0.04,0.2093920456456456,0.4575937561261578,-0.019448,-0.04,0.0112378391351351,0.1060086748107679
1189,seg_0a2s,MI,0.72353,0.6785000000000001,0.0613373464464464,0.2476637770172425,-0.0313349999999999,0.04,0.1121219106856857,0.3348461000007103,-0.7548830000000001,-0.645,0.2765114827937938,0.5258435915686277,-0.745204,-0.794,0.3096161625465465,0.5564316333086632,0.023063,0.0845,0.1091902192502502,0.3304394335581791
1189,seg_2a4s,MI,0.3868279999999999,0.2875,0.2249357781941942,0.4742739484667002,-0.026293,0.047,0.0662987438948949,0.257485424626123,-0.413117,-0.245,0.4282714968078078,0.6544245539462955,0.0155039999999999,0.025,0.1353458017857858,0.3678937370842099,0.0371849999999999,0.08,0.1226784852602602,0.3502548861333133
1189,seg_4a6s,MI,0.00201,-0.04,0.0536694493493493,0.2316666772527921,0.039344,0.113,0.1111050587227227,0.3333242546271164,0.037334,0.164,0.2649700424864865,0.514752408917614,0.1875669999999999,0.34,0.1796324119229229,0.4238306406135863,0.041461,0.11,0.115971598077077,0.3405460293074595
1189,seg_6a8s,MI,-0.362258,-0.449,0.1779985319679679,0.4218987224061812,0.039105,0.0465,0.0195054374124124,0.1396618681402064,0.401385,0.524,0.2767416944694694,0.5260624435078686,0.339008,0.3605,0.1167266325685685,0.3416527953472188,-0.113114,-0.14,0.0659568518558558,0.2568206608819778
1189,seg_8a10s,MI,-0.7365889999999999,-0.7655000000000001,0.0745505406196196,0.2730394488340826,-0.0041829999999999,0.06,0.1074688603713713,0.3278244352871997,0.7324100000000001,0.845,0.2965076855855856,0.5445251927923864,0.2037299999999999,0.28,0.1688510661661661,0.4109149135358392,0.020007,0.155,0.1534955024534534,0.3917850207109167
1199,seg_0a2s,MI,0.007879,0.02,0.0481291274864864,0.2193835168978893,0.0075479999999999,-0.015,0.0303591128088088,0.1742386662277028,-0.000331,-0.03,0.0132690284674674,0.1151912690591933,-0.046509,-0.045,0.0252219058248248,0.15881406053881,-0.141586,-0.14,0.0968469415455455,0.3112024124995587
1199,seg_2a4s,MI,0.043711,0.054,0.039910544023023,0.1997762348804857,0.016028,0.01,0.0344088981141141,0.185496356066943,-0.027688,-0.035,0.0078871498058058,0.0888096267631263,0.019034,0.014,0.0207864132572572,0.144174939768523,0.0973459999999999,0.125,0.1083932895735735,0.3292313617709795
1199,seg_4a6s,MI,-0.0019599999999999,0.045,0.0356130734734734,0.1887142640964732,-0.040805,-0.03,0.0187866616366366,0.1370644433711261,-0.0388529999999999,-0.07,0.011898698089089,0.1090811536842597,0.025171,0.03,0.0175557955545545,0.1324982851004289,0.030036,0.094,0.0707204751791791,0.2659332156372708
1199,seg_6a8s,MI,-0.0007309999999999,0.025,0.0541640827217217,0.2327317827923847,-0.0048769999999999,-0.015,0.0322874152862862,0.1796869925350365,-0.00414,-0.035,0.0147253017017017,0.1213478541289531,-0.008785,-0.014,0.0256939226976977,0.1602932397130262,-0.0037839999999999,0.0395,0.1041031124564564,0.3226501394025058
1199,seg_8a10s,MI,-0.033032,-0.01,0.0423335765525525,0.2057512492126173,0.023537,0.014,0.0322318444754754,0.1795322936841042,0.05656,0.03,0.011308691091091,0.1063423297238267,0.03892,0.025,0.0204065261261261,0.1428514127550936,0.042573,0.085,0.1053416543253253,0.3245637908413773
1200,seg_0a2s,MI,-0.036281,-0.05,0.0232101601991992,0.1523488109543333,-0.021603,-0.033,0.004619641032032,0.0679679412078373,0.014681,0.035,0.0137694166556556,0.1173431576857196,0.001039,0.0,0.0145962957747747,0.1208151305705323,-0.013262,-0.035,0.0140615248808808,0.1185813007218291
1200,seg_2a4s,MI,-0.019044,-0.032,0.0130671231871871,0.1143115181737483,-0.011413,-0.035,0.0040193037347347,0.0633979789483445,0.0076249999999999,0.0,0.0078578041791791,0.088644256323685,0.015974,-0.005,0.0122383897137137,0.1106272557451992,0.007223,-0.005,0.0071401454164164,0.0844993811599612
1200,seg_4a6s,MI,0.000432,-0.02,0.0229562015775775,0.1515130409488819,0.01408,0.0,0.0059503579579579,0.077138563364623,0.013634,0.025,0.0139525285725725,0.1181208219264181,-0.0028959999999999,-0.015,0.0177946258098098,0.1333964984915639,0.0077939999999999,-0.015,0.0137717613253253,0.1173531479140007
1200,seg_6a8s,MI,0.0112659999999999,-0.005,0.0224592144584584,0.1498639865293141,-0.003352,-0.015,0.0044801942902902,0.0669342534901995,-0.014614,-0.005,0.0128741211251251,0.1134641843275891,-0.020589,-0.02,0.0144062583373373,0.1200260735729422,-0.012209,-0.035,0.014386714033033,0.119944629029536
1200,seg_8a10s,MI,0.025072,0.01,0.0126290598758758,0.1123790900295774,0.0062589999999999,-0.02,0.004263145064064,0.0652927642550387,-0.018822,-0.035,0.0077923066226226,0.0882740427454335,0.007949,-0.015,0.0119668732722722,0.1093932048724795,-0.000155,-0.015,0.0073386075825825,0.0856656733037369
1215,seg_0a2s,MI,-0.072516,-0.046,0.0493135532972972,0.2220665515049425,-0.167179,-0.1605,0.0370363553143143,0.1924483185541363,-0.094686,-0.09,0.016079621025025,0.1268054455653424,-0.126442,-0.065,0.0882761027387387,0.2971129460975047,0.0155499999999999,0.049,0.0737166721721721,0.2715081438413444
1215,seg_2a4s,MI,0.094121,0.071,0.0371918061651651,0.1928517725227465,0.090574,0.065,0.0138864749989989,0.1178408884852749,-0.0035229999999999,0.003,0.0122021376086086,0.1104632862475519,0.013505,0.055,0.0787514093843844,0.2806268151556162,-0.00562,-0.028,0.0575292648648648,0.2398525898648269
1215,seg_4a6s,MI,0.075316,0.055,0.0347443324764764,0.1863983167211455,0.090158,0.065,0.0122845876236236,0.1108358589249148,0.014838,0.0185,0.0120075793353353,0.1095791008145957,0.111865,0.135,0.0639149497247247,0.2528140615644721,0.0134089999999999,0.0045,0.0579351849039039,0.2406972889417409
1215,seg_6a8s,MI,0.030556,0.015,0.0277276284924924,0.1665161508457737,0.132637,0.13,0.0127782795105105,0.1130410523239699,0.102088,0.1005,0.0104146609169169,0.1020522460160329,0.039395,0.085,0.0728216225975976,0.2698548176290311,0.074735,0.08,0.0514943511261261,0.2269236680607074
1215,seg_8a10s,MI,-0.089208,-0.125,0.0401041949309309,0.2002603179137867,-0.1089929999999999,-0.134,0.0207640389899899,0.1440973247148953,-0.019791,-0.01,0.0125091264454454,0.1118442061326622,-0.036121,0.011,0.0818802806396396,0.2861473058402606,-0.082275,-0.115,0.0700412205955956,0.2646530192451913
1216,seg_0a2s,MI,-0.000768,-0.025,0.015093858034034,0.1228570634275214,-0.0138239999999999,-0.0235,0.0040551721961961,0.0636802339521157,-0.0130379999999999,0.02,0.0162085451011011,0.127312784515543,0.18408,0.145,0.0501848164164164,0.224019678636535,0.013328,-0.005,0.0245322126286286,0.1566276240917566
1216,seg_2a4s,MI,0.018149,-0.001,0.0096469117107107,0.0982186932854979,-0.021692,-0.016,0.0026144696056056,0.0511318844323735,-0.039827,-0.007,0.0136291161871871,0.1167438057765258,-0.1002969999999999,-0.054,0.0163003211121121,0.1276727109139306,0.11636,0.12,0.0118130414414414,0.1086878164351526
1216,seg_4a6s,MI,-0.0046349999999999,-0.033,0.0148369447197197,0.1218069978273814,-0.009373,-0.01,0.0032787806516516,0.0572606378907155,-0.004732,0.03,0.0165853255015015,0.1287840265774505,-0.083634,-0.035,0.0240688809249249,0.1551414867948767,-0.041094,-0.0695,0.0217727959599599,0.1475560773399725
1216,seg_6a8s,MI,-0.008497,-0.025,0.0092245565475475,0.0960445550124916,-0.009461,-0.005,0.0025393338128128,0.0503918030319695,-0.000967,0.025,0.0119418597707707,0.109278816660736,0.029581,0.075,0.0182518312702702,0.1350993385263979,-0.0091379999999999,-0.015,0.0122177767327327,0.1105340523672806
1216,seg_8a10s,MI,-0.0257849999999999,-0.055,0.0195630758508508,0.1398680658722742,0.049877,0.06,0.0034120479189189,0.0584127376427343,0.075662,0.1205,0.0243945142702702,0.1561874331381058,-0.023371,0.01,0.0254322075665665,0.1594747866170905,-0.0657639999999999,-0.08,0.0197069332372372,0.1403813849384498
1224,seg_0a2s,MI,0.005642,-0.014,0.0139583842202202,0.1181456060131743,-0.0018129999999999,0.0205,0.0127538799109109,0.1129330771338092,-0.0074509999999999,0.0305,0.0095822818808808,0.0978891305553424,0.145586,0.16,0.1178603589629629,0.3433079651900942,-0.027389,-0.04,0.045551318997998,0.2134275497633752
1224,seg_2a4s,MI,0.01871,-0.002,0.0156776895895895,0.1252105809809602,0.013898,0.015,0.0102040176136136,0.1010149375766456,-0.004826,0.015,0.0088729666906906,0.0941964261035984,-0.072925,-0.086,0.1182851305055055,0.3439260538335319,0.045952,0.04,0.0424522979939939,0.2060395544403889
1224,seg_4a6s,MI,-0.012842,-0.025,0.0076452963323323,0.0874373852098307,0.015414,0.035,0.0078626993033033,0.0886718630869076,0.028258,0.06,0.0057841656016016,0.0760537020900468,-0.041862,-0.0405,0.0600798027587587,0.2451118168484717,-0.017039,0.0,0.025321563042042,0.1591275056111986
1224,seg_6a8s,MI,0.0067249999999999,-0.014,0.0158349002752752,0.1258368001630495,-0.0034839999999999,0.02,0.0111827244684684,0.1057484017300898,-0.0102069999999999,0.025,0.0091900361871871,0.0958646764308271,-0.0276709999999999,-0.031,0.1134270438028028,0.3367893166399475,0.029192,0.035,0.0440123414774774,0.2097911854141576
1224,seg_8a10s,MI,-0.021548,-0.0395,0.0147058755715715,0.1212677845578601,-0.0083909999999999,0.019,0.0124487068258258,0.1115737730195847,0.013164,0.045,0.009068932036036,0.0952309405394908,-0.0155229999999999,-0.025,0.1184921676386386,0.3442269130074502,-0.016468,-0.02,0.0458008237997997,0.2140112702635069
1227,seg_0a2s,MI,0.022219,0.01,0.0063674845235235,0.0797965194950476,-0.049169,-0.0635,0.0172468272662662,0.1313271764193012,-0.0713859999999999,-0.065,0.0228884114154154,0.1512891648976073,0.058999,0.035,0.0768254604594594,0.2771740616642535,0.194881,0.12,0.0249496344734734,0.1579545329310731
1227,seg_2a4s,MI,-0.021321,-0.053,0.009896072031031,0.0994790029656059,0.0307879999999999,0.01,0.0143699389949949,0.119874680374944,0.052125,0.061,0.0244800294044044,0.1564609516921216,-0.068161,-0.108,0.0759802853643643,0.27564521647285,-0.012598,-0.043,0.0193571014974975,0.139129800896492
1227,seg_4a6s,MI,-0.077847,-0.0945,0.0057578033943943,0.0758801910540188,-0.025298,-0.045,0.0138263175135135,0.1175853626669302,0.052534,0.055,0.0233178747187187,0.1527019145876001,-0.057611,-0.11,0.0795099796586586,0.2819751401429896,-0.2198949999999999,-0.24,0.0144161661411411,0.1200673400269246
1227,seg_6a8s,MI,0.019795,0.011,0.0060269919669669,0.0776337038081204,0.038027,0.03,0.0156381584294294,0.1250526226411482,0.0182349999999999,0.026,0.0218237395145145,0.1477286008683305,-0.011218,-0.036,0.0764372397157157,0.2764728552963486,-0.03714,-0.065,0.0150988992992992,0.1228775785051906
1227,seg_8a10s,MI,0.076747,0.061,0.0045106856766766,0.0671616384305555,0.005984,0.0,0.011266280024024,0.1061427342026953,-0.070766,-0.05,0.0189145618058058,0.1375302214271678,0.100974,0.039,0.0660735308548548,0.2570477209680235,0.035529,0.0155,0.0100381212802802,0.1001904250928215
1231,seg_0a2s,MI,-0.0313389999999999,-0.0005,0.0767922283073073,0.2771141070160581,0.0035289999999999,-0.035,0.027257847006006,0.165099506377233,0.03486,0.04,0.0607188392392392,0.2464119299856223,0.107968,0.1,0.078740057033033,0.2806065876508123,-0.046902,-0.13,0.0792339863823823,0.2814853217885124
1231,seg_2a4s,MI,-0.141763,-0.195,0.0456215283593593,0.2135919669822799,0.009999,-0.04,0.0367616486476476,0.1917332747533605,0.151768,0.168,0.0116947028788788,0.1081420495407724,0.078854,0.047,0.0783249095935935,0.2798658778657977,-0.079711,-0.165,0.1011901276066066,0.3181039572319191
1231,seg_4a6s,MI,-0.1406359999999999,-0.205,0.0437114229269269,0.2090727694534296,-0.090307,-0.1245,0.0237297865375375,0.1540447549822373,0.050336,0.095,0.0249728479519519,0.158027997367403,0.0582149999999999,0.035,0.0782881749499499,0.2798002411542026,-0.02091,-0.08,0.0727709148148148,0.2697608474460569
1231,seg_6a8s,MI,0.181247,0.1905,0.0540753573483483,0.2325410874412269,-0.009749,-0.05,0.0284173293283283,0.1685744029451931,-0.190993,-0.2145,0.0480775384894894,0.2192659081788354,-0.142733,-0.17,0.0662782559669669,0.2574456369157709,0.0306499999999999,-0.05,0.0804673368368368,0.2836676520804528
1231,seg_8a10s,MI,0.110829,0.052,0.0715661018608608,0.2675184140594079,0.079717,0.04,0.0346439428538538,0.1861288340205618,-0.0311089999999999,-0.015,0.0398120231421421,0.1995295044401758,-0.114076,-0.13,0.0896163846086086,0.2993599582586299,0.106718,0.0255,0.1037549914674674,0.322110216335135
1235,seg_0a2s,MI,-0.016535,-0.029,0.0137674882632632,0.1173349405047927,0.0122469999999999,0.0,0.0139793113023023,0.118234137635043,0.028779,0.055,0.0212861182772772,0.1458976294436522,0.714105,0.787,0.1912832512262262,0.4373594073827911,-0.12448,-0.145,0.0666771307307307,0.2582191525250029
1235,seg_2a4s,MI,-0.034628,-0.056,0.0156062258418418,0.124924880795788,-0.057606,-0.0815,0.0159411198838838,0.1262581477920688,-0.022972,-0.009,0.0232945457617617,0.1526255082276935,0.569857,0.582,0.1418840105615615,0.376674940182595,0.073108,0.05,0.054252671007007,0.2329220277410597
1235,seg_4a6s,MI,-0.004204,0.0,0.0136223086926926,0.1167146464360522,0.042362,0.054,0.01557707403003,0.1248081488927306,0.046553,0.055,0.0150940732642642,0.1228579393619487,-1.7813290000000002,-2.097,1.446533296055055,1.2027191260036796,0.130424,0.13,0.0486456218458458,0.2205575250265695
1235,seg_6a8s,MI,-0.033601,-0.048,0.0173616454444444,0.1317635968105168,-0.0095209999999999,-0.02,0.0174297873463463,0.132021919946448,0.024093,0.05,0.024107734085085,0.1552666547752127,-2.527633,-2.8165,1.6039163806916916,1.2664582032944047,0.022744,0.0015,0.0640119664304304,0.2530058624428106
1235,seg_8a10s,MI,0.004352,-0.009,0.0135142763723723,0.116250919877532,-0.0465879999999999,-0.06,0.0142229712272272,0.1192600990575944,-0.050916,-0.04,0.0216008337777777,0.1469722211092211,3.017209,3.494,1.3784604898088089,1.174078570543219,-0.101053,-0.12,0.0603302604514514,0.245622190470347
1239,seg_0a2s,MI,0.0159939999999999,-0.005,0.0172515715355355,0.1313452379629179,0.005056,0.015,0.0107910979619619,0.1038802096742298,-0.0109429999999999,0.026,0.0497509006516516,0.2230490991948895,-0.0435319999999999,0.005,0.0333974724484484,0.1827497536207599,-0.1082969999999999,-0.17,0.0338827715625625,0.1840727344355012
1239,seg_2a4s,MI,0.021178,-0.01,0.0210128711871871,0.1449581704740618,0.005937,0.0245,0.011545046077077,0.1074478760938394,-0.0152449999999999,0.0225,0.0582538888638638,0.2413584240582123,-0.081849,-0.06,0.0325584106096096,0.180439492932145,0.152079,0.14,0.0103870137727727,0.1019167001662277
1239,seg_4a6s,MI,0.0138869999999999,-0.004,0.0162479061371371,0.1274672747693977,-0.0171419999999999,-0.01,0.0121817535895895,0.1103709816463982,-0.0310399999999999,-0.001,0.0489081565565565,0.2211518857178399,-0.008023,0.028,0.0412174719429429,0.2030208657821726,-0.128332,-0.1565,0.0240671789549549,0.1551360014792019
1239,seg_6a8s,MI,-0.073292,-0.092,0.0125819046406406,0.1121690895061586,-0.034688,-0.04,0.0077393059619619,0.0879733252864864,0.038613,0.05,0.0311680032342342,0.1765446210855324,0.058653,0.062,0.019426441032032,0.1393787682254081,0.029845,0.035,0.0123311701451451,0.1110458020149575
1239,seg_8a10s,MI,0.0035449999999999,-0.014,0.0178621921671671,0.1336495124090139,0.032813,0.045,0.0119163143453453,0.1091618722143649,0.0292619999999999,0.065,0.0538066139699699,0.2319625270813585,0.0737989999999999,0.101,0.0426826672662662,0.2065978394520772,0.021481,0.0165,0.017924400039039,0.133882037775943
1248,seg_0a2s,MI,0.021483,-0.015,0.0362119456566566,0.1902943658037637,-0.009871,-0.025,0.0055900624214214,0.0747667200124588,-0.031357,0.0015,0.0249661376886886,0.1580067646928089,,,,,0.038433,0.01,0.030193533044044,0.1737628643987087
1248,seg_2a4s,MI,-0.013142,-0.061,0.0470451529889889,0.216898946491192,0.013058,0.0035,0.0080581127487487,0.0897669914208377,0.026213,0.073,0.0311890686996997,0.1766042714650461,,,,,-0.001126,-0.05,0.0499172874114114,0.2234217702271007
1248,seg_4a6s,MI,-0.039689,-0.086,0.0355894056846846,0.1886515456726625,0.020148,0.005,0.0053148709669669,0.0729031615704488,0.05983,0.1,0.0241620151151151,0.1554413558713224,,,,,-0.0299519999999999,-0.069,0.028380382078078,0.1684647799336053
1248,seg_6a8s,MI,-0.024569,-0.081,0.0478682594984985,0.2187881612393561,0.010855,-0.004,0.0074245064814814,0.0861655759655878,0.035418,0.084,0.0307238691451451,0.175282255648269,,,,,-0.014797,-0.061,0.0482990648558558,0.2197704822214663
1248,seg_8a10s,MI,0.0452559999999999,0.01,0.0335951996636636,0.1832899333396782,-0.009956,-0.009,0.0063687388028028,0.0798043783435646,-0.055218,-0.025,0.0228322166926926,0.1511033311766907,,,,,0.001689,-0.0375,0.0318392555345345,0.178435578107435
1261,seg_0a2s,MI,-0.031245,-0.055,0.0075196065815815,0.0867156651452411,-0.080067,-0.081,0.0409511836946947,0.2023639881369575,-0.048846,-0.017,0.0473690613453453,0.2176443459990297,0.145971,0.0565,0.1498823745335335,0.3871464510150306,0.086877,0.05,0.0257510649359359,0.1604713835421628
1261,seg_2a4s,MI,-0.030164,-0.05,0.0065293264304304,0.0808042476014128,0.027844,0.0375,0.0452457714354354,0.2127105343781436,0.058001,0.09,0.0524606276266266,0.2290428510707693,0.0112139999999999,-0.04,0.1221535037077077,0.3495046547725906,-0.046741,-0.0875,0.0312748787977978,0.1768470491633881
1261,seg_4a6s,MI,-0.0174269999999999,-0.045,0.0065642369079079,0.0810199784491943,0.04708,0.073,0.0580326762762762,0.2408997224495625,0.0645129999999999,0.1285,0.0723679237547547,0.2690128691247962,-0.003146,-0.0895,0.1847396923763763,0.4298135553660173,6.199999999999762e-05,-0.013,0.0295675477037037,0.1719521669061012
1261,seg_6a8s,MI,0.0103449999999999,-0.014,0.0060937577327327,0.0780625245090929,-0.074852,-0.065,0.0412126107067067,0.2030088931714734,-0.085221,-0.055,0.0479494135725725,0.2189735453715187,0.043643,-0.023,0.1187225961471471,0.3445614548192341,-0.018822,-0.051,0.0249471354514514,0.1579466221590428
1261,seg_8a10s,MI,0.071669,0.06,0.0065983958348348,0.0812305104922703,0.09734,0.106,0.0510372356356356,0.2259142218534186,0.025661,0.05,0.0543135576366366,0.2330526928328369,-0.2122119999999999,-0.201,0.1526511181741741,0.3907059228808467,-0.0035179999999999,-0.0365,0.0254578515275275,0.1595551676616195
1275,seg_0a2s,MI,0.027398,0.015,0.0021603219179179,0.0464792633108348,-0.028898,-0.045,0.0155668844804804,0.1247673213645323,-0.056294,-0.06,0.0102177593233233,0.1010829328983054,0.036478,0.105,0.2299238833993993,0.4795037887226746,0.129427,0.11,0.0263752799509509,0.1624046795845211
1275,seg_2a4s,MI,0.016292,0.015,0.0024270457817817,0.0492650563968192,0.02906,0.026,0.0477919423423423,0.218613682879966,0.012766,0.01,0.0370340392832832,0.1924423011795568,-0.029707,0.005,0.3499895266776777,0.5915991266708206,0.0016659999999999,-0.015,0.0362447131571571,0.1903804432108433
1275,seg_4a6s,MI,0.0175079999999999,0.01,0.0020937316676676,0.045757312723407,0.011649,0.02,0.0160387685675675,0.126644259907694,-0.005857,-0.002,0.0106353438948948,0.1031278036947112,0.0273579999999999,0.064,0.2276741880240239,0.4771521644339717,0.004528,-0.0155,0.0291825677837837,0.1708290601267354
1275,seg_6a8s,MI,-0.034553,-0.045,0.0044973705615615,0.0670624377842139,-0.0027,-0.01,0.0983276256256256,0.3135723610677854,0.03186,0.0325,0.1192338662662662,0.3453025720527813,-0.017083,0.068,0.2772281762872873,0.5265246207797764,-0.051262,-0.075,0.0358344197757757,0.1892998145159571
1275,seg_8a10s,MI,-0.020621,-0.03,0.0034154087677677,0.0584414986783173,-0.025928,-0.035,0.0253838867027027,0.1593232145756001,-0.0053209999999999,-0.002,0.0159839539129129,0.1264276627677381,-0.014887,0.0875,0.3241556999309309,0.5693467308511844,-0.065456,-0.104,0.0527938419059059,0.2297691056384776
1279,seg_0a2s,MI,-0.0068559999999999,-0.0415,0.0216385017657657,0.1471003119159363,-0.0025599999999999,-0.045,0.0157237881881881,0.1253945301366378,0.0042979999999999,0.02,0.0063661113073073,0.079787914544167,0.019343,-0.045,0.053520702053053,0.2313454171861916,0.003435,-0.065,0.0286424041791791,0.1692406694006472
1279,seg_2a4s,MI,0.0235209999999999,-0.015,0.0200675671261261,0.1416600406823537,-0.009063,-0.055,0.0160745295605605,0.1267853680854402,-0.032589,-0.038,0.0043542663453453,0.0659868649455734,0.014375,-0.056,0.0622762926676676,0.2495521842574568,0.012783,-0.0575,0.0320319178288288,0.1789746290087755
1279,seg_4a6s,MI,-0.0034959999999999,-0.044,0.0168991491331331,0.1299967273939353,0.0352629999999999,-0.016,0.0153285924234234,0.1238086928427217,0.038776,0.039,0.0028677015255255,0.0535509246000993,-0.001997,-0.0725,0.0501019669579579,0.2238346866729059,-0.01598,-0.07,0.0226743559559559,0.1505800649354221
1279,seg_6a8s,MI,0.014405,-0.019,0.0219543573323323,0.1481700284549217,0.0104169999999999,-0.039,0.0151380751861861,0.1230368854701149,-0.0039979999999999,-0.0035,0.0068595915875875,0.0828226514160684,-0.010371,-0.065,0.0515685859449449,0.2270871769716312,-0.0035129999999999,-0.065,0.0267314652962962,0.1634976002768734
1279,seg_8a10s,MI,0.003864,-0.02,0.0223163278318318,0.1493865048517831,-0.025755,-0.0755,0.016731082057057,0.1293486840174922,-0.029618,-0.03,0.0066016717477477,0.0812506722910509,-0.0423329999999999,-0.1,0.057946935046046,0.2407216962511814,0.0102959999999999,-0.0495,0.0332314778618618,0.182295029723418
1317,seg_0a2s,MI,0.0161939999999999,-0.018,0.0219352436076076,0.1481055151154325,-0.207553,-0.226,0.0237167719629629,0.1540025063528609,-0.223758,-0.253,0.0192682256616616,0.1388100344415405,-0.012064,-0.025,0.0424464943983984,0.2060254702661746,-0.0696929999999999,-0.11,0.0340902109619619,0.1846353459171942
1317,seg_2a4s,MI,-0.017328,-0.045,0.018708669085085,0.1367796369533311,0.1809629999999999,0.165,0.0282651307617617,0.1681223684158707,0.198297,0.2,0.0162489797707707,0.1274714861087403,-0.028211,-0.036,0.0408047212002002,0.2020017851411224,0.0265899999999999,-0.01,0.0351154953953953,0.1873912895398166
1317,seg_4a6s,MI,0.022838,-0.005,0.0199295453013013,0.1411720415000835,0.102525,0.13,0.0327943377127127,0.1810920697123778,0.079702,0.07,0.0254586718678678,0.1595577383515693,0.051916,0.048,0.039532099043043,0.1988268066510224,0.04969,0.033,0.0380232131131131,0.1949954181849233
1317,seg_6a8s,MI,-0.0034599999999999,-0.0365,0.020193646046046,0.1421043491454292,-0.170782,-0.185,0.0168113017777777,0.1296584041926237,-0.167318,-0.16,0.00620118406006,0.0787475971700728,-0.0173179999999999,-0.02,0.0401160749509509,0.2002899771604933,-0.131212,-0.16,0.0336245435995996,0.1833699637334304
1317,seg_8a10s,MI,0.0310329999999999,0.005,0.019180114025025,0.1384922886843344,0.127101,0.1235,0.0173140388378378,0.131582821210969,0.096071,0.11,0.0085545985575575,0.0924910728533168,-0.0254609999999999,-0.025,0.0395533598388388,0.1988802650813771,0.114659,0.081,0.0468704071261261,0.2164957438984104
1325,seg_0a2s,MI,0.097638,0.077,0.013554042998999,0.1164218321407071,-0.1181249999999999,-0.155,0.1784918992742742,0.4224830165512861,-0.215764,-0.229,0.1471494998038038,0.3836007036018101,-0.339941,-0.421,0.1563950225415415,0.3954681055932849,0.132268,0.066,0.2175884786546546,0.4664638020839931
1325,seg_2a4s,MI,0.090833,0.075,0.0112510281391391,0.106070863761634,-0.068153,-0.1165,0.0206347163073073,0.1436478900203804,,,,,-0.220898,-0.219,0.0827119095055055,0.2875967828497139,-0.021541,-0.115,0.1054275398588588,0.3246960730573421
1325,seg_4a6s,MI,-0.021477,-0.039,0.0140190885595595,0.1184022320716951,-0.014858,-0.0555,0.0215567165525525,0.1468220574455778,0.0066029999999999,0.01,0.0092692466376376,0.0962769268186185,-0.012583,-0.065,0.0762522493603603,0.276138098350011,0.0197489999999999,-0.055,0.0864898298288288,0.2940915330791228
1325,seg_6a8s,MI,-0.052717,-0.075,0.0140174543653653,0.1183953308427547,0.025355,-0.008,0.0297799429179179,0.1725686614594837,0.078068,0.079,0.0113711925685685,0.1066357940307501,0.2128949999999999,0.181,0.0486445965715715,0.220555200735715,-0.035452,-0.091,0.1109675712672672,0.3331179539851722
1325,seg_8a10s,MI,-0.1140299999999999,-0.132,0.0140588759759759,0.1185701310447786,0.1623369999999999,0.133,0.0202708162472472,0.1423756167580925,0.276359,0.27,0.0110243064254254,0.1049966972119858,0.349744,0.3005,0.0768769694334334,0.277266964194138,-0.0959899999999999,-0.18,0.10047813003003,0.3169828544732822
1327,seg_0a2s,MI,0.0274889999999999,-0.0275,0.0804787065855855,0.283687691988189,-0.031473,-0.045,0.0254910863573573,0.1596592820895714,-0.058971,-0.015,0.0780809771361361,0.2794297355975847,-0.1966,-0.253,0.0547284004004004,0.2339410190633536,-0.1546749999999999,-0.184,0.032123618993994,0.1792306307359152
1327,seg_2a4s,MI,-0.064169,-0.131,0.0950789253643643,0.308348707414778,-0.007897,-0.023,0.0230348051961962,0.1517722148359053,0.05627,0.124,0.1051547478478478,0.3242757281201414,-0.077619,-0.14,0.0453803441831831,0.2130266278735669,0.347901,0.455,0.0733276168158158,0.2707907251288637
1327,seg_4a6s,MI,0.0061329999999999,-0.0485,0.0836582595705705,0.2892373758188429,-0.049617,-0.076,0.0226499262372372,0.1504989243723596,-0.055757,-0.013,0.0903375354864864,0.3005620326762621,0.0293639999999999,-0.025,0.0486193989029029,0.2204980700661638,-0.050069,-0.15,0.0760581463853853,0.2757864144322294
1327,seg_6a8s,MI,-0.01626,-0.079,0.0895199603603603,0.2991988642364144,0.019326,0.01,0.0243899416656656,0.1561727942558039,0.035587,0.097,0.0973723928238238,0.3120454980028134,0.054537,-0.03,0.0510346652962962,0.2259085330311723,-0.030927,-0.005,0.0535177534244244,0.2313390443146691
1327,seg_8a10s,MI,0.0527329999999999,-0.005,0.0891984301411411,0.2986610623116799,0.0884279999999999,0.086,0.0218215984144144,0.1477213539553927,0.035715,0.095,0.1004668506256256,0.3169650621529534,0.167041,0.145,0.0445003236426426,0.2109509982025272,-0.1101029999999999,-0.135,0.0904851615525525,0.3008075157846834
1339,seg_0a2s,MI,0.0130719999999999,0.0,0.0030176784944944,0.0549334005364176,-0.352862,-0.36,0.0418667296856856,0.2046136107048738,-0.365945,-0.371,0.0439573553303303,0.209660094749407,-0.415338,-0.459,0.0875197014574574,0.2958372888218412,-0.0904209999999999,-0.09,0.0049821939529529,0.0705846580564994
1339,seg_2a4s,MI,0.027172,0.025,0.0027150654814814,0.0521062902295057,-0.173637,-0.15,0.0079783595905905,0.0893216636129813,-0.200809,-0.166,0.0095908733923923,0.097933004612298,-0.259241,-0.2915,0.0410862251441441,0.202697373303514,-0.072722,-0.075,0.0018369016176176,0.0428590902565327
1339,seg_4a6s,MI,0.005534,0.005,0.0026776064504504,0.0517455935365558,-0.035349,-0.0525,0.0134396388378378,0.1159294562992419,-0.040869,-0.075,0.011999213052052,0.1095409195326205,-0.039293,-0.0335,0.0325887178688688,0.1805234551765195,-0.088882,-0.11,0.0045713414174174,0.0676116958626051
1339,seg_6a8s,MI,0.0040339999999999,-0.005,0.0027235924364364,0.0521880487893199,0.246573,0.265,0.0092715502212212,0.0962888893965509,0.2425349999999999,0.259,0.0051134922672672,0.0715086866560089,0.219524,0.195,0.0360260274514514,0.1898052355743946,0.077371,0.08,0.0046478051641641,0.068174813268275
1339,seg_8a10s,MI,-0.041669,-0.06,0.0074204398788788,0.0861419751275699,0.319652,0.3,0.0281333962922922,0.1677301293515637,0.361301,0.35,0.0127394578568568,0.1128692068584556,0.4738489999999999,0.43,0.0431261883873873,0.2076684578538286,0.162662,0.15,0.0130437174734734,0.1142090954060729
1342,seg_0a2s,MI,0.0371689999999999,0.005,0.0284852516906906,0.168775743786513,0.043173,0.026,0.0180595606316316,0.1343858647017298,0.006015,0.0185,0.0188804312062062,0.1374060814018295,-0.0910229999999999,-0.065,0.1365153418128128,0.3694798259889338,0.237982,0.23,0.0743385702462462,0.2726510044842055
1342,seg_2a4s,MI,-0.020385,-0.05,0.0336020868618618,0.1833087200922581,-0.028249,-0.049,0.0149845955945945,0.1224115827632115,-0.0078729999999999,0.0225,0.0239334903613613,0.1547045259886127,0.043473,0.06,0.1732755568278278,0.4162638067714125,-0.07367,-0.12,0.0522815746746746,0.228651644810779
1342,seg_4a6s,MI,-0.039535,-0.065,0.0236973801551551,0.1539395340877552,0.0275639999999999,0.012,0.0139817136176176,0.1182442963428579,0.067103,0.078,0.0146711495405405,0.121124520806237,0.123915,0.125,0.135168276051051,0.3676523848026163,-0.184148,-0.2265,0.0473371792752752,0.2175710901642846
1342,seg_6a8s,MI,-0.039157,-0.085,0.0356198762272272,0.1887322871880358,0.022986,-0.0035,0.0204207005045045,0.1429010164572124,0.062127,0.09,0.0232104533243243,0.1523497729710298,-0.128241,-0.148,0.1925995004194194,0.4388615959723742,-0.0920879999999999,-0.155,0.0696490733293293,0.2639111087645409
1342,seg_8a10s,MI,0.013043,-0.016,0.0230575306816816,0.1518470634608443,-0.0837369999999999,-0.0935,0.0164327485795795,0.1281902827034076,-0.096763,-0.099,0.0178243451761761,0.1335078468711714,0.057308,0.085,0.1447065817177177,0.3804031831067107,0.103487,0.056,0.0456631089399399,0.2136892812939852
1343,seg_0a2s,MI,-0.039969,-0.059,0.0122614935325325,0.1107316284199439,-0.0398419999999999,-0.065,0.0096024594954954,0.0979921399679356,0.000132,-0.0015,0.006673452028028,0.0816911992079197,0.010107,-0.04,0.1061023919429429,0.3257336211430176,-0.011436,-0.065,0.0395689408448448,0.1989194330497773
1343,seg_2a4s,MI,0.014196,-0.001,0.0108802578418418,0.1043084744488282,0.024304,0.0,0.0067257313153153,0.0820105561212415,0.010083,0.009,0.0050875997107107,0.0713274120567311,0.013655,-0.03,0.071725103078078,0.2678154272592937,-0.012716,-0.055,0.024266718062062,0.1557777842378754
1343,seg_4a6s,MI,0.060888,0.043,0.0138231425985986,0.1175718614235506,0.0568819999999999,0.039,0.0079196617377377,0.0889924813550995,-0.00399,-0.006,0.007392184084084,0.0859778115799889,0.07144,0.023,0.0977711955955955,0.3126838588664205,0.031359,-0.0155,0.0311510231421421,0.1764965244477696
1343,seg_6a8s,MI,0.025915,0.001,0.0149621459209209,0.1223198508866035,0.0006819999999999,-0.028,0.0083722371131131,0.0914999295798259,-0.025232,-0.03,0.007708869045045,0.0878001654044287,-0.012936,-0.04,0.0881603322362362,0.2969180564334817,0.021466,-0.02,0.0277159307747747,0.1664810222661273
1343,seg_8a10s,MI,-0.028919,-0.045,0.0134583387777777,0.1160100805006952,-0.0130079999999999,-0.045,0.0079291811171171,0.0890459494705801,0.0159219999999999,0.016,0.0064046245405405,0.0800288981589809,-0.088223,-0.125,0.0720382855565565,0.2683994887412354,-0.015713,-0.051,0.0240181447757757,0.1549778847957855
1362,seg_0a2s,MI,0.069127,0.057,0.0071344813523523,0.0844658590932002,-0.196618,-0.2165,0.0089153153913913,0.0944209478420514,-0.265749,-0.27,0.0026897657647647,0.0518629517552247,0.1614189999999999,0.1335,0.033418662101101,0.1828077189319452,-0.3370649999999999,-0.345,0.0281660147897897,0.1678273362411195
1362,seg_2a4s,MI,-0.044198,-0.0505,0.008685206002002,0.0931944526353473,-0.191146,-0.203,0.010319362046046,0.1015842608185246,-0.146955,-0.144,0.0046509218968968,0.0681976678259373,0.074207,0.045,0.0317579641151151,0.178207643256722,-0.201081,-0.2205,0.0201407331721721,0.1419180509032313
1362,seg_4a6s,MI,-0.0276329999999999,-0.057,0.0209196459569569,0.1446362539509267,0.019482,0.02,0.048078321997998,0.2192676948344146,0.0471119999999999,0.07,0.0860204098658658,0.2932923624403913,-0.013969,-0.0505,0.0553533874264264,0.2352730061575837,-0.038382,-0.065,0.0326436557317317,0.1806755537745262
1362,seg_6a8s,MI,0.018389,0.007,0.0137709466256256,0.1173496767171756,0.17253,0.1495,0.052586956056056,0.2293184599112249,0.154156,0.1495,0.0309067924564564,0.1758032777181826,-0.0728679999999999,-0.13,0.0579596221981982,0.2407480471326781,0.196373,0.1535,0.055039151022022,0.2346042434015676
1362,seg_8a10s,MI,-0.009876,-0.02,0.0086272318558558,0.0928828932358152,0.196951,0.175,0.006893448047047,0.0830267911402521,0.206808,0.211,0.003450912048048,0.0587444639778766,-0.145065,-0.184,0.0299444612362362,0.1730446798842317,0.330055,0.31,0.0204385345095095,0.1429634026928203
1366,seg_0a2s,MI,0.10086,0.065,0.0281525589589589,0.1677872431353437,-0.098922,-0.12,0.013311133049049,0.1153738837391246,-0.199767,-0.176,0.0091087394504504,0.0954397163158527,0.373898,0.365,0.0796010166126126,0.2821365212314999,-0.070242,-0.115,0.0279044038398398,0.1670461129144879
1366,seg_2a4s,MI,0.046941,0.004,0.0305240795985985,0.1747114180544551,-0.0671229999999999,-0.09,0.0126947346056056,0.1126709128639934,-0.114075,-0.11,0.0094978412162162,0.0974568684917395,0.158639,0.14,0.0759300827617617,0.2755541376241006,-0.0547319999999999,-0.09,0.0242034736496496,0.1555746561932555
1366,seg_4a6s,MI,0.03992,0.004,0.0296832248248248,0.1722882028022372,0.014178,-0.01,0.0119644247407407,0.1093820128757042,-0.025755,-0.025,0.0105003052802802,0.1024709972640077,0.014563,0.01,0.082395001032032,0.2870452943910282,0.022526,0.0,0.0255089122362362,0.1597150970830129
1366,seg_6a8s,MI,-0.044582,-0.0815,0.0418288581341341,0.2045210456997864,0.042358,0.032,0.0121855613973973,0.1103882303390963,0.086924,0.105,0.0334838981221221,0.1829860599120111,-0.152161,-0.175,0.1515333344134134,0.3892728277357841,0.0070949999999999,-0.03,0.0254787066816816,0.1596205083367475
1366,seg_8a10s,MI,-0.145587,-0.17,0.0204972757067067,0.1431686966718169,0.091677,0.07,0.0111839946656656,0.1057544073108334,0.23725,0.236,0.0091011666666666,0.0954000349405945,-0.402003,-0.4085,0.0591376846756756,0.243182410292512,0.0673469999999999,0.035,0.0182819405315315,0.135210726392293
1373,seg_0a2s,MI,-0.019278,-0.025,0.0128879887047047,0.1135252778226272,-0.091589,-0.082,0.0030805145935935,0.05550238367488,-0.07231,-0.045,0.0069126505505505,0.083142351124746,0.011567,-0.0275,0.049756492003003,0.2230616327453087,0.0142599999999999,-0.005,0.0106075219219219,0.1029928246137657
1373,seg_2a4s,MI,0.0340639999999999,-0.005,0.0160869848888888,0.1268344783128345,0.064209,0.065,0.0018403696886886,0.042899530168624,0.0301299999999999,0.051,0.0149705756756756,0.1223543038706676,-0.009845,-0.1,0.0741866235985985,0.2723722151736454,-2.000000000003333e-06,-0.03,0.0100046586546546,0.1000232905610221
1373,seg_4a6s,MI,0.014999,-0.01,0.0113928358348348,0.1067372279705391,0.063299,0.05,0.0025060136126126,0.0500601000060188,0.048297,0.039,0.0136308096006006,0.1167510582418874,0.01145,-0.08,0.0710726441441441,0.266594531347033,0.0026519999999999,-0.015,0.006950137033033,0.0833674818681303
1373,seg_6a8s,MI,-0.0163059999999999,-0.0545,0.0194441905545545,0.1394424273833274,-0.020533,-0.02,0.0014070299409409,0.0375103977710306,-0.004222,0.029,0.0146864591751751,0.1211877022439784,-0.0053189999999999,-0.09,0.0791526418808808,0.2813407931333117,-0.018726,-0.045,0.0100407056296296,0.1002033214500878
1373,seg_8a10s,MI,0.0002359999999999,-0.028,0.019783778082082,0.1406548189081415,0.003555,0.005,0.0014029999749749,0.0374566412666028,0.00333,0.031,0.0139425836836836,0.1180787181658222,-0.004357,-0.091,0.0790720736246246,0.281197570445807,-0.001612,-0.03,0.011340552008008,0.1064920279082336
1387,seg_0a2s,MI,-0.046949,-0.085,0.0222727771761761,0.1492406686402073,-0.033861,-0.0565,0.0126670707497497,0.1125480819461164,0.01308,0.02,0.0111126042042042,0.1054163374634321,-0.0360879999999999,-0.06,0.021906767023023,0.1480093477555489,0.054934,0.03,0.0285855572012012,0.1690726388307735
1387,seg_2a4s,MI,-0.031674,-0.055,0.0131997915155155,0.1148903456149189,-0.024088,-0.026,0.005900813069069,0.0768167499251892,0.0075829999999999,0.025,0.0067848479589589,0.0823701885329817,-0.002586,-0.0375,0.0237942028068068,0.1542536962500633,-0.013042,-0.025,0.0155201203563563,0.1245797750694564
1387,seg_4a6s,MI,0.027126,-0.015,0.0229166327567567,0.1513824057040869,-0.022486,-0.045,0.0098720598638638,0.0993582400400885,-0.049611,-0.03,0.0090394451241241,0.0950759965718168,0.0296459999999999,0.0,0.0302721228068068,0.1739888582835315,0.032419,0.005,0.0285882677067067,0.1690806544425077
1387,seg_6a8s,MI,0.036635,0.0,0.0229728706456456,0.1515680396575928,-0.0158079999999999,-0.035,0.0092300692052052,0.0960732491654425,-0.05243,-0.035,0.0080165556556556,0.0895352201966112,0.006953,-0.0155,0.0190227315225225,0.1379229187717637,0.0209719999999999,-0.005,0.029537789005005,0.1718656132127803
1387,seg_8a10s,MI,0.0207629999999999,-0.007,0.0124652721031031,0.1116479829782119,0.104443,0.085,0.0053058806316316,0.0728414760396275,0.083671,0.095,0.0050387915505505,0.0709844458353416,0.0251579999999999,-0.005,0.0224775806166166,0.1499252500968953,-0.086033,-0.09,0.0140256375485485,0.1184298845247623
1391,seg_0a2s,MI,0.02961,-0.006,0.0306189608608608,0.1749827444660211,0.024901,0.056,0.0267316448438438,0.1634981493590794,-0.004696,0.065,0.1029897713553553,0.32092019468297,0.055047,0.149,0.1391074041951951,0.3729710500765377,0.0168289999999999,0.035,0.0315214632222222,0.1775428489751762
1391,seg_2a4s,MI,-0.022163,-0.054,0.0246660945255255,0.1570544317283836,0.008176,0.025,0.0177995986226226,0.1334151364074654,0.030351,0.07,0.0753341119109109,0.2744706029995032,-0.054556,-0.025,0.0954058146786786,0.3088783169448427,-0.005337,0.001,0.0229563097407407,0.151513397891872
1391,seg_4a6s,MI,-0.027609,-0.07,0.0341196097287287,0.1847149418123199,0.001435,0.028,0.0244461819569569,0.1563527484790624,0.029034,0.08,0.1046266534974974,0.3234604357529642,-0.037638,0.01,0.1283505715275275,0.358260479996786,-0.0468849999999999,-0.02,0.0293885863613613,0.1714309959177784
1391,seg_6a8s,MI,0.026778,-0.02,0.0332715082242242,0.1824047922183631,0.0068329999999999,0.035,0.0239215626736736,0.1546659712854565,-0.019946,0.05,0.103201919003003,0.3212505548680079,-0.036803,0.015,0.1296333355265265,0.3600462963655182,-0.041257,-0.0165,0.0302700229739739,0.1739828237900913
1391,seg_8a10s,MI,-0.012456,-0.036,0.0242838599239239,0.1558327947638876,-0.033106,-0.015,0.0172462169809809,0.131324852868682,-0.020651,0.005,0.0741642574564564,0.272331154032102,0.0593559999999999,0.07,0.1015148561201201,0.3186139609623535,0.0485019999999999,0.07,0.0219546946906906,0.1481711668668729
1393,seg_0a2s,MI,0.053397,0.019,0.0211554087997997,0.1454489903705068,0.051106,0.055,0.0183014742382382,0.1352829414162711,-0.002313,-0.0104999999999999,0.0112408879189189,0.106023053714364,-0.127653,-0.135,0.0449202308218218,0.211943933203623,-0.077143,-0.1035,0.0472840485995995,0.2174489563083704
1393,seg_2a4s,MI,0.013489,-0.031,0.024154136015015,0.1554160095196599,-0.005487,-0.04,0.0114291529839839,0.1069072167067499,-0.0189679999999999,-0.011,0.0071698428188188,0.0846749243803548,-0.0067349999999999,-0.03,0.0402497505255255,0.2006234047301698,-0.049036,-0.12,0.049353350054054,0.2221561389069725
1393,seg_4a6s,MI,-0.021881,-0.06,0.01591621105005,0.1261594667476446,-0.060262,-0.09,0.0064740313873873,0.080461365806127,-0.038362,-0.025,0.0038015905465465,0.0616570397160498,0.092371,0.034,0.0407118211801801,0.2017717055986299,-0.0227019999999999,-0.06,0.0280845016976976,0.1675843122064165
1393,seg_6a8s,MI,-0.0038049999999999,-0.059,0.0256777166916916,0.1602426806181539,0.0173309999999999,-0.02,0.011372652091091,0.1066426373037121,0.021134,0.025,0.0104812452892892,0.1023779531407484,0.032433,-0.01,0.0483121276386386,0.2198001993598701,0.0411149999999999,-0.025,0.0458661839589589,0.2141639184338925
1393,seg_8a10s,MI,-0.017327,-0.07,0.0248566066776776,0.1576597814208737,0.015812,-0.01,0.0106666833393393,0.1032796366150624,0.033135,0.049,0.0085499927677677,0.0924661709370933,-0.0012599999999999,-0.04,0.0520814338338338,0.2282135706609794,0.103478,0.045,0.0473958253413413,0.2177058229385272
1403,seg_0a2s,MI,0.0366359999999999,-0.03,0.0860907322362362,0.2934122223702282,0.091222,0.065,0.0212830597757757,0.1458871473974859,0.054569,0.12,0.1188392204594594,0.344730649144313,-0.075894,-0.065,0.0434804412052052,0.2085196422527269,0.058477,0.03,0.0797852367077077,0.2824628058837264
1403,seg_2a4s,MI,-0.009642,-0.05,0.0404593732092092,0.2011451545755184,-0.052624,-0.044,0.0094111557797797,0.0970111116304713,-0.042976,0.005,0.0537216811051051,0.231779380241438,0.0419719999999999,0.01,0.0336671303463463,0.1834860494597514,0.026837,0.03,0.0520497501811811,0.228144143429502
1403,seg_4a6s,MI,0.0248129999999999,-0.045,0.0836351531841841,0.2891974294218124,-0.052535,-0.04,0.0178351319069069,0.1335482381273033,-0.0773609999999999,0.01,0.1097004271061061,0.3312105479994653,0.053949,0.02,0.0541668532522522,0.2327377349126098,0.02092,0.0045,0.088072464064064,0.2967700525054104
1403,seg_6a8s,MI,-0.012412,-0.08,0.077256779035035,0.2779510371181137,-0.034817,-0.025,0.0178190825935935,0.1334881365275341,-0.0224069999999999,0.05,0.101290714065065,0.3182620210849309,-0.001958,-0.01,0.0425012554914914,0.2061583262725313,-0.012891,-0.04,0.1018590081271271,0.3191535807838087
1403,seg_8a10s,MI,-0.0580109999999999,-0.1,0.0423974343133133,0.2059063726874749,0.0159129999999999,-0.004,0.0116529964274274,0.1079490455142028,0.073915,0.1,0.0599049407157157,0.2447548584108509,-0.014161,-0.055,0.0378108419209209,0.1944501013651597,-0.059789,-0.07,0.0462847292082082,0.2151388602930865
1404,seg_0a2s,MI,-0.033955,-0.05,0.0108869959709709,0.1043407684990434,0.029865,0.01,0.0209920648398398,0.1448863859713528,0.063813,0.053,0.0043605926236236,0.0660347834373947,0.000609,0.001,0.0457831332522522,0.2139699353933917,0.023432,-0.044,0.1293950524284284,0.3597152379708544
1404,seg_2a4s,MI,-0.017989,-0.0265,0.0087668217007007,0.0936313072679256,-0.017843,-0.02,0.0124733697207207,0.1116842411476244,0.000146,-0.009,0.0027100066906906,0.0520577246015487,0.0230849999999999,0.015,0.0354315353103103,0.1882326627084425,-0.0189129999999999,-0.045,0.082872576007007,0.2878759733062261
1404,seg_4a6s,MI,0.0225869999999999,0.008,0.0120572216526526,0.1098053808000894,-0.010698,-0.029,0.021604243039039,0.1469838189701133,-0.033296,-0.045,0.0053060884724724,0.0728429026911508,0.0008589999999999,0.006,0.0461582573763763,0.2148447285282475,-0.003155,-0.04,0.1300414984734734,0.3606126709829723
1404,seg_6a8s,MI,0.0452539999999999,0.035,0.0113876431271271,0.1067129004719069,0.025185,0.005,0.0202975363113113,0.1424694223730527,-0.020082,-0.031,0.0048404897657657,0.069573628378616,-0.017156,-0.02,0.0489071227867867,0.2211495484661607,-0.002096,-0.065,0.1250124672512512,0.3535710215094716
1404,seg_8a10s,MI,0.0005379999999999,-0.01,0.0103179364924924,0.1015772439697617,-0.01872,-0.035,0.0205951847847847,0.1435102253666434,-0.019251,-0.035,0.0050462522512512,0.0710369780554554,0.0106659999999999,0.006,0.0532851055495495,0.2308356678452217,-0.0141789999999999,-0.045,0.1206288618208208,0.3473166592906548
1411,seg_0a2s,MI,-0.105679,-0.121,0.0056024724314314,0.0748496655398768,-0.068907,-0.065,0.0053345488998999,0.0730379962752258,0.036779,0.055,0.0094699481071071,0.0973136583790122,0.0058539999999999,-0.01,0.0359077063903903,0.1894932885101485,-0.0866049999999999,-0.09,0.002260093068068,0.0475404361367043
1411,seg_2a4s,MI,-0.065951,-0.085,0.0085292378368368,0.0923538728848814,-0.06257,-0.06,0.0075945636636636,0.0871467937658274,0.0033899999999999,0.025,0.0157797396396396,0.1256174336612543,-0.02105,-0.005,0.0465093388388388,0.2156602393554241,-0.039297,-0.035,0.0033679767677677,0.0580342723549435
1411,seg_4a6s,MI,0.0096049999999999,-0.015,0.0101814163913913,0.1009030048679988,-0.020433,-0.015,0.009473535046046,0.0973320864157655,-0.030028,0.0,0.017349859075075,0.131718863778409,0.026248,0.025,0.0486937522482482,0.2206666088202931,0.002179,0.005,0.0032738628218218,0.0572176792767919
1411,seg_6a8s,MI,0.05145,0.03,0.0128090485485485,0.1131770672377957,0.056124,0.08,0.0911731617857857,0.3019489390373574,0.004673,0.035,0.0581543203913913,0.2411520690174384,-0.020945,-0.019,0.055780088063063,0.2361780854843714,0.021923,0.0315,0.0649926877587587,0.2549366347913904
1411,seg_8a10s,MI,0.098704,0.0775,0.0097582466306306,0.0987838379019089,0.1056749999999999,0.11,0.0069974988738738,0.0836510542304989,0.006968,0.035,0.0163568758518518,0.1278940024076651,0.022165,0.03,0.046244254029029,0.2150447721499619,0.090286,0.095,0.0028970932972972,0.0538246532482773
1415,seg_0a2s,MI,0.0125779999999999,-0.005,0.0017141901061061,0.0414027789659837,-0.026829,-0.029,0.0103654191781781,0.1018107026700934,-0.0394089999999999,-0.025,0.0076710207397397,0.0875843635573139,-0.036876,-0.035,0.0275040266506506,0.1658433798818953,-0.018062,-0.061,0.0116405026586586,0.1078911611702212
1415,seg_2a4s,MI,0.0001359999999999,-0.016,0.0018501056096096,0.0430128540044671,0.006333,-0.01,0.0050623324434434,0.0711500698765886,0.0061939999999999,0.005,0.0023908532172172,0.0488963517781972,-0.004471,0.0,0.0210774385975976,0.1451807101429029,0.0090059999999999,-0.025,0.0108677857497497,0.1042486726522201
1415,seg_4a6s,MI,-0.0190769999999999,-0.03,0.0014753704414414,0.0384105511733617,0.021392,0.006,0.004986729065065,0.0706167760880165,0.040481,0.031,0.0029743099489489,0.0545372345187116,0.0068949999999999,0.015,0.0261021281031031,0.1615615303935411,0.0063729999999999,-0.03,0.008851213084084,0.0940808858593714
1415,seg_6a8s,MI,-0.006325,-0.02,0.0018562095845845,0.0430837508184301,-0.041184,-0.063,0.0068457639079079,0.082739131660345,-0.034863,-0.036,0.0039134977287287,0.062557954959611,0.0136759999999999,0.035,0.0300393403643643,0.1733186094000421,0.020031,-0.015,0.0113451972362362,0.1065138358911002
1415,seg_8a10s,MI,0.026742,0.015,0.001623635071071,0.0402943553251701,0.033612,0.035,0.0066220475035035,0.0813759639175076,0.006868,0.005,0.0042522207967967,0.0652090545614395,0.028439,0.04,0.0274179482272272,0.1655836593001472,0.0131109999999999,-0.025,0.0106469175965965,0.1031839018287087
1425,seg_0a2s,MI,-0.024399,-0.054,0.0165913231221221,0.1288073100492442,-0.276061,-0.275,0.0343855728518518,0.1854334728463333,-0.251649,-0.22,0.0262170208198198,0.1619167095139344,0.048951,0.05,0.0137029775765765,0.117059717992897,-0.047303,-0.084,0.0153863295205205,0.1240416442994872
1425,seg_2a4s,MI,0.011126,-0.002,0.0074480741981981,0.086302225916822,-0.0144719999999999,-0.046,0.0103797429589589,0.1018810235468753,-0.025591,-0.04,0.0071765062252252,0.084714262230307,0.038553,0.03,0.0086955707617617,0.0932500442989801,0.006247,-0.01,0.0139433413323323,0.1180819263576451
1425,seg_4a6s,MI,0.020709,-0.01,0.0161842165355355,0.1272172021997636,0.225179,0.225,0.0095016325915915,0.097476318106459,0.2044599999999999,0.23,0.0084947751751751,0.0921671046261906,-0.0461669999999999,-0.04,0.0164556747857857,0.1282796740944791,-0.0643089999999999,-0.084,0.0159203839029028,0.1261760036730554
1425,seg_6a8s,MI,0.0091139999999999,-0.019,0.014941042046046,0.1222335553195032,-0.026636,-0.0104999999999999,0.0344148883923923,0.1855125019840775,-0.035736,-0.04,0.0293694717757757,0.1713752367635878,-0.017906,-0.01,0.0182787719359359,0.1351990086351817,0.082371,0.055,0.0182205118708708,0.1349833762760099
1425,seg_8a10s,MI,-0.018302,-0.046,0.0156398666626626,0.1250594525122458,0.06127,0.06,0.0112778029029029,0.1061970004421165,0.0795799999999999,0.071,0.0086080996996997,0.0927798453312986,-0.044931,-0.035,0.0130289211601601,0.1141442997269691,0.0256159999999999,0.015,0.0179754499939939,0.1340725549618339
1427,seg_0a2s,MI,0.0197949999999999,-0.015,0.035101096071071,0.1873528651264001,-0.032965,-0.065,0.0140048205955955,0.118341964643129,-0.052767,-0.06,0.0087859106216216,0.0937331884746359,0.025476,0.068,0.0764602656896897,0.276514494538152,0.006068,-0.03,0.025156646022022,0.1586084676870122
1427,seg_2a4s,MI,0.020907,-0.005,0.0362547551061061,0.1904068147575241,0.021079,0.0,0.0117194702292292,0.1082565020182586,0.000157,0.004,0.0109989272782782,0.1048757706921778,0.0254299999999999,0.064,0.0894970901901901,0.2991606427827534,0.000799,-0.035,0.025489416015015,0.1596540510447981
1427,seg_4a6s,MI,-0.0111529999999999,-0.045,0.0363009465375375,0.1905280728332114,0.0091019999999999,-0.02,0.0139336972932932,0.1180410830740437,0.0202599999999999,0.021,0.0090438242242242,0.0950990232558895,0.019137,0.055,0.074812835066066,0.2735193504417303,-0.00989,-0.045,0.0262717556556556,0.1620856429658581
1427,seg_6a8s,MI,-0.01839,-0.05,0.0347905604604604,0.1865222787241794,-0.0065449999999999,-0.037,0.0117155395145145,0.1082383458600255,0.011844,0.013,0.0093478014654654,0.0966840290092705,-0.000292,0.0475,0.0825528876236236,0.2873201831121921,-0.019299,-0.049,0.0235656672662662,0.1535111307569137
1427,seg_8a10s,MI,-0.058572,-0.08,0.0246137745905905,0.1568877770592425,-0.0182689999999999,-0.045,0.0100523369759759,0.1002613433780735,0.0403059999999999,0.04,0.0061786109749749,0.078604140953101,-0.0474249999999999,-0.035,0.0529600163913913,0.2301304334315463,-0.003143,-0.021,0.0186527513023023,0.13657507569942
1430,seg_0a2s,MI,-0.0068279999999999,-0.04,0.0885863467627627,0.2976345859653457,0.086961,0.095,0.0464600375165165,0.2155459058217448,0.093796,0.155,0.0601667130970971,0.2452890399041447,0.0592439999999999,0.163,0.1560184549189189,0.3949917150003515,0.031258,0.039,0.0882621175535535,0.2970894100326593
1430,seg_2a4s,MI,-0.02829,-0.041,0.064933109009009,0.2548197578858613,-0.025079,-0.02,0.0329320648238238,0.1814719394943026,0.003215,0.045,0.0442490037787787,0.2103544717346859,0.016485,0.095,0.1209597315065065,0.347792655912264,-0.041956,-0.04,0.0624889169809809,0.2499778329792083
1430,seg_4a6s,MI,-0.016392,-0.041,0.0570141845205205,0.2387764320876759,-0.029268,-0.025,0.0303206588348348,0.1741282826965075,-0.0128549999999999,0.025,0.0389437036786786,0.1973415913553924,0.0052659999999999,0.0865,0.1123645718158158,0.3352082514136784,-0.0697999999999999,-0.085,0.059797081081081,0.2445344169663671
1430,seg_6a8s,MI,-0.001477,-0.021,0.0604294389099099,0.2458239998655743,-0.0103629999999999,-0.005,0.0313093926236236,0.1769446032622177,-0.0088939999999999,0.03,0.0386705413053053,0.1966482679946744,-0.03374,0.03,0.0997929313313313,0.3159001920406686,0.001301,0.0,0.0590322566556556,0.2429655462316738
1430,seg_8a10s,MI,0.026165,-0.005,0.0610984221971972,0.2471809503121088,-0.001421,-0.03,0.0409346023613613,0.2023230149077493,-0.027566,0.014,0.0367591568008007,0.1917267764314645,-0.022381,0.06,0.1158463501891891,0.3403620868857006,0.077727,0.05,0.0777318843553553,0.2788043836731326
1433,seg_0a2s,MI,0.10586,0.135,0.0152528232232232,0.1235023207199898,0.051031,0.015,0.0231538518908908,0.1521638981193991,-0.054822,-0.1045,0.0295090653813813,0.1717820286915409,0.017803,0.045,0.1060574976886886,0.3256647013243662,-0.005337,0.0,0.0203467161471471,0.1426419158142063
1433,seg_2a4s,MI,-0.0669739999999999,-0.06,0.0126828842082082,0.1126183120465238,-0.026323,-0.08,0.0412355682392392,0.2030654284688539,0.04066,-0.025,0.0356879803803803,0.188912626312749,-0.028616,0.04,0.1845678423863864,0.4296135966032574,0.032099,0.029,0.0326454406396396,0.1806804932460602
1433,seg_4a6s,MI,-0.074805,-0.0395,0.0119093523273273,0.1091299790494222,-0.050837,-0.076,0.0218873898208208,0.1479438738874335,0.0239629999999999,-0.04,0.0294318875185185,0.1715572426874438,0.036016,0.075,0.0968456533973973,0.3112003428619534,-0.018986,-0.0075,0.0225314372412412,0.1501047542259779
1433,seg_6a8s,MI,0.022676,0.0345,0.0142402973213213,0.1193327168940744,0.059058,0.047,0.0409331237597597,0.2023193608129477,0.036387,-0.03,0.0369095227537537,0.1921185122619726,-0.0231479999999999,0.05,0.197782981077077,0.4447279854889695,0.0100759999999999,0.0,0.0326578861101101,0.1807149305124236
1433,seg_8a10s,MI,-0.0071779999999999,0.03,0.0139860643803803,0.1182626922591413,-0.032562,-0.0505,0.0212101663223223,0.1456371048954294,-0.0253829999999999,-0.09,0.0296850473583583,0.1722934919210774,-0.024197,0.015,0.0930541683593593,0.3050478132348425,-0.0424789999999999,-0.0415,0.0212670205795795,0.1458321657919801
1439,seg_0a2s,MI,0.029404,-0.002,0.0545559547387387,0.2335721617375211,0.100997,0.065,0.0795392061971971,0.2820269600538168,0.0716089999999999,0.075,0.1509969911101101,0.3885833129588945,-0.110926,-0.115,0.1152516181421421,0.339487287158359,0.0615419999999999,0.085,0.1193600643003003,0.34548525916499
1439,seg_2a4s,MI,0.0166689999999999,-0.024,0.052631627066066,0.2294158387428079,0.086101,0.045,0.0255954562552552,0.1599858001675625,0.069428,0.064,0.0107459107267267,0.1036624846640612,-0.0726159999999999,-0.076,0.0603240586026026,0.2456095653727733,-0.0012569999999999,-0.043,0.1613985314824824,0.4017443608595925
1439,seg_4a6s,MI,-0.002145,-0.04,0.0544058318068068,0.2332505772914759,-0.009749,-0.05,0.0289893713703703,0.170262654068267,-0.0076169999999999,-0.011,0.010007788099099,0.1000389329166355,0.027775,0.02,0.0484101465215215,0.2200230590677293,0.014233,-0.047,0.1639750197307307,0.4049382912626697
1439,seg_6a8s,MI,-0.017332,-0.059,0.0544283621381381,0.2332988687030825,-0.068229,-0.115,0.0277533118708708,0.1665932527771484,-0.05091,-0.0575,0.0097540539539539,0.0987626141510741,0.0608919999999999,0.075,0.0497868171531531,0.2231295972146079,-0.017779,-0.1145,0.1620862063653654,0.402599312425351
1439,seg_8a10s,MI,-0.0220459999999999,-0.054,0.0554196975815815,0.2354138857025676,-0.088808,-0.135,0.0259934305665665,0.1612247827307159,-0.0667489999999999,-0.084,0.0126498658648648,0.1124716224870294,0.101476,0.11,0.0599361916156156,0.2448186913117861,-0.082921,-0.1225,0.1656255583173173,0.4069712008451179
1440,seg_0a2s,MI,-0.01439,-0.015,0.0008803802802802,0.0296712028788905,-0.094494,-0.115,0.0096676115755755,0.0983240132194347,-0.080124,-0.1035,0.0100996282522522,0.100496906680018,0.003559,0.051,0.082975508027027,0.2880546962419238,0.068217,0.05,0.0093136415525525,0.0965072098475163
1440,seg_2a4s,MI,0.0594089999999999,0.065,0.001403295014014,0.0374605794671413,0.079766,0.077,0.01013476601001,0.100671574985246,0.020381,0.006,0.0090723421811811,0.0952488434637459,-0.0290449999999999,0.02,0.0828443793543543,0.2878269955274424,0.0044739999999999,-0.017,0.007214744068068,0.0849396495640761
1440,seg_4a6s,MI,0.069129,0.07,0.0009382466056056,0.0306308113768735,0.122299,0.105,0.0089405021011011,0.09455422836183,0.053162,0.0345,0.0092307705265265,0.0960768990263868,-0.0394249999999999,0.019,0.0872557621371371,0.2953908633271129,-0.01941,-0.03,0.0078925964964964,0.0888402864498786
1440,seg_6a8s,MI,0.01917,0.025,0.0015845336336336,0.0398062009444964,0.02448,0.0095,0.0122083939939939,0.1104916014636134,0.0053009999999999,-0.026,0.0122551035025025,0.1107027709793323,0.006404,0.09,0.1300555883723723,0.3606322065101401,-0.023036,-0.035,0.0101884131171171,0.1009376694654533
1440,seg_8a10s,MI,-0.0976399999999999,-0.095,0.0026601065065065,0.0515762203588679,-0.1097139999999999,-0.1355,0.0098480862902902,0.0992375246078331,-0.012058,-0.035,0.0097562789149149,0.0987738776950409,0.068524,0.12,0.0897836891131131,0.2996392649722548,-0.023348,-0.04,0.0088990719679679,0.0943348926324081
1441,seg_0a2s,MI,-0.014608,-0.055,0.01626167401001,0.1275212688535132,-0.009787,-0.035,0.0062001397707707,0.0787409662803979,0.0048059999999999,0.016,0.0038783066706706,0.0622760521442285,-0.029113,-0.018,0.0469177079389389,0.2166049582510495,0.0292119999999999,-0.005,0.0147397928488488,0.1214075485661779
1441,seg_2a4s,MI,-0.033192,-0.07,0.0151894345705705,0.1232454241364383,-0.0107209999999999,-0.0205,0.0097922554144144,0.0989558255708799,0.0224529999999999,0.023,0.0077597515425425,0.088089451936895,0.015864,0.03,0.0444418013053053,0.2108122418297981,-0.02405,-0.064,0.0151010025025025,0.1228861363315752
1441,seg_4a6s,MI,-0.004826,-0.035,0.0167489146386386,0.1294175978707634,0.053531,0.0345,0.0065811021411411,0.0811239923890654,0.058357,0.065,0.004086524075075,0.0639259264702129,0.0145329999999999,0.0255,0.0468313642752752,0.2164055550933831,-0.020982,-0.059,0.0147018475235235,0.1212511753490395
1441,seg_6a8s,MI,0.0012149999999999,-0.034,0.0161734962712712,0.1271750615147139,0.0109089999999999,-0.001,0.0067170878068068,0.0819578416431692,0.0096969999999999,0.02,0.0046175387297297,0.0679524740515732,0.0114769999999999,0.025,0.0434921075785785,0.208547614655691,-0.01907,-0.058,0.0141203894894894,0.1188292450934932
1441,seg_8a10s,MI,0.0071399999999999,-0.025,0.0160541285285285,0.12670488754791,-0.0733,-0.085,0.0071265885885885,0.0844191245428936,-0.08044,-0.072,0.0056918022022022,0.0754440335759044,-0.002942,0.0104999999999999,0.0453535121481481,0.2129636404369256,0.0293389999999999,-0.007,0.0140517137927927,0.1185399248894345
1443,seg_0a2s,MI,-0.0305539999999999,-0.0505,0.015920930014014,0.1261781677391695,-0.032522,-0.028,0.0186424679839839,0.1365374233826901,-0.0019429999999999,0.034,0.0231295733243243,0.1520840995118303,-0.250057,0.039,0.9055586884394394,0.9516084743419636,0.155189,0.07,0.258208764043043,0.5081424643178751
1443,seg_2a4s,MI,-0.039546,-0.05,0.0114453612452452,0.1069829951218662,-0.022064,-0.03,0.02335010601001,0.1528074147743165,0.017455,0.028,0.0222458258008008,0.149150346297958,0.035965,0.1935,0.6938140458208207,0.8329550082812521,0.1110839999999999,0.0,0.2547292582022022,0.5047071013986253
1443,seg_4a6s,MI,-0.0150839999999999,-0.035,0.0090802912352352,0.095290562151953,0.01292,0.035,0.0160615131131131,0.1267340250805327,0.0279799999999999,0.063,0.0250912048048048,0.1584020353556254,-0.0438699999999999,0.25,1.205416837937938,1.0979147680662364,-0.005877,-0.125,0.2282168707417417,0.4777204943706536
1443,seg_6a8s,MI,0.0054259999999999,-0.015,0.0082151917157157,0.0906376947837692,0.013365,0.02,0.0137431248998999,0.1172310748048481,0.0079329999999999,0.037,0.0236203208318318,0.1536890394004459,0.10774,0.265,0.9536888132132132,0.9765699223369584,-0.0555709999999999,-0.145,0.185874026985986,0.4311311018541645
1443,seg_8a10s,MI,0.066692,0.064,0.0077053184544544,0.0877799433495742,0.027561,0.03,0.0139100343133133,0.1179408085155995,-0.039137,-0.022,0.0251573555865865,0.1586107045145017,0.146144,0.33,0.9407760072712712,0.9699360841165108,-0.198532,-0.28,0.1730817747507507,0.4160309781143115
1452,seg_0a2s,MI,-0.048349,-0.045,0.0185225957947947,0.1360977435330755,-0.034576,-0.0675,0.0202701263503503,0.1423731939318295,0.013783,-0.019,0.0113418377487487,0.1064980645305291,0.0357349999999999,-0.03,0.0411628256006006,0.2028862380759242,-0.043674,-0.065,0.0264229166406406,0.1625512738819374
1452,seg_2a4s,MI,-0.0294389999999999,-0.025,0.0170252755545545,0.1304809394300736,-0.012464,-0.04,0.0169859186226226,0.1303300373000123,0.016984,-0.013,0.0115377074514514,0.1074137209645557,-0.080465,-0.1385,0.0430485313063063,0.2074813999044403,0.0006829999999999,-0.0115,0.0224592697807807,0.1498641711043062
1452,seg_4a6s,MI,-0.004684,-0.002,0.0161937478918918,0.1272546576432151,-0.027297,-0.055,0.0169335683593593,0.1301290450259255,-0.0226099999999999,-0.055,0.0106445024024024,0.1031721978170592,0.0147969999999999,-0.045,0.0435829807717717,0.2087653725400162,-0.0177659999999999,-0.07,0.0256817149589589,0.1602551557952472
1452,seg_6a8s,MI,0.036455,0.03,0.0142724704454454,0.1194674451281412,-0.026355,-0.0545,0.0160901491241241,0.1268469515760001,-0.062793,-0.085,0.0081091853363363,0.0900510151877053,0.017317,-0.055,0.0384972737847847,0.1962072215408617,0.09328,0.06,0.0210348204204204,0.1450338595653457
1452,seg_8a10s,MI,0.035075,0.041,0.0158521615365365,0.1259053673857335,0.071181,0.0535,0.0159461864254254,0.1262782104142493,0.0361209999999999,0.01,0.0098957801391391,0.0994775358517647,0.021561,-0.055,0.0373561964754754,0.1932775115616803,-0.0366299999999999,-0.069,0.0203421732732732,0.142625990875693
1457,seg_0a2s,MI,0.073867,0.05,0.0149451884994995,0.1222505153342901,0.0022859999999999,-0.0185,0.0116030592632632,0.1077174974795797,-0.0715949999999999,-0.064,0.0103526996746746,0.1017482170589474,0.104203,0.101,0.0574679677587587,0.2397247750207699,-0.0001719999999999,-0.0325,0.0283025009169169,0.1682334714523745
1457,seg_2a4s,MI,0.0046519999999999,-0.0235,0.0202235784744744,0.1422096286278621,0.001615,-0.02,0.0177194141891891,0.1331142899511137,-0.003024,0.012,0.0174702516756756,0.1321750796318113,0.022183,0.0005,0.0931670185295295,0.305232728470473,0.0886359999999999,0.05,0.0355246501541541,0.1884798401796705
1457,seg_4a6s,MI,-0.025435,-0.045,0.0147965843593593,0.1216412115993562,-0.007859,-0.025,0.0133508799989989,0.1155460081482653,0.017544,0.029,0.0112688829469469,0.1061549949222689,-0.0005329999999999,-0.029,0.0543295804914914,0.2330870663325005,0.057975,0.0375,0.0253931074824824,0.1593521492873017
1457,seg_6a8s,MI,-0.027531,-0.0495,0.0150484134524524,0.122671975008363,0.0031079999999999,-0.0104999999999999,0.0133205408768768,0.1154146475837312,0.030651,0.041,0.0113333025015015,0.1064579846770616,0.009295,0.007,0.0536914654404404,0.2317141891219448,-0.015012,-0.044,0.0264843442002002,0.1627401124498818
1457,seg_8a10s,MI,-0.0771019999999999,-0.127,0.0489585141101101,0.2212657092956568,-0.026033,-0.0505,0.0152142101211211,0.1233458962475895,0.051069,0.075,0.0204184586976977,0.1428931723270839,-0.135965,-0.1925,0.1083776193943943,0.3292075627843236,-0.138562,-0.203,0.0576592313873873,0.2401233670165971
1463,seg_0a2s,MI,-0.077371,-0.134,0.0531618031621621,0.2305684348781553,0.011993,0.065,0.0904049779289289,0.3006742056261709,0.089362,0.18,0.2708303593153153,0.5204136425146014,0.03202,0.049,0.1825801817817817,0.4272940226375531,-0.085702,-0.053,0.0631977649609609,0.2513916565062591
1463,seg_2a4s,MI,0.0117619999999999,-0.051,0.0607129483043043,0.2463999762668501,0.0195179999999999,0.09,0.1203380717477477,0.3468977828521649,0.007779,0.1525,0.3331858239829829,0.5772225082089081,-0.024721,0.004,0.2587430321911911,0.50866789970588,0.04407,0.0305,0.1311184695695695,0.362102843912568
1463,seg_4a6s,MI,0.071223,0.013,0.0553954206916916,0.2353623179094132,0.101534,0.15,0.1015866935375375,0.3187266752839139,0.030312,0.135,0.2957122469029029,0.5437943056918699,-0.023905,-0.0465,0.1889017957707707,0.4346283421163083,0.35866,0.376,0.0649908692692692,0.2549330682145203
1463,seg_6a8s,MI,0.0209109999999999,-0.047,0.0618195906696696,0.2486354573862498,-0.0080549999999999,0.047,0.1049944003753753,0.3240283943968111,-0.0289859999999999,0.0905,0.313135257061061,0.5595848970987879,0.029243,0.025,0.1875269088598598,0.4330437724524622,-0.1013019999999999,-0.0845,0.0699501569529529,0.2644809198277882
1463,seg_8a10s,MI,-0.01785,-0.087,0.0641811426426426,0.25333997442694,-0.073646,-0.036,0.1042262769609609,0.322840946846835,-0.0557929999999999,0.045,0.3206967529039039,0.5663009384628493,0.0238509999999999,0.055,0.2477818986976977,0.4977769567765243,-0.2136459999999999,-0.17,0.0733177464304304,0.2707724993983518
1464,seg_0a2s,MI,-0.011755,-0.029,0.0196696286036036,0.140248453123746,0.005018,0.01,0.0074407944704704,0.0862600398241878,0.016755,0.045,0.0316409539289289,0.1778790429728272,-0.02451,0.0,0.0783209088088087,0.279858730092182,0.08541,0.0805,0.0289924963963963,0.1702718308951789
1464,seg_2a4s,MI,0.0101659999999999,-0.019,0.0267726811251251,0.1636235958690711,0.0060119999999999,0.014,0.010830198054054,0.1040682374889382,-0.0041449999999999,0.045,0.043707059034034,0.2090623328914944,-0.0309709999999999,0.04,0.1116130371961961,0.3340853741129596,-0.023429,-0.06,0.0414078608198198,0.2034892154877496
1464,seg_4a6s,MI,0.0148919999999999,0.005,0.0207322926286286,0.1439871266073069,-0.015839,-0.015,0.009116964043043,0.0954827944869809,-0.0307199999999999,0.0,0.0318845001001001,0.1785623143334004,0.0237509999999999,0.029,0.0885729799789789,0.2976121300938169,-0.0015649999999999,0.0155,0.0334319797547547,0.1828441406082097
1464,seg_6a8s,MI,0.018559,-0.006,0.0260721827017016,0.1614688288856449,-0.001382,0.014,0.0113012753513513,0.1063074567062506,-0.0199339999999999,0.03,0.0434849125565565,0.2085303636321496,-0.0159519999999999,0.039,0.1098086643603603,0.331373904163198,0.00192,-0.011,0.0420212728728728,0.2049909092444659
1464,seg_8a10s,MI,-0.051194,-0.062,0.0183282846486486,0.1353819952898045,-0.0083289999999999,-0.01,0.0086479427017017,0.0929943154268136,0.042861,0.078,0.0284815191981981,0.1687646858741431,0.046094,0.082,0.0847995326966967,0.2912035932070493,-0.066811,-0.0995,0.0353419352142142,0.1879945084682374
1473,seg_0a2s,MI,0.055358,0.06,0.0044573471831831,0.0667633670749399,0.011205,0.01,0.0045585995745745,0.0675174020129223,-0.044166,-0.045,0.0045863608048048,0.0677226757061828,-0.1993089999999999,-0.295,0.5333925680870871,0.7303372974777388,0.0367919999999999,0.048,0.0164551618978978,0.128277674978532
1473,seg_2a4s,MI,0.023013,0.0255,0.0044549938248248,0.066745740124931,0.0181069999999999,0.014,0.0045097312822822,0.0671545328498552,-0.004893,-0.001,0.0040791226736736,0.0638680097832527,-0.075793,-0.0775,0.4614400722232232,0.6792938040518427,0.006049,-0.01,0.0137920426416416,0.117439527594595
1473,seg_4a6s,MI,-0.021469,-0.02,0.0045656506896896,0.067569598856954,-0.012301,-0.02,0.0047893497487487,0.0692051280523975,0.009157,0.011,0.0043769933443443,0.0661588493275415,0.236966,0.1655,0.3703614983423424,0.6085733302917097,0.0262459999999999,0.02,0.0085719314154154,0.0925847256053363
1473,seg_6a8s,MI,-0.016305,-0.01,0.0052592832582582,0.0725209160053722,0.0022359999999999,-0.005,0.0059043946986986,0.0768400592054606,0.018539,0.015,0.0049841666456456,0.0705986306216037,-0.194,-0.2155,0.3620918558558558,0.6017406882169892,0.006678,0.009,0.011790765081081,0.1085852894322296
1473,seg_8a10s,MI,-0.04056,-0.045,0.0044807431431431,0.0669383533046873,-0.021917,-0.03,0.0043865546656656,0.066231070244,0.018659,0.02,0.0040764231421421,0.0638468726105057,0.194967,0.3655,0.5114628227337337,0.71516629026663,-0.0717649999999999,-0.066,0.0219497134884884,0.1481543569676184
1474,seg_0a2s,MI,0.121953,0.09,0.0303860047957958,0.1743158191209157,-0.028766,-0.05,0.0066499171611611,0.0815470242324093,-0.150697,-0.1335,0.0350076608518518,0.1871033427062484,0.051222,0.105,0.1211386013173173,0.3480497109858264,-1.105155,-1.107,1.8028803172922925,1.3427137883005047
1474,seg_2a4s,MI,-0.0288369999999999,-0.055,0.0194658402712712,0.1395200353758243,0.02578,0.005,0.0049076952952952,0.0700549448311487,0.054607,0.064,0.0230093539049049,0.151688344657409,0.023706,0.0285,0.089823453017017,0.2997056105864837,0.874606,0.9905,0.1111615783423423,0.3334090255862044
1474,seg_4a6s,MI,-0.043566,-0.082,0.0287937754194194,0.169687287147327,-0.016533,-0.035,0.0062378747857857,0.0789802176863661,0.027024,0.05,0.0348839974214214,0.1867725820922905,-0.020067,0.015,0.1110514219329329,0.333243787538392,-0.134976,-0.19,0.0320385379619619,0.1789931226666599
1474,seg_6a8s,MI,-0.037225,-0.079,0.0278944648398398,0.1670163609944841,-0.003927,-0.005,0.0073078214924924,0.0854857970220345,0.033305,0.065,0.033900096071071,0.1841197872882517,-0.011592,-0.0345,0.1449473128488488,0.380719467388849,-0.0212,-0.0295,0.0285339519519519,0.168919957234046
1474,seg_8a10s,MI,-0.017209,-0.041,0.018747719038038,0.1369223102275083,0.031706,0.01,0.0058968664304304,0.0767910569690926,0.0489099999999999,0.05,0.0256475734734734,0.160148598100244,-0.031585,0.0,0.1057138286036036,0.3251366306702516,0.3782709999999999,0.385,0.0305889705295295,0.1748970283610603
1482,seg_0a2s,MI,-0.005836,-0.061,0.029080908012012,0.1705312523029488,0.0072419999999999,0.005,0.0220462236596596,0.1484797079053554,0.0130929999999999,0.074,0.0608353997507507,0.2466483321467038,-0.0359179999999999,-0.035,0.068815813089089,0.2623276826587104,0.0002099999999999,-0.088,0.0777019078078078,0.2787506193855142
1482,seg_2a4s,MI,-0.0151209999999999,-0.058,0.0201114297887887,0.1418147728157711,0.004461,-0.015,0.0195096721511511,0.1396770280008532,0.019566,0.055,0.040659409053053,0.2016417839959095,0.034265,-0.005,0.0583335703453453,0.2415234364308055,-0.0085859999999999,-0.085,0.0608557083123123,0.2466894977746566
1482,seg_4a6s,MI,0.006349,-0.057,0.030006906105105,0.1732250158178809,-0.012581,-0.03,0.0227627942332332,0.1508734377988161,-0.018937,0.045,0.0614576386696696,0.2479065119549498,0.0032679999999999,-0.03,0.0858464506266266,0.2929956495011941,0.0160589999999999,-0.0795,0.0787317212402402,0.2805917340910815
1482,seg_6a8s,MI,-0.0117129999999999,-0.064,0.0285698785095095,0.1690262657385221,-0.017776,-0.029,0.019110254078078,0.1382398425855515,-0.0060659999999999,0.045,0.0560144500940941,0.2366737207509403,-0.0282029999999999,-0.04,0.0659998516426426,0.2569043628330251,-0.006452,-0.09,0.0763398155115115,0.2762966078537909
1482,seg_8a10s,MI,-0.004111,-0.055,0.021631322001001,0.1470759055760018,0.0100299999999999,-0.01,0.0206485796796796,0.1436961366205775,0.014148,0.055,0.0436818819779779,0.2090021099845118,0.007578,-0.025,0.0685314393553553,0.2617851014770614,-0.0114639999999999,-0.09,0.0596697904944944,0.244274006997254
1490,seg_0a2s,MI,-0.015652,-0.046,0.0369835324284284,0.1923110304387879,-0.008672,-0.0545,0.0350723567727727,0.1872761511051868,0.006966,-0.002,0.0225147295735735,0.1500490905456396,0.051351,0.054,0.0652384242232232,0.2554181360499352,-0.0151259999999999,-0.063,0.0468734215455455,0.2165027056310048
1490,seg_2a4s,MI,0.0073979999999999,-0.0144999999999999,0.0322741697657657,0.1796501315495365,-0.0059649999999999,-0.037,0.0304261198948948,0.1744308455947367,-0.013354,-0.0355,0.0235658645485485,0.1535117733222717,0.0135139999999999,0.029,0.0881991669709709,0.2969834456177161,-0.029085,-0.0595,0.0394795753503503,0.1986946787167446
1490,seg_4a6s,MI,0.0015569999999999,-0.0305,0.0320385633143143,0.1789931934859935,0.0057449999999999,-0.021,0.0303433192942942,0.1741933388344522,0.004181,-0.009,0.0234201483873873,0.1530364283018503,0.003231,-0.004,0.0727928384774774,0.2698014797540545,-0.0054779999999999,-0.04,0.0394179454614614,0.1985395312310912
1490,seg_6a8s,MI,-0.006532,-0.03,0.0302909899659659,0.1740430692844905,-0.0081929999999999,-0.037,0.0299386644154154,0.1730279295819475,-0.0016799999999999,-0.02,0.0211402458458458,0.1453968563822679,-0.059687,-0.0584999999999999,0.0704957768078078,0.2655104080969478,0.0163499999999999,-0.025,0.0409426341341341,0.2023428628198537
1490,seg_8a10s,MI,0.0034819999999999,-0.019,0.0286531448208208,0.1692723982840109,0.023122,-0.007,0.033043951067067,0.1817799523244163,0.0196259999999999,0.0025,0.0200685907147147,0.1416636534708699,-0.012183,-0.032,0.0731930625735735,0.2705421641326423,0.000784,-0.05,0.0453531124564564,0.2129627020312628
1492,seg_0a2s,MI,-0.004502,0.0,0.0128229509469469,0.1132384693774467,0.028454,0.035,0.0126154193033033,0.1123183836391145,0.032947,0.035,0.004136907098098,0.0643187927288603,-0.0127019999999999,0.035,0.0420685457417417,0.2051061816273262,-0.004899,-0.015,0.0229794422412412,0.1515897168057294
1492,seg_2a4s,MI,-0.0099979999999999,-0.01,0.0129739579539539,0.1139032833326324,0.005951,0.013,0.0124678864854854,0.1116596905131188,0.015965,0.02,0.0049198276026026,0.0701414827516684,0.003165,0.045,0.0418034912662662,0.2044590209950792,-0.0035089999999999,-0.01,0.0232337336526526,0.1524261580328411
1492,seg_4a6s,MI,0.011028,0.015,0.0159601393553553,0.1263334451178917,0.005245,0.02,0.0156856766516516,0.1252424714370155,-0.005777,0.0,0.0059679091801801,0.0772522438520732,-0.0045009999999999,0.055,0.0583188728718718,0.2414930079150778,0.0013889999999999,-0.01,0.0331065962752752,0.181952181287489
1492,seg_6a8s,MI,0.002137,0.015,0.015415810041041,0.1241604205898201,-0.020058,-0.0035,0.0155431918278278,0.124672337861403,-0.022197,-0.02,0.0042882944854854,0.0654850707068831,-0.0025049999999999,0.033,0.0436314394144144,0.2088814003553557,-0.001176,-0.009,0.0247106696936936,0.1571962776076256
1492,seg_8a10s,MI,-0.0008599999999999,0.008,0.0129349913913913,0.1137321036092773,-0.003457,0.005,0.0127739741251251,0.1130220072602018,-0.002592,0.0,0.0045739795155155,0.0676312022332555,0.004391,0.045,0.0409990071261261,0.2024821155710452,0.002345,-0.005,0.0233877877627627,0.1529306632522162
1513,seg_0a2s,MI,0.067296,0.025,0.034524653037037,0.1858081081035944,0.075745,0.042,0.0266169629379379,0.1631470592377868,0.008465,0.022,0.0069280788538538,0.0832350818696891,-0.0033219999999999,-0.03,0.0156887931091091,0.1252549125148754,-0.162012,-0.2,0.0307349608168168,0.1753138922527727
1513,seg_2a4s,MI,-0.0214929999999999,-0.069,0.0349313733243243,0.1868993668376763,-0.0196139999999999,-0.06,0.0278421251291291,0.1668595970543173,0.001893,0.015,0.006525463014014,0.0807803380409738,-0.00289,-0.03,0.0161468887887887,0.127070408785007,0.0406619999999999,0.0285,0.0323939256816816,0.179983126102648
1513,seg_4a6s,MI,-0.042855,-0.085,0.0341848528278278,0.1848914622902524,-0.029237,-0.07,0.026961258089089,0.1641988370515732,0.013628,0.03,0.0067558254414414,0.082193828487554,0.026813,0.005,0.0141516516826826,0.1189607148712661,0.200561,0.166,0.0293471474264264,0.1713100914319598
1513,seg_6a8s,MI,-0.032189,-0.075,0.0349662495285285,0.1869926456535885,-0.031248,-0.07,0.026792571067067,0.1636843641496251,0.000934,0.015,0.0070969545985985,0.084243424660911,0.0047879999999999,-0.025,0.0159455706266266,0.1262757721284119,0.1068799999999999,0.1,0.0322983219219219,0.1797173389573803
1513,seg_8a10s,MI,-0.006949,-0.039,0.0252332916906906,0.158849903023863,-0.01214,-0.035,0.0189349333333333,0.1376042634998397,-0.0051969999999999,0.0,0.0049593615525525,0.0704227346284745,-0.0268489999999999,-0.05,0.0124567329319319,0.111609734933526,-0.162061,-0.185,0.0228823155945945,0.151269017298965
1521,seg_0a2s,MI,-0.018882,-0.026,0.0142462983743743,0.1193578584525307,0.030256,0.033,0.0056774499139139,0.0753488547617939,0.049114,0.056,0.0035371921961961,0.0594742986187831,0.0189469999999999,-0.02,0.0353874075985986,0.188115410316642,0.032182,0.025,0.003349178054054,0.057872083546854
1521,seg_2a4s,MI,-0.039403,-0.056,0.0149548053963963,0.1222898417547279,-0.074592,-0.098,0.0075622898258258,0.0869614272296966,-0.035204,-0.035,0.0064431014854854,0.0802689322557955,-0.054376,-0.08,0.0352463409649649,0.1877400888594787,0.063838,0.06,0.0050057795355355,0.0707515338034133
1521,seg_4a6s,MI,0.078635,0.0625,0.0091161659409409,0.0954786150975229,0.05138,0.0525,0.004714438038038,0.0686617654742291,-0.027246,-0.02,0.0026212907747747,0.0511985427016704,-0.050694,-0.078,0.024096647011011,0.1552309473365765,0.001255,0.0345,0.0106813333083083,0.1033505360813784
1521,seg_6a8s,MI,0.050284,0.025,0.0130081394834834,0.1140532309208445,-3.0000000000001136e-06,-0.0104999999999999,0.0068282772682682,0.0826333907586289,-0.050289,-0.055,0.0046818513303303,0.0684240552023214,-0.0303,-0.059,0.0349871151151151,0.1870484298654097,-0.060007,-0.055,0.0074082151661661,0.0860709891087941
1521,seg_8a10s,MI,-0.035934,-0.054,0.0138255592032032,0.1175821381129089,0.019635,0.0185,0.0053234051801801,0.0729616692529726,0.055567,0.085,0.0067957172282282,0.0824361403040452,0.106195,0.079,0.0367181711461461,0.1916198610430196,-0.010547,-0.025,0.0038097495405405,0.0617231685879827
1525,seg_0a2s,MI,0.041013,0.0205,0.0250362951261261,0.158228616647325,0.052801,0.059,0.0177004118108108,0.1330428946272998,0.011782,0.03,0.0066271115875875,0.0814070733265088,-0.044114,-0.005,0.0951547737777777,0.3084716741903181,-0.1015389999999999,-0.093,0.0425238723513513,0.206213172109231
1525,seg_2a4s,MI,-0.0083989999999999,-0.025,0.0216410948938938,0.1471091258008621,0.0056559999999999,0.0,0.01478034601001,0.1215744463693337,0.01407,0.025,0.0033822553553553,0.0581571608261214,0.007576,-0.009,0.0690744927167167,0.2628202669443829,0.082635,0.0655,0.0291169086836836,0.1706367741246994
1525,seg_4a6s,MI,-0.1014269999999999,-0.109,0.0283199746456456,0.168285396412302,-0.112104,-0.1065,0.0191751763603603,0.1384744610401512,-0.0106859999999999,0.01,0.006593603007007,0.0812010037315242,0.02215,0.045,0.0950387882882882,0.308283616639432,0.115342,0.13,0.0414148018378378,0.2035062697752524
1525,seg_6a8s,MI,0.033388,0.0,0.0182655149709709,0.1351499721456537,0.027428,0.01,0.0120683431591591,0.1098560110287969,-0.0059569999999999,0.01,0.0044935446956956,0.0670339070597536,-0.01285,-0.005,0.0745140435435435,0.2729726058481758,-0.0874,-0.1125,0.031223047047047,0.1767004443883688
1525,seg_8a10s,MI,0.03731,0.001,0.0272819198198198,0.1651723942425604,0.037276,0.0335,0.0180504142382382,0.1343518300516901,-3.699999999999904e-05,0.029,0.007589383014014,0.0871170649988509,0.036708,0.0435,0.0912721228588588,0.3021127651372229,-0.0288,-0.025,0.0446959199199199,0.2114140958401778
1537,seg_0a2s,MI,-0.2210859999999999,-0.229,0.0556719605645645,0.2359490634958413,-0.202696,-0.1895,0.0249973088928928,0.1581053727515067,0.018384,0.035,0.0104420465905905,0.1021863326995865,-0.053344,0.075,0.5967110887527528,0.7724707688662095,-0.098583,-0.125,0.0533094305415415,0.2308883508138544
1537,seg_2a4s,MI,0.0910309999999999,0.065,0.0530209369759759,0.2302627563805662,0.036535,0.029,0.0262424352102102,0.1619951703298904,-0.054515,-0.045,0.0105701038788788,0.1028110104943963,-0.0092619999999999,0.125,0.5639401394954956,0.7509594792633592,0.0305289999999999,0.005,0.0526710682272272,0.2295017826232014
1537,seg_4a6s,MI,0.196456,0.171,0.0418433113753753,0.2045563770097998,0.145202,0.132,0.0145385217177177,0.1205757924200281,-0.051249,-0.049,0.0118525335325325,0.108869341563787,0.014411,0.1295,0.6085900241031033,0.780121800812606,0.028983,0.02,0.0537194701811811,0.2317746107346125
1537,seg_6a8s,MI,0.0189369999999999,-0.015,0.0458467237547547,0.2141184806474087,0.055587,0.038,0.013406641072072,0.1157870505370616,0.036617,0.052,0.0143729632742742,0.1198872940485115,-0.043836,0.061,0.6077570021061062,0.7795877129009321,0.0049179999999999,-0.003,0.0524840232992993,0.2290939180757518
1537,seg_8a10s,MI,-0.117977,-0.1365,0.0267504569279279,0.163555669201431,-0.055096,-0.07,0.0091779727567567,0.0958017367105458,0.062884,0.07,0.007747500044044,0.0880198843673635,0.0993699999999999,0.135,0.311278847947948,0.5579236936606546,0.02779,0.035,0.0247010749749749,0.1571657563687935
1541,seg_0a2s,MI,0.024409,-0.018,0.0306261018208208,0.1750031480311734,-0.007107,-0.053,0.019382492043043,0.1392210186826796,-0.031529,-0.037,0.0082858169759759,0.0910264630532021,0.003769,-0.105,0.1156256072462462,0.3400376556298526,-0.009817,-0.093,0.0643777432542542,0.2537276950871824
1541,seg_2a4s,MI,-0.006217,-0.043,0.0263078217327327,0.1621968610446353,-0.0039539999999999,-0.0415,0.0206422361201201,0.1436740620993229,0.0022539999999999,-0.005,0.0093488783623623,0.0966895980049682,-0.03082,-0.101,0.0911610586586586,0.3019288966936729,-0.008838,-0.085,0.0668141699259259,0.2584843707575487
1541,seg_4a6s,MI,0.0061429999999999,-0.026,0.0231667973483483,0.1522064300492865,0.087425,0.06,0.0143292656406406,0.1197049106788883,0.08128,0.0825,0.0064660376376376,0.0804116760031628,-0.024558,-0.134,0.1016147573933934,0.3187706972000303,-0.035898,-0.1,0.0440401317277277,0.2098574080839838
1541,seg_6a8s,MI,0.046102,0.0,0.0305617713673673,0.1748192534229778,0.0233779999999999,-0.0215,0.0216417228388388,0.1471112600681499,-0.0227239999999999,-0.03,0.0068417035275275,0.0827145907777311,0.0365699999999999,-0.074,0.1135357448448448,0.3369506563947381,0.0012549999999999,-0.074,0.0635919859609609,0.2521745148918918
1541,seg_8a10s,MI,-0.0626159999999999,-0.095,0.0287283709149149,0.1694944568855126,-0.084296,-0.114,0.0204363026866866,0.1429555969057759,-0.0216939999999999,-0.028,0.0075858602242242,0.0870968439395149,-0.0165929999999999,-0.102,0.0990381515025024,0.3147032753285267,-0.008232,-0.085,0.0647931913673673,0.2545450674583331
1544,seg_0a2s,MI,-0.040605,-0.1,0.035371068043043,0.1880719756982497,0.0144959999999999,0.01,0.0097094994834834,0.0985367925370187,0.055095,0.078,0.0205428328078078,0.1433277112348055,-0.04921,-0.11,0.077369113013013,0.2781530388347627,0.033521,-0.0175,0.0400797793383383,0.2001993489957905
1544,seg_2a4s,MI,-0.0260919999999999,-0.083,0.0376044519879879,0.1939186736443604,-0.080563,-0.095,0.0101924304614614,0.1009575676284916,-0.0544619999999999,-0.03,0.019456479035035,0.1394864833417024,0.077839,-0.022,0.0759082613403403,0.2755145392539935,0.069516,0.02,0.0364231849289289,0.1908485916346487
1544,seg_4a6s,MI,0.044509,-0.008,0.0346572511701701,0.1861645808691067,0.095549,0.082,0.0085625041031031,0.0925337997874458,0.051043,0.07,0.0164778409919919,0.1283660429864222,-0.066343,-0.1585,0.0793044878388388,0.2816105250853363,-0.042947,-0.0825,0.0381353034944944,0.195282624661014
1544,seg_6a8s,MI,0.019857,-0.021,0.0260857162672672,0.1615107311210845,0.055628,0.04,0.0082068524684684,0.0905916799075305,0.035786,0.045,0.0140470752792792,0.1185203580794425,-0.0389709999999999,-0.105,0.0510991392982983,0.2260511873410496,-0.0096109999999999,-0.05,0.0267967083873873,0.1636970017666401
1544,seg_8a10s,MI,-0.0173189999999999,-0.08,0.0365236769159159,0.1911116870207469,-0.0941859999999999,-0.11,0.0087309103143143,0.0934393402925893,-0.076879,-0.055,0.0180673356946946,0.1344147897171092,0.075811,-0.02,0.074919757036036,0.2737147366073592,-0.0533929999999999,-0.113,0.0374338644154154,0.193478330609439
1547,seg_0a2s,MI,-0.006719,-0.035,0.0164377257647647,0.1282096945038274,0.020383,0.01,0.0045928751861861,0.0677707546526242,0.027099,0.045,0.0077253525515515,0.0878939847290561,-0.0640299999999999,-0.138,0.0744637608608608,0.2728804882377281,0.0034859999999999,-0.04,0.0301307325365365,0.1735820628306293
1547,seg_2a4s,MI,-0.005236,-0.031,0.0178428471511511,0.1335771206125927,-0.016002,-0.03,0.0048266966926926,0.0694744319350125,-0.010763,0.005,0.0078154743053053,0.0884051712588426,-0.0063579999999999,-0.09,0.0827886765125125,0.2877302148063573,0.018923,-0.021,0.0301288999709709,0.1735767840783178
1547,seg_4a6s,MI,-0.02476,-0.049,0.0146903927927927,0.1212039305996005,-0.027281,-0.044,0.005043998037037,0.0710211097986861,-0.002531,0.0085,0.0070935225615615,0.0842230524355509,0.0334199999999999,-0.014,0.0829880736736736,0.2880765066326542,-0.031481,-0.074,0.0322307043433433,0.1795291183717653
1547,seg_6a8s,MI,-0.007034,-0.035,0.015716225069069,0.1253643692165723,-0.01832,-0.03,0.0047725201201201,0.0690834286940082,-0.011292,0.005,0.0080626613973973,0.0897923237108685,0.0560549999999999,0.01,0.0756722522272272,0.275085899724481,0.0003769999999999,-0.04,0.0315867856566566,0.1777267162152518
1547,seg_8a10s,MI,0.016395,-0.0245,0.0220963893643643,0.1486485430953306,0.058285,0.05,0.0051127665415415,0.0715036120873731,0.04189,0.07,0.0117589628628628,0.108438751665919,-0.0166759999999999,-0.1025,0.1104430821061061,0.3323297791443104,0.0072029999999999,-0.06,0.0416760118028027,0.204147034763679
1549,seg_0a2s,MI,-0.007112,-0.06,0.0641598112672672,0.2532978706331091,-0.026794,-0.026,0.0025510245885885,0.0505076686116929,-0.0196699999999999,0.045,0.0637166897897897,0.2524216507944391,0.024631,0.01,0.0231651319709709,0.152200959165739,-2.4000000000002687e-05,-0.0165,0.0080832586826826,0.0899069445742801
1549,seg_2a4s,MI,-0.062459,-0.1285,0.0932554117307307,0.3053774905436396,-0.002595,0.0,0.0026105054804804,0.0510931059975852,0.059872,0.13,0.0893395892052052,0.2988972887217366,0.033176,0.005,0.0339702933173173,0.1843103179893012,0.037384,0.01,0.0121070896336336,0.1100322208883999
1549,seg_4a6s,MI,-0.046309,-0.0905,0.0621283558748748,0.2492556034974437,0.03719,0.04,0.0024103742742742,0.0490955626739756,0.0835,0.13,0.060002098098098,0.2449532569656874,0.0213949999999999,0.0,0.0238256566316316,0.1543556174281701,0.0008839999999999,-0.015,0.007716525069069,0.0878437537282479
1549,seg_6a8s,MI,0.02941,-0.036,0.0867764743743743,0.2945784689592475,0.011321,0.015,0.0028225284874874,0.0531274739422785,-0.0180959999999999,0.06,0.081146281065065,0.2848618631285435,-0.005357,-0.03,0.036224490041041,0.1903273234221535,0.072616,0.045,0.0145374099539539,0.1205711821039918
1549,seg_8a10s,MI,0.078688,0.035,0.05992737403003,0.2448006822499276,-0.016731,-0.015,0.0022092799189189,0.0470029777665087,-0.09543,-0.0305,0.0590358729729729,0.2429729881550066,-0.082668,-0.115,0.0244279917677677,0.156294567300875,-0.091277,-0.11,0.0133133055765765,0.1153832985166249
1550,seg_0a2s,MI,0.0088809999999999,0.005,0.0249909057447447,0.1580851218323367,0.012322,0.015,0.0052038081241241,0.0721374252668067,0.003437,0.02,0.0103355195505505,0.1016637573108064,0.026217,0.035,0.0032823482592592,0.0572917817776621,-0.0152289999999999,-0.02,0.013606497056056,0.1166468904688678
1550,seg_2a4s,MI,-0.018884,-0.0435,0.0377384349789789,0.1942638282825163,-0.040553,-0.045,0.0065987659569569,0.0812327886813998,-0.021677,0.004,0.0151784691401401,0.1232009299483577,0.022872,0.035,0.0047583799959959,0.0689810118510593,0.03279,0.035,0.0191355274274274,0.1383312236171842
1550,seg_4a6s,MI,0.0223159999999999,0.001,0.0358727328768768,0.1894009843608973,-0.0017629999999999,-0.01,0.0083026274584584,0.0911187547020834,-0.024075,0.0,0.0127072245995996,0.1127263261159504,-0.0165389999999999,-0.005,0.0053184509299299,0.072927710302257,-0.040817,-0.055,0.022461517028028,0.1498716685302063
1550,seg_6a8s,MI,-0.040024,-0.06,0.0278020754994995,0.166739543898559,0.010577,0.013,0.0057981302012012,0.0761454542385899,0.0506039999999999,0.076,0.0119211263103103,0.1091839104919324,-0.013567,-0.01,0.0038164079189189,0.0617770824733486,0.026465,0.019,0.0160473721471471,0.1266782228607078
1550,seg_8a10s,MI,0.0251269999999999,0.001,0.0388020068778778,0.1969822501594442,0.023969,0.0275,0.0073246667057057,0.0855842666949113,-0.001149,0.0225,0.016443224023023,0.1282311351545443,-0.043595,-0.035,0.0053408658408408,0.0730812276911166,-0.02559,-0.054,0.0225095234234234,0.1500317413863593
1556,seg_0a2s,MI,0.0109109999999999,-0.013,0.0115038789579579,0.1072561371575443,0.027535,-0.0085,0.0117505713463463,0.1084000523355332,0.016614,0.02,0.0114112282322322,0.1068233505944848,0.1192609999999999,0.065,0.1293142591381381,0.3596029187008055,-0.013186,-0.051,0.038151605009009,0.1953243584630678
1556,seg_2a4s,MI,0.0012139999999999,-0.024,0.0111069851891891,0.1053896825556903,-0.020909,-0.0515,0.0125207915105105,0.1118963427039083,-0.022112,-0.025,0.0117900555115115,0.1085820220456015,-0.075937,-0.1435,0.1105261752062062,0.3324547716700817,0.018281,-0.0195,0.0349790931321321,0.1870269850372724
1556,seg_4a6s,MI,0.009207,-0.018,0.0101521823333333,0.1007580385544167,-0.023257,-0.0575,0.0118283312822822,0.1087581320282868,,,,,-0.034961,-0.096,0.1128344479269269,0.3359083921650767,-0.0145959999999999,-0.021,0.0506653801641641,0.2250897158116384
1556,seg_6a8s,MI,0.009434,-0.011,0.0091741578018018,0.0957818239636404,0.0081859999999999,-0.025,0.0116564478518518,0.1079650306898111,,,,,0.043264,-0.0305,0.1101770313353353,0.331929256522132,0.016921,-0.025,0.0349336524114114,0.1869054638350934
1556,seg_8a10s,MI,-0.0002069999999999,-0.018,0.0090040962472472,0.0948899164677008,0.028533,-0.0005,0.0120283292402402,0.1096737399756215,0.028754,0.025,0.0116273067907907,0.1078299902197472,-0.058498,-0.11,0.1167459219179179,0.3416810236432774,2.199999999999136e-05,-0.049,0.0333712647807807,0.1826780358466249
1558,seg_0a2s,MI,-0.009316,-0.01,0.0204741042482482,0.1430877501683783,-0.042602,-0.025,0.0097708564524524,0.0988476426246597,-0.033282,-0.005,0.0384606210970971,0.1961137962946439,-0.063392,-0.084,0.0090633717077077,0.0952017421463898,-0.1262609999999999,-0.115,0.0051292581371371,0.0716188392613084
1558,seg_2a4s,MI,-0.01357,-0.016,0.0230065936936936,0.1516792460875702,0.005958,0.025,0.0078830512872872,0.0887865490222887,0.019529,0.04,0.0394742574164164,0.1986812960910423,0.034536,0.015,0.0099487714754754,0.0997435284891981,0.047407,0.055,0.0040678351861861,0.0637795828317039
1558,seg_4a6s,MI,-0.001443,-0.005,0.0202738425935935,0.1423862443973911,0.036639,0.06,0.0099370757547547,0.0996848822778798,0.038093,0.065,0.036726671022022,0.1916420387650424,-0.088696,-0.095,0.0062010466306306,0.0787467245708075,0.009565,-0.01,0.0106820758508508,0.1033541283686861
1558,seg_6a8s,MI,0.010978,0.0,0.0301142517677677,0.1735345837802014,0.00218,0.03,0.0114799635635635,0.1071445918540155,-0.0087979999999999,0.03,0.0544472144104104,0.2333392688991941,0.0021509999999999,-0.02,0.0103481043033033,0.1017256324792493,0.057161,0.055,0.0109874605395395,0.1048210882386723
1558,seg_8a10s,MI,0.023082,0.02,0.0244822355115115,0.1564680015578632,0.0223789999999999,0.04,0.0072610444034034,0.085211762118873,-0.0007029999999999,0.02,0.0360433561471471,0.1898508787104951,0.091935,0.077,0.0089188716466466,0.0944397778832979,-0.021698,-0.015,0.0039451719679679,0.0628106039452572
1575,seg_0a2s,MI,-0.0087149999999999,-0.01,0.0517906724474474,0.2275756411557428,-0.019766,-0.0095,0.0275736709149149,0.1660532171170282,-0.011042,0.021,0.0802629471831831,0.2833071604869583,0.103099,-0.002,0.2772621873863864,0.526556917518312,-0.036599,-0.052,0.032566819018018,0.1804627912286021
1575,seg_2a4s,MI,-0.002212,0.0,0.0596281812372372,0.2441888229162777,0.079078,0.075,0.050516092008008,0.2247578519384985,0.081305,0.075,0.1261297937687688,0.3551475661873086,0.080108,-0.0584999999999999,0.3432284928288288,0.5858570583588021,0.043991,0.006,0.0773416866056056,0.2781037335340998
1575,seg_4a6s,MI,0.059013,0.05,0.0360439247557557,0.1898523762183548,-0.0395,-0.015,0.0306379719719719,0.175037058853181,-0.0985149999999999,-0.055,0.0757207224974974,0.2751739858662106,0.111992,-0.035,0.2763756315675676,0.5257144011415016,0.092164,0.073,0.0321797288328328,0.179387092157805
1575,seg_6a8s,MI,0.0046529999999999,-0.003,0.061819486077077,0.2486352470529411,-0.013658,0.005,0.0341369259619619,0.1847618087212884,-0.01833,0.025,0.1039296307307307,0.322381188549721,-0.1583589999999999,-0.305,0.348321877996997,0.5901880022475864,-0.0087429999999999,-0.035,0.0444515745255255,0.2108354204718114
1575,seg_8a10s,MI,-0.089259,-0.0735,0.0608361961151151,0.2466499465135054,0.0181969999999999,0.0355,0.0273177559469469,0.1652808396244009,0.107443,0.1205,0.0850521188698698,0.2916369641692731,-0.117218,-0.2865,0.3498858263023023,0.5915114760529184,-0.103014,-0.1315,0.0401565043083083,0.2003908788051699
1577,seg_0a2s,MI,-0.002522,-0.0175,0.0440020775935935,0.2097667218449904,0.002509,-0.0015,0.0060563742932932,0.0778227106524393,0.005042,0.001,0.0284775938298298,0.1687530557644211,-0.0780449999999999,-0.0775,0.0821116045795795,0.2865512250533568,-0.015104,0.034,0.0154365837677677,0.1242440492247728
1577,seg_2a4s,MI,0.0029239999999999,-0.01,0.0439438761001001,0.2096279468489354,0.003079,0.0095,0.0058377344934934,0.0764050685065689,0.0001689999999999,0.0045,0.0278306791181181,0.1668252951986542,0.046012,0.06,0.0817750308868869,0.2859633383615579,0.053563,0.046,0.0042173173483483,0.0649408757898162
1577,seg_4a6s,MI,0.017783,0.0045,0.0438001840950951,0.2092849351842962,0.036977,0.0325,0.0056122026736736,0.0749146359109731,0.019182,0.025,0.0274352661421421,0.1656359445957976,0.112167,0.115,0.0831222373483483,0.2883092737813828,0.068711,0.0615,0.0046677472262262,0.0683209135347751
1577,seg_6a8s,MI,-0.0116289999999999,-0.023,0.0444845879469469,0.2109136978646643,0.019983,0.016,0.0059468755865865,0.0771159878792108,0.0316029999999999,0.03,0.0284165038948948,0.168571954651107,0.0009779999999999,-0.004,0.0840329424584584,0.2898843604930394,-0.045516,-0.05,0.0057035092532532,0.0755215813741559
1577,seg_8a10s,MI,-0.012388,-0.035,0.0344257912472472,0.1855418854254943,-0.049819,-0.054,0.0083423565955955,0.0913365019890492,-0.037435,-0.0185,0.0280847265015015,0.1675849829235946,-0.048277,-0.08,0.0769614937647647,0.2774193464139888,-0.048475,-0.05,0.0031070043793793,0.0557405093211335
1586,seg_0a2s,MI,-0.016557,-0.027,0.0074035042552552,0.0860436183296312,-0.0385499999999999,-0.058,0.0118501236236236,0.1088582731060144,-0.022011,-0.027,0.0030856345135135,0.0555484879498399,0.0476889999999999,0.064,0.1141068631421421,0.3377970739099765,0.180093,0.009,0.3556188371881881,0.5963378549012197
1586,seg_2a4s,MI,0.001379,-0.01,0.0073878612202202,0.0859526684880709,-0.028121,-0.06,0.0122772055645645,0.1108025521572701,-0.029486,-0.037,0.0031304922962962,0.0559508024633811,-0.0348279999999999,-0.01,0.1040289333493493,0.3225351660661971,0.186483,0.325,0.2676924461571572,0.5173900329124608
1586,seg_4a6s,MI,0.028286,0.018,0.0075089251291291,0.0866540543144354,0.075909,0.055,0.0111735702892892,0.1057051100434093,0.047633,0.048,0.0030205368478478,0.0549594109124892,0.030662,0.055,0.1104710127687687,0.332371798997401,-0.341783,-0.445,0.1276369608718718,0.3572631535323393
1586,seg_6a8s,MI,0.027006,0.0125,0.0102438237877877,0.1012117769223907,0.010822,-0.014,0.0157908431591591,0.1256616216637329,-0.0161999999999999,-0.02,0.00380604004004,0.0616931117714128,-0.0374539999999999,0.0155,0.154322168052052,0.3928386030573523,-0.350869,-0.663,0.4155245583973973,0.6446119440387351
1586,seg_8a10s,MI,-0.02284,-0.034,0.0072273797797797,0.0850139975520489,-0.016136,-0.035,0.0116628903943943,0.107994862814832,0.006677,0.01,0.0049842208918918,0.0705990148082244,0.003371,0.03,0.1028578732322322,0.3207146289651163,0.334558,0.485,0.3367546292652653,0.5803056343559533
1587,seg_0a2s,MI,0.0525139999999999,0.006,0.0624707605645645,0.2499415142879721,-0.077397,-0.09,0.0126332406316316,0.1123976896187445,-0.129906,-0.105,0.0290476548188188,0.1704337255909722,0.283836,0.2,0.1489001212252252,0.3858757847095685,0.112668,0.055,0.0834059697457457,0.2888009171483805
1587,seg_2a4s,MI,-0.0108539999999999,-0.0455,0.0402105492332332,0.2005256822285694,-0.012161,-0.03,0.0074226737527527,0.0861549403850571,-0.0013059999999999,0.015,0.0175797661301301,0.1325887104173282,0.087027,0.04,0.0821683746456456,0.2866502653856187,0.035489,0.01,0.0430992291081081,0.207603538284173
1587,seg_4a6s,MI,-0.02473,-0.065,0.0356547418418418,0.1888246325081604,0.027784,0.015,0.0081375208648648,0.0902082084117895,0.052506,0.0745,0.0134963483123123,0.1161737849616354,-0.135748,-0.164,0.0971909013973974,0.3117545531301787,-0.092059,-0.13,0.060880578097097,0.2467398996860805
1587,seg_6a8s,MI,-0.008132,-0.055,0.0381617683443443,0.1953503732894932,0.030666,0.01,0.0073174939379379,0.0855423517208753,0.03878,0.06,0.0138163639639639,0.1175430302653626,-0.137192,-0.138,0.1516172563923924,0.389380606081495,0.013599,-0.0315,0.0652321343333333,0.2554058228258184
1587,seg_8a10s,MI,-0.0141659999999999,-0.055,0.0379492196636636,0.194805594538924,0.0372919999999999,0.025,0.0127346373733733,0.1128478505483085,0.051453,0.09,0.0214204902812812,0.1463574059666311,-0.129018,-0.0945,0.1281115312072072,0.3579267120615717,-0.039369,-0.085,0.0569904733123123,0.2387267754406956
1588,seg_0a2s,MI,-0.038726,-0.075,0.042782167091091,0.2068385048560617,-0.007757,-0.03,0.0269352732242242,0.1641196917625189,0.0309439999999999,0.0485,0.0096297886526526,0.0981314865507124,-0.072293,-0.0525,0.0450656307817817,0.2122866712296883,-0.071611,-0.095,0.0359847224014014,0.1896963953305423
1588,seg_2a4s,MI,-0.027317,-0.045,0.0293580605715715,0.1713419404920219,-0.010741,-0.009,0.0233699859049049,0.1528724497903559,0.016578,0.0335,0.0072705124284284,0.0852672998776695,0.031431,0.055,0.0338544797187187,0.1839958687544878,0.003113,-0.01,0.0331050412722722,0.1819479081283219
1588,seg_4a6s,MI,-0.0112459999999999,-0.037,0.0418627342182182,0.2046038470269272,-0.108977,-0.1315,0.0268292517227227,0.163796372739822,-0.097746,-0.095,0.0082211406246246,0.0906705058143199,0.06226,0.1,0.0456053077077077,0.2135539924883347,0.064795,0.0645,0.0339485935685685,0.1842514411573721
1588,seg_6a8s,MI,0.0115629999999999,-0.015,0.0457292853163163,0.2138440677604041,0.043181,0.025,0.0285939061451451,0.1690973274334788,0.031616,0.048,0.0116303589029029,0.1078441417180502,0.027605,0.055,0.0440635585335335,0.2099132166718749,0.0380649999999999,0.025,0.0330759927677677,0.1818680641777653
1588,seg_8a10s,MI,0.0283049999999999,-0.01,0.0441885084834834,0.2102106288546882,0.0652939999999999,0.058,0.0312916271911911,0.1768943955901124,0.036979,0.06,0.0129642968558558,0.1138608662177477,-0.0228699999999999,-0.005,0.0448714485485485,0.2118288189754844,-0.0086729999999999,-0.0315,0.0312578499209209,0.1767988968317419
1592,seg_0a2s,MI,-0.0208149999999999,-0.035,0.0034450137887887,0.0586942398263133,0.016442,0.0115,0.0028679465825825,0.0535532126261588,0.037247,0.05,0.0048033133043043,0.0693059398919335,0.0701089999999999,0.105,0.1079233204394394,0.3285168495517991,0.0807519999999999,0.065,0.0085792857817817,0.0926244340429769
1592,seg_2a4s,MI,-0.028853,-0.039,0.0031790724634634,0.0563832640369769,0.019812,0.015,0.0027618324884884,0.0525531396634728,0.048669,0.0505,0.0043532086476476,0.065978850002464,-0.0112799999999999,-0.005,0.1070606802802802,0.3272012840443635,-0.0533879999999999,-0.085,0.0095381055615615,0.0976632252260878
1592,seg_4a6s,MI,-0.006232,-0.021,0.0048276258018018,0.069481118311393,-0.0569499999999999,-0.066,0.0034367122122122,0.0586234783360064,-0.0507279999999999,-0.045,0.0064138238398398,0.0800863523943988,0.031471,0.03,0.1424632103693693,0.3774429895618269,-0.056176,-0.08,0.0117274805045045,0.108293492438394
1592,seg_6a8s,MI,0.029412,0.015,0.003887798054054,0.0623522096966423,-0.028239,-0.031,0.0064788487277277,0.0804912959749545,-0.0576599999999999,-0.0775,0.0076942146146146,0.087716672386808,0.075207,0.08,0.1269323885395395,0.3562757198288139,-0.0184639999999999,-0.031,0.0083481348388388,0.0913681281346993
1592,seg_8a10s,MI,0.051078,0.04,0.0037779999159159,0.0614654367585223,0.0778499999999999,0.0725,0.0020772227227227,0.0455765589170872,0.026783,0.04,0.0045548547657657,0.0674896641402649,-0.1752069999999999,-0.106,0.1206377939449449,0.3473295178140564,0.031623,0.015,0.0085443492202202,0.0924356490766426
1608,seg_0a2s,MI,-0.183141,-0.211,0.0503581632822822,0.2244062460857145,-0.090151,-0.11,0.0230160962952952,0.1517105675135891,0.092998,0.105,0.0135638158118118,0.1164637961420278,-0.600747,-0.652,0.1037606776686686,0.3221190426979887,0.1116289999999999,-0.0405,0.1661168041631631,0.407574292814406
1608,seg_2a4s,MI,0.0812099999999999,0.065,0.0447208087087087,0.2114729503002894,0.007176,0.014,0.0221637988228228,0.1488751114955848,-0.074047,-0.0525,0.0128354102012012,0.1132934693669551,0.203034,0.2655,0.0786583712152152,0.2804609976720742,-0.0209709999999999,0.0005,0.0387354215805805,0.1968131641445271
1608,seg_4a6s,MI,0.1090469999999999,0.0935,0.0463885093003003,0.2153799185167928,0.034851,0.025,0.0220121929919919,0.1483650666160737,-0.074215,-0.055,0.0145637365115115,0.1206803070575788,0.5902670000000001,0.604,0.0436580417527527,0.2089450687447606,0.1077269999999999,0.08,0.0292036641351351,0.170890795934524
1608,seg_6a8s,MI,0.0541589999999999,0.02,0.0502484221411411,0.2241615982748631,0.052518,0.055,0.0231119035795795,0.1520259963939706,-0.0016329999999999,0.023,0.0146166569679679,0.1208993671115278,0.5457909999999999,0.565,0.0389579772962963,0.1973777527896604,0.0537179999999999,0.024,0.029419538014014,0.1715212465381884
1608,seg_8a10s,MI,-0.0572789999999999,-0.089,0.0476045677267267,0.2181847101121587,-0.016677,-0.024,0.0220389936646646,0.1484553591645133,0.040608,0.0485,0.0167224227587587,0.1293152069895832,-0.6929059999999999,-0.815,0.1706767619259259,0.4131304417807115,-0.228791,-0.2635,0.04811972104004,0.2193620774884301
1627,seg_0a2s,MI,-0.0487219999999999,-0.0645,0.0108669776936936,0.1042447969622162,-0.056226,-0.05,0.0072094864104104,0.0849086945513261,-0.007515,0.001,0.0136600077827827,0.1168760359645328,-0.116713,-0.095,0.0198095341651651,0.1407463468981172,0.0113069999999999,0.015,0.0059036383893893,0.0768351377261041
1627,seg_2a4s,MI,0.04167,0.034,0.0100540531531531,0.100269901531582,0.058278,0.0675,0.008379290006006,0.0915384618944736,0.016609,0.02,0.0135767909099099,0.116519487253892,0.064729,0.0795,0.0201028884474474,0.1417846551903535,0.078459,0.105,0.0076761484674674,0.0876136317445377
1627,seg_4a6s,MI,0.007316,0.001,0.0097935877317317,0.0989625572210608,0.0019209999999999,0.01,0.0059638065655655,0.0772256859183883,-0.005396,0.0,0.0166171142982983,0.128907386515662,0.037565,0.055,0.020876278053053,0.1444862555852737,-0.0251019999999999,-0.01,0.005742498094094,0.0757792721929558
1627,seg_6a8s,MI,-0.006195,-0.026,0.0125538328078078,0.1120438878645676,0.003049,0.01,0.009365406005005,0.0967750277964569,0.009242,0.025,0.0194931065425425,0.1396177157188246,-0.01195,0.02,0.0281580235235235,0.1678035265527024,-0.061832,-0.07,0.0089439897657657,0.0945726692325312
1627,seg_8a10s,MI,-0.01277,-0.021,0.0094567338338338,0.0972457394122428,-0.0064369999999999,0.003,0.0069267587897897,0.083227151758244,0.006322,0.0,0.0143396679839839,0.1197483527401691,0.019014,0.04,0.0200898036076076,0.1417385043225996,-0.006775,0.006,0.0066425609359359,0.0815019075601052
1633,seg_0a2s,MI,0.35899,0.325,0.1510150209209209,0.3886065116810588,0.046426,0.045,0.0238112237477477,0.1543088582931898,-0.312573,-0.3,0.1968279706416416,0.4436529844840917,0.0164179999999999,-0.034,0.0470193426186186,0.2168394397212338,0.197017,0.2115,0.0473892079189189,0.2176906243247947
1633,seg_2a4s,MI,0.213851,0.12,0.1039539887877878,0.3224189646838222,0.046965,0.047,0.0108064181931931,0.1039539234141414,-0.166878,-0.093,0.0626790341501501,0.2503578122411005,0.064935,0.02,0.0305625333083083,0.1748214326342977,0.067886,0.025,0.0331522592632632,0.1820776187873272
1633,seg_4a6s,MI,-0.006314,-0.067,0.061483592996997,0.2479588534353976,-0.014008,-0.0335,0.0093630349709709,0.0967627767841072,-0.007706,0.039,0.032340498062062,0.1798346408845138,0.02946,-0.015,0.0280271015015015,0.1674129669455192,-0.050042,-0.085,0.0367298821181181,0.1916504164308497
1633,seg_6a8s,MI,-0.184169,-0.2335,0.0651837281671671,0.2553110420000811,-0.0430619999999999,-0.062,0.0101188149709709,0.1005923206361746,0.141106,0.175,0.035004271035035,0.187094283811759,0.0007279999999999,-0.0495,0.0314977677837837,0.1774761048248011,-0.099977,-0.14,0.0320674739449449,0.1790739342979456
1633,seg_8a10s,MI,-0.4390619999999999,-0.439,0.1631584045605605,0.4039287122260072,-0.032053,-0.05,0.0115131593503503,0.1072993911928224,0.407009,0.394,0.1082957446636636,0.3290831880598941,-0.094259,-0.159,0.0401219178368368,0.2003045626960025,-0.110037,-0.1,0.0530346242552552,0.2302924754638224
1652,seg_0a2s,MI,-0.058086,-0.095,0.0212657403443443,0.1458277763128285,0.036789,0.035,0.0090441666456456,0.09510082358027,0.094876,0.125,0.0337085792032032,0.1835989629687575,-0.0639069999999999,-0.082,0.0227632075585585,0.1508748075675941,-0.040747,-0.06,0.0186457307217217,0.1365493710044895
1652,seg_2a4s,MI,0.018999,-0.012,0.0199198048038038,0.1411375386061547,-0.005668,0.0115,0.0127797034794794,0.1130473506079619,-0.024671,0.025,0.0379819607197197,0.1948896116259656,0.037706,0.035,0.0283260836476476,0.1683035461529187,-0.01085,-0.05,0.0199399874874874,0.1412090205599043
1652,seg_4a6s,MI,0.033112,0.001,0.0213605279839839,0.1461524135414259,-0.056278,-0.06,0.0089150557717717,0.0944195730331999,-0.089397,-0.05,0.0350053967877877,0.1870972923048,0.025006,-0.005,0.0249169729369369,0.1578511100275729,0.050603,0.0205,0.0182631685595595,0.1351412910977232
1652,seg_6a8s,MI,0.036911,0.003,0.0190716647437437,0.1381001982031298,-0.005416,-0.009,0.0109286235675675,0.1045400572391634,-0.042337,-0.02,0.0347528703013013,0.1864212174118099,-0.0029449999999999,-0.01,0.0231744003753753,0.1522314040379821,0.0075489999999999,-0.0255,0.0187312028018017,0.1368619845019127
1652,seg_8a10s,MI,-0.020735,-0.04,0.0210730258008007,0.1451655117471116,0.035311,0.046,0.0114397079869869,0.1069565705648184,0.056053,0.095,0.0356876998908908,0.1889118839324061,-0.0391749999999999,-0.045,0.0199719723473473,0.1413222287800024,-0.0538699999999999,-0.088,0.0195198029029029,0.1397132882116189
1675,seg_0a2s,MI,0.021573,-0.0175,0.0154264371081081,0.1242032089283852,-0.014618,-0.049,0.0304747908668668,0.174570303507976,-0.0361829999999999,-0.053,0.0176778153263263,0.1329579457058746,0.027698,-0.04,0.0592536264224224,0.2434206778858822,-0.037769,-0.0685,0.202959338977978,0.4505100875429739
1675,seg_2a4s,MI,-0.0092839999999999,-0.055,0.0179322195635635,0.1339112376298702,-0.004374,-0.03,0.0231357178418418,0.1521042992220859,0.004912,0.0195,0.012396789045045,0.1113408687097646,-0.0064849999999999,-0.1,0.0578106284034034,0.2404384087524358,-0.101421,-0.18,0.1535270988578578,0.3918253422864042
1675,seg_4a6s,MI,-0.007817,-0.045,0.015492506017017,0.1244688957813036,-0.039075,-0.06,0.0244582676426426,0.1563913924825872,-0.0312669999999999,-0.021,0.0139446803913913,0.1180875962639234,-0.026972,-0.105,0.049222788004004,0.2218620923096237,0.003079,-0.063,0.1705711258848848,0.4130025737024951
1675,seg_6a8s,MI,0.0174269999999999,-0.0215,0.0158379486196196,0.1258489118730059,-0.051369,-0.08,0.0211015644034034,0.1452637752621189,-0.0687909999999999,-0.07,0.0128386599789789,0.1133078107589189,-0.000671,-0.09,0.0557664251841841,0.2361491587623893,-0.00013,-0.065,0.1433912983983984,0.3786704350730308
1675,seg_8a10s,MI,-0.003794,-0.055,0.0210788584224224,0.1451855999141182,0.106625,0.07,0.0257853797547547,0.1605782667572257,0.110423,0.105,0.0147496997707707,0.1214483419844452,-0.005751,-0.0935,0.0556315845835835,0.235863487177612,0.128537,-0.02,0.1997589976286286,0.4469440654361892
1682,seg_0a2s,MI,-0.0781419999999999,-0.135,0.0533045864224224,0.2308778603990049,-0.020481,-0.055,0.0149356172562562,0.122211363040661,0.057671,0.075,0.0153386173763763,0.123849171884096,0.023182,0.025,0.023927216092092,0.154684246425071,-0.343577,-0.3385,0.1461998058768768,0.3823608320381114
1682,seg_2a4s,MI,-0.033457,-0.107,0.0494525927437437,0.2223793892062475,-0.0289429999999999,-0.074,0.0155178556066066,0.1245706851815731,0.00452,0.036,0.0125400276276276,0.1119822647905802,-0.0308899999999999,-0.05,0.0201986845845845,0.1421220763448965,0.071266,0.15,0.0580243756196196,0.2408824933855086
1682,seg_4a6s,MI,-0.006147,-0.064,0.0502480894804804,0.2241608562628196,-0.0152239999999999,-0.061,0.0172189487727727,0.1312209921192976,-0.009076,0.012,0.0126820362602602,0.1126145472852431,-0.027422,-0.045,0.0252003602762762,0.1587462134234271,-0.098103,-0.0245,0.1343443127037037,0.3665300979506372
1682,seg_6a8s,MI,0.0048499999999999,-0.059,0.0498693748748748,0.2233145200717474,0.0101559999999999,-0.025,0.0149825201841841,0.1224031052881591,0.005284,0.0335,0.013008678022022,0.1140555918051457,0.031212,0.01,0.0184024214774774,0.1356555250532667,0.2424079999999999,0.3615,0.0864651927287287,0.294049643306583
1682,seg_8a10s,MI,0.076631,0.009,0.0481008496886886,0.2193190591095281,0.0297689999999999,-0.006,0.014547395034034,0.1206125824034708,-0.046878,-0.02,0.0125577068228228,0.1120611744665511,0.0005659999999999,-0.03,0.0207178254694694,0.1439368801574824,0.1471549999999999,0.2245,0.1015964854604604,0.3187420359169158
1687,seg_0a2s,MI,-0.0858139999999999,-0.158,0.1554670464504504,0.3942930971377135,-0.042538,-0.0625,0.0117627733293293,0.1084563199141909,0.043252,0.094,0.1060858022982983,0.3257081550994667,-0.0144559999999999,0.147,0.3332441121761761,0.5772729962298393,-0.048444,-0.075,0.1139412481121121,0.3375518450728897
1687,seg_2a4s,MI,-0.018186,-0.0955,0.1514829583623623,0.3892081170304164,-0.021507,-0.0475,0.0106136996506506,0.1030228113121101,-0.0033269999999999,0.046,0.1014538218928929,0.3185181657188376,-0.0363089999999999,0.015,0.1846788243433433,0.4297427420484764,0.004682,-0.015,0.1099569177937938,0.3315975238052808
1687,seg_4a6s,MI,0.035587,-0.0415,0.1536213597907907,0.3919456082044941,0.029209,0.019,0.010939765084084,0.1045933319293543,-0.006378,0.053,0.1048493364524524,0.3238044725640034,-0.234435,-0.12,0.1696108225975976,0.4118383452249166,0.029654,0.015,0.1096471834674674,0.3311301609148092
1687,seg_6a8s,MI,0.0324469999999999,-0.0475,0.146757891082082,0.3830899255815559,0.048365,0.027,0.011465261036036,0.107075959188027,0.015905,0.0715,0.0977642522272272,0.3126727558122505,-0.074717,-0.0225,0.1739038507617617,0.4170178062886065,-0.0016739999999999,-0.016,0.1197432469709709,0.3460393719954002
1687,seg_8a10s,MI,-0.004094,-0.0715,0.1478741012652652,0.3845440173312611,-0.027939,-0.055,0.0119225298088088,0.109190337524933,-0.023856,0.0275,0.0959958951591591,0.3098320434673585,0.3454919999999999,0.4085,0.1794622581941942,0.4236298598944534,0.0072419999999999,-0.015,0.1217141035395395,0.3488754842913723
1696,seg_0a2s,MI,0.0240619999999999,-0.01,0.0318160662222222,0.178370586763127,0.002786,0.08,0.0585924506546546,0.2420587752068796,-0.021269,0.092,0.0825757644034034,0.2873599909580375,0.004834,-0.0144999999999999,0.1079903608048048,0.3286188686073957,-0.358158,-0.4015,0.0578584334694694,0.2405378005001905
1696,seg_2a4s,MI,0.043467,0.008,0.0345976065175175,0.1860043185453432,0.0044929999999999,-0.018,0.0146299098608608,0.1209541642973108,-0.038991,-0.032,0.0250183752942942,0.158171980117511,0.020265,0.015,0.0970998906656656,0.3116085535823201,0.260513,0.276,0.0253564783093093,0.1592371762789999
1696,seg_4a6s,MI,-0.012948,-0.035,0.0344611284244244,0.1856370879550323,-0.079174,-0.081,0.0066900217457457,0.0817925531191302,-0.066218,-0.0495,0.0212672236996996,0.1458328622077332,0.019317,0.0205,0.0983878083193193,0.3136683093959594,0.400028,0.389,0.0122809461621621,0.1108194304360122
1696,seg_6a8s,MI,-0.033082,-0.063,0.037394762038038,0.1933772531556853,0.004337,-0.008,0.0079781675985985,0.0893205888840786,0.037423,0.062,0.0244253113823823,0.1562859922782025,-0.000223,-0.005,0.0991684056766766,0.3149101549278407,0.089891,0.1,0.0333568279469469,0.1826385171505368
1696,seg_8a10s,MI,-0.046096,-0.085,0.033965314098098,0.1842968097881732,0.071723,0.065,0.0074363526236236,0.0862342891408262,0.117822,0.155,0.023685690006006,0.1539015594658027,-0.070252,-0.096,0.1136494859819819,0.3371193942537006,-0.3539929999999999,-0.355,0.0323425775285285,0.1798404223986602
1703,seg_0a2s,MI,-0.020915,-0.036,0.0077746964714714,0.0881742392735626,0.090653,0.081,0.0038695841751751,0.0622059818279172,0.111562,0.115,0.0061301082642642,0.0782950079140698,0.00296,-0.07,0.0612459543543543,0.2474791998418339,0.012964,-0.025,0.0231170817857857,0.152043026100462
1703,seg_2a4s,MI,-0.065665,-0.0775,0.0096394942692692,0.0981809261988766,0.007265,0.001,0.0050767715465465,0.0712514669782071,0.072924,0.075,0.0068620843083083,0.082837698593746,0.012481,-0.0415,0.0639826963353353,0.2529480111314088,-0.008084,-0.05,0.0253556606046046,0.1592346086898341
1703,seg_4a6s,MI,0.033747,0.024,0.0081919489399399,0.0905093859217923,0.014701,0.005,0.005171457056056,0.0719128434708019,-0.019038,-0.019,0.0066979324884884,0.0818408974076438,0.0001279999999999,-0.066,0.0670899215375375,0.2590172224728262,0.0003689999999999,-0.035,0.0262794182572572,0.1621092787512709
1703,seg_6a8s,MI,0.025257,0.02,0.003715096047047,0.0609515877319618,-0.0030879999999999,-0.015,0.0056651053613613,0.075266894192343,-0.028343,-0.04,0.0036210183693693,0.0601748981666722,-0.0206129999999999,-0.1045,0.0629312264574574,0.2508609703749418,-0.012778,-0.04,0.0168552479639639,0.1298277626856596
1703,seg_8a10s,MI,0.023728,0.014,0.0048187527687687,0.0694172368275255,-0.086573,-0.1,0.006986353024024,0.0835844065841471,-0.110317,-0.1205,0.006375550061061,0.079847041655036,-0.0282709999999999,-0.115,0.0743639855445445,0.272697608248669,0.0011399999999999,-0.035,0.0239192936936936,0.1546586360139442
1722,seg_0a2s,MI,0.0037979999999999,-0.044,0.037947823019019,0.1948020097920424,0.002282,0.034,0.0246241806566566,0.1569209375980677,-0.001514,0.068,0.1119518136176176,0.3345920106900606,-0.032686,-0.125,0.122198634038038,0.3495692120854439,-0.014388,-0.016,0.0113906921481481,0.10672718560961
1722,seg_2a4s,MI,-0.000445,-0.05,0.0391669519269269,0.1979064221467482,-0.030003,0.005,0.0247442852762762,0.1573031635927144,-0.0295559999999999,0.04,0.1116590439079079,0.3341542217418596,-0.0008899999999999,-0.095,0.1384366325325325,0.3720707359260232,-0.0613909999999999,-0.06,0.0142877718908908,0.1195314682035274
1722,seg_4a6s,MI,0.0070889999999999,-0.04,0.0406517908698698,0.2016228927227011,-0.040067,-0.01,0.0251338183293293,0.1585364889523207,-0.0471559999999999,0.025,0.1145847644284284,0.3385037140541126,0.0229999999999999,-0.06,0.1230219059059058,0.3507447874251389,0.061507,0.075,0.0152066626136136,0.1233152975652802
1722,seg_6a8s,MI,-0.000625,-0.026,0.0218597681431431,0.1478504925360181,0.018603,0.035,0.0115590624534534,0.1075130803830559,0.0192209999999999,0.07,0.0584931693283283,0.2418536113609394,0.0077069999999999,-0.045,0.0697908239749749,0.2641795298182184,0.037237,0.05,0.0072441649959959,0.0851126606093123
1722,seg_8a10s,MI,-0.0293259999999999,-0.075,0.0397566083323323,0.199390592386733,0.024256,0.055,0.0242928833473473,0.1558617443356366,0.053587,0.135,0.1159770815125125,0.3405540801583686,-0.0054689999999999,-0.0605,0.1068723093483483,0.3269133055541612,0.001424,0.015,0.013910855079079,0.1179442880307439
1731,seg_0a2s,MI,-0.013073,-0.041,0.0227742158868868,0.1509112848228616,0.015057,0.007,0.0064755773283283,0.0804709719608774,0.02812,0.047,0.013524476076076,0.1162947809494307,0.0830939999999999,0.132,0.0363868319959959,0.190753327614477,0.020964,-0.005,0.0186980487527527,0.1367408086591298
1731,seg_2a4s,MI,-0.013253,-0.033,0.0163337287197197,0.1278034769469114,0.0368,0.04,0.0062269009009009,0.0789107147407809,0.050063,0.055,0.0100552843153153,0.1002760405845549,0.0780879999999999,0.11,0.025562839095095,0.159883829998831,0.035182,0.02,0.0159659788548548,0.126356554459414
1731,seg_4a6s,MI,-0.0051169999999999,-0.025,0.0157849662772772,0.1256382357297223,-0.019028,-0.025,0.0056310582742742,0.0750403776261438,-0.013917,-0.01,0.0100745306416416,0.1003719614316749,0.006408,0.035,0.0285952307667667,0.1691012441313391,0.035816,0.02,0.0154997659099099,0.1244980558479123
1731,seg_6a8s,MI,0.0022419999999999,-0.014,0.0166699293653653,0.1291120806329344,-0.012031,-0.015,0.005341049088088,0.0730824814034669,-0.01429,-0.006,0.0115259858858858,0.1073591443980711,-0.0501929999999999,-0.015,0.0271269446956956,0.164702594684163,0.0162399999999999,0.005,0.0133742986986986,0.1156473030325337
1731,seg_8a10s,MI,0.025144,0.002,0.0150624336976976,0.1227291069701792,-0.012503,-0.019,0.0057882542452452,0.0760805773193477,-0.037635,-0.04,0.0092624962712712,0.0962418634029457,-0.105336,-0.0805,0.0240255706746746,0.1550018408751156,-0.105899,-0.125,0.0190429917907907,0.1379963470197338
1737,seg_0a2s,MI,-0.0137499999999999,-0.065,0.0331690145145145,0.1821236242625171,-0.001516,-0.006,0.0026374872312312,0.0513564721454972,0.0122169999999999,0.068,0.0274739198308308,0.165752586196508,0.007177,-0.05,0.0417640196906907,0.2043624713363261,0.0104019999999999,-0.005,0.0063650394354354,0.0797811972549637
1737,seg_2a4s,MI,-0.00136,-0.057,0.036060655055055,0.1898964324442538,0.035915,0.0325,0.0028434892642642,0.0533243777672488,0.037278,0.095,0.0307061849009009,0.1752318033374675,0.003698,-0.05,0.040706261057057,0.2017579268753945,0.0031119999999999,-0.01,0.0053203197757757,0.0729405221792096
1737,seg_4a6s,MI,0.007358,-0.06,0.0394342600960961,0.1985806135958294,-0.004103,-0.015,0.0035331815725725,0.0594405717719183,-0.0114559999999999,0.05,0.0297304505145145,0.1724252026662996,0.011829,-0.052,0.0448534572162162,0.2117863480402271,0.0130299999999999,-0.005,0.0078545096096096,0.0886256712787531
1737,seg_6a8s,MI,-0.0022659999999999,-0.067,0.0433642595035035,0.2082408689558884,-0.008968,-0.015,0.0031192382142142,0.0558501406821344,-0.0067239999999999,0.06,0.0363460738978979,0.1906464631140528,-0.0112909999999999,-0.07,0.0478960263453453,0.2188516080483425,-0.023475,-0.04,0.0073022055805805,0.0854529436624659
1737,seg_8a10s,MI,0.003225,-0.0665,0.0374969172922922,0.1936412076297095,-0.010183,-0.015,0.0029997832942942,0.0547702774714013,-0.01341,0.06,0.0321103302302302,0.1791935552139926,0.021264,-0.06,0.0511466809849849,0.2261563197989058,0.012548,-0.002,0.0060149186146146,0.0775559063812332
1739,seg_0a2s,MI,-0.018711,-0.043,0.0055221356146146,0.0743110732974205,-0.011151,-0.036,0.0155131293283283,0.1245517134700616,0.0075599999999999,0.015,0.0125763127127127,0.112144160403976,0.0263959999999999,-0.0395,0.0555037749589589,0.2355923915557524,0.0039949999999999,-0.05,0.0200628117867867,0.1416432553522644
1739,seg_2a4s,MI,-0.016972,-0.03,0.003796858074074,0.0616186503753049,-0.0346239999999999,-0.056,0.0106565611851851,0.1032306213542531,-0.017631,-0.02,0.0103617966356356,0.101792910537206,-0.006792,-0.04,0.0430902349709709,0.2075818753431305,-0.018792,-0.04,0.013435330066066,0.1159108712160601
1739,seg_4a6s,MI,0.009281,-0.007,0.0042516456846846,0.0652046446557657,0.064731,0.045,0.0144989315705705,0.120411509294463,0.055482,0.061,0.0121130627387387,0.1100593600687317,-0.023563,-0.09,0.0565402262572572,0.2377818879924567,-0.0349639999999999,-0.08,0.0183447654694694,0.1354428494586165
1739,seg_6a8s,MI,0.0134779999999999,-0.01,0.0048900956116116,0.0699292185828757,-0.0056239999999999,-0.03,0.0159100146386386,0.1261349065034681,-0.019108,-0.015,0.0116468071431431,0.1079203740873017,-0.021361,-0.08,0.0579130297087087,0.2406512615979993,0.0109039999999999,-0.037,0.0190086874714714,0.1378719966906676
1739,seg_8a10s,MI,0.024281,0.005,0.003894008047047,0.062401987524814,-0.0184529999999999,-0.055,0.0132275933843843,0.1150112750315567,-0.042742,-0.048,0.0071439974334334,0.0845221712536623,0.015003,-0.056,0.0443295985895895,0.2105459536291058,0.039869,-0.0025,0.0172175453843843,0.1312156445870094
1747,seg_0a2s,MI,0.012762,-0.0225,0.0219130203763763,0.1480304711077296,0.0007009999999999,-0.014,0.0048392948938938,0.0695650407452902,-0.0120869999999999,0.01,0.009413583014014,0.0970236209075605,-0.001332,0.0144999999999999,0.0666683641401401,0.2582021768694836,0.011774,0.0,0.01903313606006,0.1379606322834889
1747,seg_2a4s,MI,-0.000595,-0.035,0.0169399649399399,0.1301536205410358,-0.004321,-0.02,0.0035744464054054,0.0597866741457108,-0.0037289999999999,0.01,0.0069466161751751,0.0833463626991314,0.0070179999999999,0.008,0.0437279175935935,0.2091122129230944,0.013999,0.005,0.0131188838828828,0.1145376963400385
1747,seg_4a6s,MI,0.0060909999999999,-0.031,0.021953370089089,0.1481666969635521,-0.000907,-0.015,0.004757694045045,0.0689760396445392,-0.0070079999999999,0.015,0.0090768888248248,0.0952727076597743,0.01678,0.03,0.0612353409409409,0.2474577558714637,0.016861,0.0,0.0194034311101101,0.1392961991947738
1747,seg_6a8s,MI,-0.026442,-0.06,0.0166703549909909,0.1291137289020458,-0.014157,-0.03,0.0035638882392392,0.0596983101874687,0.012297,0.03,0.0068953501411411,0.0830382450509471,0.0110509999999999,0.005,0.0478689493483483,0.218789737758306,0.003248,-0.006,0.0125163768728728,0.1118766145039832
1747,seg_8a10s,MI,-0.0223229999999999,-0.064,0.0207546313023023,0.1440646774969572,-0.009434,-0.0205,0.0049907944384384,0.0706455549800441,0.012876,0.035,0.0086010857097097,0.092742038524661,0.0032429999999999,0.0,0.0634095094604604,0.2518124489783229,-0.011577,-0.03,0.0206563764474474,0.1437232634177482
1753,seg_0a2s,MI,-0.028458,-0.076,0.0432204927287287,0.2078953889068459,-0.072377,-0.085,0.0131577386096096,0.1147071863904333,-0.043917,-0.01,0.0317987428538538,0.1783220201036705,-0.011752,0.015,0.0407517302262262,0.2018705779112603,-0.017811,-0.04,0.0264809342132132,0.1627296353256321
1753,seg_2a4s,MI,-0.007715,-0.059,0.0459631369119119,0.2143901511541794,0.133722,0.14,0.0149072339499499,0.1220951839752492,0.1414379999999999,0.18,0.0326896137697697,0.1808026929273172,-0.014296,0.015,0.0394648252092092,0.1986575576443272,-0.026926,-0.0475,0.0251130475715715,0.158470967598395
1753,seg_4a6s,MI,0.032497,0.004,0.0415219659569569,0.2037693940633798,0.1320799999999999,0.162,0.0254422018018018,0.1595061183835961,0.09956,0.11,0.0457390654654654,0.2138669340161434,-0.04972,0.005,0.0429536492492492,0.2072526218151395,-0.031906,-0.055,0.0286754345985985,0.1693382254501286
1753,seg_6a8s,MI,0.0001899999999999,-0.041,0.0414838377377377,0.2036758152990623,-0.0518799999999999,-0.0675,0.0097451947947947,0.0987177531895595,-0.052054,-0.03,0.0272430921761761,0.1650548156709648,-0.002593,0.045,0.0417347581091091,0.204290866435847,0.026064,0.0,0.0275406445485485,0.1659537421950723
1753,seg_8a10s,MI,0.007744,-0.0295,0.0422804348988989,0.2056220681223173,-0.110359,-0.1,0.0169898159349349,0.1303449881465909,-0.118103,-0.089,0.034540707098098,0.1858513037298853,0.025745,0.075,0.0460321901651651,0.2145511364807121,0.048437,0.025,0.0252926727037037,0.1590367023793681
1754,seg_0a2s,MI,0.017655,0.025,0.0055299879629629,0.0743638888370085,0.0206749999999999,0.02,0.0123994988738738,0.1113530371111353,0.0029999999999999,0.004,0.0084995375375375,0.0921929364839711,-0.0152099999999999,-0.001,0.0446293332332332,0.2112565578466932,-0.045125,-0.035,0.018147659034034,0.1347132474333316
1754,seg_2a4s,MI,-0.0066069999999999,-0.004,0.0045178564074074,0.067215001356895,0.022067,0.02,0.012671502013013,0.1125677663143984,0.0286929999999999,0.035,0.0075411278788788,0.0868396676575796,0.02007,0.039,0.0523964555555555,0.2289027207255421,-0.0234979999999999,-0.015,0.0184477617577577,0.1358225377386159
1754,seg_4a6s,MI,-0.0120279999999999,-0.007,0.0051734746906906,0.0719268704358161,-0.021079,-0.03,0.0135600548138138,0.1164476483824976,-0.009018,-0.009,0.0095440176936936,0.0976934884917807,5.599999999999738e-05,0.044,0.0600609898538538,0.2450734376750239,0.043994,0.055,0.0220626886526526,0.1485351428203193
1754,seg_6a8s,MI,0.002575,0.005,0.0049411154904904,0.0702930685806964,-0.0155509999999999,-0.025,0.0138259253243243,0.1175836949764903,-0.018116,-0.02,0.0103439925365365,0.1017054203891638,-0.026328,-0.005,0.0589704088248248,0.2428382359201796,0.01457,0.015,0.02096899009009,0.1448067335799343
1754,seg_8a10s,MI,-0.019349,-0.02,0.0050290942932932,0.0709161074319036,-0.021512,-0.0255,0.0121089167727727,0.1100405233210601,-0.0021759999999999,0.005,0.008483995019019,0.0921086044787294,0.0245259999999999,0.05,0.0538390643883884,0.2320324640829132,0.0056509999999999,0.015,0.020092852051051,0.1417492576737213
1756,seg_0a2s,MI,0.205366,0.156,0.0437232412852852,0.209101031286996,0.074848,0.105,0.0942167136096096,0.3069474117981932,-0.130518,-0.047,0.1182977774534534,0.3439444394861667,-0.384421,-0.385,0.0876976353943943,0.2961378655194137,0.207248,0.195,0.1632001426386386,0.4039803740760665
1756,seg_2a4s,MI,0.0888829999999999,0.0465,0.0246439292402402,0.1569838502529487,0.064984,0.056,0.0472025042482482,0.2172613731159965,-0.0239,0.044,0.0986447047047047,0.3140775456868967,-0.174619,-0.1975,0.1651293652042041,0.4063611265908738,0.277072,0.2445,0.0817965493653653,0.2860009604273478
1756,seg_4a6s,MI,-0.0493649999999999,-0.1015,0.0305789547297297,0.1748683925977754,0.033985,0.033,0.0993823871621621,0.315249721906558,0.08337,0.149,0.1267947478478478,0.3560825014625793,0.008356,0.014,0.0528700272912913,0.2299348327054674,-0.10967,-0.176,0.1478778589589589,0.3845489032086283
1756,seg_6a8s,MI,-0.0377859999999999,-0.07,0.0308339962002002,0.1755961167002283,-0.082125,-0.07,0.0207255789539539,0.1439638112650327,-0.044336,0.0,0.0577891802842842,0.2403938025080602,0.167542,0.17,0.0221265607967967,0.1487499942749471,-0.0656759999999999,-0.1045,0.0940989319559559,0.3067554921365809
1756,seg_8a10s,MI,-0.203502,-0.2285,0.0218887147107107,0.1479483514971042,-0.082618,-0.078,0.0376063304064064,0.1939235168988186,0.120866,0.159,0.0561912552992992,0.2370469474583026,0.3739389999999999,0.365,0.0494458971761761,0.2223643343168507,-0.31354,-0.35,0.1213811595595595,0.3483979901772677
1758,seg_0a2s,MI,0.004209,-0.005,0.0082079973163163,0.0905979984123066,0.01729,0.0155,0.0043323822822822,0.0658208347127433,0.013081,0.022,0.006965580019019,0.0834600504374339,-0.073922,-0.055,0.0206885985145145,0.1438353173407509,-0.052952,-0.045,0.017620306002002,0.1327415006770753
1758,seg_2a4s,MI,0.0043119999999999,-0.01,0.0108255882442442,0.1040460871164516,-0.013918,-0.0245,0.0033415688448448,0.0578063045423666,-0.018246,-0.025,0.0077189924764764,0.0878577969020193,-0.00461,0.006,0.0178375454454454,0.133557274026709,-0.002759,-0.0175,0.0119433562752752,0.1092856636310329
1758,seg_4a6s,MI,-0.012363,-0.0265,0.0109442514824824,0.104614776597202,0.001994,-0.003,0.0031026345985985,0.0557012979974308,0.014355,0.015,0.0087585074824824,0.0935868980278889,2.999999999999803e-05,0.0165,0.0169843594594594,0.130324055567111,0.0020189999999999,0.0104999999999999,0.0161868835225225,0.1272276837898203
1758,seg_6a8s,MI,-0.019378,-0.024,0.0077606037197197,0.0880942888030757,0.010674,0.009,0.0026837514754754,0.0518049367867144,0.030049,0.035,0.0050913259249249,0.0713535277679031,0.0491809999999999,0.06,0.0138121884274274,0.1175252671872199,-0.002501,-0.0115,0.0089716796786786,0.0947189510007299
1758,seg_8a10s,MI,0.0219559999999999,0.014,0.0110520601241241,0.10512877876264,-0.015909,-0.022,0.0027240067257257,0.0521920178353522,-0.0378719999999999,-0.045,0.0074182538698698,0.086129285785207,-0.013377,-0.008,0.0229330038748748,0.1514364681141067,0.045451,0.035,0.0120669265255255,0.1098495631558247
1761,seg_0a2s,MI,0.07848,0.039,0.0439405041041041,0.2096199038834435,-0.0537709999999999,-0.067,0.0207428614204204,0.1440238224059493,-0.1322459999999999,-0.11,0.0155321676516516,0.1246281174199933,-0.02673,-0.0215,0.0487821172172172,0.2208667408579599,-0.004806,-0.03,0.0404190213853853,0.2010448243188204
1761,seg_2a4s,MI,0.0396139999999999,0.003,0.0478314364404404,0.2187039927400513,0.028195,0.0325,0.0163943793543543,0.128040537933712,-0.0114049999999999,0.015,0.0218527076826826,0.1478266135805142,-0.0036089999999999,0.01,0.0628916697887887,0.2507821161661827,0.015166,-0.005,0.0327778022462462,0.181046409095144
1761,seg_4a6s,MI,-0.1189949999999999,-0.149,0.0303861991741741,0.1743163766666063,0.033957,0.036,0.0192177348858858,0.1386280450914817,0.152959,0.174,0.0147543696886886,0.1214675664063814,0.060826,0.07,0.0549635172412412,0.234442993585309,0.045263,0.01,0.0563369147457457,0.237353986159377
1761,seg_6a8s,MI,-0.028156,-0.0665,0.0448185201841841,0.2117038501874356,0.01019,0.019,0.0216345064064064,0.1470867308984954,0.038316,0.065,0.0183335617057057,0.1354014833955142,-0.0328559999999999,-0.015,0.0646329281921921,0.2542300694099582,-0.039313,-0.066,0.0500715786096096,0.2237667951453245
1761,seg_8a10s,MI,0.04828,0.018,0.0422532348348348,0.2055559165648968,-0.0034579999999999,-0.0025,0.013926825061061,0.1180119699905948,-0.051734,-0.027,0.0164967399839839,0.1284396355646651,-0.039219,-0.0295,0.0450473323713713,0.2122435685041395,0.0025989999999999,-0.01,0.0240122384374374,0.1549588282010335
1769,seg_0a2s,MI,0.0001059999999999,-0.044,0.0225889016656656,0.150296046739978,-0.0211579999999999,-0.03,0.0076844695055055,0.0876611060020663,-0.021269,0.005,0.0170126432822822,0.1304325238668725,0.003975,-0.054,0.086423634009009,0.2939789686508356,0.065854,0.084,0.0151962289129129,0.1232729853330116
1769,seg_2a4s,MI,-0.0222209999999999,-0.059,0.0178970011601601,0.1337796739424945,-0.0368,-0.055,0.0059947107107107,0.0774255171807764,-0.014599,0.011,0.0124433855845845,0.1115499241800933,0.008842,-0.043,0.0601056286646646,0.2451644930748836,0.1217,0.14,0.0140959799799799,0.1187264923257651
1769,seg_4a6s,MI,0.0239109999999999,-0.02,0.0219928819609609,0.1482999728960223,0.0203329999999999,0.03,0.0095204125235235,0.0975726012952587,-0.0035959999999999,0.04,0.0184786914754754,0.1359363508244777,-0.0009959999999999,-0.06,0.086629027011011,0.2943280941585614,-0.084795,-0.115,0.0207511441191191,0.1440525741495761
1769,seg_6a8s,MI,-0.008698,-0.039,0.0160107915875875,0.126533756711747,0.057528,0.04,0.0055606498658658,0.0745697650919316,0.066205,0.085,0.0116147076826826,0.107771553216434,-0.034402,-0.08,0.0631681245205205,0.2513326968790979,-0.11803,-0.14,0.0107740491491491,0.1037981172716979
1769,seg_8a10s,MI,0.0048169999999999,-0.0345,0.0215743618728728,0.1468821359896188,-0.0151529999999999,-0.031,0.0077977473383383,0.0883048545570306,-0.0199699999999999,0.0025,0.0136142053053053,0.1166799267453717,0.017986,-0.035,0.0878579857897897,0.2964084779317045,0.00136,-0.005,0.013844673073073,0.1176633888389803
1774,seg_0a2s,MI,0.107213,0.09,0.0157307904214214,0.1254224478369857,0.0619319999999999,0.0435,0.0139329623383383,0.1180379699009532,-0.045276,-0.05,0.0077098136376376,0.0878055444584089,0.078113,0.1,0.0102186668978978,0.1010874220558517,0.146367,0.12,0.0386238902012012,0.1965296166006569
1774,seg_2a4s,MI,-0.009261,-0.025,0.0136738507297297,0.1169352416071807,-0.0065109999999999,-0.033,0.0155338317107107,0.1246347933392225,0.002765,-0.005,0.0086589787537537,0.0930536337482516,-0.0451139999999999,-0.04,0.0107591461501501,0.1037263040416949,-0.0401659999999999,-0.085,0.0387269373813813,0.1967916090217806
1774,seg_4a6s,MI,-0.06159,-0.077,0.0125963642642642,0.1122335255806582,-0.053478,-0.0845,0.010429571087087,0.102125271539845,0.008102,0.005,0.0065897593553553,0.081177332768177,-0.0818539999999999,-0.071,0.0088816283123123,0.0942423912701302,-0.088722,-0.11,0.0247759506666666,0.1574037822501945
1774,seg_6a8s,MI,-0.047345,-0.0685,0.0160862922672672,0.1268317478680604,-0.013012,-0.04,0.0140256014574574,0.1184297321514215,0.034329,0.0285,0.0082149396986986,0.0906363045291383,-0.022208,0.0,0.0130027675035035,0.1140296781697795,-0.0222419999999999,-0.065,0.0388789664024024,0.1971774997366646
1774,seg_8a10s,MI,-0.0249779999999999,-0.04,0.0125415911071071,0.1119892454975347,-0.0118229999999999,-0.0435,0.0107211167877877,0.1035428258634454,0.013163,0.015,0.0069522186496496,0.0833799655172011,0.065132,0.08,0.0098170296056056,0.0990809245294249,-0.0092409999999999,-0.0435,0.0271795945135135,0.1648623502001397
1781,seg_0a2s,MI,0.020154,0.011,0.0063446989829829,0.0796536187689108,0.0234069999999999,0.028,0.0309296429939939,0.1758682546510142,0.003266,0.0,0.0373505337777777,0.1932628618689524,-0.023238,-0.048,0.0565462135695695,0.2377944775842567,-0.060269,-0.095,0.0999106432822822,0.3160864490646226
1781,seg_2a4s,MI,0.0008329999999999,-0.008,0.0077282153263263,0.0879102686057,-0.074376,-0.088,0.0399338684924924,0.1998346028406804,-0.075204,-0.087,0.0512119823663663,0.2263006459698389,0.055566,0.02,0.0841936733173173,0.2901614607719593,0.017645,-0.028,0.1377191441191191,0.371105300580737
1781,seg_4a6s,MI,0.0110369999999999,0.0,0.0075243079389389,0.0867427687991278,-0.017959,-0.046,0.0394011845035035,0.1984973161115875,-0.028974,-0.045,0.0484032425665665,0.2200073693460438,0.0103969999999999,-0.03,0.0869472146056056,0.2948681308748126,0.0048259999999999,-0.048,0.1439055332572572,0.3793488279371075
1781,seg_6a8s,MI,-0.011685,-0.024,0.0079251409159159,0.0890232605329411,0.001906,-0.0144999999999999,0.0428537729369369,0.2070115285121506,0.0136,0.022,0.054094078078078,0.2325813364783986,0.013832,-0.0205,0.083677279055055,0.289270252627288,-0.031725,-0.0705,0.1432509603353353,0.37848508601441
1781,seg_8a10s,MI,-0.027228,-0.038,0.0056841521681681,0.0753933164688234,0.0582999999999999,0.0465,0.0309106006006005,0.1758141080818049,0.085534,0.075,0.0360336264704704,0.189825252457281,-0.05173,-0.079,0.0594612623623623,0.243846801009081,0.050041,0.0535,0.103167674993994,0.3211972524695596
1809,seg_0a2s,MI,-0.063372,-0.0725,0.0073670566726726,0.0858315598872155,-0.056361,-0.061,0.0164594200990991,0.1282942714975969,0.007026,0.005,0.0068718411651651,0.0828965690795775,2.595405,3.005,4.810501136111111,2.1932854661696712,0.079728,0.065,0.0220842843003002,0.1486078204547132
1809,seg_2a4s,MI,0.0181799999999999,0.011,0.0093631127127127,0.0967631784963304,0.0309349999999999,0.0285,0.0189124352102102,0.1375224898342457,0.012757,0.015,0.0071132832342342,0.084340282393612,1.6446249999999998,1.897,1.1142918462212212,1.0556002303055931,-0.023985,-0.05,0.029595310085085,0.1720328750125541
1809,seg_4a6s,MI,0.044468,0.035,0.0063447116876876,0.0796536985185728,0.0109839999999999,0.0135,0.0150903881321321,0.1228429409129077,-0.033453,-0.031,0.0069536334244244,0.0833884489868016,-0.476182,-0.245,0.4231588557317317,0.6505066146717738,-0.075792,-0.08,0.0223097965325325,0.1493646428460649
1809,seg_6a8s,MI,0.0120949999999999,0.001,0.0073088548298298,0.0854918407207952,-0.002547,-0.004,0.0145575213123123,0.1206545536327258,-0.0146359999999999,-0.01,0.0069543258298298,0.0833926005700135,-1.66389,-1.615,0.2327184363363363,0.4824089928020997,-0.057904,-0.08,0.0242666654494494,0.1557776153670656
1809,seg_8a10s,MI,0.003132,-0.005,0.0087447913673673,0.093513589212303,0.010159,0.005,0.0190518916106106,0.1380285898305514,0.0070369999999999,0.005,0.0074947503813813,0.0865722263857259,-2.0831409999999995,-2.015,0.1810066818008008,0.425448800445836,0.067601,0.044,0.0285968626616616,0.1691060692632338
1812,seg_0a2s,MI,-0.02606,-0.0535,0.025135686086086,0.1585423794639341,0.036983,0.025,0.0069516043153153,0.0833762814912929,0.063054,0.075,0.010231989073073,0.1011532949195085,-0.189422,-0.2,0.0715115554714714,0.2674164457760059,0.1179499999999999,0.13,0.0349963498498498,0.1870731136477122
1812,seg_2a4s,MI,-0.00899,-0.036,0.0277994293293293,0.1667316086689303,-0.034044,-0.045,0.0080060581221221,0.0894765786232471,-0.025067,-0.0104999999999999,0.0139436241351351,0.1180831238371306,0.219111,0.235,0.0779007013803804,0.2791069712142289,-0.025339,-0.115,0.0435092633423423,0.2085887421275231
1812,seg_4a6s,MI,0.0278249999999999,-0.015,0.0386509793543543,0.1965985232761283,-0.027241,-0.055,0.0108348217407407,0.1040904498056413,-0.0550759999999999,-0.033,0.0181187109349349,0.1346057611506095,0.070908,0.01,0.1127051586946947,0.3357158898454089,0.0932779999999999,0.05,0.037716339055055,0.1942069490390471
1812,seg_6a8s,MI,-0.02213,-0.055,0.0287710741741741,0.1696203825434142,0.029976,0.02,0.0064541916156156,0.0803379836417097,0.052097,0.072,0.0138475591501501,0.1176756523251524,0.0512459999999999,0.0854999999999999,0.0650129644484484,0.2549763997872125,-0.24773,-0.27,0.017521955055055,0.1323705218508073
1812,seg_8a10s,MI,0.0187729999999999,-0.014,0.0269256731441441,0.1640904419646194,-0.0030649999999999,-0.02,0.0070380348098098,0.0838929961904437,-0.021837,-0.0085,0.012506671102102,0.1118332289710982,-0.163758,-0.091,0.0860253688048048,0.2933008162361721,0.071033,0.11,0.0419549428538538,0.2048290576403989
1815,seg_0a2s,MI,0.170311,0.095,0.0448701324114114,0.2118257123472299,0.141713,0.08,0.0344889375685685,0.1857119747581414,-0.028598,0.013,0.0344223747707707,0.1855326784444475,0.079303,0.1355,0.0437955607517517,0.2092738893215103,-0.580235,0.735,2.9487475012762765,1.7171917485465262
1815,seg_2a4s,MI,-0.07991,-0.115,0.0219977296296296,0.1483163161274902,-0.072786,-0.065,0.0072636578618618,0.085227095819709,0.007121,0.0475,0.0356972796386386,0.1889372373002173,0.0004919999999999,0.055,0.0424271991351351,0.2059786375698585,0.0399379999999999,-0.045,0.0850612393953953,0.2916526005291147
1815,seg_4a6s,MI,-0.103561,-0.132,0.0189773656446446,0.1377583596180088,-0.106888,-0.094,0.0054958132692692,0.0741337525643297,-0.0033269999999999,0.035,0.0329131091801801,0.1814197044981062,-0.030334,0.01,0.0324789754194194,0.1802192426446727,-0.331348,-0.386,0.043541106002002,0.2086650569740942
1815,seg_6a8s,MI,-0.07034,-0.1035,0.0200855899899899,0.1417236394889363,-0.0578119999999999,-0.037,0.0068885131691691,0.0829970672323376,0.012512,0.06,0.038495187043043,0.1962019037701801,-0.047052,0.0,0.0372709382342342,0.1930568264377984,0.0562189999999999,0.035,0.0256477407797797,0.1601491204464757
1815,seg_8a10s,MI,0.053572,0.02,0.0233881549709709,0.1529318638184043,0.072375,0.103,0.0095911695445445,0.0979345166146468,0.018807,0.066,0.0413849046556556,0.2034328013267665,0.002287,0.05,0.0391455341651651,0.1978523039167478,0.776646,0.73,0.0433016763603603,0.2080905484647497
1816,seg_0a2s,MI,-0.029491,-0.066,0.01980516108008,0.1407308106992924,0.010197,0.005,0.006665896087087,0.0816449391394658,0.039687,0.0745,0.0239352863173173,0.1547103303510057,-0.046105,-0.086,0.1009449529279279,0.3177183547230596,-0.0032119999999999,-0.035,0.0195681552112112,0.1398862223780856
1816,seg_2a4s,MI,-0.010349,-0.0435,0.0173696968958958,0.1317941459090497,-0.0118839999999999,-0.015,0.0055469715155155,0.0744779934981838,-0.001508,0.035,0.0188665344704704,0.1373555039686086,-0.0091829999999999,-0.05,0.0737896851961961,0.2716425688219653,-0.000337,-0.025,0.0149139613923923,0.1221227308587242
1816,seg_4a6s,MI,0.0074369999999999,-0.0215,0.0159795215525525,0.1264101323175976,0.010597,0.01,0.0061523008918918,0.07843660428583,0.0031629999999999,0.039,0.018221567998999,0.1349872882867087,-0.004506,-0.045,0.0703813172812812,0.2652947743195883,0.009656,-0.0165,0.0159916513153153,0.1264581010268433
1816,seg_6a8s,MI,0.02556,-0.013,0.024232651051051,0.1556684009394683,0.013968,0.016,0.0073665895655655,0.0858288387755861,-0.01162,0.035,0.0282039635635635,0.1679403571615934,0.003753,-0.027,0.1005043563473473,0.317024220442772,0.0103949999999999,-0.023,0.0212772362112112,0.1458671868900309
1816,seg_8a10s,MI,0.0123709999999999,-0.025,0.0166697390980981,0.1291113438009925,0.006584,0.005,0.0064084574014014,0.0800528413074851,-0.005796,0.015,0.016691654038038,0.1291961843013873,0.043575,-0.045,0.0892474718468468,0.2987431536401242,-0.035703,-0.065,0.0172810578488488,0.1314574374040847
1819,seg_0a2s,MI,0.019219,-0.0045,0.0079925575965965,0.0894011051195487,-0.016502,-0.067,0.0495412912872872,0.2225787305366065,-0.0357159999999999,-0.0505,0.0295516369809809,0.171905895713268,0.0002689999999999,-0.0545,0.1837743249639639,0.4286890772622554,0.027721,-0.07,0.0682441953543543,0.2612358998192138
1819,seg_2a4s,MI,0.0069439999999999,-0.01,0.0082550118758758,0.0908570959027189,0.0436659999999999,0.018,0.0550587972412412,0.2346461106458857,0.036721,0.041,0.0354968019609609,0.1884059499085975,-0.039841,-0.0705,0.1819010347537537,0.4264985753244127,-0.022759,-0.104,0.0718968317507507,0.2681358457027906
1819,seg_4a6s,MI,-0.027434,-0.051,0.0091316212652652,0.0955595168743818,0.0811639999999999,0.039,0.0497377488528528,0.2230196153993026,0.108614,0.11,0.0298276286326326,0.1727067706623936,-0.057428,-0.105,0.179745208024024,0.4239636871525957,-0.042296,-0.1395,0.0663820424264264,0.2576471277278798
1819,seg_6a8s,MI,-0.007782,-0.02,0.0086372717477477,0.0929369234897936,-0.032776,-0.063,0.05238022605005,0.2288672673189638,-0.025007,-0.033,0.0351203392902902,0.1874042136407031,0.035137,0.003,0.1773547509819819,0.4211350745093336,0.0169129999999999,-0.051,0.0713991345655655,0.2672061649093553
1819,seg_8a10s,MI,-0.012314,-0.028,0.0096733247287287,0.0983530616133973,-0.0648,-0.134,0.0511063143143143,0.2260670571187105,-0.05251,-0.065,0.0322680119119119,0.1796329922701058,0.044613,0.0075,0.1774765357667667,0.4212796408168412,-0.0133489999999999,-0.1065,0.072410846045045,0.2690926346911878
1820,seg_0a2s,MI,0.0094839999999999,-0.015,0.0105046143583583,0.1024920209497225,0.040832,0.015,0.0819371929689689,0.2862467344249869,0.031333,0.025,0.0424396958068067,0.2060089702095683,-0.0059029999999999,0.091,0.3011474850760761,0.5487690635195065,0.029759,-0.006,0.179152115034034,0.4232636471917167
1820,seg_2a4s,MI,0.0035479999999999,-0.021,0.0127997814774774,0.1131361192434912,0.0504,0.03,0.0722863743743743,0.2688612548776308,0.0468619999999999,0.045,0.0304635505065065,0.1745381061731406,-0.0058029999999999,0.0815,0.326774794985986,0.5716421913977187,-0.043378,-0.09,0.1924283034194194,0.4386665059238275
1820,seg_4a6s,MI,0.0041999999999999,-0.025,0.0124297737737737,0.1114888952935393,-0.055796,-0.0835,0.0713779002842842,0.2671664280636402,-0.059986,-0.069,0.0302813611651651,0.1740154049650925,0.017228,0.116,0.3236386746906907,0.5688924983603587,0.002785,-0.0805,0.1903970918668668,0.4363451522211137
1820,seg_6a8s,MI,0.0092639999999999,-0.016,0.0127410333373373,0.1128761858734486,-0.0234659999999999,-0.05,0.0743477566006006,0.2726678503245305,-0.0327379999999999,-0.041,0.0312688822382382,0.1768300942663274,0.0072,0.109,0.3213012092092092,0.566834375465364,0.011838,-0.05,0.195110256012012,0.4417128660249914
1820,seg_8a10s,MI,-0.00462,-0.029,0.0098432948948948,0.099213380624263,-0.017236,-0.038,0.0566681985025025,0.2380508317618371,-0.0126049999999999,-0.0115,0.0242466776526526,0.155713447244137,0.0345889999999999,0.101,0.2583708929719719,0.5083019702617451,0.0107419999999999,-0.03,0.1470969303663663,0.3835321764420377
1829,seg_0a2s,MI,0.0023119999999999,-0.07,0.0396936142702702,0.1992325632778694,-0.022269,-0.05,0.0099900226616616,0.0999501008586867,-0.024579,0.005,0.0128006744334334,0.1131400655534255,0.035377,-0.025,0.0298323392102102,0.1727204076251854,0.179732,0.1725,0.0195521663423423,0.1398290611509007
1829,seg_2a4s,MI,-0.011032,-0.076,0.03905709407007,0.197628677246168,0.017937,-0.01,0.0097318749059059,0.0986502656149789,0.028957,0.059,0.0132387318828828,0.1150596883486257,0.0050059999999999,-0.05,0.0274939539179179,0.1658130088922998,-0.03579,-0.065,0.012653111011011,0.1124860480726877
1829,seg_4a6s,MI,-0.013321,-0.074,0.0298913573163163,0.1728911718865839,0.034962,0.01,0.0083393539099099,0.0913200630196339,0.0482639999999999,0.07,0.008643768072072,0.0929718671000645,0.0050339999999999,-0.065,0.0268292540980981,0.163796379990823,-0.111773,-0.15,0.0101762617327327,0.1008774589922482
1829,seg_6a8s,MI,3.600000000000136e-05,-0.073,0.0399168015055055,0.1997918954950513,-0.003598,-0.031,0.0096625529489489,0.0982982855849935,-0.0036439999999999,0.027,0.0131282655295295,0.1145786434268163,-0.0238309999999999,-0.08,0.0288006991381381,0.169707687327764,-0.0843059999999999,-0.11,0.0129337461101101,0.1137266288523057
1829,seg_8a10s,MI,0.0065259999999999,-0.037,0.0299320433673673,0.1730087956358501,-0.017092,-0.047,0.0083616551911911,0.0914420865421999,-0.0236,-0.006,0.0091866746746746,0.0958471422353044,-0.029666,-0.0915,0.0280475519959959,0.1674740337962754,0.043661,0.015,0.0098807508298298,0.099401965925377
1839,seg_0a2s,MI,-0.12379,-0.148,0.0138746585585585,0.1177907405467788,-0.0420849999999999,-0.045,0.0164807965715715,0.1283775547810892,0.081691,0.11,0.0271546721911911,0.1647867476200413,-0.018017,-0.045,0.0389161568678678,0.1972717842669545,-0.12009,-0.1415,0.0173680499499499,0.1317878975852864
1839,seg_2a4s,MI,0.051647,0.061,0.0208920444354354,0.144540805433744,0.016216,0.01,0.0166020493933933,0.1288489402105946,-0.035436,-0.03,0.0357849128168168,0.1891690059624377,0.0211039999999999,-0.01,0.0346887179019019,0.1862490749021371,0.044667,0.03,0.0156667148258258,0.1251667480836097
1839,seg_4a6s,MI,-0.0696,-0.105,0.0132348688688688,0.115042900123688,0.037322,0.03,0.0146663026186186,0.1211045111406615,0.106929,0.14,0.0275116956546546,0.1658664994947884,-0.023043,-0.05,0.0350761272782782,0.1872862175342282,-0.035133,-0.06,0.0155772045155155,0.1248086716358904
1839,seg_6a8s,MI,0.087113,0.089,0.0165856258568568,0.1287851926925485,-0.028481,-0.043,0.0160261758148148,0.1265945331158293,-0.1155789999999999,-0.085,0.0330680718308308,0.1818462862717598,0.021434,-0.01,0.0342923159599599,0.1851818456543728,0.051559,0.027,0.0181303108298298,0.1346488426605659
1839,seg_8a10s,MI,0.0583959999999999,0.065,0.0179579991831831,0.1340074594311197,0.017167,0.0065,0.0154380031141141,0.1242497610223622,-0.041231,-0.0225,0.0300193009399399,0.1732607888125294,0.0135189999999999,-0.016,0.0340714951341341,0.1845846557385909,0.0575369999999999,0.05,0.0149683569879879,0.122345236883125
1844,seg_0a2s,MI,0.0053969999999999,0.0,0.0091317791701701,0.0955603430831543,-0.021049,-0.0175,0.0119981767757757,0.1095361893429554,-0.026434,-0.027,0.0042608064504504,0.0652748531246945,0.053081,0.09,0.0447804608998998,0.2116139430659045,0.066906,0.067,0.0159571703343343,0.1263216938389219
1844,seg_2a4s,MI,-0.003704,-0.0185,0.0131115199039039,0.1145055452976138,0.021314,0.023,0.0181778952992992,0.1348254252702334,0.02503,0.074,0.0126971202202202,0.1126814990147904,-0.0157709999999999,0.059,0.0678805791381381,0.2605390165371362,-0.0275749999999999,-0.0245,0.0245735098848848,0.1567594012647563
1844,seg_4a6s,MI,-0.008371,-0.0115,0.0078594848438438,0.0886537356451708,0.0304119999999999,0.044,0.0134129492052052,0.1158142875693893,0.038783,0.05,0.0047666185295295,0.0690407019773809,-0.0381349999999999,-0.005,0.0495331839589589,0.222560517520424,-0.060673,-0.063,0.0168685005715715,0.1298787918467506
1844,seg_6a8s,MI,0.008737,0.005,0.0089104883193193,0.0943953829343327,-0.050565,-0.06,0.0128532209959959,0.1133720468016521,-0.059299,-0.075,0.0071917393383383,0.0848041233569355,0.012424,0.055,0.0462846448688688,0.215138664281595,0.020197,0.013,0.0177742344254254,0.1333200450998476
1844,seg_8a10s,MI,-0.022834,-0.038,0.0085400004444444,0.0924121228218703,0.021927,0.025,0.0128805922632632,0.113492696960039,0.04476,0.0565,0.0053847851851851,0.0733810955572699,-0.021686,0.0115,0.0470911225265265,0.2170048905590068,0.021695,0.02,0.0156299299049049,0.1250197180644113
1849,seg_0a2s,MI,-0.01605,-0.04,0.0069593928928928,0.0834229758093829,-0.010497,-0.03,0.0087232132042042,0.0933981434730059,0.005532,0.0085,0.0039449919679679,0.0628091710498392,-0.016925,-0.045,0.0243835148898898,0.1561522170508311,-0.028189,-0.05,0.0094625298088088,0.0972755355102649
1849,seg_2a4s,MI,-0.009572,-0.034,0.0064650098258258,0.0804052848127896,-0.026939,-0.046,0.0105684517307307,0.1028029753009645,-0.017384,-0.024,0.0056342187627627,0.075061433258117,-0.029693,-0.055,0.0256990858368368,0.1603093441968896,-0.002907,-0.02,0.0092180684194194,0.096010772413409
1849,seg_4a6s,MI,-0.000752,-0.025,0.0079302187147147,0.0890517754719955,-0.003815,-0.031,0.0117529837587587,0.108411179122629,-0.003065,-0.014,0.0055900668418418,0.0747667495738703,-0.014705,-0.05,0.0283466866616616,0.1683647429293367,0.0213639999999999,-0.0035,0.0118374869909909,0.108800215951031
1849,seg_6a8s,MI,-8.500000000000108e-05,-0.018,0.0059408786536536,0.0770770955190558,0.040441,0.029,0.008312507026026,0.0911729511753679,0.040523,0.0465,0.0042652627337337,0.065308978967166,0.0141669999999999,-0.03,0.0255498849959959,0.1598433138920611,-0.001575,-0.02,0.0091120264014014,0.0954569347999473
1849,seg_8a10s,MI,0.0232939999999999,0.001,0.0066344099739739,0.0814518874795051,0.0174569999999999,0.0025,0.0091163484994994,0.0954795711107852,-0.0058429999999999,0.0,0.0053231595105105,0.0729599856805804,0.05562,0.01,0.0273097733733733,0.1652566893453132,0.0018219999999999,-0.017,0.0088959802962962,0.0943185045274589
1853,seg_0a2s,MI,-0.006562,-0.034,0.0082796518078078,0.0909925920490663,0.023311,0.021,0.0031099482272272,0.0557669097873212,0.02988,0.045,0.0067455571571571,0.082131340894674,0.064003,0.092,0.0299299769679679,0.1730028235838015,-0.179094,-0.15,0.0227115026666666,0.15070335983868
1853,seg_2a4s,MI,-0.004019,-0.03,0.0111018364754754,0.1053652526949728,-0.009461,-0.01,0.0040539564354354,0.0636706874113625,-0.005431,0.015,0.0069463215605605,0.0833445952690428,-0.068669,-0.035,0.0415240895285285,0.2037746047193529,0.0229069999999999,0.01,0.0312534738248248,0.1767865204839577
1853,seg_4a6s,MI,0.0110859999999999,-0.018,0.008724455059059,0.0934047914138191,-0.029798,-0.035,0.002719851047047,0.0521521912008215,-0.0408969999999999,-0.025,0.0063535419329329,0.0797091082181511,0.004984,0.02,0.0279738696136136,0.1672539076183681,0.18358,0.18,0.010679439039039,0.1033413713816448
1853,seg_6a8s,MI,0.0169649999999999,-0.006,0.00750929507007,0.0866561888734444,-0.005956,0.0,0.0037992693333333,0.061638213255523,-0.0229239999999999,-0.013,0.0063386288528528,0.0796155063593321,-0.0157999999999999,0.005,0.0287892292292292,0.169673890829524,-0.109154,-0.1325,0.018814805089089,0.1371670699879861
1853,seg_8a10s,MI,0.0133199999999999,-0.015,0.0109559335335335,0.1046705953624681,0.022535,0.025,0.0030563931681681,0.0552846558112481,0.009205,0.03,0.007703052027027,0.0877670326889717,-0.002632,0.025,0.0421840586346346,0.2053875815005246,0.0613339999999999,0.06,0.0161397141581581,0.1270421747222478
1872,seg_0a2s,MI,0.098888,0.083,0.0461251786346346,0.2147677318282116,0.012313,0.005,0.0210382873183183,0.14504581110228,-0.086581,-0.085,0.0117775049439439,0.1085242136296962,-0.0139229999999999,-0.025,0.0095144495205205,0.0975420397598928,-0.132655,-0.148,0.0164989689439439,0.128448312343697
1872,seg_2a4s,MI,-0.020666,-0.048,0.0455188072512512,0.2133513703992811,0.0092999999999999,-0.02,0.0224999059059059,0.1499996863526917,0.0299459999999999,0.045,0.0164172463303303,0.1281298026624966,0.0073569999999999,0.013,0.0083352888398398,0.0912978030395027,-0.052757,-0.059,0.0115626245755755,0.1075296451011328
1872,seg_4a6s,MI,0.0081559999999999,-0.01,0.0292574350990991,0.1710480490946888,0.008881,-0.01,0.0144526514904904,0.1202191810423382,0.0007449999999999,0.0095,0.0092754314064064,0.0963090411457117,-0.0229089999999999,-0.035,0.0069866573763763,0.083586227193099,0.164123,0.18,0.0135387946656656,0.1163563262812369
1872,seg_6a8s,MI,-0.042934,-0.074,0.0475730747187187,0.218112527651941,-0.018215,-0.041,0.0200220308058058,0.1414992254600915,0.024729,0.035,0.012226486045045,0.1105734418612581,0.010267,0.01,0.0085643921031031,0.0925440009028305,0.079628,0.068,0.0135470706866866,0.1163918841100473
1872,seg_8a10s,MI,-0.026868,-0.047,0.0317620806566566,0.1782191927281028,-0.009414,-0.021,0.0127531797837837,0.1129299773478405,0.017453,0.027,0.0098370348258258,0.0991818270946135,0.016843,0.015,0.0056846249759759,0.0753964520118551,-0.07905,-0.091,0.0064032327327327,0.0800202020288172
1877,seg_0a2s,MI,-0.041732,-0.067,0.0117622964724724,0.1084541215098461,-0.020939,-0.089,0.0655533846636636,0.2560339521697536,0.0207909999999999,-0.019,0.0278030984174174,0.1667426112828314,-0.06112,-0.0025,0.1152416672672672,0.3394726311019303,0.073271,0.005,0.1228624299889889,0.3505173747319653
1877,seg_2a4s,MI,-0.020411,-0.04,0.0092561602392392,0.0962089405369336,0.0254919999999999,-0.027,0.0561867046406406,0.237037348619665,0.04589,0.0245,0.0242492491491491,0.1557217041685235,-0.011285,0.015,0.0974588826576576,0.3121840525357719,-0.050116,-0.0935,0.0942412878318318,0.3069874392085641
1877,seg_4a6s,MI,0.0148619999999999,-0.002,0.0094968678238238,0.0974518743987196,0.0621829999999999,0.02,0.0522132647757757,0.2285022205051315,0.047298,0.035,0.0225734806766766,0.1502447359366599,-0.0471259999999999,-0.04,0.1019849911151151,0.3193508902682363,0.063019,0.0,0.1027881968358358,0.3206059837804588
1877,seg_6a8s,MI,0.036256,0.014,0.0114643147787787,0.1070715404707468,0.0064199999999999,-0.049,0.0667341037037037,0.2583294479994561,-0.029849,-0.065,0.026624855054054,0.1631712445685637,0.008232,0.051,0.1200244786546546,0.3464454916067673,0.020995,-0.055,0.1166209439189189,0.3414980877236634
1877,seg_8a10s,MI,0.0020299999999999,-0.02,0.0092004535535535,0.0959189947484519,-0.072791,-0.11,0.0537413726916917,0.2318218555091208,-0.074824,-0.0915,0.0220782312552552,0.1485874532228588,0.105018,0.115,0.0887808825585585,0.2979612098219474,-0.0940169999999999,-0.18,0.0919085592702702,0.3031642447094813
1887,seg_0a2s,MI,-0.005606,-0.035,0.0260364111751751,0.1613580217255255,-0.0005869999999999,-0.025,0.0083190154464464,0.0912086369070739,0.00502,0.005,0.0114089085085085,0.1068124922867569,0.061802,0.0195,0.1151079447407407,0.3392756176631924,-0.019521,-0.045,0.0154599174764764,0.1243379164875963
1887,seg_2a4s,MI,-0.0008859999999999,-0.024,0.0283065055095095,0.1682453729215443,0.0061079999999999,-0.015,0.0077760283643643,0.0881817915692597,0.007006,0.0,0.0157031751391391,0.1253123104053992,0.070931,0.02,0.1543594857247247,0.3928860976475558,-0.005457,-0.03,0.0162766127637637,0.127579828984694
1887,seg_4a6s,MI,-0.0016069999999999,-0.02,0.0220806331841841,0.1485955355459382,-0.002809,-0.025,0.0072437502692692,0.0851102242346315,-0.001202,-0.006,0.0107622094054054,0.103741069039245,-0.115076,-0.1585,0.1141520362602602,0.337863931576397,-0.0014169999999999,-0.025,0.0148291862972972,0.1217751464679771
1887,seg_6a8s,MI,-0.010928,-0.037,0.0306588336496496,0.1750966408862536,-0.002987,-0.03,0.0086586434744744,0.0930518321930013,0.0079399999999999,0.003,0.015570619019019,0.1247822864793678,0.0264709999999999,0.023,0.1689297148738738,0.4110106018996029,0.02068,-0.005,0.0173135451451451,0.1315809452205947
1887,seg_8a10s,MI,-0.01028,-0.03,0.029986464064064,0.1731660014669856,-0.0169899999999999,-0.045,0.0089340179179179,0.0945199339711889,-0.006716,-0.015,0.0149282375815815,0.1221811670495153,-0.070444,-0.1,0.149965188052052,0.3872533899813558,-0.022177,-0.045,0.0175734431141141,0.1325648637992515
1902,seg_0a2s,MI,0.0047839999999999,-0.049,0.0575911685125125,0.2399816003624288,-0.042279,-0.025,0.0268184315905905,0.1637633401912363,-0.047063,0.0055,0.1305265295605605,0.3612845548325593,-0.116677,0.0,0.2284172058768768,0.4779301265633679,-0.198666,-0.2655,0.0382622286726726,0.195607332870403
1902,seg_2a4s,MI,-0.034032,-0.075,0.0444705575335335,0.2108804342122178,-0.008218,0.02,0.0211300325085085,0.1453617298621219,0.025819,0.0745,0.1062646568958959,0.3259826021368255,-0.0096319999999999,0.0915,0.1941028474234234,0.4405710469645315,0.0346739999999999,0.055,0.0196245983223223,0.1400878236047741
1902,seg_4a6s,MI,-0.061575,-0.092,0.0460268752502502,0.2145387499969417,0.033603,0.06,0.0191581415325325,0.1384129384578354,0.095182,0.131,0.1061975464224224,0.3258796502121948,0.0965039999999999,0.18,0.168997107091091,0.411092577275595,0.159905,0.153,0.0171029489239239,0.1307782433125782
1902,seg_6a8s,MI,0.012339,-0.03,0.0557688389179179,0.2361542693196926,-0.0247809999999999,-0.0125,0.0246514204594594,0.1570077082803881,-0.0371199999999999,0.0065,0.1296466862862862,0.360064836225764,-0.0060089999999999,0.11,0.2225332061251251,0.471734253711902,0.0457,0.087,0.0290654674674674,0.1704859744010265
1902,seg_8a10s,MI,0.03928,0.007,0.0472059455455455,0.2172692926889245,0.023944,0.045,0.0216723412052052,0.1472152886258937,-0.015314,0.015,0.1052575529569569,0.3244342043573041,0.052294,0.153,0.1977802057697697,0.4447248652479078,-0.024865,-0.019,0.0186210358108108,0.1364589162012171
1906,seg_0a2s,MI,-0.038308,-0.12,0.0794054826186186,0.2817897844468791,0.033483,0.087,0.0944190867977977,0.3072768894625786,0.071779,0.205,0.2932010291881882,0.5414804051747285,0.185848,0.403,0.3089757126086085,0.5558558379729484,-1.740206,-1.6075,1.588579559123123,1.2603886539965057
1906,seg_2a4s,MI,-0.0423539999999999,-0.0815,0.0586765172012012,0.242232362002275,0.004707,0.03,0.0508993665175175,0.2256088795183325,0.0470509999999999,0.105,0.1909677901891892,0.436998615774912,-0.2366589999999999,-0.213,0.0915241668858858,0.3025296132379207,0.8803249999999999,1.28,0.3859442135885886,0.6212440853550145
1906,seg_4a6s,MI,0.0170359999999999,-0.062,0.0869895262302302,0.2949398688380908,-0.0381209999999999,0.02,0.0994622706296296,0.3153763951687406,-0.0551479999999999,0.085,0.3145881862822823,0.5608816152115188,0.2862409999999999,0.195,0.4355239869059059,0.659942411810232,0.4696649999999999,0.955,1.5731291058808807,1.2542444362566971
1906,seg_6a8s,MI,0.013906,-0.047,0.0513291242882882,0.2265593173724892,0.0144359999999999,0.065,0.0735103782822822,0.2711279739943525,0.0005079999999999,0.087,0.2064144724084084,0.454328595191199,0.536798,0.635,0.2351754866826826,0.4849489526565478,-3.253,-3.635,1.4309043723723724,1.1962041516281292
1906,seg_8a10s,MI,0.046359,-0.009,0.0741195716906906,0.2722490986040003,-0.00097,0.0345,0.070532924024024,0.2655803532342406,-0.047348,0.0805,0.2470025234194194,0.4969934842826608,-0.7614270000000001,-0.709,0.1260179085795796,0.354990011943406,3.623666,3.95,2.1679627091531533,1.4724003223149449
1907,seg_0a2s,MI,-0.009712,-0.015,0.0108146817377377,0.1039936620075364,-0.088772,-0.1,0.0091872232392392,0.0958500038562296,-0.07905,-0.075,0.0037079074074074,0.0608925891008701,-0.095323,-0.135,0.016228371042042,0.1273906238388133,-0.030893,-0.0405,0.0296331206716716,0.172142733426862
1907,seg_2a4s,MI,-0.014991,-0.015,0.0167126996186186,0.1292776067949071,-0.108786,-0.105,0.0115494796836836,0.1074685055431761,-0.093814,-0.09,0.0040725799839839,0.063816768830645,-0.0189709999999999,-0.061,0.0225284706296296,0.1500948720963832,0.014013,0.025,0.0373254002312312,0.193197826673157
1907,seg_4a6s,MI,-0.007238,-0.01,0.0106119292852852,0.1030142188500465,0.084649,0.091,0.0079171909899899,0.0889785984941884,0.091898,0.1,0.0026438634594594,0.0514185128087098,-0.048828,-0.091,0.0164599123283283,0.1282961898433789,-0.1124869999999999,-0.11,0.0295450628938938,0.1718867734699034
1907,seg_6a8s,MI,0.0043959999999999,0.006,0.020881863047047,0.1445055813698801,0.048868,0.08,0.0177651477237237,0.1332859622155451,0.044451,0.06,0.0110046302292292,0.1049029562463767,0.063308,-0.004,0.0393753985345345,0.1984323525399387,0.037512,0.021,0.0516009387947948,0.2271584002294319
1907,seg_8a10s,MI,0.029838,0.035,0.0169577515075075,0.1302219317454149,0.065929,0.08,0.0089411811401401,0.0945578190322732,0.036082,0.045,0.0038020513273273,0.0616607762465518,0.0805459999999999,0.045,0.0230705764604604,0.151890014354007,0.082309,0.085,0.0336993688878878,0.1835738785554412
1914,seg_0a2s,MI,0.07292,0.035,0.028015485085085,0.1673782694530119,0.113677,0.086,0.0113677203913913,0.1066195122451392,0.0407449999999999,0.05,0.0246636376126126,0.1570466096820068,0.0096109999999999,-0.095,0.2161675131921921,0.4649381821190771,0.015824,-0.07,0.1476220730970971,0.3842161801604626
1914,seg_2a4s,MI,-0.008817,-0.05,0.0283671967077077,0.1684256414792822,0.027815,0.0,0.0061547395145145,0.0784521479279854,0.036624,0.0655,0.018613478102102,0.1364312211412846,0.0080559999999999,-0.112,0.2156490999639639,0.4643803397689915,-0.0012209999999999,-0.1,0.1493543364954954,0.3864638876990908
1914,seg_4a6s,MI,-0.0443289999999999,-0.083,0.0284578666256256,0.1686945957214564,-0.030316,-0.055,0.0072587989429429,0.0851985853341646,0.014003,0.045,0.0191729999909909,0.1384666024389672,,,,,-0.02631,-0.145,0.145290186086086,0.381169497843264
1914,seg_6a8s,MI,-0.022527,-0.095,0.0409745277987987,0.2024216584232003,0.009549,-0.0385,0.0252692208198198,0.1589629542372052,0.032074,0.049,0.0143601947187187,0.1198340298859999,-0.0602169999999999,-0.145,0.1451953913023023,0.3810451302697651,-0.0086039999999999,-0.11,0.1771496968808809,0.4208915500231394
1914,seg_8a10s,MI,0.0245889999999999,0.0025,0.0314452453243243,0.1773280725782703,-0.096484,-0.027,0.052722288032032,0.2296133446296883,-0.1210699999999999,-0.03,0.0398237948948949,0.1995590010370238,0.03058,0.045,0.1870120896896897,0.4324489446046662,0.045061,-0.055,0.1525632825615615,0.3905935004087517
1924,seg_0a2s,MI,0.083273,0.085,0.0182674859569569,0.1351572637965009,-0.0590519999999999,-0.045,0.0087710983943943,0.0936541424305107,-0.142326,-0.131,0.0232609526766766,0.152515417832679,0.020538,0.015,0.0823711717277277,0.287003783472845,-0.016848,-0.098,0.0831006415375375,0.2882718188403742
1924,seg_2a4s,MI,0.007058,0.01,0.0226345772132132,0.1504479219305245,0.0045459999999999,0.025,0.0073908667507507,0.0859701503473778,-0.0025369999999999,0.0225,0.0310120346656656,0.1761023414542397,0.0014529999999999,-0.01,0.0830469447357357,0.288178668078912,-0.261927,-0.27,0.0395391708418418,0.1988445896720397
1924,seg_4a6s,MI,-0.0001509999999999,-0.003,0.0190785087077077,0.1381249749600256,0.0899499999999999,0.0995,0.0070607062062062,0.0840280084626918,0.090099,0.1195,0.0245747899889889,0.1567634842333793,-0.03442,-0.026,0.0850481317317317,0.2916301282990695,0.093242,0.045,0.1109567401761761,0.3331016964474605
1924,seg_6a8s,MI,-0.038777,-0.042,0.0217159292002001,0.1473632559364789,-0.0067639999999999,0.005,0.0101348751791791,0.1006721171883217,0.031992,0.07,0.0284262682042042,0.168600914007618,0.012776,0.005,0.0752257515755755,0.2742731331639604,0.060455,0.02,0.0460189789539539,0.2145203462470494
1924,seg_8a10s,MI,-0.074033,-0.069,0.0135015874984984,0.1161963316912306,-0.0361629999999999,-0.021,0.0048887651961961,0.0699197053497524,0.037859,0.045,0.0187190421611611,0.1368175506328086,0.011578,-0.02,0.0524788347507507,0.2290825937314984,0.118932,0.087,0.024216624,0.155616914247777
1925,seg_0a2s,MI,0.099326,0.091,0.0148444501741741,0.1218378027304094,0.069687,0.155,0.0334823133443443,0.1829817295369795,-0.029621,-0.01,0.0407985078668668,0.2019864051535817,0.054419,0.095,0.0589723457847847,0.2428422240566594,-0.179924,-0.1985,0.027214787011011,0.1649690486455293
1925,seg_2a4s,MI,-0.011408,-0.031,0.0119786942302302,0.1094472212083533,0.061592,0.0475,0.0078168003363363,0.0884126706775467,0.073016,0.07,0.006227287031031,0.0789131613295971,-0.0510449999999999,-0.025,0.0499685194944945,0.2235363941162478,0.0967679999999999,0.075,0.0181534155915915,0.1347346117060927
1925,seg_4a6s,MI,0.056714,0.0315,0.0184236578618618,0.1357337756855745,-0.077579,-0.07,0.0653481619209209,0.2556328654944839,-0.134281,-0.105,0.0822631952342342,0.2868156119081286,0.042237,0.06,0.1326775363673673,0.3642492777856496,0.169751,0.155,0.0429366096086086,0.2072115093536278
1925,seg_6a8s,MI,0.06515,0.049,0.0074414889889889,0.0862640654559532,-0.152512,-0.17,0.0066705163723723,0.0816732292270384,-0.217672,-0.23,0.0040209513673673,0.0634109719793614,0.090778,0.105,0.0328610097257257,0.1812760594389831,0.061209,0.065,0.0151895989179179,0.1232460908829076
1925,seg_8a10s,MI,-0.192184,-0.2615,0.0442895076516516,0.2104507249967356,0.090515,0.125,0.0609305323073073,0.246841107409822,0.282699,0.3,0.0346548812802802,0.1861582157206076,-0.1610859999999999,-0.1375,0.1113296082122122,0.3336609180173971,-0.16773,-0.15,0.0312867558558558,0.1768806260048167
1935,seg_0a2s,MI,0.018296,-0.0195,0.0227021985825825,0.1506724878090973,0.0145999999999999,0.003,0.0057714594594594,0.0759701221498258,-0.003696,0.02,0.0122491927767767,0.1106760713830084,-0.0028149999999999,-0.019,0.0823594282032032,0.2869833239113437,-0.042034,-0.065,0.0048186835275275,0.0694167380933988
1935,seg_2a4s,MI,0.000868,-0.046,0.0340023569329329,0.1843972801668531,-0.034037,-0.055,0.0052605762072072,0.0725298297751153,-0.0348959999999999,-0.003,0.0190384176016016,0.1379797724364031,-0.0267599999999999,-0.034,0.0519754418418418,0.2279812313367963,0.0112539999999999,-0.005,0.0047001155995995,0.068557389095557
1935,seg_4a6s,MI,-0.0021639999999999,-0.045,0.0284428659699699,0.1686501288762329,0.009603,-0.01,0.0065958692602602,0.0812149571215811,0.011769,0.0395,0.0149292929319319,0.1221854857662395,-0.012942,-0.025,0.0825659525885885,0.2873429181110761,0.033659,0.015,0.0046006233423423,0.0678278950163009
1935,seg_6a8s,MI,0.024498,-0.02,0.0373824584544544,0.1933454381526868,0.0421809999999999,0.0305,0.005659806045045,0.0752316824552332,0.017681,0.055,0.0218184877267267,0.1477108246768892,-0.0067189999999999,-0.011,0.0555994675065065,0.2357953933106126,0.00664,-0.01,0.0034860564564564,0.0590428357758708
1935,seg_8a10s,MI,-0.048226,-0.0905,0.0246766055295295,0.1570878910977212,-0.031882,-0.051,0.0056956156916916,0.0754693029760557,0.016338,0.037,0.012375331087087,0.111244465422272,0.03803,0.035,0.0790664115115115,0.2811875024098893,-0.012947,-0.035,0.0046067729639639,0.0678732124181842
1937,seg_0a2s,MI,-0.067556,-0.095,0.0219205714354354,0.1480559739944168,0.0039319999999999,0.0215,0.0307914368128128,0.1754748894081794,0.071509,0.127,0.0710706866056056,0.2665908599438578,-0.398028,-0.416,0.146060790006006,0.3821790025707928,0.0782089999999999,0.095,0.0554980413603603,0.2355802227699947
1937,seg_2a4s,MI,0.073842,0.035,0.0290505856216216,0.1704423234458555,0.0181029999999999,0.055,0.0432725649559559,0.2080205878175426,-0.05572,0.036,0.1011790666666666,0.3180865710253526,-0.002973,0.07,0.2524392254964965,0.5024333045255823,-0.0183789999999999,0.0295,0.080876692051051,0.2843882769226802
1937,seg_4a6s,MI,0.057399,0.064,0.0404343381371371,0.2010829135882438,0.021788,0.049,0.031826982038038,0.1784011828381136,-0.0356049999999999,0.016,0.0899879449199199,0.2999799075270207,0.508952,0.54,0.1600218615575575,0.4000273260135581,-0.017158,0.01,0.0615014104464464,0.2479947790709442
1937,seg_6a8s,MI,-0.147609,-0.169,0.0284763784974974,0.1687494548065193,0.012674,0.047,0.0410337414654654,0.2025678687883778,0.160261,0.231,0.0894119668458458,0.2990183386447156,-0.0605949999999999,-0.1625,0.3257474604354354,0.570742902220812,0.030007,0.061,0.0705506215725725,0.265613669777315
1937,seg_8a10s,MI,0.092287,0.054,0.0342647734044044,0.1851074644751107,-0.002786,0.032,0.0396797139179179,0.1991976754832192,-0.095077,-0.019,0.106848958029029,0.326877588753082,-0.082128,0.0,0.2162077393553553,0.4649814397966389,-0.048749,0.005,0.0767518058048048,0.277041162654225
1939,seg_0a2s,MI,0.015266,0.005,0.0061910082522522,0.0786829603678728,-0.001993,-0.034,0.0104184894404404,0.1020710019566793,-0.017282,-0.043,0.0068449173933933,0.082734015938992,-0.221873,-0.2,0.0309978006716716,0.1760619228330523,0.0254089999999999,0.0015,0.0201217214404404,0.1418510537163557
1939,seg_2a4s,MI,-0.013882,-0.02,0.0057608469229229,0.0759002432336216,0.0014549999999999,-0.02,0.0096726245995996,0.0983495022844528,0.015346,-0.02,0.0064188511351351,0.0801177329630284,0.007425,0.1085,0.219245690065065,0.4682367884575763,-0.002945,-0.01,0.0197026906656656,0.1403662732484754
1939,seg_4a6s,MI,0.0038329999999999,-0.008,0.0062778809919919,0.079233080162215,-0.022782,-0.045,0.0091880605365365,0.0958543715045721,-0.026618,-0.045,0.0043902723483483,0.0662591303017806,-0.432959,-0.34,0.1092513286476476,0.3305318874899177,0.0016149999999999,0.0,0.017704309084084,0.1330575405006574
1939,seg_6a8s,MI,0.006641,0.002,0.0057665086276276,0.0759375310872537,0.0119479999999999,-0.025,0.0102051904864864,0.101020742852577,0.0053119999999999,-0.021,0.0063253159719719,0.0795318550768933,0.7844690000000001,0.98,0.1100157908298298,0.3316862837529309,-0.181372,-0.2,0.0235486342502502,0.1534556426145687
1939,seg_8a10s,MI,-0.007937,-0.018,0.0039559129439439,0.0628960487148751,0.0033529999999999,-0.025,0.0071555839749749,0.0845906849184647,0.011277,-0.02,0.0076035738448448,0.0871984738676362,-0.147621,-0.36,0.2677752345935936,0.517470032556083,0.128944,0.14,0.0130500769409409,0.1142369333488121
1941,seg_0a2s,MI,-0.015939,-0.08,0.0270840733523523,0.1645723954749166,0.0003489999999999,0.025,0.0544300472462462,0.2333024801545115,0.016312,0.1,0.1321648935495495,0.3635448989458518,0.0026519999999999,0.055,0.2830468637597597,0.5320214880620516,0.0112409999999999,0.03,0.0651171881071071,0.2551806969719831
1941,seg_2a4s,MI,0.0141859999999999,-0.04,0.027108612016016,0.1646469313896132,0.027404,0.05,0.0582693921761761,0.241390538704764,0.013241,0.103,0.135897120039039,0.3686422656709876,0.010885,0.09,0.2728365242992993,0.5223375578103678,0.036151,0.0575,0.0690400402392392,0.26275471497052
1941,seg_4a6s,MI,-0.003781,-0.062,0.0290762512902902,0.1705175981835607,0.0073619999999999,0.035,0.0587647597157157,0.2424144379275205,0.0111339999999999,0.1,0.1451846046486486,0.3810309759699973,0.0450369999999999,0.1185,0.2958937613923924,0.543961176364998,0.0062979999999999,0.025,0.0687549041001001,0.2622115636277319
1941,seg_6a8s,MI,0.018483,-0.04,0.0273555412522522,0.165395106494274,0.0117169999999999,0.0405,0.0582983472582582,0.2414505068502823,-0.0067629999999999,0.087,0.136070221052052,0.3688769727863912,0.036914,0.095,0.2806032498538539,0.5297199730554379,0.004798,0.03,0.0708362794754754,0.2661508584909609
1941,seg_8a10s,MI,0.0101879999999999,-0.05,0.0301816903463463,0.1737287838740211,-0.033804,-0.001,0.0543066602442442,0.2330378944383171,-0.0439839999999999,0.0495,0.141359329073073,0.3759778305606237,-0.07814,-0.035,0.2816107991991992,0.5306701416126587,-0.027899,-0.001,0.0668465893883883,0.2585470738345116
1942,seg_0a2s,MI,0.027713,0.02,0.004492437068068,0.0670256448538025,0.078804,0.0725,0.0050259395235235,0.0708938609720441,0.051105,0.05,0.0030364143893893,0.0551036694729978,0.040542,0.055,0.0759775798158158,0.2756403087645488,-0.002857,-0.03,0.0433341426936937,0.20816854395824
1942,seg_2a4s,MI,0.0335199999999999,0.005,0.0168559455455455,0.1298304492233834,0.0064439999999999,-0.016,0.0144598166806806,0.1202489778779041,-0.027066,-0.03,0.0030122378818818,0.0548838581176823,-0.077889,0.045,0.2783604871661662,0.5275987937497263,-0.06334,-0.175,0.1255647371371371,0.3543511494790685
1942,seg_4a6s,MI,-0.004472,-0.015,0.0091855307467467,0.0958411745897698,-0.074661,-0.09,0.0063946967757757,0.0799668479794957,-0.0701989999999999,-0.071,0.002359655054054,0.04857628077626,-0.003964,0.055,0.1509810557597597,0.3885628079986037,-0.03446,-0.085,0.0643857761761761,0.2537435244024489
1942,seg_6a8s,MI,-0.008447,-0.029,0.0132700972882882,0.1151959082966417,-0.04542,-0.065,0.0105401697697697,0.102665328956614,-0.036974,-0.0445,0.0033288942182182,0.0576965702465772,-0.0270629999999999,0.0655,0.2169284915225224,0.4657558282217438,0.049196,-0.0305,0.0940578914754754,0.3066885903901145
1942,seg_8a10s,MI,-0.053611,-0.065,0.0105118134924924,0.102527135395916,0.007914,-0.015,0.0070149595635635,0.0837553554321367,0.06152,0.06,0.002548446046046,0.0504821359101023,0.045226,0.1,0.1452710379619619,0.3811443794180388,0.063142,0.005,0.0638253111471471,0.2526367177334822
1944,seg_0a2s,MI,0.0413819999999999,0.016,0.0145571432192192,0.1206529867811784,0.009566,0.004,0.0094138735175175,0.0970251179721906,,,,,1.817241,1.8085,1.3334101370560558,1.154733794887833,0.1635409999999999,0.135,0.023401698017017,0.1529761354493471
1944,seg_2a4s,MI,-0.0101569999999999,-0.037,0.0180028812322322,0.1341748159388796,-0.003031,-0.01,0.0107127928318318,0.1035026223427785,,,,,-0.751945,-0.91,0.3470859399149149,0.5891400002672665,-0.089111,-0.1255,0.0348838184974974,0.186772103102946
1944,seg_4a6s,MI,-0.026958,-0.05,0.0139751934294294,0.1182167222918544,-0.0244369999999999,-0.032,0.0094616016326326,0.0972707645319632,0.002513,0.016,0.0056093752062062,0.0748957622713475,-0.88985,-0.862,0.3671313868868869,0.6059136794023443,-0.2140169999999999,-0.24,0.0222030757867867,0.1490069655646567
1944,seg_6a8s,MI,-0.026111,-0.05,0.0144258365155155,0.1201076039038141,0.0033629999999999,0.0,0.0103633966276276,0.1018007692879952,0.029499,0.0405,0.0067509189179179,0.0821639757918147,-0.443563,-0.61,0.2229202843153153,0.4721443469060233,-0.0940879999999999,-0.14,0.0273736118678678,0.1654497261039373
1944,seg_8a10s,MI,0.01695,-0.005,0.0141122657657657,0.1187950578339257,0.029691,0.03,0.0120126101291291,0.1096020534895634,,,,,0.232343,0.183,0.1595818932442442,0.3994770246763188,0.227293,0.22,0.0366551202712712,0.1914552696356809
1947,seg_0a2s,MI,-0.139077,-0.174,0.0332737588298298,0.182410961375214,-0.13538,-0.15,0.010350494094094,0.1017373780578902,0.003698,0.038,0.0177275543503503,0.1331448622754567,-0.0340119999999999,-0.065,0.1542286945505505,0.3927196131472816,-0.142282,-0.18,0.0596100665425425,0.2441517285266326
1947,seg_2a4s,MI,0.0174099999999999,0.006,0.0195567706706706,0.1398455243140468,0.06487,0.07,0.0070663754754754,0.0840617360960114,0.04746,0.0715,0.0122923707707707,0.110870964507263,0.035132,-0.005,0.1091946752512512,0.3304461760275813,0.0982509999999999,0.09,0.0453059479469469,0.2128519390255746
1947,seg_4a6s,MI,0.05126,0.035,0.0174637141141141,0.132150346628808,0.073715,0.066,0.0063656674424424,0.0797851329662515,0.022454,0.055,0.0112456975815815,0.1060457334435552,-0.006346,-0.04,0.1079596539379379,0.3285721441904927,-0.084138,-0.085,0.0417339989549549,0.2042890084046495
1947,seg_6a8s,MI,0.0191449999999999,0.0,0.0182284504254254,0.1350127787486259,-0.011195,0.005,0.0078456306056056,0.088575564382089,-0.030357,-0.01,0.0102783619129129,0.1013822564007771,0.020535,-0.015,0.1518030818568568,0.3896191497563445,0.2479159999999999,0.216,0.0685191721161161,0.2617616704487426
1947,seg_8a10s,MI,0.0061619999999999,0.005,0.0179788325885885,0.134085169159712,-0.017142,-0.0104999999999999,0.006679241077077,0.0817266240406214,-0.0233079999999999,0.0065,0.0130557588948948,0.1142617998059495,-0.022421,-0.054,0.1012013811401401,0.3181216451927472,-0.12449,-0.14,0.040206102002002,0.2005145929901412
1948,seg_0a2s,MI,-0.117826,-0.136,0.0147904441681681,0.1216159700375249,-0.034688,-0.047,0.0061767213773773,0.0785921203262603,0.083114,0.089,0.0064823453493493,0.0805130135403547,0.095624,0.072,0.0257112458698698,0.1603472664870526,-0.0342079999999999,-0.051,0.0099902209569569,0.099951092825226
1948,seg_2a4s,MI,-0.085566,-0.106,0.0267599235675675,0.1635846067561601,0.032372,0.011,0.0094946522682682,0.0974405063013748,0.117955,0.13,0.0117318548298298,0.1083136871767821,0.003947,-0.034,0.0431656918828828,0.2077635480128381,-0.024157,-0.055,0.0207472215725725,0.1440389585236319
1948,seg_4a6s,MI,0.142535,0.274,0.0480651859609609,0.2192377384506621,-0.019484,-0.0475,0.0068858075515515,0.0829807661542815,-0.161996,-0.2515,0.056297109093093,0.2372701184158955,-0.105178,-0.145,0.033918739055055,0.1841704076529534,-0.1046499999999999,-0.135,0.0133027022022022,0.1153373408840441
1948,seg_6a8s,MI,0.092114,0.003,0.0434134364404404,0.2083589125534121,0.058336,0.046,0.016876920024024,0.1299112005333798,-0.033777,-0.0325,0.0278821554264264,0.1669795060072535,-0.0386769999999999,-0.105,0.050638331002002,0.2250296224989101,-0.0282419999999999,-0.07,0.0244937291651651,0.1565047256959519
1948,seg_8a10s,MI,-0.060786,-0.095,0.0223364606646646,0.1494538747060934,-0.027076,-0.03,0.0180006849089089,0.1341666311305047,0.033733,0.065,0.0199359796906906,0.141194828838349,0.0599389999999999,0.025,0.0448300152942942,0.2117309974809883,0.162882,0.163,0.0249603143903903,0.1579883362479344
1949,seg_0a2s,MI,-0.017053,-0.052,0.0516604666576576,0.2272893896724122,-0.033606,-0.0695,0.0217883971611611,0.1476089332024358,-0.016556,-0.013,0.0157806435075075,0.1256210313104756,0.03129,-0.041,0.1250066065065065,0.3535627334809291,-0.0716879999999999,-0.1125,0.0362998525085085,0.1905252017674001
1949,seg_2a4s,MI,-0.008131,-0.046,0.0515522841231231,0.2270512808224678,-0.00795,-0.04,0.0222439214214214,0.1491439620682695,0.000176,0.015,0.0131768879119119,0.1147906264113577,-0.01673,-0.096,0.1389706557557557,0.3727876818723437,0.071015,0.0685,0.0386659727477477,0.1966366515880184
1949,seg_4a6s,MI,-0.037549,-0.065,0.0383513589579579,0.1958350299562311,-0.016902,-0.036,0.0168643727687687,0.1298628998935753,0.020645,0.022,0.0112881811561561,0.1062458524186057,-0.00641,-0.084,0.0943257896896896,0.3071250391773515,-0.113293,-0.134,0.0211387038548548,0.1453915535884215
1949,seg_6a8s,MI,0.0041369999999999,-0.033,0.0511323665975975,0.2261246704753764,-0.029125,-0.06,0.0202961595345345,0.1424645904585926,-0.03326,-0.031,0.0144158782782782,0.1200661412650472,0.0081029999999999,-0.075,0.132350665056056,0.3638003093127548,0.066809,0.0395,0.0358039324514514,0.1892192708247536
1949,seg_8a10s,MI,-0.000553,-0.05,0.1196393425335335,0.3458892055753308,0.05071,0.01,0.0572625884884884,0.2392960268965795,0.05125,0.061,0.0236828763763763,0.1538924181900342,-0.028656,-0.135,0.1863757454094093,0.4317125726793341,0.0093319999999999,-0.045,0.0741421379139139,0.2722905395233442
1951,seg_0a2s,MI,-0.015237,-0.06,0.047936181012012,0.2189433283112596,0.1723279999999999,0.14,0.0160570034194194,0.1267162318703465,0.187559,0.215,0.0146016501691691,0.1208372879916177,-0.7807670000000001,-0.725,0.1572041828938939,0.396489826974027,-0.080216,-0.115,0.0583605158598598,0.241579212391836
1951,seg_2a4s,MI,0.0034099999999999,-0.026,0.0484837136136136,0.2201901760152201,0.058815,0.04,0.0350314221971971,0.1871668298529341,0.055404,0.085,0.0444188876716716,0.210757888753118,-0.583467,-0.645,0.4444808797907907,0.6666939926163957,-0.036208,-0.065,0.058237270006006,0.2413239938464594
1951,seg_4a6s,MI,0.020816,-0.011,0.0424719661101101,0.2060872778948523,-0.006838,-0.0385,0.0149809146706706,0.1223965468086035,-0.027639,-0.01,0.0133269896686686,0.1154425816961344,-0.267412,-0.281,0.1425561143703703,0.3775660397471816,0.020898,-0.02,0.0805852988948949,0.2838754989337665
1951,seg_6a8s,MI,0.0069359999999999,-0.014,0.0338100039079079,0.183874968138428,-0.089411,-0.099,0.0115939119909909,0.1076750295611335,-0.096349,-0.075,0.0123763495485485,0.1112490429107079,0.7612920000000001,0.741,0.1568917665025025,0.3960956532234386,0.064177,0.045,0.0434723019729729,0.2085001246353895
1951,seg_8a10s,MI,0.0318829999999999,-0.0085,0.0508040193303303,0.2253974696626613,-0.101895,-0.12,0.0173033593343343,0.1315422340327787,-0.133787,-0.11,0.0145746803113113,0.1207256406539692,0.832441,0.935,0.1754416001191191,0.4188574938080004,0.040225,-0.007,0.0613848672422422,0.2477596965655275
1955,seg_0a2s,MI,-0.016151,-0.055,0.0257473135125125,0.1604596943550389,0.019613,0.025,0.0440206498808808,0.2098109860824282,0.035753,0.085,0.0455145044954954,0.2133412864297379,-0.060162,0.005,0.2643885663223223,0.5141872872041104,-0.004833,-0.03,0.0460212623733733,0.2145256683321913
1955,seg_2a4s,MI,0.0003429999999999,-0.03,0.0206864938448448,0.1438280009067944,0.022457,0.019,0.0435801623133133,0.2087586221292747,0.022099,0.055,0.0418846978968969,0.2046575136585434,-0.0374729999999999,0.0205,0.298700742013013,0.5465352157116804,0.018338,-0.055,0.0561947885445445,0.2370543999687509
1955,seg_4a6s,MI,0.0002069999999999,-0.046,0.0267935557067067,0.1636873718608332,-0.000557,0.0,0.0408666393903903,0.2021549885369895,-0.0007659999999999,0.05,0.0433829882322322,0.20828583300895,0.00711,0.06,0.2767065924924924,0.5260290795122381,0.203061,0.122,0.0694982074864865,0.263625126811703
1955,seg_6a8s,MI,0.02073,-0.02,0.0252686517517517,0.1589611642878591,-0.0115569999999999,-0.015,0.0408200688198198,0.2020397703914252,-0.032271,0.015,0.0423627923513513,0.205822234832273,0.043733,0.09,0.2643900697807808,0.5141887491775572,0.0139199999999999,0.005,0.0574613049049049,0.2397108777358777
1955,seg_8a10s,MI,0.0223709999999999,-0.005,0.0195962015605605,0.1399864334875367,-0.0039879999999999,0.0,0.0426045624184184,0.2064087266043236,-0.026351,0.015,0.0445588646636636,0.211089707621342,0.0183929999999999,0.09,0.3197894820330331,0.5654993209837065,-0.225907,-0.266,0.0379412095605605,0.1947850342314844
1961,seg_0a2s,MI,0.022719,-0.002,0.0102229289679679,0.1011085009678611,-0.0631439999999999,-0.09,0.0311979351991992,0.1766293724135349,-0.085862,-0.09,0.0069998167727727,0.083664907654122,0.019858,0.024,0.0657716594954955,0.2564598594234495,-0.030744,-0.05,0.0822289233873874,0.2867558602494243
1961,seg_2a4s,MI,-4.500000000000348e-05,-0.025,0.0121778508258258,0.1103533000223637,-0.068354,-0.11,0.028753348032032,0.1695681220985596,-0.068293,-0.08,0.0040680031541541,0.0637808996028917,-0.0058769999999999,-0.005,0.0683946144854854,0.2615236403950616,0.2319309999999999,0.21,0.0578994016406406,0.2406229449587895
1961,seg_4a6s,MI,0.0065749999999999,-0.015,0.0096958282032032,0.0984673966508874,-0.011186,-0.046,0.0287258092132132,0.1694868998277247,-0.0177629999999999,-0.035,0.0058264152462462,0.0763309586357085,-0.0154139999999999,0.0,0.0605075561601601,0.2459828371251948,-0.081448,-0.135,0.0666983716676676,0.2582602789196737
1961,seg_6a8s,MI,-0.01055,-0.03,0.0075299994994994,0.0867755697157875,-0.029587,-0.06,0.0174544028338338,0.1321151120570006,-0.0190469999999999,-0.02,0.0026313881791791,0.0512970581922509,0.0346739999999999,0.0125,0.0395461138378378,0.1988620472534612,0.0665579999999999,0.03,0.0317471417777777,0.1781772762665817
1961,seg_8a10s,MI,-0.013734,-0.04,0.0118278911351351,0.1087561084957306,0.1625559999999999,0.115,0.0337506254894895,0.1837134330676162,0.176294,0.1615,0.0121535751391391,0.1102432543929066,-0.025761,-0.03,0.0674762501291291,0.2597619104663521,-0.1864489999999999,-0.171,0.0802223357347347,0.2832354775354506
1965,seg_0a2s,MI,-0.031309,-0.076,0.0645452567757757,0.2540575855505514,0.04026,0.015,0.0178709713713713,0.1336823525053751,0.0715809999999999,0.105,0.024885649088088,0.1577518592222865,-0.1103479999999999,0.073,0.7823145294254255,0.8844854602679603,-0.127977,-0.145,0.0431607872582582,0.2077517442965479
1965,seg_2a4s,MI,0.0071009999999999,-0.015,0.0421476544534534,0.2052989392409357,-0.004951,-0.03,0.012315480079079,0.1109751327058412,-0.0120559999999999,0.0,0.016422211075075,0.1281491750854256,0.030907,0.146,0.5303908992502502,0.7282794101512483,0.0253149999999999,0.005,0.0260088806556556,0.1612726903590798
1965,seg_4a6s,MI,0.044715,0.016,0.0464090608358358,0.2154276231959027,-0.004797,-0.024,0.0105303621531531,0.1026175528511236,-0.049514,-0.03,0.0194283721761761,0.1393856957373179,0.0364879999999999,0.145,0.5233813111671672,0.7234509735753815,0.107514,0.12,0.0235048606646646,0.1533129500879317
1965,seg_6a8s,MI,-0.012656,-0.0385,0.0460300076716716,0.2145460502355419,-0.0076939999999999,-0.0235,0.0119798081721721,0.1094523100357967,0.0049559999999999,0.022,0.0181091492132132,0.1345702389579999,-0.030885,0.0885,0.5281229647397399,0.7267206923844538,-0.036187,-0.045,0.0237047788098098,0.1539635632538095
1965,seg_8a10s,MI,0.0155629999999999,-0.01,0.040680991022022,0.201695292513291,-0.0159539999999999,-0.029,0.0122454653493493,0.1106592307462389,-0.031507,-0.02,0.0150510169679679,0.12268258624584,0.0595,0.166,0.5251804984984985,0.7246933824028604,0.0309,0.024,0.0352167387387387,0.1876612339795801
1977,seg_0a2s,MI,0.021747,0.0,0.0211957667577577,0.1455876600463025,0.01619,0.034,0.0192132411411411,0.1386118362231059,-0.0055509999999999,0.0345,0.0335678312302302,0.1832152592723385,-0.032683,-0.025,0.0828106311421421,0.287768363692297,0.0080619999999999,-0.025,0.1851380742302302,0.4302767414469787
1977,seg_2a4s,MI,0.029129,0.005,0.030307710069069,0.1740910970413739,0.025835,0.045,0.0274472069819819,0.1656719861110561,-0.0032929999999999,0.045,0.0544096467977977,0.2332587550292545,-0.032266,-0.0055,0.1202586098538538,0.346783231794523,-0.003646,-0.04,0.2338501428268268,0.4835805443013881
1977,seg_4a6s,MI,0.0124929999999999,-0.015,0.0343618938448448,0.1853696141357715,0.005274,0.035,0.0215910739979979,0.1469390145536507,-0.0072039999999999,0.045,0.0524255459299299,0.2289662550026312,-0.021609,0.015,0.1115760781971972,0.3340300558291083,0.030426,0.005,0.2463573678918919,0.4963440015673523
1977,seg_6a8s,MI,-0.002187,-0.03,0.032388056087087,0.1799668194059313,-0.016373,0.006,0.0220660599309309,0.1485464908065179,-0.0141849999999999,0.038,0.0485910618368368,0.2204338037525933,0.02708,0.059,0.1183723619619619,0.3440528476294913,0.015102,-0.02,0.2467443519479479,0.4967336831220004
1977,seg_8a10s,MI,-0.030403,-0.051,0.0252126672582582,0.1587849717645163,-0.016667,0.001,0.017342891002002,0.1316924105710044,0.013729,0.05,0.0363372928518518,0.1906234320639827,0.0296459999999999,0.05,0.0912916483323323,0.3021450782858002,-0.059115,-0.095,0.2007810308058057,0.4480859636339949
1983,seg_0a2s,MI,-0.002352,-0.025,0.0142966107067067,0.1195684352440338,-0.324775,-0.415,0.0308048612362362,0.1755131369334963,-0.322444,-0.4245,0.0443933141781781,0.210697209706674,0.099417,0.12,0.0125461252362362,0.112009487259947,0.207417,0.23,0.0067862473583583,0.0823786826694768
1983,seg_2a4s,MI,0.0085819999999999,-0.022,0.020531743019019,0.1432890191850688,0.3081359999999999,0.32,0.0127722877917917,0.1130145468149644,0.299562,0.34,0.0246582924484484,0.1570295909962464,-0.098194,-0.097,0.0119804067707707,0.109455044519523,-0.113896,-0.1395,0.0079443495335335,0.0891310806258598
1983,seg_4a6s,MI,0.0090269999999999,-0.025,0.0215463746456456,0.1467868340337294,0.0812929999999999,0.065,0.0156156187697697,0.1249624694449088,0.0722759999999999,0.085,0.0301405523763763,0.1736103463978353,0.0150719999999999,0.018,0.013554225041041,0.1164226139589772,-0.030494,-0.03,0.0113780119759759,0.1066677644650715
1983,seg_6a8s,MI,0.007109,-0.019,0.0143372523713713,0.1197382661114289,-0.034173,-0.039,0.0039848939649649,0.0631260165459928,-0.041283,-0.035,0.0122456966076076,0.1106602756530436,0.012981,0.015,0.0076029235625625,0.0871947450398392,0.016216,0.02,0.0047486079519519,0.0689101440424554
1983,seg_8a10s,MI,-0.011353,-0.045,0.0207222346256256,0.1439521956262759,-0.015646,-0.035,0.0046084911751751,0.0678858687443504,-0.0043009999999999,0.01,0.0156130814804804,0.124952316827182,-0.046868,-0.045,0.0126499164924924,0.1124718475552548,-0.071344,-0.087,0.0039224581221221,0.0626295307512528
1985,seg_0a2s,MI,-0.019376,-0.04,0.0204300807047047,0.1429338333100484,-0.062147,-0.069,0.0026418272182182,0.0513987083321966,-0.042787,-0.035,0.0241086022332332,0.155269450418404,0.015596,0.015,0.0768784832672672,0.2772696941017306,0.0197689999999999,-0.018,0.0396029345735735,0.1990048606782597
1985,seg_2a4s,MI,0.027422,-0.005,0.0269917416576576,0.1642916359942211,0.005046,0.005,0.0042317716556556,0.0650520688038102,-0.022372,0.0235,0.0342467904064064,0.1850588836192588,-0.035867,-0.005,0.1036086219329329,0.3218829320310925,-0.0468569999999999,-0.105,0.0523498363873873,0.228800866229539
1985,seg_4a6s,MI,0.0159,-0.004,0.0216505105105105,0.1471411244707288,0.051686,0.045,0.002336620024024,0.0483385976629858,0.03578,0.055,0.02533041001001,0.1591553015454088,-0.0156669999999999,-0.02,0.0867805026136136,0.2945853061739733,-0.0608109999999999,-0.1,0.0389064957747747,0.1972472959884996
1985,seg_6a8s,MI,0.009712,-0.019,0.0281765576136136,0.1678587430359635,0.024134,0.016,0.0031414154594594,0.0560483314600841,0.0144179999999999,0.055,0.0337000353113113,0.1835756936833177,-0.039983,-0.024,0.1079267474584584,0.3285220654057478,0.06918,0.019,0.056681433033033,0.238078627837597
1985,seg_8a10s,MI,-0.033217,-0.055,0.0215757336446446,0.1468868055498677,0.007916,0.003,0.0021139889329329,0.0459781353790356,0.041129,0.058,0.0268411855445445,0.1638327975240139,0.0335879999999999,0.04,0.0843529391951951,0.2904357746476752,-0.019315,-0.045,0.0329659557307307,0.1815652932989417
1992,seg_0a2s,MI,0.040101,0.03,0.0050986534524524,0.0714048559444835,-0.050231,-0.028,0.009157383022022,0.0956942162412233,-0.090333,-0.05,0.0241013714824824,0.1552461641474032,0.015971,0.0575,0.1470722724314314,0.3835000292456721,-0.023241,-0.02,0.0092303973163163,0.0960749567593778
1992,seg_2a4s,MI,-0.021906,-0.02,0.0047362694334334,0.0688205596710273,0.023647,0.04,0.006723674065065,0.0819980125677754,0.045557,0.06,0.0191503531041041,0.138384800842087,0.025932,0.0595,0.1450391805565565,0.3808400984094985,0.040147,0.035,0.0092364077987988,0.0961062318416386
1992,seg_4a6s,MI,-0.040717,-0.045,0.0047366375485485,0.0688232340750458,0.005175,0.015,0.0069904227977977,0.0836087483329214,0.045909,0.055,0.01950232104004,0.1396507108468841,0.020852,0.05,0.1394730171131131,0.3734608642322688,0.05799,0.065,0.0081306885885885,0.0901703309774816
1992,seg_6a8s,MI,-0.0159969999999999,-0.025,0.0066326776686686,0.0814412528677492,0.003438,0.025,0.0099925006566566,0.0999624962506272,0.019429,0.045,0.0276088137727727,0.1661590014798258,-0.0135379999999999,0.058,0.2102687032592592,0.4585506550636028,0.002124,0.0065,0.0112472098338338,0.1060528633929034
1992,seg_8a10s,MI,0.038149,0.025,0.0067364812802802,0.0820760700830655,0.033271,0.039,0.0034146001591591,0.05843458016585,-0.004885,0.005,0.0149896554304304,0.1224322483271071,-0.007771,0.0065,0.0934615380970971,0.3057147986229929,-0.023986,-0.045,0.0119056774814814,0.1091131407369501
1998,seg_0a2s,MI,0.053012,0.035,0.0173926885445445,0.1318813426703889,-0.000645,-0.0135,0.0080125455205205,0.0895128232183552,-0.053661,-0.046,0.0073766006796796,0.085887139198367,0.056794,0.035,0.099651467031031,0.3156762059944192,-0.005809,-0.03,0.0210929134324324,0.1452339954433273
1998,seg_2a4s,MI,0.016223,-0.01,0.0189900773483483,0.1378044895797969,-0.01503,-0.015,0.0114201752752752,0.1068652201386179,-0.03128,0.0065,0.0119743979979979,0.1094275924892711,0.124625,0.076,0.1004742886636636,0.3169767951501555,0.013464,0.0015,0.0273887434474474,0.1654954484191255
1998,seg_4a6s,MI,0.022488,0.0045,0.0174772871431431,0.132201691150844,0.0762019999999999,0.075,0.007702830026026,0.0877657679623782,0.05371,0.0795,0.0076353112112112,0.0873802678595757,-0.123351,-0.18,0.1026951109099099,0.3204607790509002,-0.087922,-0.105,0.0199274934094094,0.1411647739679039
1998,seg_6a8s,MI,-0.03827,-0.063,0.0183344355355355,0.1354047101674662,-0.0220699999999999,-0.035,0.0094475066066066,0.0971982849982786,0.0161949999999999,0.0415,0.0064088157907907,0.0800550797313374,-0.000395,0.025,0.1463769499249249,0.3825924070403448,-0.006553,-0.029,0.0238926898808808,0.1545726039144093
1998,seg_8a10s,MI,-0.031159,-0.053,0.0184988745935935,0.1360105679482061,-0.006268,-0.0125,0.0088130211971971,0.0938776927560386,0.0249019999999999,0.05,0.0071910794754754,0.0848002327560218,-0.0420139999999999,-0.015,0.1456161459499499,0.3815968369234079,0.074291,0.055,0.0218008151341341,0.1476509909690217
2002,seg_0a2s,MI,-0.108927,-0.13,0.015537415086086,0.1246491680120091,-0.12808,-0.13,0.0163798714714714,0.1279838719193612,-0.01916,-0.0085,0.0038972416416416,0.0624278915360885,-0.005369,0.005,0.0375365634024024,0.1937435506085361,-0.041658,-0.06,0.0545274865225225,0.2335112128411021
2002,seg_2a4s,MI,0.0113509999999999,-0.019,0.024761273072072,0.1573571513216735,0.237035,0.225,0.0153981238988988,0.1240891772029249,0.2256869999999999,0.25,0.0172362612922922,0.1312869425810971,-0.034306,-0.01,0.0505385929569569,0.2248079023454401,-0.028281,-0.065,0.0727815375765765,0.2697805359483455
2002,seg_4a6s,MI,0.0083879999999999,-0.01,0.0188550785345345,0.1373137958638334,-0.0927,-0.163,0.0206658458458458,0.143756202808247,-0.101074,-0.17,0.03495356609009,0.1869587283067846,0.051222,0.055,0.0385456003163163,0.196330334681924,0.012954,-0.025,0.0654556715555555,0.2558430604014022
2002,seg_6a8s,MI,0.060229,0.07,0.0253480045635635,0.1592105667459404,-0.079491,-0.095,0.0152230669859859,0.1233817935758189,-0.13974,-0.19,0.0338821665665665,0.1840710910669205,0.026792,0.04,0.036593270006006,0.1912936747673743,0.089289,0.07,0.054563609088088,0.2335885465687222
2002,seg_8a10s,MI,0.064575,0.0415,0.0373201184934934,0.1931841569422645,0.090644,0.07,0.0088743215855855,0.0942036176884178,0.02607,0.07,0.0299738689689689,0.1731296305343743,-0.049424,-0.0215,0.0383483906146146,0.1958274511262775,-0.038894,-0.0645,0.0529197525165165,0.230042936245642
2012,seg_0a2s,MI,-0.169871,-0.19,0.0466072716306306,0.2158871733814462,-0.118598,-0.11,0.0355518742702702,0.1885520465820253,0.051281,0.054,0.0281235315705705,0.1677007202446387,-0.03236,-0.085,0.0847729473473473,0.2911579422707671,0.050999,0.0595,0.0588384954944944,0.242566476444076
2012,seg_2a4s,MI,0.0422589999999999,-0.015,0.0586869889079079,0.242253976041484,0.016019,-0.022,0.0239157563953953,0.1546471997657746,-0.0262369999999999,-0.005,0.0368280568878878,0.1919063753185075,-0.019412,-0.0645,0.117255788044044,0.3424263249869145,0.022949,-0.0365,0.0831995799789789,0.288443373955754
2012,seg_4a6s,MI,0.090609,0.0515,0.04067293105005,0.2016753109581092,0.055585,0.025,0.0204605473223223,0.1430403695546202,-0.035024,-0.04,0.0349375029269269,0.1869157642547222,0.032204,-0.023,0.0914013937777777,0.3023266342513966,-0.0455579999999999,-0.1225,0.0501006332692692,0.2238317074707452
2012,seg_6a8s,MI,0.066262,0.014,0.0581361114674674,0.2411143120336648,0.107549,0.08,0.023062434033033,0.1518632082929668,0.041292,0.069,0.0386400407767767,0.1965707017252998,-0.0035099999999999,-0.05,0.1200440099099099,0.3464736785239391,0.020545,-0.025,0.0631705244994994,0.2513374713398292
2012,seg_8a10s,MI,-0.020033,-0.062,0.0424164743853853,0.2059526022787412,-0.047667,-0.0785,0.0198422883993994,0.1408626579310478,-0.027627,-0.0165,0.0337564102812812,0.1837291764562212,0.006515,-0.04,0.0891584241991992,0.298594079310356,-0.0523109999999999,-0.115,0.0436522044834834,0.2089310998474939
